# basketball visual sphere r=0.1205 (96x48), equirect UVs
v -0.000000 -0.000000 -0.120500
v -0.000000 -0.000000 -0.120500
v -0.000000 -0.000000 -0.120500
v -0.000000 -0.000000 -0.120500
v -0.000000 -0.000000 -0.120500
v -0.000000 -0.000000 -0.120500
v -0.000000 -0.000000 -0.120500
v -0.000000 -0.000000 -0.120500
v -0.000000 -0.000000 -0.120500
v -0.000000 -0.000000 -0.120500
v -0.000000 -0.000000 -0.120500
v -0.000000 -0.000000 -0.120500
v -0.000000 -0.000000 -0.120500
v -0.000000 -0.000000 -0.120500
v -0.000000 -0.000000 -0.120500
v -0.000000 -0.000000 -0.120500
v -0.000000 -0.000000 -0.120500
v -0.000000 -0.000000 -0.120500
v -0.000000 -0.000000 -0.120500
v -0.000000 -0.000000 -0.120500
v -0.000000 -0.000000 -0.120500
v -0.000000 -0.000000 -0.120500
v -0.000000 -0.000000 -0.120500
v -0.000000 -0.000000 -0.120500
v 0.000000 -0.000000 -0.120500
v 0.000000 -0.000000 -0.120500
v 0.000000 -0.000000 -0.120500
v 0.000000 -0.000000 -0.120500
v 0.000000 -0.000000 -0.120500
v 0.000000 -0.000000 -0.120500
v 0.000000 -0.000000 -0.120500
v 0.000000 -0.000000 -0.120500
v 0.000000 -0.000000 -0.120500
v 0.000000 -0.000000 -0.120500
v 0.000000 -0.000000 -0.120500
v 0.000000 -0.000000 -0.120500
v 0.000000 -0.000000 -0.120500
v 0.000000 -0.000000 -0.120500
v 0.000000 -0.000000 -0.120500
v 0.000000 -0.000000 -0.120500
v 0.000000 -0.000000 -0.120500
v 0.000000 -0.000000 -0.120500
v 0.000000 -0.000000 -0.120500
v 0.000000 -0.000000 -0.120500
v 0.000000 -0.000000 -0.120500
v 0.000000 -0.000000 -0.120500
v 0.000000 -0.000000 -0.120500
v 0.000000 -0.000000 -0.120500
v 0.000000 0.000000 -0.120500
v 0.000000 0.000000 -0.120500
v 0.000000 0.000000 -0.120500
v 0.000000 0.000000 -0.120500
v 0.000000 0.000000 -0.120500
v 0.000000 0.000000 -0.120500
v 0.000000 0.000000 -0.120500
v 0.000000 0.000000 -0.120500
v 0.000000 0.000000 -0.120500
v 0.000000 0.000000 -0.120500
v 0.000000 0.000000 -0.120500
v 0.000000 0.000000 -0.120500
v 0.000000 0.000000 -0.120500
v 0.000000 0.000000 -0.120500
v 0.000000 0.000000 -0.120500
v 0.000000 0.000000 -0.120500
v 0.000000 0.000000 -0.120500
v 0.000000 0.000000 -0.120500
v 0.000000 0.000000 -0.120500
v 0.000000 0.000000 -0.120500
v 0.000000 0.000000 -0.120500
v 0.000000 0.000000 -0.120500
v 0.000000 0.000000 -0.120500
v 0.000000 0.000000 -0.120500
v 0.000000 0.000000 -0.120500
v -0.000000 0.000000 -0.120500
v -0.000000 0.000000 -0.120500
v -0.000000 0.000000 -0.120500
v -0.000000 0.000000 -0.120500
v -0.000000 0.000000 -0.120500
v -0.000000 0.000000 -0.120500
v -0.000000 0.000000 -0.120500
v -0.000000 0.000000 -0.120500
v -0.000000 0.000000 -0.120500
v -0.000000 0.000000 -0.120500
v -0.000000 0.000000 -0.120500
v -0.000000 0.000000 -0.120500
v -0.000000 0.000000 -0.120500
v -0.000000 0.000000 -0.120500
v -0.000000 0.000000 -0.120500
v -0.000000 0.000000 -0.120500
v -0.000000 0.000000 -0.120500
v -0.000000 0.000000 -0.120500
v -0.000000 0.000000 -0.120500
v -0.000000 0.000000 -0.120500
v -0.000000 0.000000 -0.120500
v -0.000000 0.000000 -0.120500
v -0.000000 0.000000 -0.120500
v -0.000000 0.000000 -0.120500
v -0.007881 -0.000000 -0.120242
v -0.007864 -0.000515 -0.120242
v -0.007814 -0.001029 -0.120242
v -0.007730 -0.001538 -0.120242
v -0.007613 -0.002040 -0.120242
v -0.007463 -0.002533 -0.120242
v -0.007281 -0.003016 -0.120242
v -0.007068 -0.003486 -0.120242
v -0.006825 -0.003941 -0.120242
v -0.006553 -0.004378 -0.120242
v -0.006252 -0.004798 -0.120242
v -0.005925 -0.005196 -0.120242
v -0.005573 -0.005573 -0.120242
v -0.005196 -0.005925 -0.120242
v -0.004798 -0.006252 -0.120242
v -0.004378 -0.006553 -0.120242
v -0.003941 -0.006825 -0.120242
v -0.003486 -0.007068 -0.120242
v -0.003016 -0.007281 -0.120242
v -0.002533 -0.007463 -0.120242
v -0.002040 -0.007613 -0.120242
v -0.001538 -0.007730 -0.120242
v -0.001029 -0.007814 -0.120242
v -0.000515 -0.007864 -0.120242
v 0.000000 -0.007881 -0.120242
v 0.000515 -0.007864 -0.120242
v 0.001029 -0.007814 -0.120242
v 0.001538 -0.007730 -0.120242
v 0.002040 -0.007613 -0.120242
v 0.002533 -0.007463 -0.120242
v 0.003016 -0.007281 -0.120242
v 0.003486 -0.007068 -0.120242
v 0.003941 -0.006825 -0.120242
v 0.004378 -0.006553 -0.120242
v 0.004798 -0.006252 -0.120242
v 0.005196 -0.005925 -0.120242
v 0.005573 -0.005573 -0.120242
v 0.005925 -0.005196 -0.120242
v 0.006252 -0.004798 -0.120242
v 0.006553 -0.004378 -0.120242
v 0.006825 -0.003941 -0.120242
v 0.007068 -0.003486 -0.120242
v 0.007281 -0.003016 -0.120242
v 0.007463 -0.002533 -0.120242
v 0.007613 -0.002040 -0.120242
v 0.007730 -0.001538 -0.120242
v 0.007814 -0.001029 -0.120242
v 0.007864 -0.000515 -0.120242
v 0.007881 0.000000 -0.120242
v 0.007864 0.000515 -0.120242
v 0.007814 0.001029 -0.120242
v 0.007730 0.001538 -0.120242
v 0.007613 0.002040 -0.120242
v 0.007463 0.002533 -0.120242
v 0.007281 0.003016 -0.120242
v 0.007068 0.003486 -0.120242
v 0.006825 0.003941 -0.120242
v 0.006553 0.004378 -0.120242
v 0.006252 0.004798 -0.120242
v 0.005925 0.005196 -0.120242
v 0.005573 0.005573 -0.120242
v 0.005196 0.005925 -0.120242
v 0.004798 0.006252 -0.120242
v 0.004378 0.006553 -0.120242
v 0.003941 0.006825 -0.120242
v 0.003486 0.007068 -0.120242
v 0.003016 0.007281 -0.120242
v 0.002533 0.007463 -0.120242
v 0.002040 0.007613 -0.120242
v 0.001538 0.007730 -0.120242
v 0.001029 0.007814 -0.120242
v 0.000515 0.007864 -0.120242
v 0.000000 0.007881 -0.120242
v -0.000515 0.007864 -0.120242
v -0.001029 0.007814 -0.120242
v -0.001538 0.007730 -0.120242
v -0.002040 0.007613 -0.120242
v -0.002533 0.007463 -0.120242
v -0.003016 0.007281 -0.120242
v -0.003486 0.007068 -0.120242
v -0.003941 0.006825 -0.120242
v -0.004378 0.006553 -0.120242
v -0.004798 0.006252 -0.120242
v -0.005196 0.005925 -0.120242
v -0.005573 0.005573 -0.120242
v -0.005925 0.005196 -0.120242
v -0.006252 0.004798 -0.120242
v -0.006553 0.004378 -0.120242
v -0.006825 0.003941 -0.120242
v -0.007068 0.003486 -0.120242
v -0.007281 0.003016 -0.120242
v -0.007463 0.002533 -0.120242
v -0.007613 0.002040 -0.120242
v -0.007730 0.001538 -0.120242
v -0.007814 0.001029 -0.120242
v -0.007864 0.000515 -0.120242
v -0.007881 0.000000 -0.120242
v -0.015728 -0.000000 -0.119469
v -0.015695 -0.001029 -0.119469
v -0.015594 -0.002053 -0.119469
v -0.015426 -0.003068 -0.119469
v -0.015192 -0.004071 -0.119469
v -0.014894 -0.005056 -0.119469
v -0.014531 -0.006019 -0.119469
v -0.014106 -0.006956 -0.119469
v -0.013621 -0.007864 -0.119469
v -0.013078 -0.008738 -0.119469
v -0.012478 -0.009575 -0.119469
v -0.011825 -0.010370 -0.119469
v -0.011122 -0.011122 -0.119469
v -0.010370 -0.011825 -0.119469
v -0.009575 -0.012478 -0.119469
v -0.008738 -0.013078 -0.119469
v -0.007864 -0.013621 -0.119469
v -0.006956 -0.014106 -0.119469
v -0.006019 -0.014531 -0.119469
v -0.005056 -0.014894 -0.119469
v -0.004071 -0.015192 -0.119469
v -0.003068 -0.015426 -0.119469
v -0.002053 -0.015594 -0.119469
v -0.001029 -0.015695 -0.119469
v 0.000000 -0.015728 -0.119469
v 0.001029 -0.015695 -0.119469
v 0.002053 -0.015594 -0.119469
v 0.003068 -0.015426 -0.119469
v 0.004071 -0.015192 -0.119469
v 0.005056 -0.014894 -0.119469
v 0.006019 -0.014531 -0.119469
v 0.006956 -0.014106 -0.119469
v 0.007864 -0.013621 -0.119469
v 0.008738 -0.013078 -0.119469
v 0.009575 -0.012478 -0.119469
v 0.010370 -0.011825 -0.119469
v 0.011122 -0.011122 -0.119469
v 0.011825 -0.010370 -0.119469
v 0.012478 -0.009575 -0.119469
v 0.013078 -0.008738 -0.119469
v 0.013621 -0.007864 -0.119469
v 0.014106 -0.006956 -0.119469
v 0.014531 -0.006019 -0.119469
v 0.014894 -0.005056 -0.119469
v 0.015192 -0.004071 -0.119469
v 0.015426 -0.003068 -0.119469
v 0.015594 -0.002053 -0.119469
v 0.015695 -0.001029 -0.119469
v 0.015728 0.000000 -0.119469
v 0.015695 0.001029 -0.119469
v 0.015594 0.002053 -0.119469
v 0.015426 0.003068 -0.119469
v 0.015192 0.004071 -0.119469
v 0.014894 0.005056 -0.119469
v 0.014531 0.006019 -0.119469
v 0.014106 0.006956 -0.119469
v 0.013621 0.007864 -0.119469
v 0.013078 0.008738 -0.119469
v 0.012478 0.009575 -0.119469
v 0.011825 0.010370 -0.119469
v 0.011122 0.011122 -0.119469
v 0.010370 0.011825 -0.119469
v 0.009575 0.012478 -0.119469
v 0.008738 0.013078 -0.119469
v 0.007864 0.013621 -0.119469
v 0.006956 0.014106 -0.119469
v 0.006019 0.014531 -0.119469
v 0.005056 0.014894 -0.119469
v 0.004071 0.015192 -0.119469
v 0.003068 0.015426 -0.119469
v 0.002053 0.015594 -0.119469
v 0.001029 0.015695 -0.119469
v 0.000000 0.015728 -0.119469
v -0.001029 0.015695 -0.119469
v -0.002053 0.015594 -0.119469
v -0.003068 0.015426 -0.119469
v -0.004071 0.015192 -0.119469
v -0.005056 0.014894 -0.119469
v -0.006019 0.014531 -0.119469
v -0.006956 0.014106 -0.119469
v -0.007864 0.013621 -0.119469
v -0.008738 0.013078 -0.119469
v -0.009575 0.012478 -0.119469
v -0.010370 0.011825 -0.119469
v -0.011122 0.011122 -0.119469
v -0.011825 0.010370 -0.119469
v -0.012478 0.009575 -0.119469
v -0.013078 0.008738 -0.119469
v -0.013621 0.007864 -0.119469
v -0.014106 0.006956 -0.119469
v -0.014531 0.006019 -0.119469
v -0.014894 0.005056 -0.119469
v -0.015192 0.004071 -0.119469
v -0.015426 0.003068 -0.119469
v -0.015594 0.002053 -0.119469
v -0.015695 0.001029 -0.119469
v -0.015728 0.000000 -0.119469
v -0.023508 -0.000000 -0.118185
v -0.023458 -0.001538 -0.118185
v -0.023307 -0.003068 -0.118185
v -0.023057 -0.004586 -0.118185
v -0.022707 -0.006084 -0.118185
v -0.022261 -0.007557 -0.118185
v -0.021719 -0.008996 -0.118185
v -0.021084 -0.010397 -0.118185
v -0.020359 -0.011754 -0.118185
v -0.019547 -0.013061 -0.118185
v -0.018650 -0.014311 -0.118185
v -0.017675 -0.015500 -0.118185
v -0.016623 -0.016623 -0.118185
v -0.015500 -0.017675 -0.118185
v -0.014311 -0.018650 -0.118185
v -0.013061 -0.019547 -0.118185
v -0.011754 -0.020359 -0.118185
v -0.010397 -0.021084 -0.118185
v -0.008996 -0.021719 -0.118185
v -0.007557 -0.022261 -0.118185
v -0.006084 -0.022707 -0.118185
v -0.004586 -0.023057 -0.118185
v -0.003068 -0.023307 -0.118185
v -0.001538 -0.023458 -0.118185
v 0.000000 -0.023508 -0.118185
v 0.001538 -0.023458 -0.118185
v 0.003068 -0.023307 -0.118185
v 0.004586 -0.023057 -0.118185
v 0.006084 -0.022707 -0.118185
v 0.007557 -0.022261 -0.118185
v 0.008996 -0.021719 -0.118185
v 0.010397 -0.021084 -0.118185
v 0.011754 -0.020359 -0.118185
v 0.013061 -0.019547 -0.118185
v 0.014311 -0.018650 -0.118185
v 0.015500 -0.017675 -0.118185
v 0.016623 -0.016623 -0.118185
v 0.017675 -0.015500 -0.118185
v 0.018650 -0.014311 -0.118185
v 0.019547 -0.013061 -0.118185
v 0.020359 -0.011754 -0.118185
v 0.021084 -0.010397 -0.118185
v 0.021719 -0.008996 -0.118185
v 0.022261 -0.007557 -0.118185
v 0.022707 -0.006084 -0.118185
v 0.023057 -0.004586 -0.118185
v 0.023307 -0.003068 -0.118185
v 0.023458 -0.001538 -0.118185
v 0.023508 0.000000 -0.118185
v 0.023458 0.001538 -0.118185
v 0.023307 0.003068 -0.118185
v 0.023057 0.004586 -0.118185
v 0.022707 0.006084 -0.118185
v 0.022261 0.007557 -0.118185
v 0.021719 0.008996 -0.118185
v 0.021084 0.010397 -0.118185
v 0.020359 0.011754 -0.118185
v 0.019547 0.013061 -0.118185
v 0.018650 0.014311 -0.118185
v 0.017675 0.015500 -0.118185
v 0.016623 0.016623 -0.118185
v 0.015500 0.017675 -0.118185
v 0.014311 0.018650 -0.118185
v 0.013061 0.019547 -0.118185
v 0.011754 0.020359 -0.118185
v 0.010397 0.021084 -0.118185
v 0.008996 0.021719 -0.118185
v 0.007557 0.022261 -0.118185
v 0.006084 0.022707 -0.118185
v 0.004586 0.023057 -0.118185
v 0.003068 0.023307 -0.118185
v 0.001538 0.023458 -0.118185
v 0.000000 0.023508 -0.118185
v -0.001538 0.023458 -0.118185
v -0.003068 0.023307 -0.118185
v -0.004586 0.023057 -0.118185
v -0.006084 0.022707 -0.118185
v -0.007557 0.022261 -0.118185
v -0.008996 0.021719 -0.118185
v -0.010397 0.021084 -0.118185
v -0.011754 0.020359 -0.118185
v -0.013061 0.019547 -0.118185
v -0.014311 0.018650 -0.118185
v -0.015500 0.017675 -0.118185
v -0.016623 0.016623 -0.118185
v -0.017675 0.015500 -0.118185
v -0.018650 0.014311 -0.118185
v -0.019547 0.013061 -0.118185
v -0.020359 0.011754 -0.118185
v -0.021084 0.010397 -0.118185
v -0.021719 0.008996 -0.118185
v -0.022261 0.007557 -0.118185
v -0.022707 0.006084 -0.118185
v -0.023057 0.004586 -0.118185
v -0.023307 0.003068 -0.118185
v -0.023458 0.001538 -0.118185
v -0.023508 0.000000 -0.118185
v -0.031188 -0.000000 -0.116394
v -0.031121 -0.002040 -0.116394
v -0.030921 -0.004071 -0.116394
v -0.030588 -0.006084 -0.116394
v -0.030125 -0.008072 -0.116394
v -0.029533 -0.010025 -0.116394
v -0.028814 -0.011935 -0.116394
v -0.027971 -0.013794 -0.116394
v -0.027009 -0.015594 -0.116394
v -0.025932 -0.017327 -0.116394
v -0.024743 -0.018986 -0.116394
v -0.023448 -0.020563 -0.116394
v -0.022053 -0.022053 -0.116394
v -0.020563 -0.023448 -0.116394
v -0.018986 -0.024743 -0.116394
v -0.017327 -0.025932 -0.116394
v -0.015594 -0.027009 -0.116394
v -0.013794 -0.027971 -0.116394
v -0.011935 -0.028814 -0.116394
v -0.010025 -0.029533 -0.116394
v -0.008072 -0.030125 -0.116394
v -0.006084 -0.030588 -0.116394
v -0.004071 -0.030921 -0.116394
v -0.002040 -0.031121 -0.116394
v 0.000000 -0.031188 -0.116394
v 0.002040 -0.031121 -0.116394
v 0.004071 -0.030921 -0.116394
v 0.006084 -0.030588 -0.116394
v 0.008072 -0.030125 -0.116394
v 0.010025 -0.029533 -0.116394
v 0.011935 -0.028814 -0.116394
v 0.013794 -0.027971 -0.116394
v 0.015594 -0.027009 -0.116394
v 0.017327 -0.025932 -0.116394
v 0.018986 -0.024743 -0.116394
v 0.020563 -0.023448 -0.116394
v 0.022053 -0.022053 -0.116394
v 0.023448 -0.020563 -0.116394
v 0.024743 -0.018986 -0.116394
v 0.025932 -0.017327 -0.116394
v 0.027009 -0.015594 -0.116394
v 0.027971 -0.013794 -0.116394
v 0.028814 -0.011935 -0.116394
v 0.029533 -0.010025 -0.116394
v 0.030125 -0.008072 -0.116394
v 0.030588 -0.006084 -0.116394
v 0.030921 -0.004071 -0.116394
v 0.031121 -0.002040 -0.116394
v 0.031188 0.000000 -0.116394
v 0.031121 0.002040 -0.116394
v 0.030921 0.004071 -0.116394
v 0.030588 0.006084 -0.116394
v 0.030125 0.008072 -0.116394
v 0.029533 0.010025 -0.116394
v 0.028814 0.011935 -0.116394
v 0.027971 0.013794 -0.116394
v 0.027009 0.015594 -0.116394
v 0.025932 0.017327 -0.116394
v 0.024743 0.018986 -0.116394
v 0.023448 0.020563 -0.116394
v 0.022053 0.022053 -0.116394
v 0.020563 0.023448 -0.116394
v 0.018986 0.024743 -0.116394
v 0.017327 0.025932 -0.116394
v 0.015594 0.027009 -0.116394
v 0.013794 0.027971 -0.116394
v 0.011935 0.028814 -0.116394
v 0.010025 0.029533 -0.116394
v 0.008072 0.030125 -0.116394
v 0.006084 0.030588 -0.116394
v 0.004071 0.030921 -0.116394
v 0.002040 0.031121 -0.116394
v 0.000000 0.031188 -0.116394
v -0.002040 0.031121 -0.116394
v -0.004071 0.030921 -0.116394
v -0.006084 0.030588 -0.116394
v -0.008072 0.030125 -0.116394
v -0.010025 0.029533 -0.116394
v -0.011935 0.028814 -0.116394
v -0.013794 0.027971 -0.116394
v -0.015594 0.027009 -0.116394
v -0.017327 0.025932 -0.116394
v -0.018986 0.024743 -0.116394
v -0.020563 0.023448 -0.116394
v -0.022053 0.022053 -0.116394
v -0.023448 0.020563 -0.116394
v -0.024743 0.018986 -0.116394
v -0.025932 0.017327 -0.116394
v -0.027009 0.015594 -0.116394
v -0.027971 0.013794 -0.116394
v -0.028814 0.011935 -0.116394
v -0.029533 0.010025 -0.116394
v -0.030125 0.008072 -0.116394
v -0.030588 0.006084 -0.116394
v -0.030921 0.004071 -0.116394
v -0.031121 0.002040 -0.116394
v -0.031188 0.000000 -0.116394
v -0.038733 -0.000000 -0.114105
v -0.038651 -0.002533 -0.114105
v -0.038402 -0.005056 -0.114105
v -0.037989 -0.007557 -0.114105
v -0.037414 -0.010025 -0.114105
v -0.036678 -0.012450 -0.114105
v -0.035785 -0.014823 -0.114105
v -0.034739 -0.017131 -0.114105
v -0.033544 -0.019367 -0.114105
v -0.032206 -0.021519 -0.114105
v -0.030729 -0.023579 -0.114105
v -0.029121 -0.025539 -0.114105
v -0.027389 -0.027389 -0.114105
v -0.025539 -0.029121 -0.114105
v -0.023579 -0.030729 -0.114105
v -0.021519 -0.032206 -0.114105
v -0.019367 -0.033544 -0.114105
v -0.017131 -0.034739 -0.114105
v -0.014823 -0.035785 -0.114105
v -0.012450 -0.036678 -0.114105
v -0.010025 -0.037414 -0.114105
v -0.007557 -0.037989 -0.114105
v -0.005056 -0.038402 -0.114105
v -0.002533 -0.038651 -0.114105
v 0.000000 -0.038733 -0.114105
v 0.002533 -0.038651 -0.114105
v 0.005056 -0.038402 -0.114105
v 0.007557 -0.037989 -0.114105
v 0.010025 -0.037414 -0.114105
v 0.012450 -0.036678 -0.114105
v 0.014823 -0.035785 -0.114105
v 0.017131 -0.034739 -0.114105
v 0.019367 -0.033544 -0.114105
v 0.021519 -0.032206 -0.114105
v 0.023579 -0.030729 -0.114105
v 0.025539 -0.029121 -0.114105
v 0.027389 -0.027389 -0.114105
v 0.029121 -0.025539 -0.114105
v 0.030729 -0.023579 -0.114105
v 0.032206 -0.021519 -0.114105
v 0.033544 -0.019367 -0.114105
v 0.034739 -0.017131 -0.114105
v 0.035785 -0.014823 -0.114105
v 0.036678 -0.012450 -0.114105
v 0.037414 -0.010025 -0.114105
v 0.037989 -0.007557 -0.114105
v 0.038402 -0.005056 -0.114105
v 0.038651 -0.002533 -0.114105
v 0.038733 0.000000 -0.114105
v 0.038651 0.002533 -0.114105
v 0.038402 0.005056 -0.114105
v 0.037989 0.007557 -0.114105
v 0.037414 0.010025 -0.114105
v 0.036678 0.012450 -0.114105
v 0.035785 0.014823 -0.114105
v 0.034739 0.017131 -0.114105
v 0.033544 0.019367 -0.114105
v 0.032206 0.021519 -0.114105
v 0.030729 0.023579 -0.114105
v 0.029121 0.025539 -0.114105
v 0.027389 0.027389 -0.114105
v 0.025539 0.029121 -0.114105
v 0.023579 0.030729 -0.114105
v 0.021519 0.032206 -0.114105
v 0.019367 0.033544 -0.114105
v 0.017131 0.034739 -0.114105
v 0.014823 0.035785 -0.114105
v 0.012450 0.036678 -0.114105
v 0.010025 0.037414 -0.114105
v 0.007557 0.037989 -0.114105
v 0.005056 0.038402 -0.114105
v 0.002533 0.038651 -0.114105
v 0.000000 0.038733 -0.114105
v -0.002533 0.038651 -0.114105
v -0.005056 0.038402 -0.114105
v -0.007557 0.037989 -0.114105
v -0.010025 0.037414 -0.114105
v -0.012450 0.036678 -0.114105
v -0.014823 0.035785 -0.114105
v -0.017131 0.034739 -0.114105
v -0.019367 0.033544 -0.114105
v -0.021519 0.032206 -0.114105
v -0.023579 0.030729 -0.114105
v -0.025539 0.029121 -0.114105
v -0.027389 0.027389 -0.114105
v -0.029121 0.025539 -0.114105
v -0.030729 0.023579 -0.114105
v -0.032206 0.021519 -0.114105
v -0.033544 0.019367 -0.114105
v -0.034739 0.017131 -0.114105
v -0.035785 0.014823 -0.114105
v -0.036678 0.012450 -0.114105
v -0.037414 0.010025 -0.114105
v -0.037989 0.007557 -0.114105
v -0.038402 0.005056 -0.114105
v -0.038651 0.002533 -0.114105
v -0.038733 0.000000 -0.114105
v -0.046113 -0.000000 -0.111327
v -0.046015 -0.003016 -0.111327
v -0.045719 -0.006019 -0.111327
v -0.045227 -0.008996 -0.111327
v -0.044542 -0.011935 -0.111327
v -0.043666 -0.014823 -0.111327
v -0.042603 -0.017647 -0.111327
v -0.041358 -0.020395 -0.111327
v -0.039935 -0.023057 -0.111327
v -0.038342 -0.025619 -0.111327
v -0.036584 -0.028072 -0.111327
v -0.034670 -0.030405 -0.111327
v -0.032607 -0.032607 -0.111327
v -0.030405 -0.034670 -0.111327
v -0.028072 -0.036584 -0.111327
v -0.025619 -0.038342 -0.111327
v -0.023057 -0.039935 -0.111327
v -0.020395 -0.041358 -0.111327
v -0.017647 -0.042603 -0.111327
v -0.014823 -0.043666 -0.111327
v -0.011935 -0.044542 -0.111327
v -0.008996 -0.045227 -0.111327
v -0.006019 -0.045719 -0.111327
v -0.003016 -0.046015 -0.111327
v 0.000000 -0.046113 -0.111327
v 0.003016 -0.046015 -0.111327
v 0.006019 -0.045719 -0.111327
v 0.008996 -0.045227 -0.111327
v 0.011935 -0.044542 -0.111327
v 0.014823 -0.043666 -0.111327
v 0.017647 -0.042603 -0.111327
v 0.020395 -0.041358 -0.111327
v 0.023057 -0.039935 -0.111327
v 0.025619 -0.038342 -0.111327
v 0.028072 -0.036584 -0.111327
v 0.030405 -0.034670 -0.111327
v 0.032607 -0.032607 -0.111327
v 0.034670 -0.030405 -0.111327
v 0.036584 -0.028072 -0.111327
v 0.038342 -0.025619 -0.111327
v 0.039935 -0.023057 -0.111327
v 0.041358 -0.020395 -0.111327
v 0.042603 -0.017647 -0.111327
v 0.043666 -0.014823 -0.111327
v 0.044542 -0.011935 -0.111327
v 0.045227 -0.008996 -0.111327
v 0.045719 -0.006019 -0.111327
v 0.046015 -0.003016 -0.111327
v 0.046113 0.000000 -0.111327
v 0.046015 0.003016 -0.111327
v 0.045719 0.006019 -0.111327
v 0.045227 0.008996 -0.111327
v 0.044542 0.011935 -0.111327
v 0.043666 0.014823 -0.111327
v 0.042603 0.017647 -0.111327
v 0.041358 0.020395 -0.111327
v 0.039935 0.023057 -0.111327
v 0.038342 0.025619 -0.111327
v 0.036584 0.028072 -0.111327
v 0.034670 0.030405 -0.111327
v 0.032607 0.032607 -0.111327
v 0.030405 0.034670 -0.111327
v 0.028072 0.036584 -0.111327
v 0.025619 0.038342 -0.111327
v 0.023057 0.039935 -0.111327
v 0.020395 0.041358 -0.111327
v 0.017647 0.042603 -0.111327
v 0.014823 0.043666 -0.111327
v 0.011935 0.044542 -0.111327
v 0.008996 0.045227 -0.111327
v 0.006019 0.045719 -0.111327
v 0.003016 0.046015 -0.111327
v 0.000000 0.046113 -0.111327
v -0.003016 0.046015 -0.111327
v -0.006019 0.045719 -0.111327
v -0.008996 0.045227 -0.111327
v -0.011935 0.044542 -0.111327
v -0.014823 0.043666 -0.111327
v -0.017647 0.042603 -0.111327
v -0.020395 0.041358 -0.111327
v -0.023057 0.039935 -0.111327
v -0.025619 0.038342 -0.111327
v -0.028072 0.036584 -0.111327
v -0.030405 0.034670 -0.111327
v -0.032607 0.032607 -0.111327
v -0.034670 0.030405 -0.111327
v -0.036584 0.028072 -0.111327
v -0.038342 0.025619 -0.111327
v -0.039935 0.023057 -0.111327
v -0.041358 0.020395 -0.111327
v -0.042603 0.017647 -0.111327
v -0.043666 0.014823 -0.111327
v -0.044542 0.011935 -0.111327
v -0.045227 0.008996 -0.111327
v -0.045719 0.006019 -0.111327
v -0.046015 0.003016 -0.111327
v -0.046113 0.000000 -0.111327
v -0.053296 -0.000000 -0.108073
v -0.053182 -0.003486 -0.108073
v -0.052840 -0.006956 -0.108073
v -0.052272 -0.010397 -0.108073
v -0.051480 -0.013794 -0.108073
v -0.050467 -0.017131 -0.108073
v -0.049239 -0.020395 -0.108073
v -0.047800 -0.023572 -0.108073
v -0.046156 -0.026648 -0.108073
v -0.044314 -0.029610 -0.108073
v -0.042282 -0.032444 -0.108073
v -0.040070 -0.035140 -0.108073
v -0.037686 -0.037686 -0.108073
v -0.035140 -0.040070 -0.108073
v -0.032444 -0.042282 -0.108073
v -0.029610 -0.044314 -0.108073
v -0.026648 -0.046156 -0.108073
v -0.023572 -0.047800 -0.108073
v -0.020395 -0.049239 -0.108073
v -0.017131 -0.050467 -0.108073
v -0.013794 -0.051480 -0.108073
v -0.010397 -0.052272 -0.108073
v -0.006956 -0.052840 -0.108073
v -0.003486 -0.053182 -0.108073
v 0.000000 -0.053296 -0.108073
v 0.003486 -0.053182 -0.108073
v 0.006956 -0.052840 -0.108073
v 0.010397 -0.052272 -0.108073
v 0.013794 -0.051480 -0.108073
v 0.017131 -0.050467 -0.108073
v 0.020395 -0.049239 -0.108073
v 0.023572 -0.047800 -0.108073
v 0.026648 -0.046156 -0.108073
v 0.029610 -0.044314 -0.108073
v 0.032444 -0.042282 -0.108073
v 0.035140 -0.040070 -0.108073
v 0.037686 -0.037686 -0.108073
v 0.040070 -0.035140 -0.108073
v 0.042282 -0.032444 -0.108073
v 0.044314 -0.029610 -0.108073
v 0.046156 -0.026648 -0.108073
v 0.047800 -0.023572 -0.108073
v 0.049239 -0.020395 -0.108073
v 0.050467 -0.017131 -0.108073
v 0.051480 -0.013794 -0.108073
v 0.052272 -0.010397 -0.108073
v 0.052840 -0.006956 -0.108073
v 0.053182 -0.003486 -0.108073
v 0.053296 0.000000 -0.108073
v 0.053182 0.003486 -0.108073
v 0.052840 0.006956 -0.108073
v 0.052272 0.010397 -0.108073
v 0.051480 0.013794 -0.108073
v 0.050467 0.017131 -0.108073
v 0.049239 0.020395 -0.108073
v 0.047800 0.023572 -0.108073
v 0.046156 0.026648 -0.108073
v 0.044314 0.029610 -0.108073
v 0.042282 0.032444 -0.108073
v 0.040070 0.035140 -0.108073
v 0.037686 0.037686 -0.108073
v 0.035140 0.040070 -0.108073
v 0.032444 0.042282 -0.108073
v 0.029610 0.044314 -0.108073
v 0.026648 0.046156 -0.108073
v 0.023572 0.047800 -0.108073
v 0.020395 0.049239 -0.108073
v 0.017131 0.050467 -0.108073
v 0.013794 0.051480 -0.108073
v 0.010397 0.052272 -0.108073
v 0.006956 0.052840 -0.108073
v 0.003486 0.053182 -0.108073
v 0.000000 0.053296 -0.108073
v -0.003486 0.053182 -0.108073
v -0.006956 0.052840 -0.108073
v -0.010397 0.052272 -0.108073
v -0.013794 0.051480 -0.108073
v -0.017131 0.050467 -0.108073
v -0.020395 0.049239 -0.108073
v -0.023572 0.047800 -0.108073
v -0.026648 0.046156 -0.108073
v -0.029610 0.044314 -0.108073
v -0.032444 0.042282 -0.108073
v -0.035140 0.040070 -0.108073
v -0.037686 0.037686 -0.108073
v -0.040070 0.035140 -0.108073
v -0.042282 0.032444 -0.108073
v -0.044314 0.029610 -0.108073
v -0.046156 0.026648 -0.108073
v -0.047800 0.023572 -0.108073
v -0.049239 0.020395 -0.108073
v -0.050467 0.017131 -0.108073
v -0.051480 0.013794 -0.108073
v -0.052272 0.010397 -0.108073
v -0.052840 0.006956 -0.108073
v -0.053182 0.003486 -0.108073
v -0.053296 0.000000 -0.108073
v -0.060250 -0.000000 -0.104356
v -0.060121 -0.003941 -0.104356
v -0.059735 -0.007864 -0.104356
v -0.059092 -0.011754 -0.104356
v -0.058197 -0.015594 -0.104356
v -0.057053 -0.019367 -0.104356
v -0.055664 -0.023057 -0.104356
v -0.054037 -0.026648 -0.104356
v -0.052178 -0.030125 -0.104356
v -0.050096 -0.033473 -0.104356
v -0.047800 -0.036678 -0.104356
v -0.045298 -0.039726 -0.104356
v -0.042603 -0.042603 -0.104356
v -0.039726 -0.045298 -0.104356
v -0.036678 -0.047800 -0.104356
v -0.033473 -0.050096 -0.104356
v -0.030125 -0.052178 -0.104356
v -0.026648 -0.054037 -0.104356
v -0.023057 -0.055664 -0.104356
v -0.019367 -0.057053 -0.104356
v -0.015594 -0.058197 -0.104356
v -0.011754 -0.059092 -0.104356
v -0.007864 -0.059735 -0.104356
v -0.003941 -0.060121 -0.104356
v 0.000000 -0.060250 -0.104356
v 0.003941 -0.060121 -0.104356
v 0.007864 -0.059735 -0.104356
v 0.011754 -0.059092 -0.104356
v 0.015594 -0.058197 -0.104356
v 0.019367 -0.057053 -0.104356
v 0.023057 -0.055664 -0.104356
v 0.026648 -0.054037 -0.104356
v 0.030125 -0.052178 -0.104356
v 0.033473 -0.050096 -0.104356
v 0.036678 -0.047800 -0.104356
v 0.039726 -0.045298 -0.104356
v 0.042603 -0.042603 -0.104356
v 0.045298 -0.039726 -0.104356
v 0.047800 -0.036678 -0.104356
v 0.050096 -0.033473 -0.104356
v 0.052178 -0.030125 -0.104356
v 0.054037 -0.026648 -0.104356
v 0.055664 -0.023057 -0.104356
v 0.057053 -0.019367 -0.104356
v 0.058197 -0.015594 -0.104356
v 0.059092 -0.011754 -0.104356
v 0.059735 -0.007864 -0.104356
v 0.060121 -0.003941 -0.104356
v 0.060250 0.000000 -0.104356
v 0.060121 0.003941 -0.104356
v 0.059735 0.007864 -0.104356
v 0.059092 0.011754 -0.104356
v 0.058197 0.015594 -0.104356
v 0.057053 0.019367 -0.104356
v 0.055664 0.023057 -0.104356
v 0.054037 0.026648 -0.104356
v 0.052178 0.030125 -0.104356
v 0.050096 0.033473 -0.104356
v 0.047800 0.036678 -0.104356
v 0.045298 0.039726 -0.104356
v 0.042603 0.042603 -0.104356
v 0.039726 0.045298 -0.104356
v 0.036678 0.047800 -0.104356
v 0.033473 0.050096 -0.104356
v 0.030125 0.052178 -0.104356
v 0.026648 0.054037 -0.104356
v 0.023057 0.055664 -0.104356
v 0.019367 0.057053 -0.104356
v 0.015594 0.058197 -0.104356
v 0.011754 0.059092 -0.104356
v 0.007864 0.059735 -0.104356
v 0.003941 0.060121 -0.104356
v 0.000000 0.060250 -0.104356
v -0.003941 0.060121 -0.104356
v -0.007864 0.059735 -0.104356
v -0.011754 0.059092 -0.104356
v -0.015594 0.058197 -0.104356
v -0.019367 0.057053 -0.104356
v -0.023057 0.055664 -0.104356
v -0.026648 0.054037 -0.104356
v -0.030125 0.052178 -0.104356
v -0.033473 0.050096 -0.104356
v -0.036678 0.047800 -0.104356
v -0.039726 0.045298 -0.104356
v -0.042603 0.042603 -0.104356
v -0.045298 0.039726 -0.104356
v -0.047800 0.036678 -0.104356
v -0.050096 0.033473 -0.104356
v -0.052178 0.030125 -0.104356
v -0.054037 0.026648 -0.104356
v -0.055664 0.023057 -0.104356
v -0.057053 0.019367 -0.104356
v -0.058197 0.015594 -0.104356
v -0.059092 0.011754 -0.104356
v -0.059735 0.007864 -0.104356
v -0.060121 0.003941 -0.104356
v -0.060250 0.000000 -0.104356
v -0.066946 -0.000000 -0.100192
v -0.066803 -0.004378 -0.100192
v -0.066373 -0.008738 -0.100192
v -0.065660 -0.013061 -0.100192
v -0.064665 -0.017327 -0.100192
v -0.063393 -0.021519 -0.100192
v -0.061850 -0.025619 -0.100192
v -0.060042 -0.029610 -0.100192
v -0.057977 -0.033473 -0.100192
v -0.055664 -0.037193 -0.100192
v -0.053112 -0.040754 -0.100192
v -0.050333 -0.044141 -0.100192
v -0.047338 -0.047338 -0.100192
v -0.044141 -0.050333 -0.100192
v -0.040754 -0.053112 -0.100192
v -0.037193 -0.055664 -0.100192
v -0.033473 -0.057977 -0.100192
v -0.029610 -0.060042 -0.100192
v -0.025619 -0.061850 -0.100192
v -0.021519 -0.063393 -0.100192
v -0.017327 -0.064665 -0.100192
v -0.013061 -0.065660 -0.100192
v -0.008738 -0.066373 -0.100192
v -0.004378 -0.066803 -0.100192
v 0.000000 -0.066946 -0.100192
v 0.004378 -0.066803 -0.100192
v 0.008738 -0.066373 -0.100192
v 0.013061 -0.065660 -0.100192
v 0.017327 -0.064665 -0.100192
v 0.021519 -0.063393 -0.100192
v 0.025619 -0.061850 -0.100192
v 0.029610 -0.060042 -0.100192
v 0.033473 -0.057977 -0.100192
v 0.037193 -0.055664 -0.100192
v 0.040754 -0.053112 -0.100192
v 0.044141 -0.050333 -0.100192
v 0.047338 -0.047338 -0.100192
v 0.050333 -0.044141 -0.100192
v 0.053112 -0.040754 -0.100192
v 0.055664 -0.037193 -0.100192
v 0.057977 -0.033473 -0.100192
v 0.060042 -0.029610 -0.100192
v 0.061850 -0.025619 -0.100192
v 0.063393 -0.021519 -0.100192
v 0.064665 -0.017327 -0.100192
v 0.065660 -0.013061 -0.100192
v 0.066373 -0.008738 -0.100192
v 0.066803 -0.004378 -0.100192
v 0.066946 0.000000 -0.100192
v 0.066803 0.004378 -0.100192
v 0.066373 0.008738 -0.100192
v 0.065660 0.013061 -0.100192
v 0.064665 0.017327 -0.100192
v 0.063393 0.021519 -0.100192
v 0.061850 0.025619 -0.100192
v 0.060042 0.029610 -0.100192
v 0.057977 0.033473 -0.100192
v 0.055664 0.037193 -0.100192
v 0.053112 0.040754 -0.100192
v 0.050333 0.044141 -0.100192
v 0.047338 0.047338 -0.100192
v 0.044141 0.050333 -0.100192
v 0.040754 0.053112 -0.100192
v 0.037193 0.055664 -0.100192
v 0.033473 0.057977 -0.100192
v 0.029610 0.060042 -0.100192
v 0.025619 0.061850 -0.100192
v 0.021519 0.063393 -0.100192
v 0.017327 0.064665 -0.100192
v 0.013061 0.065660 -0.100192
v 0.008738 0.066373 -0.100192
v 0.004378 0.066803 -0.100192
v 0.000000 0.066946 -0.100192
v -0.004378 0.066803 -0.100192
v -0.008738 0.066373 -0.100192
v -0.013061 0.065660 -0.100192
v -0.017327 0.064665 -0.100192
v -0.021519 0.063393 -0.100192
v -0.025619 0.061850 -0.100192
v -0.029610 0.060042 -0.100192
v -0.033473 0.057977 -0.100192
v -0.037193 0.055664 -0.100192
v -0.040754 0.053112 -0.100192
v -0.044141 0.050333 -0.100192
v -0.047338 0.047338 -0.100192
v -0.050333 0.044141 -0.100192
v -0.053112 0.040754 -0.100192
v -0.055664 0.037193 -0.100192
v -0.057977 0.033473 -0.100192
v -0.060042 0.029610 -0.100192
v -0.061850 0.025619 -0.100192
v -0.063393 0.021519 -0.100192
v -0.064665 0.017327 -0.100192
v -0.065660 0.013061 -0.100192
v -0.066373 0.008738 -0.100192
v -0.066803 0.004378 -0.100192
v -0.066946 0.000000 -0.100192
v -0.073356 -0.000000 -0.095599
v -0.073199 -0.004798 -0.095599
v -0.072728 -0.009575 -0.095599
v -0.071946 -0.014311 -0.095599
v -0.070856 -0.018986 -0.095599
v -0.069463 -0.023579 -0.095599
v -0.067772 -0.028072 -0.095599
v -0.065791 -0.032444 -0.095599
v -0.063528 -0.036678 -0.095599
v -0.060993 -0.040754 -0.095599
v -0.058197 -0.044656 -0.095599
v -0.055152 -0.048367 -0.095599
v -0.051870 -0.051870 -0.095599
v -0.048367 -0.055152 -0.095599
v -0.044656 -0.058197 -0.095599
v -0.040754 -0.060993 -0.095599
v -0.036678 -0.063528 -0.095599
v -0.032444 -0.065791 -0.095599
v -0.028072 -0.067772 -0.095599
v -0.023579 -0.069463 -0.095599
v -0.018986 -0.070856 -0.095599
v -0.014311 -0.071946 -0.095599
v -0.009575 -0.072728 -0.095599
v -0.004798 -0.073199 -0.095599
v 0.000000 -0.073356 -0.095599
v 0.004798 -0.073199 -0.095599
v 0.009575 -0.072728 -0.095599
v 0.014311 -0.071946 -0.095599
v 0.018986 -0.070856 -0.095599
v 0.023579 -0.069463 -0.095599
v 0.028072 -0.067772 -0.095599
v 0.032444 -0.065791 -0.095599
v 0.036678 -0.063528 -0.095599
v 0.040754 -0.060993 -0.095599
v 0.044656 -0.058197 -0.095599
v 0.048367 -0.055152 -0.095599
v 0.051870 -0.051870 -0.095599
v 0.055152 -0.048367 -0.095599
v 0.058197 -0.044656 -0.095599
v 0.060993 -0.040754 -0.095599
v 0.063528 -0.036678 -0.095599
v 0.065791 -0.032444 -0.095599
v 0.067772 -0.028072 -0.095599
v 0.069463 -0.023579 -0.095599
v 0.070856 -0.018986 -0.095599
v 0.071946 -0.014311 -0.095599
v 0.072728 -0.009575 -0.095599
v 0.073199 -0.004798 -0.095599
v 0.073356 0.000000 -0.095599
v 0.073199 0.004798 -0.095599
v 0.072728 0.009575 -0.095599
v 0.071946 0.014311 -0.095599
v 0.070856 0.018986 -0.095599
v 0.069463 0.023579 -0.095599
v 0.067772 0.028072 -0.095599
v 0.065791 0.032444 -0.095599
v 0.063528 0.036678 -0.095599
v 0.060993 0.040754 -0.095599
v 0.058197 0.044656 -0.095599
v 0.055152 0.048367 -0.095599
v 0.051870 0.051870 -0.095599
v 0.048367 0.055152 -0.095599
v 0.044656 0.058197 -0.095599
v 0.040754 0.060993 -0.095599
v 0.036678 0.063528 -0.095599
v 0.032444 0.065791 -0.095599
v 0.028072 0.067772 -0.095599
v 0.023579 0.069463 -0.095599
v 0.018986 0.070856 -0.095599
v 0.014311 0.071946 -0.095599
v 0.009575 0.072728 -0.095599
v 0.004798 0.073199 -0.095599
v 0.000000 0.073356 -0.095599
v -0.004798 0.073199 -0.095599
v -0.009575 0.072728 -0.095599
v -0.014311 0.071946 -0.095599
v -0.018986 0.070856 -0.095599
v -0.023579 0.069463 -0.095599
v -0.028072 0.067772 -0.095599
v -0.032444 0.065791 -0.095599
v -0.036678 0.063528 -0.095599
v -0.040754 0.060993 -0.095599
v -0.044656 0.058197 -0.095599
v -0.048367 0.055152 -0.095599
v -0.051870 0.051870 -0.095599
v -0.055152 0.048367 -0.095599
v -0.058197 0.044656 -0.095599
v -0.060993 0.040754 -0.095599
v -0.063528 0.036678 -0.095599
v -0.065791 0.032444 -0.095599
v -0.067772 0.028072 -0.095599
v -0.069463 0.023579 -0.095599
v -0.070856 0.018986 -0.095599
v -0.071946 0.014311 -0.095599
v -0.072728 0.009575 -0.095599
v -0.073199 0.004798 -0.095599
v -0.073356 0.000000 -0.095599
v -0.079451 -0.000000 -0.090597
v -0.079281 -0.005196 -0.090597
v -0.078771 -0.010370 -0.090597
v -0.077925 -0.015500 -0.090597
v -0.076744 -0.020563 -0.090597
v -0.075235 -0.025539 -0.090597
v -0.073403 -0.030405 -0.090597
v -0.071258 -0.035140 -0.090597
v -0.068807 -0.039726 -0.090597
v -0.066061 -0.044141 -0.090597
v -0.063033 -0.048367 -0.090597
v -0.059735 -0.052386 -0.090597
v -0.056180 -0.056180 -0.090597
v -0.052386 -0.059735 -0.090597
v -0.048367 -0.063033 -0.090597
v -0.044141 -0.066061 -0.090597
v -0.039726 -0.068807 -0.090597
v -0.035140 -0.071258 -0.090597
v -0.030405 -0.073403 -0.090597
v -0.025539 -0.075235 -0.090597
v -0.020563 -0.076744 -0.090597
v -0.015500 -0.077925 -0.090597
v -0.010370 -0.078771 -0.090597
v -0.005196 -0.079281 -0.090597
v 0.000000 -0.079451 -0.090597
v 0.005196 -0.079281 -0.090597
v 0.010370 -0.078771 -0.090597
v 0.015500 -0.077925 -0.090597
v 0.020563 -0.076744 -0.090597
v 0.025539 -0.075235 -0.090597
v 0.030405 -0.073403 -0.090597
v 0.035140 -0.071258 -0.090597
v 0.039726 -0.068807 -0.090597
v 0.044141 -0.066061 -0.090597
v 0.048367 -0.063033 -0.090597
v 0.052386 -0.059735 -0.090597
v 0.056180 -0.056180 -0.090597
v 0.059735 -0.052386 -0.090597
v 0.063033 -0.048367 -0.090597
v 0.066061 -0.044141 -0.090597
v 0.068807 -0.039726 -0.090597
v 0.071258 -0.035140 -0.090597
v 0.073403 -0.030405 -0.090597
v 0.075235 -0.025539 -0.090597
v 0.076744 -0.020563 -0.090597
v 0.077925 -0.015500 -0.090597
v 0.078771 -0.010370 -0.090597
v 0.079281 -0.005196 -0.090597
v 0.079451 0.000000 -0.090597
v 0.079281 0.005196 -0.090597
v 0.078771 0.010370 -0.090597
v 0.077925 0.015500 -0.090597
v 0.076744 0.020563 -0.090597
v 0.075235 0.025539 -0.090597
v 0.073403 0.030405 -0.090597
v 0.071258 0.035140 -0.090597
v 0.068807 0.039726 -0.090597
v 0.066061 0.044141 -0.090597
v 0.063033 0.048367 -0.090597
v 0.059735 0.052386 -0.090597
v 0.056180 0.056180 -0.090597
v 0.052386 0.059735 -0.090597
v 0.048367 0.063033 -0.090597
v 0.044141 0.066061 -0.090597
v 0.039726 0.068807 -0.090597
v 0.035140 0.071258 -0.090597
v 0.030405 0.073403 -0.090597
v 0.025539 0.075235 -0.090597
v 0.020563 0.076744 -0.090597
v 0.015500 0.077925 -0.090597
v 0.010370 0.078771 -0.090597
v 0.005196 0.079281 -0.090597
v 0.000000 0.079451 -0.090597
v -0.005196 0.079281 -0.090597
v -0.010370 0.078771 -0.090597
v -0.015500 0.077925 -0.090597
v -0.020563 0.076744 -0.090597
v -0.025539 0.075235 -0.090597
v -0.030405 0.073403 -0.090597
v -0.035140 0.071258 -0.090597
v -0.039726 0.068807 -0.090597
v -0.044141 0.066061 -0.090597
v -0.048367 0.063033 -0.090597
v -0.052386 0.059735 -0.090597
v -0.056180 0.056180 -0.090597
v -0.059735 0.052386 -0.090597
v -0.063033 0.048367 -0.090597
v -0.066061 0.044141 -0.090597
v -0.068807 0.039726 -0.090597
v -0.071258 0.035140 -0.090597
v -0.073403 0.030405 -0.090597
v -0.075235 0.025539 -0.090597
v -0.076744 0.020563 -0.090597
v -0.077925 0.015500 -0.090597
v -0.078771 0.010370 -0.090597
v -0.079281 0.005196 -0.090597
v -0.079451 0.000000 -0.090597
v -0.085206 -0.000000 -0.085206
v -0.085024 -0.005573 -0.085206
v -0.084477 -0.011122 -0.085206
v -0.083569 -0.016623 -0.085206
v -0.082303 -0.022053 -0.085206
v -0.080684 -0.027389 -0.085206
v -0.078720 -0.032607 -0.085206
v -0.076419 -0.037686 -0.085206
v -0.073791 -0.042603 -0.085206
v -0.070847 -0.047338 -0.085206
v -0.067599 -0.051870 -0.085206
v -0.064062 -0.056180 -0.085206
v -0.060250 -0.060250 -0.085206
v -0.056180 -0.064062 -0.085206
v -0.051870 -0.067599 -0.085206
v -0.047338 -0.070847 -0.085206
v -0.042603 -0.073791 -0.085206
v -0.037686 -0.076419 -0.085206
v -0.032607 -0.078720 -0.085206
v -0.027389 -0.080684 -0.085206
v -0.022053 -0.082303 -0.085206
v -0.016623 -0.083569 -0.085206
v -0.011122 -0.084477 -0.085206
v -0.005573 -0.085024 -0.085206
v 0.000000 -0.085206 -0.085206
v 0.005573 -0.085024 -0.085206
v 0.011122 -0.084477 -0.085206
v 0.016623 -0.083569 -0.085206
v 0.022053 -0.082303 -0.085206
v 0.027389 -0.080684 -0.085206
v 0.032607 -0.078720 -0.085206
v 0.037686 -0.076419 -0.085206
v 0.042603 -0.073791 -0.085206
v 0.047338 -0.070847 -0.085206
v 0.051870 -0.067599 -0.085206
v 0.056180 -0.064062 -0.085206
v 0.060250 -0.060250 -0.085206
v 0.064062 -0.056180 -0.085206
v 0.067599 -0.051870 -0.085206
v 0.070847 -0.047338 -0.085206
v 0.073791 -0.042603 -0.085206
v 0.076419 -0.037686 -0.085206
v 0.078720 -0.032607 -0.085206
v 0.080684 -0.027389 -0.085206
v 0.082303 -0.022053 -0.085206
v 0.083569 -0.016623 -0.085206
v 0.084477 -0.011122 -0.085206
v 0.085024 -0.005573 -0.085206
v 0.085206 0.000000 -0.085206
v 0.085024 0.005573 -0.085206
v 0.084477 0.011122 -0.085206
v 0.083569 0.016623 -0.085206
v 0.082303 0.022053 -0.085206
v 0.080684 0.027389 -0.085206
v 0.078720 0.032607 -0.085206
v 0.076419 0.037686 -0.085206
v 0.073791 0.042603 -0.085206
v 0.070847 0.047338 -0.085206
v 0.067599 0.051870 -0.085206
v 0.064062 0.056180 -0.085206
v 0.060250 0.060250 -0.085206
v 0.056180 0.064062 -0.085206
v 0.051870 0.067599 -0.085206
v 0.047338 0.070847 -0.085206
v 0.042603 0.073791 -0.085206
v 0.037686 0.076419 -0.085206
v 0.032607 0.078720 -0.085206
v 0.027389 0.080684 -0.085206
v 0.022053 0.082303 -0.085206
v 0.016623 0.083569 -0.085206
v 0.011122 0.084477 -0.085206
v 0.005573 0.085024 -0.085206
v 0.000000 0.085206 -0.085206
v -0.005573 0.085024 -0.085206
v -0.011122 0.084477 -0.085206
v -0.016623 0.083569 -0.085206
v -0.022053 0.082303 -0.085206
v -0.027389 0.080684 -0.085206
v -0.032607 0.078720 -0.085206
v -0.037686 0.076419 -0.085206
v -0.042603 0.073791 -0.085206
v -0.047338 0.070847 -0.085206
v -0.051870 0.067599 -0.085206
v -0.056180 0.064062 -0.085206
v -0.060250 0.060250 -0.085206
v -0.064062 0.056180 -0.085206
v -0.067599 0.051870 -0.085206
v -0.070847 0.047338 -0.085206
v -0.073791 0.042603 -0.085206
v -0.076419 0.037686 -0.085206
v -0.078720 0.032607 -0.085206
v -0.080684 0.027389 -0.085206
v -0.082303 0.022053 -0.085206
v -0.083569 0.016623 -0.085206
v -0.084477 0.011122 -0.085206
v -0.085024 0.005573 -0.085206
v -0.085206 0.000000 -0.085206
v -0.090597 -0.000000 -0.079451
v -0.090403 -0.005925 -0.079451
v -0.089822 -0.011825 -0.079451
v -0.088856 -0.017675 -0.079451
v -0.087510 -0.023448 -0.079451
v -0.085789 -0.029121 -0.079451
v -0.083700 -0.034670 -0.079451
v -0.081254 -0.040070 -0.079451
v -0.078459 -0.045298 -0.079451
v -0.075328 -0.050333 -0.079451
v -0.071875 -0.055152 -0.079451
v -0.068114 -0.059735 -0.079451
v -0.064062 -0.064062 -0.079451
v -0.059735 -0.068114 -0.079451
v -0.055152 -0.071875 -0.079451
v -0.050333 -0.075328 -0.079451
v -0.045298 -0.078459 -0.079451
v -0.040070 -0.081254 -0.079451
v -0.034670 -0.083700 -0.079451
v -0.029121 -0.085789 -0.079451
v -0.023448 -0.087510 -0.079451
v -0.017675 -0.088856 -0.079451
v -0.011825 -0.089822 -0.079451
v -0.005925 -0.090403 -0.079451
v 0.000000 -0.090597 -0.079451
v 0.005925 -0.090403 -0.079451
v 0.011825 -0.089822 -0.079451
v 0.017675 -0.088856 -0.079451
v 0.023448 -0.087510 -0.079451
v 0.029121 -0.085789 -0.079451
v 0.034670 -0.083700 -0.079451
v 0.040070 -0.081254 -0.079451
v 0.045298 -0.078459 -0.079451
v 0.050333 -0.075328 -0.079451
v 0.055152 -0.071875 -0.079451
v 0.059735 -0.068114 -0.079451
v 0.064062 -0.064062 -0.079451
v 0.068114 -0.059735 -0.079451
v 0.071875 -0.055152 -0.079451
v 0.075328 -0.050333 -0.079451
v 0.078459 -0.045298 -0.079451
v 0.081254 -0.040070 -0.079451
v 0.083700 -0.034670 -0.079451
v 0.085789 -0.029121 -0.079451
v 0.087510 -0.023448 -0.079451
v 0.088856 -0.017675 -0.079451
v 0.089822 -0.011825 -0.079451
v 0.090403 -0.005925 -0.079451
v 0.090597 0.000000 -0.079451
v 0.090403 0.005925 -0.079451
v 0.089822 0.011825 -0.079451
v 0.088856 0.017675 -0.079451
v 0.087510 0.023448 -0.079451
v 0.085789 0.029121 -0.079451
v 0.083700 0.034670 -0.079451
v 0.081254 0.040070 -0.079451
v 0.078459 0.045298 -0.079451
v 0.075328 0.050333 -0.079451
v 0.071875 0.055152 -0.079451
v 0.068114 0.059735 -0.079451
v 0.064062 0.064062 -0.079451
v 0.059735 0.068114 -0.079451
v 0.055152 0.071875 -0.079451
v 0.050333 0.075328 -0.079451
v 0.045298 0.078459 -0.079451
v 0.040070 0.081254 -0.079451
v 0.034670 0.083700 -0.079451
v 0.029121 0.085789 -0.079451
v 0.023448 0.087510 -0.079451
v 0.017675 0.088856 -0.079451
v 0.011825 0.089822 -0.079451
v 0.005925 0.090403 -0.079451
v 0.000000 0.090597 -0.079451
v -0.005925 0.090403 -0.079451
v -0.011825 0.089822 -0.079451
v -0.017675 0.088856 -0.079451
v -0.023448 0.087510 -0.079451
v -0.029121 0.085789 -0.079451
v -0.034670 0.083700 -0.079451
v -0.040070 0.081254 -0.079451
v -0.045298 0.078459 -0.079451
v -0.050333 0.075328 -0.079451
v -0.055152 0.071875 -0.079451
v -0.059735 0.068114 -0.079451
v -0.064062 0.064062 -0.079451
v -0.068114 0.059735 -0.079451
v -0.071875 0.055152 -0.079451
v -0.075328 0.050333 -0.079451
v -0.078459 0.045298 -0.079451
v -0.081254 0.040070 -0.079451
v -0.083700 0.034670 -0.079451
v -0.085789 0.029121 -0.079451
v -0.087510 0.023448 -0.079451
v -0.088856 0.017675 -0.079451
v -0.089822 0.011825 -0.079451
v -0.090403 0.005925 -0.079451
v -0.090597 0.000000 -0.079451
v -0.095599 -0.000000 -0.073356
v -0.095394 -0.006252 -0.073356
v -0.094781 -0.012478 -0.073356
v -0.093762 -0.018650 -0.073356
v -0.092342 -0.024743 -0.073356
v -0.090526 -0.030729 -0.073356
v -0.088322 -0.036584 -0.073356
v -0.085740 -0.042282 -0.073356
v -0.082791 -0.047800 -0.073356
v -0.079488 -0.053112 -0.073356
v -0.075844 -0.058197 -0.073356
v -0.071875 -0.063033 -0.073356
v -0.067599 -0.067599 -0.073356
v -0.063033 -0.071875 -0.073356
v -0.058197 -0.075844 -0.073356
v -0.053112 -0.079488 -0.073356
v -0.047800 -0.082791 -0.073356
v -0.042282 -0.085740 -0.073356
v -0.036584 -0.088322 -0.073356
v -0.030729 -0.090526 -0.073356
v -0.024743 -0.092342 -0.073356
v -0.018650 -0.093762 -0.073356
v -0.012478 -0.094781 -0.073356
v -0.006252 -0.095394 -0.073356
v 0.000000 -0.095599 -0.073356
v 0.006252 -0.095394 -0.073356
v 0.012478 -0.094781 -0.073356
v 0.018650 -0.093762 -0.073356
v 0.024743 -0.092342 -0.073356
v 0.030729 -0.090526 -0.073356
v 0.036584 -0.088322 -0.073356
v 0.042282 -0.085740 -0.073356
v 0.047800 -0.082791 -0.073356
v 0.053112 -0.079488 -0.073356
v 0.058197 -0.075844 -0.073356
v 0.063033 -0.071875 -0.073356
v 0.067599 -0.067599 -0.073356
v 0.071875 -0.063033 -0.073356
v 0.075844 -0.058197 -0.073356
v 0.079488 -0.053112 -0.073356
v 0.082791 -0.047800 -0.073356
v 0.085740 -0.042282 -0.073356
v 0.088322 -0.036584 -0.073356
v 0.090526 -0.030729 -0.073356
v 0.092342 -0.024743 -0.073356
v 0.093762 -0.018650 -0.073356
v 0.094781 -0.012478 -0.073356
v 0.095394 -0.006252 -0.073356
v 0.095599 0.000000 -0.073356
v 0.095394 0.006252 -0.073356
v 0.094781 0.012478 -0.073356
v 0.093762 0.018650 -0.073356
v 0.092342 0.024743 -0.073356
v 0.090526 0.030729 -0.073356
v 0.088322 0.036584 -0.073356
v 0.085740 0.042282 -0.073356
v 0.082791 0.047800 -0.073356
v 0.079488 0.053112 -0.073356
v 0.075844 0.058197 -0.073356
v 0.071875 0.063033 -0.073356
v 0.067599 0.067599 -0.073356
v 0.063033 0.071875 -0.073356
v 0.058197 0.075844 -0.073356
v 0.053112 0.079488 -0.073356
v 0.047800 0.082791 -0.073356
v 0.042282 0.085740 -0.073356
v 0.036584 0.088322 -0.073356
v 0.030729 0.090526 -0.073356
v 0.024743 0.092342 -0.073356
v 0.018650 0.093762 -0.073356
v 0.012478 0.094781 -0.073356
v 0.006252 0.095394 -0.073356
v 0.000000 0.095599 -0.073356
v -0.006252 0.095394 -0.073356
v -0.012478 0.094781 -0.073356
v -0.018650 0.093762 -0.073356
v -0.024743 0.092342 -0.073356
v -0.030729 0.090526 -0.073356
v -0.036584 0.088322 -0.073356
v -0.042282 0.085740 -0.073356
v -0.047800 0.082791 -0.073356
v -0.053112 0.079488 -0.073356
v -0.058197 0.075844 -0.073356
v -0.063033 0.071875 -0.073356
v -0.067599 0.067599 -0.073356
v -0.071875 0.063033 -0.073356
v -0.075844 0.058197 -0.073356
v -0.079488 0.053112 -0.073356
v -0.082791 0.047800 -0.073356
v -0.085740 0.042282 -0.073356
v -0.088322 0.036584 -0.073356
v -0.090526 0.030729 -0.073356
v -0.092342 0.024743 -0.073356
v -0.093762 0.018650 -0.073356
v -0.094781 0.012478 -0.073356
v -0.095394 0.006252 -0.073356
v -0.095599 0.000000 -0.073356
v -0.100192 -0.000000 -0.066946
v -0.099978 -0.006553 -0.066946
v -0.099335 -0.013078 -0.066946
v -0.098267 -0.019547 -0.066946
v -0.096778 -0.025932 -0.066946
v -0.094875 -0.032206 -0.066946
v -0.092565 -0.038342 -0.066946
v -0.089860 -0.044314 -0.066946
v -0.086769 -0.050096 -0.066946
v -0.083307 -0.055664 -0.066946
v -0.079488 -0.060993 -0.066946
v -0.075328 -0.066061 -0.066946
v -0.070847 -0.070847 -0.066946
v -0.066061 -0.075328 -0.066946
v -0.060993 -0.079488 -0.066946
v -0.055664 -0.083307 -0.066946
v -0.050096 -0.086769 -0.066946
v -0.044314 -0.089860 -0.066946
v -0.038342 -0.092565 -0.066946
v -0.032206 -0.094875 -0.066946
v -0.025932 -0.096778 -0.066946
v -0.019547 -0.098267 -0.066946
v -0.013078 -0.099335 -0.066946
v -0.006553 -0.099978 -0.066946
v 0.000000 -0.100192 -0.066946
v 0.006553 -0.099978 -0.066946
v 0.013078 -0.099335 -0.066946
v 0.019547 -0.098267 -0.066946
v 0.025932 -0.096778 -0.066946
v 0.032206 -0.094875 -0.066946
v 0.038342 -0.092565 -0.066946
v 0.044314 -0.089860 -0.066946
v 0.050096 -0.086769 -0.066946
v 0.055664 -0.083307 -0.066946
v 0.060993 -0.079488 -0.066946
v 0.066061 -0.075328 -0.066946
v 0.070847 -0.070847 -0.066946
v 0.075328 -0.066061 -0.066946
v 0.079488 -0.060993 -0.066946
v 0.083307 -0.055664 -0.066946
v 0.086769 -0.050096 -0.066946
v 0.089860 -0.044314 -0.066946
v 0.092565 -0.038342 -0.066946
v 0.094875 -0.032206 -0.066946
v 0.096778 -0.025932 -0.066946
v 0.098267 -0.019547 -0.066946
v 0.099335 -0.013078 -0.066946
v 0.099978 -0.006553 -0.066946
v 0.100192 0.000000 -0.066946
v 0.099978 0.006553 -0.066946
v 0.099335 0.013078 -0.066946
v 0.098267 0.019547 -0.066946
v 0.096778 0.025932 -0.066946
v 0.094875 0.032206 -0.066946
v 0.092565 0.038342 -0.066946
v 0.089860 0.044314 -0.066946
v 0.086769 0.050096 -0.066946
v 0.083307 0.055664 -0.066946
v 0.079488 0.060993 -0.066946
v 0.075328 0.066061 -0.066946
v 0.070847 0.070847 -0.066946
v 0.066061 0.075328 -0.066946
v 0.060993 0.079488 -0.066946
v 0.055664 0.083307 -0.066946
v 0.050096 0.086769 -0.066946
v 0.044314 0.089860 -0.066946
v 0.038342 0.092565 -0.066946
v 0.032206 0.094875 -0.066946
v 0.025932 0.096778 -0.066946
v 0.019547 0.098267 -0.066946
v 0.013078 0.099335 -0.066946
v 0.006553 0.099978 -0.066946
v 0.000000 0.100192 -0.066946
v -0.006553 0.099978 -0.066946
v -0.013078 0.099335 -0.066946
v -0.019547 0.098267 -0.066946
v -0.025932 0.096778 -0.066946
v -0.032206 0.094875 -0.066946
v -0.038342 0.092565 -0.066946
v -0.044314 0.089860 -0.066946
v -0.050096 0.086769 -0.066946
v -0.055664 0.083307 -0.066946
v -0.060993 0.079488 -0.066946
v -0.066061 0.075328 -0.066946
v -0.070847 0.070847 -0.066946
v -0.075328 0.066061 -0.066946
v -0.079488 0.060993 -0.066946
v -0.083307 0.055664 -0.066946
v -0.086769 0.050096 -0.066946
v -0.089860 0.044314 -0.066946
v -0.092565 0.038342 -0.066946
v -0.094875 0.032206 -0.066946
v -0.096778 0.025932 -0.066946
v -0.098267 0.019547 -0.066946
v -0.099335 0.013078 -0.066946
v -0.099978 0.006553 -0.066946
v -0.100192 0.000000 -0.066946
v -0.104356 -0.000000 -0.060250
v -0.104133 -0.006825 -0.060250
v -0.103463 -0.013621 -0.060250
v -0.102351 -0.020359 -0.060250
v -0.100800 -0.027009 -0.060250
v -0.098818 -0.033544 -0.060250
v -0.096412 -0.039935 -0.060250
v -0.093594 -0.046156 -0.060250
v -0.090375 -0.052178 -0.060250
v -0.086769 -0.057977 -0.060250
v -0.082791 -0.063528 -0.060250
v -0.078459 -0.068807 -0.060250
v -0.073791 -0.073791 -0.060250
v -0.068807 -0.078459 -0.060250
v -0.063528 -0.082791 -0.060250
v -0.057977 -0.086769 -0.060250
v -0.052178 -0.090375 -0.060250
v -0.046156 -0.093594 -0.060250
v -0.039935 -0.096412 -0.060250
v -0.033544 -0.098818 -0.060250
v -0.027009 -0.100800 -0.060250
v -0.020359 -0.102351 -0.060250
v -0.013621 -0.103463 -0.060250
v -0.006825 -0.104133 -0.060250
v 0.000000 -0.104356 -0.060250
v 0.006825 -0.104133 -0.060250
v 0.013621 -0.103463 -0.060250
v 0.020359 -0.102351 -0.060250
v 0.027009 -0.100800 -0.060250
v 0.033544 -0.098818 -0.060250
v 0.039935 -0.096412 -0.060250
v 0.046156 -0.093594 -0.060250
v 0.052178 -0.090375 -0.060250
v 0.057977 -0.086769 -0.060250
v 0.063528 -0.082791 -0.060250
v 0.068807 -0.078459 -0.060250
v 0.073791 -0.073791 -0.060250
v 0.078459 -0.068807 -0.060250
v 0.082791 -0.063528 -0.060250
v 0.086769 -0.057977 -0.060250
v 0.090375 -0.052178 -0.060250
v 0.093594 -0.046156 -0.060250
v 0.096412 -0.039935 -0.060250
v 0.098818 -0.033544 -0.060250
v 0.100800 -0.027009 -0.060250
v 0.102351 -0.020359 -0.060250
v 0.103463 -0.013621 -0.060250
v 0.104133 -0.006825 -0.060250
v 0.104356 0.000000 -0.060250
v 0.104133 0.006825 -0.060250
v 0.103463 0.013621 -0.060250
v 0.102351 0.020359 -0.060250
v 0.100800 0.027009 -0.060250
v 0.098818 0.033544 -0.060250
v 0.096412 0.039935 -0.060250
v 0.093594 0.046156 -0.060250
v 0.090375 0.052178 -0.060250
v 0.086769 0.057977 -0.060250
v 0.082791 0.063528 -0.060250
v 0.078459 0.068807 -0.060250
v 0.073791 0.073791 -0.060250
v 0.068807 0.078459 -0.060250
v 0.063528 0.082791 -0.060250
v 0.057977 0.086769 -0.060250
v 0.052178 0.090375 -0.060250
v 0.046156 0.093594 -0.060250
v 0.039935 0.096412 -0.060250
v 0.033544 0.098818 -0.060250
v 0.027009 0.100800 -0.060250
v 0.020359 0.102351 -0.060250
v 0.013621 0.103463 -0.060250
v 0.006825 0.104133 -0.060250
v 0.000000 0.104356 -0.060250
v -0.006825 0.104133 -0.060250
v -0.013621 0.103463 -0.060250
v -0.020359 0.102351 -0.060250
v -0.027009 0.100800 -0.060250
v -0.033544 0.098818 -0.060250
v -0.039935 0.096412 -0.060250
v -0.046156 0.093594 -0.060250
v -0.052178 0.090375 -0.060250
v -0.057977 0.086769 -0.060250
v -0.063528 0.082791 -0.060250
v -0.068807 0.078459 -0.060250
v -0.073791 0.073791 -0.060250
v -0.078459 0.068807 -0.060250
v -0.082791 0.063528 -0.060250
v -0.086769 0.057977 -0.060250
v -0.090375 0.052178 -0.060250
v -0.093594 0.046156 -0.060250
v -0.096412 0.039935 -0.060250
v -0.098818 0.033544 -0.060250
v -0.100800 0.027009 -0.060250
v -0.102351 0.020359 -0.060250
v -0.103463 0.013621 -0.060250
v -0.104133 0.006825 -0.060250
v -0.104356 0.000000 -0.060250
v -0.108073 -0.000000 -0.053296
v -0.107842 -0.007068 -0.053296
v -0.107149 -0.014106 -0.053296
v -0.105997 -0.021084 -0.053296
v -0.104391 -0.027971 -0.053296
v -0.102338 -0.034739 -0.053296
v -0.099847 -0.041358 -0.053296
v -0.096928 -0.047800 -0.053296
v -0.093594 -0.054037 -0.053296
v -0.089860 -0.060042 -0.053296
v -0.085740 -0.065791 -0.053296
v -0.081254 -0.071258 -0.053296
v -0.076419 -0.076419 -0.053296
v -0.071258 -0.081254 -0.053296
v -0.065791 -0.085740 -0.053296
v -0.060042 -0.089860 -0.053296
v -0.054037 -0.093594 -0.053296
v -0.047800 -0.096928 -0.053296
v -0.041358 -0.099847 -0.053296
v -0.034739 -0.102338 -0.053296
v -0.027971 -0.104391 -0.053296
v -0.021084 -0.105997 -0.053296
v -0.014106 -0.107149 -0.053296
v -0.007068 -0.107842 -0.053296
v 0.000000 -0.108073 -0.053296
v 0.007068 -0.107842 -0.053296
v 0.014106 -0.107149 -0.053296
v 0.021084 -0.105997 -0.053296
v 0.027971 -0.104391 -0.053296
v 0.034739 -0.102338 -0.053296
v 0.041358 -0.099847 -0.053296
v 0.047800 -0.096928 -0.053296
v 0.054037 -0.093594 -0.053296
v 0.060042 -0.089860 -0.053296
v 0.065791 -0.085740 -0.053296
v 0.071258 -0.081254 -0.053296
v 0.076419 -0.076419 -0.053296
v 0.081254 -0.071258 -0.053296
v 0.085740 -0.065791 -0.053296
v 0.089860 -0.060042 -0.053296
v 0.093594 -0.054037 -0.053296
v 0.096928 -0.047800 -0.053296
v 0.099847 -0.041358 -0.053296
v 0.102338 -0.034739 -0.053296
v 0.104391 -0.027971 -0.053296
v 0.105997 -0.021084 -0.053296
v 0.107149 -0.014106 -0.053296
v 0.107842 -0.007068 -0.053296
v 0.108073 0.000000 -0.053296
v 0.107842 0.007068 -0.053296
v 0.107149 0.014106 -0.053296
v 0.105997 0.021084 -0.053296
v 0.104391 0.027971 -0.053296
v 0.102338 0.034739 -0.053296
v 0.099847 0.041358 -0.053296
v 0.096928 0.047800 -0.053296
v 0.093594 0.054037 -0.053296
v 0.089860 0.060042 -0.053296
v 0.085740 0.065791 -0.053296
v 0.081254 0.071258 -0.053296
v 0.076419 0.076419 -0.053296
v 0.071258 0.081254 -0.053296
v 0.065791 0.085740 -0.053296
v 0.060042 0.089860 -0.053296
v 0.054037 0.093594 -0.053296
v 0.047800 0.096928 -0.053296
v 0.041358 0.099847 -0.053296
v 0.034739 0.102338 -0.053296
v 0.027971 0.104391 -0.053296
v 0.021084 0.105997 -0.053296
v 0.014106 0.107149 -0.053296
v 0.007068 0.107842 -0.053296
v 0.000000 0.108073 -0.053296
v -0.007068 0.107842 -0.053296
v -0.014106 0.107149 -0.053296
v -0.021084 0.105997 -0.053296
v -0.027971 0.104391 -0.053296
v -0.034739 0.102338 -0.053296
v -0.041358 0.099847 -0.053296
v -0.047800 0.096928 -0.053296
v -0.054037 0.093594 -0.053296
v -0.060042 0.089860 -0.053296
v -0.065791 0.085740 -0.053296
v -0.071258 0.081254 -0.053296
v -0.076419 0.076419 -0.053296
v -0.081254 0.071258 -0.053296
v -0.085740 0.065791 -0.053296
v -0.089860 0.060042 -0.053296
v -0.093594 0.054037 -0.053296
v -0.096928 0.047800 -0.053296
v -0.099847 0.041358 -0.053296
v -0.102338 0.034739 -0.053296
v -0.104391 0.027971 -0.053296
v -0.105997 0.021084 -0.053296
v -0.107149 0.014106 -0.053296
v -0.107842 0.007068 -0.053296
v -0.108073 0.000000 -0.053296
v -0.111327 -0.000000 -0.046113
v -0.111089 -0.007281 -0.046113
v -0.110375 -0.014531 -0.046113
v -0.109188 -0.021719 -0.046113
v -0.107534 -0.028814 -0.046113
v -0.105419 -0.035785 -0.046113
v -0.102853 -0.042603 -0.046113
v -0.099847 -0.049239 -0.046113
v -0.096412 -0.055664 -0.046113
v -0.092565 -0.061850 -0.046113
v -0.088322 -0.067772 -0.046113
v -0.083700 -0.073403 -0.046113
v -0.078720 -0.078720 -0.046113
v -0.073403 -0.083700 -0.046113
v -0.067772 -0.088322 -0.046113
v -0.061850 -0.092565 -0.046113
v -0.055664 -0.096412 -0.046113
v -0.049239 -0.099847 -0.046113
v -0.042603 -0.102853 -0.046113
v -0.035785 -0.105419 -0.046113
v -0.028814 -0.107534 -0.046113
v -0.021719 -0.109188 -0.046113
v -0.014531 -0.110375 -0.046113
v -0.007281 -0.111089 -0.046113
v 0.000000 -0.111327 -0.046113
v 0.007281 -0.111089 -0.046113
v 0.014531 -0.110375 -0.046113
v 0.021719 -0.109188 -0.046113
v 0.028814 -0.107534 -0.046113
v 0.035785 -0.105419 -0.046113
v 0.042603 -0.102853 -0.046113
v 0.049239 -0.099847 -0.046113
v 0.055664 -0.096412 -0.046113
v 0.061850 -0.092565 -0.046113
v 0.067772 -0.088322 -0.046113
v 0.073403 -0.083700 -0.046113
v 0.078720 -0.078720 -0.046113
v 0.083700 -0.073403 -0.046113
v 0.088322 -0.067772 -0.046113
v 0.092565 -0.061850 -0.046113
v 0.096412 -0.055664 -0.046113
v 0.099847 -0.049239 -0.046113
v 0.102853 -0.042603 -0.046113
v 0.105419 -0.035785 -0.046113
v 0.107534 -0.028814 -0.046113
v 0.109188 -0.021719 -0.046113
v 0.110375 -0.014531 -0.046113
v 0.111089 -0.007281 -0.046113
v 0.111327 0.000000 -0.046113
v 0.111089 0.007281 -0.046113
v 0.110375 0.014531 -0.046113
v 0.109188 0.021719 -0.046113
v 0.107534 0.028814 -0.046113
v 0.105419 0.035785 -0.046113
v 0.102853 0.042603 -0.046113
v 0.099847 0.049239 -0.046113
v 0.096412 0.055664 -0.046113
v 0.092565 0.061850 -0.046113
v 0.088322 0.067772 -0.046113
v 0.083700 0.073403 -0.046113
v 0.078720 0.078720 -0.046113
v 0.073403 0.083700 -0.046113
v 0.067772 0.088322 -0.046113
v 0.061850 0.092565 -0.046113
v 0.055664 0.096412 -0.046113
v 0.049239 0.099847 -0.046113
v 0.042603 0.102853 -0.046113
v 0.035785 0.105419 -0.046113
v 0.028814 0.107534 -0.046113
v 0.021719 0.109188 -0.046113
v 0.014531 0.110375 -0.046113
v 0.007281 0.111089 -0.046113
v 0.000000 0.111327 -0.046113
v -0.007281 0.111089 -0.046113
v -0.014531 0.110375 -0.046113
v -0.021719 0.109188 -0.046113
v -0.028814 0.107534 -0.046113
v -0.035785 0.105419 -0.046113
v -0.042603 0.102853 -0.046113
v -0.049239 0.099847 -0.046113
v -0.055664 0.096412 -0.046113
v -0.061850 0.092565 -0.046113
v -0.067772 0.088322 -0.046113
v -0.073403 0.083700 -0.046113
v -0.078720 0.078720 -0.046113
v -0.083700 0.073403 -0.046113
v -0.088322 0.067772 -0.046113
v -0.092565 0.061850 -0.046113
v -0.096412 0.055664 -0.046113
v -0.099847 0.049239 -0.046113
v -0.102853 0.042603 -0.046113
v -0.105419 0.035785 -0.046113
v -0.107534 0.028814 -0.046113
v -0.109188 0.021719 -0.046113
v -0.110375 0.014531 -0.046113
v -0.111089 0.007281 -0.046113
v -0.111327 0.000000 -0.046113
v -0.114105 -0.000000 -0.038733
v -0.113861 -0.007463 -0.038733
v -0.113129 -0.014894 -0.038733
v -0.111913 -0.022261 -0.038733
v -0.110217 -0.029533 -0.038733
v -0.108050 -0.036678 -0.038733
v -0.105419 -0.043666 -0.038733
v -0.102338 -0.050467 -0.038733
v -0.098818 -0.057053 -0.038733
v -0.094875 -0.063393 -0.038733
v -0.090526 -0.069463 -0.038733
v -0.085789 -0.075235 -0.038733
v -0.080684 -0.080684 -0.038733
v -0.075235 -0.085789 -0.038733
v -0.069463 -0.090526 -0.038733
v -0.063393 -0.094875 -0.038733
v -0.057053 -0.098818 -0.038733
v -0.050467 -0.102338 -0.038733
v -0.043666 -0.105419 -0.038733
v -0.036678 -0.108050 -0.038733
v -0.029533 -0.110217 -0.038733
v -0.022261 -0.111913 -0.038733
v -0.014894 -0.113129 -0.038733
v -0.007463 -0.113861 -0.038733
v 0.000000 -0.114105 -0.038733
v 0.007463 -0.113861 -0.038733
v 0.014894 -0.113129 -0.038733
v 0.022261 -0.111913 -0.038733
v 0.029533 -0.110217 -0.038733
v 0.036678 -0.108050 -0.038733
v 0.043666 -0.105419 -0.038733
v 0.050467 -0.102338 -0.038733
v 0.057053 -0.098818 -0.038733
v 0.063393 -0.094875 -0.038733
v 0.069463 -0.090526 -0.038733
v 0.075235 -0.085789 -0.038733
v 0.080684 -0.080684 -0.038733
v 0.085789 -0.075235 -0.038733
v 0.090526 -0.069463 -0.038733
v 0.094875 -0.063393 -0.038733
v 0.098818 -0.057053 -0.038733
v 0.102338 -0.050467 -0.038733
v 0.105419 -0.043666 -0.038733
v 0.108050 -0.036678 -0.038733
v 0.110217 -0.029533 -0.038733
v 0.111913 -0.022261 -0.038733
v 0.113129 -0.014894 -0.038733
v 0.113861 -0.007463 -0.038733
v 0.114105 0.000000 -0.038733
v 0.113861 0.007463 -0.038733
v 0.113129 0.014894 -0.038733
v 0.111913 0.022261 -0.038733
v 0.110217 0.029533 -0.038733
v 0.108050 0.036678 -0.038733
v 0.105419 0.043666 -0.038733
v 0.102338 0.050467 -0.038733
v 0.098818 0.057053 -0.038733
v 0.094875 0.063393 -0.038733
v 0.090526 0.069463 -0.038733
v 0.085789 0.075235 -0.038733
v 0.080684 0.080684 -0.038733
v 0.075235 0.085789 -0.038733
v 0.069463 0.090526 -0.038733
v 0.063393 0.094875 -0.038733
v 0.057053 0.098818 -0.038733
v 0.050467 0.102338 -0.038733
v 0.043666 0.105419 -0.038733
v 0.036678 0.108050 -0.038733
v 0.029533 0.110217 -0.038733
v 0.022261 0.111913 -0.038733
v 0.014894 0.113129 -0.038733
v 0.007463 0.113861 -0.038733
v 0.000000 0.114105 -0.038733
v -0.007463 0.113861 -0.038733
v -0.014894 0.113129 -0.038733
v -0.022261 0.111913 -0.038733
v -0.029533 0.110217 -0.038733
v -0.036678 0.108050 -0.038733
v -0.043666 0.105419 -0.038733
v -0.050467 0.102338 -0.038733
v -0.057053 0.098818 -0.038733
v -0.063393 0.094875 -0.038733
v -0.069463 0.090526 -0.038733
v -0.075235 0.085789 -0.038733
v -0.080684 0.080684 -0.038733
v -0.085789 0.075235 -0.038733
v -0.090526 0.069463 -0.038733
v -0.094875 0.063393 -0.038733
v -0.098818 0.057053 -0.038733
v -0.102338 0.050467 -0.038733
v -0.105419 0.043666 -0.038733
v -0.108050 0.036678 -0.038733
v -0.110217 0.029533 -0.038733
v -0.111913 0.022261 -0.038733
v -0.113129 0.014894 -0.038733
v -0.113861 0.007463 -0.038733
v -0.114105 0.000000 -0.038733
v -0.116394 -0.000000 -0.031188
v -0.116145 -0.007613 -0.031188
v -0.115398 -0.015192 -0.031188
v -0.114158 -0.022707 -0.031188
v -0.112428 -0.030125 -0.031188
v -0.110217 -0.037414 -0.031188
v -0.107534 -0.044542 -0.031188
v -0.104391 -0.051480 -0.031188
v -0.100800 -0.058197 -0.031188
v -0.096778 -0.064665 -0.031188
v -0.092342 -0.070856 -0.031188
v -0.087510 -0.076744 -0.031188
v -0.082303 -0.082303 -0.031188
v -0.076744 -0.087510 -0.031188
v -0.070856 -0.092342 -0.031188
v -0.064665 -0.096778 -0.031188
v -0.058197 -0.100800 -0.031188
v -0.051480 -0.104391 -0.031188
v -0.044542 -0.107534 -0.031188
v -0.037414 -0.110217 -0.031188
v -0.030125 -0.112428 -0.031188
v -0.022707 -0.114158 -0.031188
v -0.015192 -0.115398 -0.031188
v -0.007613 -0.116145 -0.031188
v 0.000000 -0.116394 -0.031188
v 0.007613 -0.116145 -0.031188
v 0.015192 -0.115398 -0.031188
v 0.022707 -0.114158 -0.031188
v 0.030125 -0.112428 -0.031188
v 0.037414 -0.110217 -0.031188
v 0.044542 -0.107534 -0.031188
v 0.051480 -0.104391 -0.031188
v 0.058197 -0.100800 -0.031188
v 0.064665 -0.096778 -0.031188
v 0.070856 -0.092342 -0.031188
v 0.076744 -0.087510 -0.031188
v 0.082303 -0.082303 -0.031188
v 0.087510 -0.076744 -0.031188
v 0.092342 -0.070856 -0.031188
v 0.096778 -0.064665 -0.031188
v 0.100800 -0.058197 -0.031188
v 0.104391 -0.051480 -0.031188
v 0.107534 -0.044542 -0.031188
v 0.110217 -0.037414 -0.031188
v 0.112428 -0.030125 -0.031188
v 0.114158 -0.022707 -0.031188
v 0.115398 -0.015192 -0.031188
v 0.116145 -0.007613 -0.031188
v 0.116394 0.000000 -0.031188
v 0.116145 0.007613 -0.031188
v 0.115398 0.015192 -0.031188
v 0.114158 0.022707 -0.031188
v 0.112428 0.030125 -0.031188
v 0.110217 0.037414 -0.031188
v 0.107534 0.044542 -0.031188
v 0.104391 0.051480 -0.031188
v 0.100800 0.058197 -0.031188
v 0.096778 0.064665 -0.031188
v 0.092342 0.070856 -0.031188
v 0.087510 0.076744 -0.031188
v 0.082303 0.082303 -0.031188
v 0.076744 0.087510 -0.031188
v 0.070856 0.092342 -0.031188
v 0.064665 0.096778 -0.031188
v 0.058197 0.100800 -0.031188
v 0.051480 0.104391 -0.031188
v 0.044542 0.107534 -0.031188
v 0.037414 0.110217 -0.031188
v 0.030125 0.112428 -0.031188
v 0.022707 0.114158 -0.031188
v 0.015192 0.115398 -0.031188
v 0.007613 0.116145 -0.031188
v 0.000000 0.116394 -0.031188
v -0.007613 0.116145 -0.031188
v -0.015192 0.115398 -0.031188
v -0.022707 0.114158 -0.031188
v -0.030125 0.112428 -0.031188
v -0.037414 0.110217 -0.031188
v -0.044542 0.107534 -0.031188
v -0.051480 0.104391 -0.031188
v -0.058197 0.100800 -0.031188
v -0.064665 0.096778 -0.031188
v -0.070856 0.092342 -0.031188
v -0.076744 0.087510 -0.031188
v -0.082303 0.082303 -0.031188
v -0.087510 0.076744 -0.031188
v -0.092342 0.070856 -0.031188
v -0.096778 0.064665 -0.031188
v -0.100800 0.058197 -0.031188
v -0.104391 0.051480 -0.031188
v -0.107534 0.044542 -0.031188
v -0.110217 0.037414 -0.031188
v -0.112428 0.030125 -0.031188
v -0.114158 0.022707 -0.031188
v -0.115398 0.015192 -0.031188
v -0.116145 0.007613 -0.031188
v -0.116394 0.000000 -0.031188
v -0.118185 -0.000000 -0.023508
v -0.117932 -0.007730 -0.023508
v -0.117174 -0.015426 -0.023508
v -0.115914 -0.023057 -0.023508
v -0.114158 -0.030588 -0.023508
v -0.111913 -0.037989 -0.023508
v -0.109188 -0.045227 -0.023508
v -0.105997 -0.052272 -0.023508
v -0.102351 -0.059092 -0.023508
v -0.098267 -0.065660 -0.023508
v -0.093762 -0.071946 -0.023508
v -0.088856 -0.077925 -0.023508
v -0.083569 -0.083569 -0.023508
v -0.077925 -0.088856 -0.023508
v -0.071946 -0.093762 -0.023508
v -0.065660 -0.098267 -0.023508
v -0.059092 -0.102351 -0.023508
v -0.052272 -0.105997 -0.023508
v -0.045227 -0.109188 -0.023508
v -0.037989 -0.111913 -0.023508
v -0.030588 -0.114158 -0.023508
v -0.023057 -0.115914 -0.023508
v -0.015426 -0.117174 -0.023508
v -0.007730 -0.117932 -0.023508
v 0.000000 -0.118185 -0.023508
v 0.007730 -0.117932 -0.023508
v 0.015426 -0.117174 -0.023508
v 0.023057 -0.115914 -0.023508
v 0.030588 -0.114158 -0.023508
v 0.037989 -0.111913 -0.023508
v 0.045227 -0.109188 -0.023508
v 0.052272 -0.105997 -0.023508
v 0.059092 -0.102351 -0.023508
v 0.065660 -0.098267 -0.023508
v 0.071946 -0.093762 -0.023508
v 0.077925 -0.088856 -0.023508
v 0.083569 -0.083569 -0.023508
v 0.088856 -0.077925 -0.023508
v 0.093762 -0.071946 -0.023508
v 0.098267 -0.065660 -0.023508
v 0.102351 -0.059092 -0.023508
v 0.105997 -0.052272 -0.023508
v 0.109188 -0.045227 -0.023508
v 0.111913 -0.037989 -0.023508
v 0.114158 -0.030588 -0.023508
v 0.115914 -0.023057 -0.023508
v 0.117174 -0.015426 -0.023508
v 0.117932 -0.007730 -0.023508
v 0.118185 0.000000 -0.023508
v 0.117932 0.007730 -0.023508
v 0.117174 0.015426 -0.023508
v 0.115914 0.023057 -0.023508
v 0.114158 0.030588 -0.023508
v 0.111913 0.037989 -0.023508
v 0.109188 0.045227 -0.023508
v 0.105997 0.052272 -0.023508
v 0.102351 0.059092 -0.023508
v 0.098267 0.065660 -0.023508
v 0.093762 0.071946 -0.023508
v 0.088856 0.077925 -0.023508
v 0.083569 0.083569 -0.023508
v 0.077925 0.088856 -0.023508
v 0.071946 0.093762 -0.023508
v 0.065660 0.098267 -0.023508
v 0.059092 0.102351 -0.023508
v 0.052272 0.105997 -0.023508
v 0.045227 0.109188 -0.023508
v 0.037989 0.111913 -0.023508
v 0.030588 0.114158 -0.023508
v 0.023057 0.115914 -0.023508
v 0.015426 0.117174 -0.023508
v 0.007730 0.117932 -0.023508
v 0.000000 0.118185 -0.023508
v -0.007730 0.117932 -0.023508
v -0.015426 0.117174 -0.023508
v -0.023057 0.115914 -0.023508
v -0.030588 0.114158 -0.023508
v -0.037989 0.111913 -0.023508
v -0.045227 0.109188 -0.023508
v -0.052272 0.105997 -0.023508
v -0.059092 0.102351 -0.023508
v -0.065660 0.098267 -0.023508
v -0.071946 0.093762 -0.023508
v -0.077925 0.088856 -0.023508
v -0.083569 0.083569 -0.023508
v -0.088856 0.077925 -0.023508
v -0.093762 0.071946 -0.023508
v -0.098267 0.065660 -0.023508
v -0.102351 0.059092 -0.023508
v -0.105997 0.052272 -0.023508
v -0.109188 0.045227 -0.023508
v -0.111913 0.037989 -0.023508
v -0.114158 0.030588 -0.023508
v -0.115914 0.023057 -0.023508
v -0.117174 0.015426 -0.023508
v -0.117932 0.007730 -0.023508
v -0.118185 0.000000 -0.023508
v -0.119469 -0.000000 -0.015728
v -0.119213 -0.007814 -0.015728
v -0.118447 -0.015594 -0.015728
v -0.117174 -0.023307 -0.015728
v -0.115398 -0.030921 -0.015728
v -0.113129 -0.038402 -0.015728
v -0.110375 -0.045719 -0.015728
v -0.107149 -0.052840 -0.015728
v -0.103463 -0.059735 -0.015728
v -0.099335 -0.066373 -0.015728
v -0.094781 -0.072728 -0.015728
v -0.089822 -0.078771 -0.015728
v -0.084477 -0.084477 -0.015728
v -0.078771 -0.089822 -0.015728
v -0.072728 -0.094781 -0.015728
v -0.066373 -0.099335 -0.015728
v -0.059735 -0.103463 -0.015728
v -0.052840 -0.107149 -0.015728
v -0.045719 -0.110375 -0.015728
v -0.038402 -0.113129 -0.015728
v -0.030921 -0.115398 -0.015728
v -0.023307 -0.117174 -0.015728
v -0.015594 -0.118447 -0.015728
v -0.007814 -0.119213 -0.015728
v 0.000000 -0.119469 -0.015728
v 0.007814 -0.119213 -0.015728
v 0.015594 -0.118447 -0.015728
v 0.023307 -0.117174 -0.015728
v 0.030921 -0.115398 -0.015728
v 0.038402 -0.113129 -0.015728
v 0.045719 -0.110375 -0.015728
v 0.052840 -0.107149 -0.015728
v 0.059735 -0.103463 -0.015728
v 0.066373 -0.099335 -0.015728
v 0.072728 -0.094781 -0.015728
v 0.078771 -0.089822 -0.015728
v 0.084477 -0.084477 -0.015728
v 0.089822 -0.078771 -0.015728
v 0.094781 -0.072728 -0.015728
v 0.099335 -0.066373 -0.015728
v 0.103463 -0.059735 -0.015728
v 0.107149 -0.052840 -0.015728
v 0.110375 -0.045719 -0.015728
v 0.113129 -0.038402 -0.015728
v 0.115398 -0.030921 -0.015728
v 0.117174 -0.023307 -0.015728
v 0.118447 -0.015594 -0.015728
v 0.119213 -0.007814 -0.015728
v 0.119469 0.000000 -0.015728
v 0.119213 0.007814 -0.015728
v 0.118447 0.015594 -0.015728
v 0.117174 0.023307 -0.015728
v 0.115398 0.030921 -0.015728
v 0.113129 0.038402 -0.015728
v 0.110375 0.045719 -0.015728
v 0.107149 0.052840 -0.015728
v 0.103463 0.059735 -0.015728
v 0.099335 0.066373 -0.015728
v 0.094781 0.072728 -0.015728
v 0.089822 0.078771 -0.015728
v 0.084477 0.084477 -0.015728
v 0.078771 0.089822 -0.015728
v 0.072728 0.094781 -0.015728
v 0.066373 0.099335 -0.015728
v 0.059735 0.103463 -0.015728
v 0.052840 0.107149 -0.015728
v 0.045719 0.110375 -0.015728
v 0.038402 0.113129 -0.015728
v 0.030921 0.115398 -0.015728
v 0.023307 0.117174 -0.015728
v 0.015594 0.118447 -0.015728
v 0.007814 0.119213 -0.015728
v 0.000000 0.119469 -0.015728
v -0.007814 0.119213 -0.015728
v -0.015594 0.118447 -0.015728
v -0.023307 0.117174 -0.015728
v -0.030921 0.115398 -0.015728
v -0.038402 0.113129 -0.015728
v -0.045719 0.110375 -0.015728
v -0.052840 0.107149 -0.015728
v -0.059735 0.103463 -0.015728
v -0.066373 0.099335 -0.015728
v -0.072728 0.094781 -0.015728
v -0.078771 0.089822 -0.015728
v -0.084477 0.084477 -0.015728
v -0.089822 0.078771 -0.015728
v -0.094781 0.072728 -0.015728
v -0.099335 0.066373 -0.015728
v -0.103463 0.059735 -0.015728
v -0.107149 0.052840 -0.015728
v -0.110375 0.045719 -0.015728
v -0.113129 0.038402 -0.015728
v -0.115398 0.030921 -0.015728
v -0.117174 0.023307 -0.015728
v -0.118447 0.015594 -0.015728
v -0.119213 0.007814 -0.015728
v -0.119469 0.000000 -0.015728
v -0.120242 -0.000000 -0.007881
v -0.119985 -0.007864 -0.007881
v -0.119213 -0.015695 -0.007881
v -0.117932 -0.023458 -0.007881
v -0.116145 -0.031121 -0.007881
v -0.113861 -0.038651 -0.007881
v -0.111089 -0.046015 -0.007881
v -0.107842 -0.053182 -0.007881
v -0.104133 -0.060121 -0.007881
v -0.099978 -0.066803 -0.007881
v -0.095394 -0.073199 -0.007881
v -0.090403 -0.079281 -0.007881
v -0.085024 -0.085024 -0.007881
v -0.079281 -0.090403 -0.007881
v -0.073199 -0.095394 -0.007881
v -0.066803 -0.099978 -0.007881
v -0.060121 -0.104133 -0.007881
v -0.053182 -0.107842 -0.007881
v -0.046015 -0.111089 -0.007881
v -0.038651 -0.113861 -0.007881
v -0.031121 -0.116145 -0.007881
v -0.023458 -0.117932 -0.007881
v -0.015695 -0.119213 -0.007881
v -0.007864 -0.119985 -0.007881
v 0.000000 -0.120242 -0.007881
v 0.007864 -0.119985 -0.007881
v 0.015695 -0.119213 -0.007881
v 0.023458 -0.117932 -0.007881
v 0.031121 -0.116145 -0.007881
v 0.038651 -0.113861 -0.007881
v 0.046015 -0.111089 -0.007881
v 0.053182 -0.107842 -0.007881
v 0.060121 -0.104133 -0.007881
v 0.066803 -0.099978 -0.007881
v 0.073199 -0.095394 -0.007881
v 0.079281 -0.090403 -0.007881
v 0.085024 -0.085024 -0.007881
v 0.090403 -0.079281 -0.007881
v 0.095394 -0.073199 -0.007881
v 0.099978 -0.066803 -0.007881
v 0.104133 -0.060121 -0.007881
v 0.107842 -0.053182 -0.007881
v 0.111089 -0.046015 -0.007881
v 0.113861 -0.038651 -0.007881
v 0.116145 -0.031121 -0.007881
v 0.117932 -0.023458 -0.007881
v 0.119213 -0.015695 -0.007881
v 0.119985 -0.007864 -0.007881
v 0.120242 0.000000 -0.007881
v 0.119985 0.007864 -0.007881
v 0.119213 0.015695 -0.007881
v 0.117932 0.023458 -0.007881
v 0.116145 0.031121 -0.007881
v 0.113861 0.038651 -0.007881
v 0.111089 0.046015 -0.007881
v 0.107842 0.053182 -0.007881
v 0.104133 0.060121 -0.007881
v 0.099978 0.066803 -0.007881
v 0.095394 0.073199 -0.007881
v 0.090403 0.079281 -0.007881
v 0.085024 0.085024 -0.007881
v 0.079281 0.090403 -0.007881
v 0.073199 0.095394 -0.007881
v 0.066803 0.099978 -0.007881
v 0.060121 0.104133 -0.007881
v 0.053182 0.107842 -0.007881
v 0.046015 0.111089 -0.007881
v 0.038651 0.113861 -0.007881
v 0.031121 0.116145 -0.007881
v 0.023458 0.117932 -0.007881
v 0.015695 0.119213 -0.007881
v 0.007864 0.119985 -0.007881
v 0.000000 0.120242 -0.007881
v -0.007864 0.119985 -0.007881
v -0.015695 0.119213 -0.007881
v -0.023458 0.117932 -0.007881
v -0.031121 0.116145 -0.007881
v -0.038651 0.113861 -0.007881
v -0.046015 0.111089 -0.007881
v -0.053182 0.107842 -0.007881
v -0.060121 0.104133 -0.007881
v -0.066803 0.099978 -0.007881
v -0.073199 0.095394 -0.007881
v -0.079281 0.090403 -0.007881
v -0.085024 0.085024 -0.007881
v -0.090403 0.079281 -0.007881
v -0.095394 0.073199 -0.007881
v -0.099978 0.066803 -0.007881
v -0.104133 0.060121 -0.007881
v -0.107842 0.053182 -0.007881
v -0.111089 0.046015 -0.007881
v -0.113861 0.038651 -0.007881
v -0.116145 0.031121 -0.007881
v -0.117932 0.023458 -0.007881
v -0.119213 0.015695 -0.007881
v -0.119985 0.007864 -0.007881
v -0.120242 0.000000 -0.007881
v -0.120500 -0.000000 0.000000
v -0.120242 -0.007881 0.000000
v -0.119469 -0.015728 0.000000
v -0.118185 -0.023508 0.000000
v -0.116394 -0.031188 0.000000
v -0.114105 -0.038733 0.000000
v -0.111327 -0.046113 0.000000
v -0.108073 -0.053296 0.000000
v -0.104356 -0.060250 0.000000
v -0.100192 -0.066946 0.000000
v -0.095599 -0.073356 0.000000
v -0.090597 -0.079451 0.000000
v -0.085206 -0.085206 0.000000
v -0.079451 -0.090597 0.000000
v -0.073356 -0.095599 0.000000
v -0.066946 -0.100192 0.000000
v -0.060250 -0.104356 0.000000
v -0.053296 -0.108073 0.000000
v -0.046113 -0.111327 0.000000
v -0.038733 -0.114105 0.000000
v -0.031188 -0.116394 0.000000
v -0.023508 -0.118185 0.000000
v -0.015728 -0.119469 0.000000
v -0.007881 -0.120242 0.000000
v 0.000000 -0.120500 0.000000
v 0.007881 -0.120242 0.000000
v 0.015728 -0.119469 0.000000
v 0.023508 -0.118185 0.000000
v 0.031188 -0.116394 0.000000
v 0.038733 -0.114105 0.000000
v 0.046113 -0.111327 0.000000
v 0.053296 -0.108073 0.000000
v 0.060250 -0.104356 0.000000
v 0.066946 -0.100192 0.000000
v 0.073356 -0.095599 0.000000
v 0.079451 -0.090597 0.000000
v 0.085206 -0.085206 0.000000
v 0.090597 -0.079451 0.000000
v 0.095599 -0.073356 0.000000
v 0.100192 -0.066946 0.000000
v 0.104356 -0.060250 0.000000
v 0.108073 -0.053296 0.000000
v 0.111327 -0.046113 0.000000
v 0.114105 -0.038733 0.000000
v 0.116394 -0.031188 0.000000
v 0.118185 -0.023508 0.000000
v 0.119469 -0.015728 0.000000
v 0.120242 -0.007881 0.000000
v 0.120500 0.000000 0.000000
v 0.120242 0.007881 0.000000
v 0.119469 0.015728 0.000000
v 0.118185 0.023508 0.000000
v 0.116394 0.031188 0.000000
v 0.114105 0.038733 0.000000
v 0.111327 0.046113 0.000000
v 0.108073 0.053296 0.000000
v 0.104356 0.060250 0.000000
v 0.100192 0.066946 0.000000
v 0.095599 0.073356 0.000000
v 0.090597 0.079451 0.000000
v 0.085206 0.085206 0.000000
v 0.079451 0.090597 0.000000
v 0.073356 0.095599 0.000000
v 0.066946 0.100192 0.000000
v 0.060250 0.104356 0.000000
v 0.053296 0.108073 0.000000
v 0.046113 0.111327 0.000000
v 0.038733 0.114105 0.000000
v 0.031188 0.116394 0.000000
v 0.023508 0.118185 0.000000
v 0.015728 0.119469 0.000000
v 0.007881 0.120242 0.000000
v 0.000000 0.120500 0.000000
v -0.007881 0.120242 0.000000
v -0.015728 0.119469 0.000000
v -0.023508 0.118185 0.000000
v -0.031188 0.116394 0.000000
v -0.038733 0.114105 0.000000
v -0.046113 0.111327 0.000000
v -0.053296 0.108073 0.000000
v -0.060250 0.104356 0.000000
v -0.066946 0.100192 0.000000
v -0.073356 0.095599 0.000000
v -0.079451 0.090597 0.000000
v -0.085206 0.085206 0.000000
v -0.090597 0.079451 0.000000
v -0.095599 0.073356 0.000000
v -0.100192 0.066946 0.000000
v -0.104356 0.060250 0.000000
v -0.108073 0.053296 0.000000
v -0.111327 0.046113 0.000000
v -0.114105 0.038733 0.000000
v -0.116394 0.031188 0.000000
v -0.118185 0.023508 0.000000
v -0.119469 0.015728 0.000000
v -0.120242 0.007881 0.000000
v -0.120500 0.000000 0.000000
v -0.120242 -0.000000 0.007881
v -0.119985 -0.007864 0.007881
v -0.119213 -0.015695 0.007881
v -0.117932 -0.023458 0.007881
v -0.116145 -0.031121 0.007881
v -0.113861 -0.038651 0.007881
v -0.111089 -0.046015 0.007881
v -0.107842 -0.053182 0.007881
v -0.104133 -0.060121 0.007881
v -0.099978 -0.066803 0.007881
v -0.095394 -0.073199 0.007881
v -0.090403 -0.079281 0.007881
v -0.085024 -0.085024 0.007881
v -0.079281 -0.090403 0.007881
v -0.073199 -0.095394 0.007881
v -0.066803 -0.099978 0.007881
v -0.060121 -0.104133 0.007881
v -0.053182 -0.107842 0.007881
v -0.046015 -0.111089 0.007881
v -0.038651 -0.113861 0.007881
v -0.031121 -0.116145 0.007881
v -0.023458 -0.117932 0.007881
v -0.015695 -0.119213 0.007881
v -0.007864 -0.119985 0.007881
v 0.000000 -0.120242 0.007881
v 0.007864 -0.119985 0.007881
v 0.015695 -0.119213 0.007881
v 0.023458 -0.117932 0.007881
v 0.031121 -0.116145 0.007881
v 0.038651 -0.113861 0.007881
v 0.046015 -0.111089 0.007881
v 0.053182 -0.107842 0.007881
v 0.060121 -0.104133 0.007881
v 0.066803 -0.099978 0.007881
v 0.073199 -0.095394 0.007881
v 0.079281 -0.090403 0.007881
v 0.085024 -0.085024 0.007881
v 0.090403 -0.079281 0.007881
v 0.095394 -0.073199 0.007881
v 0.099978 -0.066803 0.007881
v 0.104133 -0.060121 0.007881
v 0.107842 -0.053182 0.007881
v 0.111089 -0.046015 0.007881
v 0.113861 -0.038651 0.007881
v 0.116145 -0.031121 0.007881
v 0.117932 -0.023458 0.007881
v 0.119213 -0.015695 0.007881
v 0.119985 -0.007864 0.007881
v 0.120242 0.000000 0.007881
v 0.119985 0.007864 0.007881
v 0.119213 0.015695 0.007881
v 0.117932 0.023458 0.007881
v 0.116145 0.031121 0.007881
v 0.113861 0.038651 0.007881
v 0.111089 0.046015 0.007881
v 0.107842 0.053182 0.007881
v 0.104133 0.060121 0.007881
v 0.099978 0.066803 0.007881
v 0.095394 0.073199 0.007881
v 0.090403 0.079281 0.007881
v 0.085024 0.085024 0.007881
v 0.079281 0.090403 0.007881
v 0.073199 0.095394 0.007881
v 0.066803 0.099978 0.007881
v 0.060121 0.104133 0.007881
v 0.053182 0.107842 0.007881
v 0.046015 0.111089 0.007881
v 0.038651 0.113861 0.007881
v 0.031121 0.116145 0.007881
v 0.023458 0.117932 0.007881
v 0.015695 0.119213 0.007881
v 0.007864 0.119985 0.007881
v 0.000000 0.120242 0.007881
v -0.007864 0.119985 0.007881
v -0.015695 0.119213 0.007881
v -0.023458 0.117932 0.007881
v -0.031121 0.116145 0.007881
v -0.038651 0.113861 0.007881
v -0.046015 0.111089 0.007881
v -0.053182 0.107842 0.007881
v -0.060121 0.104133 0.007881
v -0.066803 0.099978 0.007881
v -0.073199 0.095394 0.007881
v -0.079281 0.090403 0.007881
v -0.085024 0.085024 0.007881
v -0.090403 0.079281 0.007881
v -0.095394 0.073199 0.007881
v -0.099978 0.066803 0.007881
v -0.104133 0.060121 0.007881
v -0.107842 0.053182 0.007881
v -0.111089 0.046015 0.007881
v -0.113861 0.038651 0.007881
v -0.116145 0.031121 0.007881
v -0.117932 0.023458 0.007881
v -0.119213 0.015695 0.007881
v -0.119985 0.007864 0.007881
v -0.120242 0.000000 0.007881
v -0.119469 -0.000000 0.015728
v -0.119213 -0.007814 0.015728
v -0.118447 -0.015594 0.015728
v -0.117174 -0.023307 0.015728
v -0.115398 -0.030921 0.015728
v -0.113129 -0.038402 0.015728
v -0.110375 -0.045719 0.015728
v -0.107149 -0.052840 0.015728
v -0.103463 -0.059735 0.015728
v -0.099335 -0.066373 0.015728
v -0.094781 -0.072728 0.015728
v -0.089822 -0.078771 0.015728
v -0.084477 -0.084477 0.015728
v -0.078771 -0.089822 0.015728
v -0.072728 -0.094781 0.015728
v -0.066373 -0.099335 0.015728
v -0.059735 -0.103463 0.015728
v -0.052840 -0.107149 0.015728
v -0.045719 -0.110375 0.015728
v -0.038402 -0.113129 0.015728
v -0.030921 -0.115398 0.015728
v -0.023307 -0.117174 0.015728
v -0.015594 -0.118447 0.015728
v -0.007814 -0.119213 0.015728
v 0.000000 -0.119469 0.015728
v 0.007814 -0.119213 0.015728
v 0.015594 -0.118447 0.015728
v 0.023307 -0.117174 0.015728
v 0.030921 -0.115398 0.015728
v 0.038402 -0.113129 0.015728
v 0.045719 -0.110375 0.015728
v 0.052840 -0.107149 0.015728
v 0.059735 -0.103463 0.015728
v 0.066373 -0.099335 0.015728
v 0.072728 -0.094781 0.015728
v 0.078771 -0.089822 0.015728
v 0.084477 -0.084477 0.015728
v 0.089822 -0.078771 0.015728
v 0.094781 -0.072728 0.015728
v 0.099335 -0.066373 0.015728
v 0.103463 -0.059735 0.015728
v 0.107149 -0.052840 0.015728
v 0.110375 -0.045719 0.015728
v 0.113129 -0.038402 0.015728
v 0.115398 -0.030921 0.015728
v 0.117174 -0.023307 0.015728
v 0.118447 -0.015594 0.015728
v 0.119213 -0.007814 0.015728
v 0.119469 0.000000 0.015728
v 0.119213 0.007814 0.015728
v 0.118447 0.015594 0.015728
v 0.117174 0.023307 0.015728
v 0.115398 0.030921 0.015728
v 0.113129 0.038402 0.015728
v 0.110375 0.045719 0.015728
v 0.107149 0.052840 0.015728
v 0.103463 0.059735 0.015728
v 0.099335 0.066373 0.015728
v 0.094781 0.072728 0.015728
v 0.089822 0.078771 0.015728
v 0.084477 0.084477 0.015728
v 0.078771 0.089822 0.015728
v 0.072728 0.094781 0.015728
v 0.066373 0.099335 0.015728
v 0.059735 0.103463 0.015728
v 0.052840 0.107149 0.015728
v 0.045719 0.110375 0.015728
v 0.038402 0.113129 0.015728
v 0.030921 0.115398 0.015728
v 0.023307 0.117174 0.015728
v 0.015594 0.118447 0.015728
v 0.007814 0.119213 0.015728
v 0.000000 0.119469 0.015728
v -0.007814 0.119213 0.015728
v -0.015594 0.118447 0.015728
v -0.023307 0.117174 0.015728
v -0.030921 0.115398 0.015728
v -0.038402 0.113129 0.015728
v -0.045719 0.110375 0.015728
v -0.052840 0.107149 0.015728
v -0.059735 0.103463 0.015728
v -0.066373 0.099335 0.015728
v -0.072728 0.094781 0.015728
v -0.078771 0.089822 0.015728
v -0.084477 0.084477 0.015728
v -0.089822 0.078771 0.015728
v -0.094781 0.072728 0.015728
v -0.099335 0.066373 0.015728
v -0.103463 0.059735 0.015728
v -0.107149 0.052840 0.015728
v -0.110375 0.045719 0.015728
v -0.113129 0.038402 0.015728
v -0.115398 0.030921 0.015728
v -0.117174 0.023307 0.015728
v -0.118447 0.015594 0.015728
v -0.119213 0.007814 0.015728
v -0.119469 0.000000 0.015728
v -0.118185 -0.000000 0.023508
v -0.117932 -0.007730 0.023508
v -0.117174 -0.015426 0.023508
v -0.115914 -0.023057 0.023508
v -0.114158 -0.030588 0.023508
v -0.111913 -0.037989 0.023508
v -0.109188 -0.045227 0.023508
v -0.105997 -0.052272 0.023508
v -0.102351 -0.059092 0.023508
v -0.098267 -0.065660 0.023508
v -0.093762 -0.071946 0.023508
v -0.088856 -0.077925 0.023508
v -0.083569 -0.083569 0.023508
v -0.077925 -0.088856 0.023508
v -0.071946 -0.093762 0.023508
v -0.065660 -0.098267 0.023508
v -0.059092 -0.102351 0.023508
v -0.052272 -0.105997 0.023508
v -0.045227 -0.109188 0.023508
v -0.037989 -0.111913 0.023508
v -0.030588 -0.114158 0.023508
v -0.023057 -0.115914 0.023508
v -0.015426 -0.117174 0.023508
v -0.007730 -0.117932 0.023508
v 0.000000 -0.118185 0.023508
v 0.007730 -0.117932 0.023508
v 0.015426 -0.117174 0.023508
v 0.023057 -0.115914 0.023508
v 0.030588 -0.114158 0.023508
v 0.037989 -0.111913 0.023508
v 0.045227 -0.109188 0.023508
v 0.052272 -0.105997 0.023508
v 0.059092 -0.102351 0.023508
v 0.065660 -0.098267 0.023508
v 0.071946 -0.093762 0.023508
v 0.077925 -0.088856 0.023508
v 0.083569 -0.083569 0.023508
v 0.088856 -0.077925 0.023508
v 0.093762 -0.071946 0.023508
v 0.098267 -0.065660 0.023508
v 0.102351 -0.059092 0.023508
v 0.105997 -0.052272 0.023508
v 0.109188 -0.045227 0.023508
v 0.111913 -0.037989 0.023508
v 0.114158 -0.030588 0.023508
v 0.115914 -0.023057 0.023508
v 0.117174 -0.015426 0.023508
v 0.117932 -0.007730 0.023508
v 0.118185 0.000000 0.023508
v 0.117932 0.007730 0.023508
v 0.117174 0.015426 0.023508
v 0.115914 0.023057 0.023508
v 0.114158 0.030588 0.023508
v 0.111913 0.037989 0.023508
v 0.109188 0.045227 0.023508
v 0.105997 0.052272 0.023508
v 0.102351 0.059092 0.023508
v 0.098267 0.065660 0.023508
v 0.093762 0.071946 0.023508
v 0.088856 0.077925 0.023508
v 0.083569 0.083569 0.023508
v 0.077925 0.088856 0.023508
v 0.071946 0.093762 0.023508
v 0.065660 0.098267 0.023508
v 0.059092 0.102351 0.023508
v 0.052272 0.105997 0.023508
v 0.045227 0.109188 0.023508
v 0.037989 0.111913 0.023508
v 0.030588 0.114158 0.023508
v 0.023057 0.115914 0.023508
v 0.015426 0.117174 0.023508
v 0.007730 0.117932 0.023508
v 0.000000 0.118185 0.023508
v -0.007730 0.117932 0.023508
v -0.015426 0.117174 0.023508
v -0.023057 0.115914 0.023508
v -0.030588 0.114158 0.023508
v -0.037989 0.111913 0.023508
v -0.045227 0.109188 0.023508
v -0.052272 0.105997 0.023508
v -0.059092 0.102351 0.023508
v -0.065660 0.098267 0.023508
v -0.071946 0.093762 0.023508
v -0.077925 0.088856 0.023508
v -0.083569 0.083569 0.023508
v -0.088856 0.077925 0.023508
v -0.093762 0.071946 0.023508
v -0.098267 0.065660 0.023508
v -0.102351 0.059092 0.023508
v -0.105997 0.052272 0.023508
v -0.109188 0.045227 0.023508
v -0.111913 0.037989 0.023508
v -0.114158 0.030588 0.023508
v -0.115914 0.023057 0.023508
v -0.117174 0.015426 0.023508
v -0.117932 0.007730 0.023508
v -0.118185 0.000000 0.023508
v -0.116394 -0.000000 0.031188
v -0.116145 -0.007613 0.031188
v -0.115398 -0.015192 0.031188
v -0.114158 -0.022707 0.031188
v -0.112428 -0.030125 0.031188
v -0.110217 -0.037414 0.031188
v -0.107534 -0.044542 0.031188
v -0.104391 -0.051480 0.031188
v -0.100800 -0.058197 0.031188
v -0.096778 -0.064665 0.031188
v -0.092342 -0.070856 0.031188
v -0.087510 -0.076744 0.031188
v -0.082303 -0.082303 0.031188
v -0.076744 -0.087510 0.031188
v -0.070856 -0.092342 0.031188
v -0.064665 -0.096778 0.031188
v -0.058197 -0.100800 0.031188
v -0.051480 -0.104391 0.031188
v -0.044542 -0.107534 0.031188
v -0.037414 -0.110217 0.031188
v -0.030125 -0.112428 0.031188
v -0.022707 -0.114158 0.031188
v -0.015192 -0.115398 0.031188
v -0.007613 -0.116145 0.031188
v 0.000000 -0.116394 0.031188
v 0.007613 -0.116145 0.031188
v 0.015192 -0.115398 0.031188
v 0.022707 -0.114158 0.031188
v 0.030125 -0.112428 0.031188
v 0.037414 -0.110217 0.031188
v 0.044542 -0.107534 0.031188
v 0.051480 -0.104391 0.031188
v 0.058197 -0.100800 0.031188
v 0.064665 -0.096778 0.031188
v 0.070856 -0.092342 0.031188
v 0.076744 -0.087510 0.031188
v 0.082303 -0.082303 0.031188
v 0.087510 -0.076744 0.031188
v 0.092342 -0.070856 0.031188
v 0.096778 -0.064665 0.031188
v 0.100800 -0.058197 0.031188
v 0.104391 -0.051480 0.031188
v 0.107534 -0.044542 0.031188
v 0.110217 -0.037414 0.031188
v 0.112428 -0.030125 0.031188
v 0.114158 -0.022707 0.031188
v 0.115398 -0.015192 0.031188
v 0.116145 -0.007613 0.031188
v 0.116394 0.000000 0.031188
v 0.116145 0.007613 0.031188
v 0.115398 0.015192 0.031188
v 0.114158 0.022707 0.031188
v 0.112428 0.030125 0.031188
v 0.110217 0.037414 0.031188
v 0.107534 0.044542 0.031188
v 0.104391 0.051480 0.031188
v 0.100800 0.058197 0.031188
v 0.096778 0.064665 0.031188
v 0.092342 0.070856 0.031188
v 0.087510 0.076744 0.031188
v 0.082303 0.082303 0.031188
v 0.076744 0.087510 0.031188
v 0.070856 0.092342 0.031188
v 0.064665 0.096778 0.031188
v 0.058197 0.100800 0.031188
v 0.051480 0.104391 0.031188
v 0.044542 0.107534 0.031188
v 0.037414 0.110217 0.031188
v 0.030125 0.112428 0.031188
v 0.022707 0.114158 0.031188
v 0.015192 0.115398 0.031188
v 0.007613 0.116145 0.031188
v 0.000000 0.116394 0.031188
v -0.007613 0.116145 0.031188
v -0.015192 0.115398 0.031188
v -0.022707 0.114158 0.031188
v -0.030125 0.112428 0.031188
v -0.037414 0.110217 0.031188
v -0.044542 0.107534 0.031188
v -0.051480 0.104391 0.031188
v -0.058197 0.100800 0.031188
v -0.064665 0.096778 0.031188
v -0.070856 0.092342 0.031188
v -0.076744 0.087510 0.031188
v -0.082303 0.082303 0.031188
v -0.087510 0.076744 0.031188
v -0.092342 0.070856 0.031188
v -0.096778 0.064665 0.031188
v -0.100800 0.058197 0.031188
v -0.104391 0.051480 0.031188
v -0.107534 0.044542 0.031188
v -0.110217 0.037414 0.031188
v -0.112428 0.030125 0.031188
v -0.114158 0.022707 0.031188
v -0.115398 0.015192 0.031188
v -0.116145 0.007613 0.031188
v -0.116394 0.000000 0.031188
v -0.114105 -0.000000 0.038733
v -0.113861 -0.007463 0.038733
v -0.113129 -0.014894 0.038733
v -0.111913 -0.022261 0.038733
v -0.110217 -0.029533 0.038733
v -0.108050 -0.036678 0.038733
v -0.105419 -0.043666 0.038733
v -0.102338 -0.050467 0.038733
v -0.098818 -0.057053 0.038733
v -0.094875 -0.063393 0.038733
v -0.090526 -0.069463 0.038733
v -0.085789 -0.075235 0.038733
v -0.080684 -0.080684 0.038733
v -0.075235 -0.085789 0.038733
v -0.069463 -0.090526 0.038733
v -0.063393 -0.094875 0.038733
v -0.057053 -0.098818 0.038733
v -0.050467 -0.102338 0.038733
v -0.043666 -0.105419 0.038733
v -0.036678 -0.108050 0.038733
v -0.029533 -0.110217 0.038733
v -0.022261 -0.111913 0.038733
v -0.014894 -0.113129 0.038733
v -0.007463 -0.113861 0.038733
v 0.000000 -0.114105 0.038733
v 0.007463 -0.113861 0.038733
v 0.014894 -0.113129 0.038733
v 0.022261 -0.111913 0.038733
v 0.029533 -0.110217 0.038733
v 0.036678 -0.108050 0.038733
v 0.043666 -0.105419 0.038733
v 0.050467 -0.102338 0.038733
v 0.057053 -0.098818 0.038733
v 0.063393 -0.094875 0.038733
v 0.069463 -0.090526 0.038733
v 0.075235 -0.085789 0.038733
v 0.080684 -0.080684 0.038733
v 0.085789 -0.075235 0.038733
v 0.090526 -0.069463 0.038733
v 0.094875 -0.063393 0.038733
v 0.098818 -0.057053 0.038733
v 0.102338 -0.050467 0.038733
v 0.105419 -0.043666 0.038733
v 0.108050 -0.036678 0.038733
v 0.110217 -0.029533 0.038733
v 0.111913 -0.022261 0.038733
v 0.113129 -0.014894 0.038733
v 0.113861 -0.007463 0.038733
v 0.114105 0.000000 0.038733
v 0.113861 0.007463 0.038733
v 0.113129 0.014894 0.038733
v 0.111913 0.022261 0.038733
v 0.110217 0.029533 0.038733
v 0.108050 0.036678 0.038733
v 0.105419 0.043666 0.038733
v 0.102338 0.050467 0.038733
v 0.098818 0.057053 0.038733
v 0.094875 0.063393 0.038733
v 0.090526 0.069463 0.038733
v 0.085789 0.075235 0.038733
v 0.080684 0.080684 0.038733
v 0.075235 0.085789 0.038733
v 0.069463 0.090526 0.038733
v 0.063393 0.094875 0.038733
v 0.057053 0.098818 0.038733
v 0.050467 0.102338 0.038733
v 0.043666 0.105419 0.038733
v 0.036678 0.108050 0.038733
v 0.029533 0.110217 0.038733
v 0.022261 0.111913 0.038733
v 0.014894 0.113129 0.038733
v 0.007463 0.113861 0.038733
v 0.000000 0.114105 0.038733
v -0.007463 0.113861 0.038733
v -0.014894 0.113129 0.038733
v -0.022261 0.111913 0.038733
v -0.029533 0.110217 0.038733
v -0.036678 0.108050 0.038733
v -0.043666 0.105419 0.038733
v -0.050467 0.102338 0.038733
v -0.057053 0.098818 0.038733
v -0.063393 0.094875 0.038733
v -0.069463 0.090526 0.038733
v -0.075235 0.085789 0.038733
v -0.080684 0.080684 0.038733
v -0.085789 0.075235 0.038733
v -0.090526 0.069463 0.038733
v -0.094875 0.063393 0.038733
v -0.098818 0.057053 0.038733
v -0.102338 0.050467 0.038733
v -0.105419 0.043666 0.038733
v -0.108050 0.036678 0.038733
v -0.110217 0.029533 0.038733
v -0.111913 0.022261 0.038733
v -0.113129 0.014894 0.038733
v -0.113861 0.007463 0.038733
v -0.114105 0.000000 0.038733
v -0.111327 -0.000000 0.046113
v -0.111089 -0.007281 0.046113
v -0.110375 -0.014531 0.046113
v -0.109188 -0.021719 0.046113
v -0.107534 -0.028814 0.046113
v -0.105419 -0.035785 0.046113
v -0.102853 -0.042603 0.046113
v -0.099847 -0.049239 0.046113
v -0.096412 -0.055664 0.046113
v -0.092565 -0.061850 0.046113
v -0.088322 -0.067772 0.046113
v -0.083700 -0.073403 0.046113
v -0.078720 -0.078720 0.046113
v -0.073403 -0.083700 0.046113
v -0.067772 -0.088322 0.046113
v -0.061850 -0.092565 0.046113
v -0.055664 -0.096412 0.046113
v -0.049239 -0.099847 0.046113
v -0.042603 -0.102853 0.046113
v -0.035785 -0.105419 0.046113
v -0.028814 -0.107534 0.046113
v -0.021719 -0.109188 0.046113
v -0.014531 -0.110375 0.046113
v -0.007281 -0.111089 0.046113
v 0.000000 -0.111327 0.046113
v 0.007281 -0.111089 0.046113
v 0.014531 -0.110375 0.046113
v 0.021719 -0.109188 0.046113
v 0.028814 -0.107534 0.046113
v 0.035785 -0.105419 0.046113
v 0.042603 -0.102853 0.046113
v 0.049239 -0.099847 0.046113
v 0.055664 -0.096412 0.046113
v 0.061850 -0.092565 0.046113
v 0.067772 -0.088322 0.046113
v 0.073403 -0.083700 0.046113
v 0.078720 -0.078720 0.046113
v 0.083700 -0.073403 0.046113
v 0.088322 -0.067772 0.046113
v 0.092565 -0.061850 0.046113
v 0.096412 -0.055664 0.046113
v 0.099847 -0.049239 0.046113
v 0.102853 -0.042603 0.046113
v 0.105419 -0.035785 0.046113
v 0.107534 -0.028814 0.046113
v 0.109188 -0.021719 0.046113
v 0.110375 -0.014531 0.046113
v 0.111089 -0.007281 0.046113
v 0.111327 0.000000 0.046113
v 0.111089 0.007281 0.046113
v 0.110375 0.014531 0.046113
v 0.109188 0.021719 0.046113
v 0.107534 0.028814 0.046113
v 0.105419 0.035785 0.046113
v 0.102853 0.042603 0.046113
v 0.099847 0.049239 0.046113
v 0.096412 0.055664 0.046113
v 0.092565 0.061850 0.046113
v 0.088322 0.067772 0.046113
v 0.083700 0.073403 0.046113
v 0.078720 0.078720 0.046113
v 0.073403 0.083700 0.046113
v 0.067772 0.088322 0.046113
v 0.061850 0.092565 0.046113
v 0.055664 0.096412 0.046113
v 0.049239 0.099847 0.046113
v 0.042603 0.102853 0.046113
v 0.035785 0.105419 0.046113
v 0.028814 0.107534 0.046113
v 0.021719 0.109188 0.046113
v 0.014531 0.110375 0.046113
v 0.007281 0.111089 0.046113
v 0.000000 0.111327 0.046113
v -0.007281 0.111089 0.046113
v -0.014531 0.110375 0.046113
v -0.021719 0.109188 0.046113
v -0.028814 0.107534 0.046113
v -0.035785 0.105419 0.046113
v -0.042603 0.102853 0.046113
v -0.049239 0.099847 0.046113
v -0.055664 0.096412 0.046113
v -0.061850 0.092565 0.046113
v -0.067772 0.088322 0.046113
v -0.073403 0.083700 0.046113
v -0.078720 0.078720 0.046113
v -0.083700 0.073403 0.046113
v -0.088322 0.067772 0.046113
v -0.092565 0.061850 0.046113
v -0.096412 0.055664 0.046113
v -0.099847 0.049239 0.046113
v -0.102853 0.042603 0.046113
v -0.105419 0.035785 0.046113
v -0.107534 0.028814 0.046113
v -0.109188 0.021719 0.046113
v -0.110375 0.014531 0.046113
v -0.111089 0.007281 0.046113
v -0.111327 0.000000 0.046113
v -0.108073 -0.000000 0.053296
v -0.107842 -0.007068 0.053296
v -0.107149 -0.014106 0.053296
v -0.105997 -0.021084 0.053296
v -0.104391 -0.027971 0.053296
v -0.102338 -0.034739 0.053296
v -0.099847 -0.041358 0.053296
v -0.096928 -0.047800 0.053296
v -0.093594 -0.054037 0.053296
v -0.089860 -0.060042 0.053296
v -0.085740 -0.065791 0.053296
v -0.081254 -0.071258 0.053296
v -0.076419 -0.076419 0.053296
v -0.071258 -0.081254 0.053296
v -0.065791 -0.085740 0.053296
v -0.060042 -0.089860 0.053296
v -0.054037 -0.093594 0.053296
v -0.047800 -0.096928 0.053296
v -0.041358 -0.099847 0.053296
v -0.034739 -0.102338 0.053296
v -0.027971 -0.104391 0.053296
v -0.021084 -0.105997 0.053296
v -0.014106 -0.107149 0.053296
v -0.007068 -0.107842 0.053296
v 0.000000 -0.108073 0.053296
v 0.007068 -0.107842 0.053296
v 0.014106 -0.107149 0.053296
v 0.021084 -0.105997 0.053296
v 0.027971 -0.104391 0.053296
v 0.034739 -0.102338 0.053296
v 0.041358 -0.099847 0.053296
v 0.047800 -0.096928 0.053296
v 0.054037 -0.093594 0.053296
v 0.060042 -0.089860 0.053296
v 0.065791 -0.085740 0.053296
v 0.071258 -0.081254 0.053296
v 0.076419 -0.076419 0.053296
v 0.081254 -0.071258 0.053296
v 0.085740 -0.065791 0.053296
v 0.089860 -0.060042 0.053296
v 0.093594 -0.054037 0.053296
v 0.096928 -0.047800 0.053296
v 0.099847 -0.041358 0.053296
v 0.102338 -0.034739 0.053296
v 0.104391 -0.027971 0.053296
v 0.105997 -0.021084 0.053296
v 0.107149 -0.014106 0.053296
v 0.107842 -0.007068 0.053296
v 0.108073 0.000000 0.053296
v 0.107842 0.007068 0.053296
v 0.107149 0.014106 0.053296
v 0.105997 0.021084 0.053296
v 0.104391 0.027971 0.053296
v 0.102338 0.034739 0.053296
v 0.099847 0.041358 0.053296
v 0.096928 0.047800 0.053296
v 0.093594 0.054037 0.053296
v 0.089860 0.060042 0.053296
v 0.085740 0.065791 0.053296
v 0.081254 0.071258 0.053296
v 0.076419 0.076419 0.053296
v 0.071258 0.081254 0.053296
v 0.065791 0.085740 0.053296
v 0.060042 0.089860 0.053296
v 0.054037 0.093594 0.053296
v 0.047800 0.096928 0.053296
v 0.041358 0.099847 0.053296
v 0.034739 0.102338 0.053296
v 0.027971 0.104391 0.053296
v 0.021084 0.105997 0.053296
v 0.014106 0.107149 0.053296
v 0.007068 0.107842 0.053296
v 0.000000 0.108073 0.053296
v -0.007068 0.107842 0.053296
v -0.014106 0.107149 0.053296
v -0.021084 0.105997 0.053296
v -0.027971 0.104391 0.053296
v -0.034739 0.102338 0.053296
v -0.041358 0.099847 0.053296
v -0.047800 0.096928 0.053296
v -0.054037 0.093594 0.053296
v -0.060042 0.089860 0.053296
v -0.065791 0.085740 0.053296
v -0.071258 0.081254 0.053296
v -0.076419 0.076419 0.053296
v -0.081254 0.071258 0.053296
v -0.085740 0.065791 0.053296
v -0.089860 0.060042 0.053296
v -0.093594 0.054037 0.053296
v -0.096928 0.047800 0.053296
v -0.099847 0.041358 0.053296
v -0.102338 0.034739 0.053296
v -0.104391 0.027971 0.053296
v -0.105997 0.021084 0.053296
v -0.107149 0.014106 0.053296
v -0.107842 0.007068 0.053296
v -0.108073 0.000000 0.053296
v -0.104356 -0.000000 0.060250
v -0.104133 -0.006825 0.060250
v -0.103463 -0.013621 0.060250
v -0.102351 -0.020359 0.060250
v -0.100800 -0.027009 0.060250
v -0.098818 -0.033544 0.060250
v -0.096412 -0.039935 0.060250
v -0.093594 -0.046156 0.060250
v -0.090375 -0.052178 0.060250
v -0.086769 -0.057977 0.060250
v -0.082791 -0.063528 0.060250
v -0.078459 -0.068807 0.060250
v -0.073791 -0.073791 0.060250
v -0.068807 -0.078459 0.060250
v -0.063528 -0.082791 0.060250
v -0.057977 -0.086769 0.060250
v -0.052178 -0.090375 0.060250
v -0.046156 -0.093594 0.060250
v -0.039935 -0.096412 0.060250
v -0.033544 -0.098818 0.060250
v -0.027009 -0.100800 0.060250
v -0.020359 -0.102351 0.060250
v -0.013621 -0.103463 0.060250
v -0.006825 -0.104133 0.060250
v 0.000000 -0.104356 0.060250
v 0.006825 -0.104133 0.060250
v 0.013621 -0.103463 0.060250
v 0.020359 -0.102351 0.060250
v 0.027009 -0.100800 0.060250
v 0.033544 -0.098818 0.060250
v 0.039935 -0.096412 0.060250
v 0.046156 -0.093594 0.060250
v 0.052178 -0.090375 0.060250
v 0.057977 -0.086769 0.060250
v 0.063528 -0.082791 0.060250
v 0.068807 -0.078459 0.060250
v 0.073791 -0.073791 0.060250
v 0.078459 -0.068807 0.060250
v 0.082791 -0.063528 0.060250
v 0.086769 -0.057977 0.060250
v 0.090375 -0.052178 0.060250
v 0.093594 -0.046156 0.060250
v 0.096412 -0.039935 0.060250
v 0.098818 -0.033544 0.060250
v 0.100800 -0.027009 0.060250
v 0.102351 -0.020359 0.060250
v 0.103463 -0.013621 0.060250
v 0.104133 -0.006825 0.060250
v 0.104356 0.000000 0.060250
v 0.104133 0.006825 0.060250
v 0.103463 0.013621 0.060250
v 0.102351 0.020359 0.060250
v 0.100800 0.027009 0.060250
v 0.098818 0.033544 0.060250
v 0.096412 0.039935 0.060250
v 0.093594 0.046156 0.060250
v 0.090375 0.052178 0.060250
v 0.086769 0.057977 0.060250
v 0.082791 0.063528 0.060250
v 0.078459 0.068807 0.060250
v 0.073791 0.073791 0.060250
v 0.068807 0.078459 0.060250
v 0.063528 0.082791 0.060250
v 0.057977 0.086769 0.060250
v 0.052178 0.090375 0.060250
v 0.046156 0.093594 0.060250
v 0.039935 0.096412 0.060250
v 0.033544 0.098818 0.060250
v 0.027009 0.100800 0.060250
v 0.020359 0.102351 0.060250
v 0.013621 0.103463 0.060250
v 0.006825 0.104133 0.060250
v 0.000000 0.104356 0.060250
v -0.006825 0.104133 0.060250
v -0.013621 0.103463 0.060250
v -0.020359 0.102351 0.060250
v -0.027009 0.100800 0.060250
v -0.033544 0.098818 0.060250
v -0.039935 0.096412 0.060250
v -0.046156 0.093594 0.060250
v -0.052178 0.090375 0.060250
v -0.057977 0.086769 0.060250
v -0.063528 0.082791 0.060250
v -0.068807 0.078459 0.060250
v -0.073791 0.073791 0.060250
v -0.078459 0.068807 0.060250
v -0.082791 0.063528 0.060250
v -0.086769 0.057977 0.060250
v -0.090375 0.052178 0.060250
v -0.093594 0.046156 0.060250
v -0.096412 0.039935 0.060250
v -0.098818 0.033544 0.060250
v -0.100800 0.027009 0.060250
v -0.102351 0.020359 0.060250
v -0.103463 0.013621 0.060250
v -0.104133 0.006825 0.060250
v -0.104356 0.000000 0.060250
v -0.100192 -0.000000 0.066946
v -0.099978 -0.006553 0.066946
v -0.099335 -0.013078 0.066946
v -0.098267 -0.019547 0.066946
v -0.096778 -0.025932 0.066946
v -0.094875 -0.032206 0.066946
v -0.092565 -0.038342 0.066946
v -0.089860 -0.044314 0.066946
v -0.086769 -0.050096 0.066946
v -0.083307 -0.055664 0.066946
v -0.079488 -0.060993 0.066946
v -0.075328 -0.066061 0.066946
v -0.070847 -0.070847 0.066946
v -0.066061 -0.075328 0.066946
v -0.060993 -0.079488 0.066946
v -0.055664 -0.083307 0.066946
v -0.050096 -0.086769 0.066946
v -0.044314 -0.089860 0.066946
v -0.038342 -0.092565 0.066946
v -0.032206 -0.094875 0.066946
v -0.025932 -0.096778 0.066946
v -0.019547 -0.098267 0.066946
v -0.013078 -0.099335 0.066946
v -0.006553 -0.099978 0.066946
v 0.000000 -0.100192 0.066946
v 0.006553 -0.099978 0.066946
v 0.013078 -0.099335 0.066946
v 0.019547 -0.098267 0.066946
v 0.025932 -0.096778 0.066946
v 0.032206 -0.094875 0.066946
v 0.038342 -0.092565 0.066946
v 0.044314 -0.089860 0.066946
v 0.050096 -0.086769 0.066946
v 0.055664 -0.083307 0.066946
v 0.060993 -0.079488 0.066946
v 0.066061 -0.075328 0.066946
v 0.070847 -0.070847 0.066946
v 0.075328 -0.066061 0.066946
v 0.079488 -0.060993 0.066946
v 0.083307 -0.055664 0.066946
v 0.086769 -0.050096 0.066946
v 0.089860 -0.044314 0.066946
v 0.092565 -0.038342 0.066946
v 0.094875 -0.032206 0.066946
v 0.096778 -0.025932 0.066946
v 0.098267 -0.019547 0.066946
v 0.099335 -0.013078 0.066946
v 0.099978 -0.006553 0.066946
v 0.100192 0.000000 0.066946
v 0.099978 0.006553 0.066946
v 0.099335 0.013078 0.066946
v 0.098267 0.019547 0.066946
v 0.096778 0.025932 0.066946
v 0.094875 0.032206 0.066946
v 0.092565 0.038342 0.066946
v 0.089860 0.044314 0.066946
v 0.086769 0.050096 0.066946
v 0.083307 0.055664 0.066946
v 0.079488 0.060993 0.066946
v 0.075328 0.066061 0.066946
v 0.070847 0.070847 0.066946
v 0.066061 0.075328 0.066946
v 0.060993 0.079488 0.066946
v 0.055664 0.083307 0.066946
v 0.050096 0.086769 0.066946
v 0.044314 0.089860 0.066946
v 0.038342 0.092565 0.066946
v 0.032206 0.094875 0.066946
v 0.025932 0.096778 0.066946
v 0.019547 0.098267 0.066946
v 0.013078 0.099335 0.066946
v 0.006553 0.099978 0.066946
v 0.000000 0.100192 0.066946
v -0.006553 0.099978 0.066946
v -0.013078 0.099335 0.066946
v -0.019547 0.098267 0.066946
v -0.025932 0.096778 0.066946
v -0.032206 0.094875 0.066946
v -0.038342 0.092565 0.066946
v -0.044314 0.089860 0.066946
v -0.050096 0.086769 0.066946
v -0.055664 0.083307 0.066946
v -0.060993 0.079488 0.066946
v -0.066061 0.075328 0.066946
v -0.070847 0.070847 0.066946
v -0.075328 0.066061 0.066946
v -0.079488 0.060993 0.066946
v -0.083307 0.055664 0.066946
v -0.086769 0.050096 0.066946
v -0.089860 0.044314 0.066946
v -0.092565 0.038342 0.066946
v -0.094875 0.032206 0.066946
v -0.096778 0.025932 0.066946
v -0.098267 0.019547 0.066946
v -0.099335 0.013078 0.066946
v -0.099978 0.006553 0.066946
v -0.100192 0.000000 0.066946
v -0.095599 -0.000000 0.073356
v -0.095394 -0.006252 0.073356
v -0.094781 -0.012478 0.073356
v -0.093762 -0.018650 0.073356
v -0.092342 -0.024743 0.073356
v -0.090526 -0.030729 0.073356
v -0.088322 -0.036584 0.073356
v -0.085740 -0.042282 0.073356
v -0.082791 -0.047800 0.073356
v -0.079488 -0.053112 0.073356
v -0.075844 -0.058197 0.073356
v -0.071875 -0.063033 0.073356
v -0.067599 -0.067599 0.073356
v -0.063033 -0.071875 0.073356
v -0.058197 -0.075844 0.073356
v -0.053112 -0.079488 0.073356
v -0.047800 -0.082791 0.073356
v -0.042282 -0.085740 0.073356
v -0.036584 -0.088322 0.073356
v -0.030729 -0.090526 0.073356
v -0.024743 -0.092342 0.073356
v -0.018650 -0.093762 0.073356
v -0.012478 -0.094781 0.073356
v -0.006252 -0.095394 0.073356
v 0.000000 -0.095599 0.073356
v 0.006252 -0.095394 0.073356
v 0.012478 -0.094781 0.073356
v 0.018650 -0.093762 0.073356
v 0.024743 -0.092342 0.073356
v 0.030729 -0.090526 0.073356
v 0.036584 -0.088322 0.073356
v 0.042282 -0.085740 0.073356
v 0.047800 -0.082791 0.073356
v 0.053112 -0.079488 0.073356
v 0.058197 -0.075844 0.073356
v 0.063033 -0.071875 0.073356
v 0.067599 -0.067599 0.073356
v 0.071875 -0.063033 0.073356
v 0.075844 -0.058197 0.073356
v 0.079488 -0.053112 0.073356
v 0.082791 -0.047800 0.073356
v 0.085740 -0.042282 0.073356
v 0.088322 -0.036584 0.073356
v 0.090526 -0.030729 0.073356
v 0.092342 -0.024743 0.073356
v 0.093762 -0.018650 0.073356
v 0.094781 -0.012478 0.073356
v 0.095394 -0.006252 0.073356
v 0.095599 0.000000 0.073356
v 0.095394 0.006252 0.073356
v 0.094781 0.012478 0.073356
v 0.093762 0.018650 0.073356
v 0.092342 0.024743 0.073356
v 0.090526 0.030729 0.073356
v 0.088322 0.036584 0.073356
v 0.085740 0.042282 0.073356
v 0.082791 0.047800 0.073356
v 0.079488 0.053112 0.073356
v 0.075844 0.058197 0.073356
v 0.071875 0.063033 0.073356
v 0.067599 0.067599 0.073356
v 0.063033 0.071875 0.073356
v 0.058197 0.075844 0.073356
v 0.053112 0.079488 0.073356
v 0.047800 0.082791 0.073356
v 0.042282 0.085740 0.073356
v 0.036584 0.088322 0.073356
v 0.030729 0.090526 0.073356
v 0.024743 0.092342 0.073356
v 0.018650 0.093762 0.073356
v 0.012478 0.094781 0.073356
v 0.006252 0.095394 0.073356
v 0.000000 0.095599 0.073356
v -0.006252 0.095394 0.073356
v -0.012478 0.094781 0.073356
v -0.018650 0.093762 0.073356
v -0.024743 0.092342 0.073356
v -0.030729 0.090526 0.073356
v -0.036584 0.088322 0.073356
v -0.042282 0.085740 0.073356
v -0.047800 0.082791 0.073356
v -0.053112 0.079488 0.073356
v -0.058197 0.075844 0.073356
v -0.063033 0.071875 0.073356
v -0.067599 0.067599 0.073356
v -0.071875 0.063033 0.073356
v -0.075844 0.058197 0.073356
v -0.079488 0.053112 0.073356
v -0.082791 0.047800 0.073356
v -0.085740 0.042282 0.073356
v -0.088322 0.036584 0.073356
v -0.090526 0.030729 0.073356
v -0.092342 0.024743 0.073356
v -0.093762 0.018650 0.073356
v -0.094781 0.012478 0.073356
v -0.095394 0.006252 0.073356
v -0.095599 0.000000 0.073356
v -0.090597 -0.000000 0.079451
v -0.090403 -0.005925 0.079451
v -0.089822 -0.011825 0.079451
v -0.088856 -0.017675 0.079451
v -0.087510 -0.023448 0.079451
v -0.085789 -0.029121 0.079451
v -0.083700 -0.034670 0.079451
v -0.081254 -0.040070 0.079451
v -0.078459 -0.045298 0.079451
v -0.075328 -0.050333 0.079451
v -0.071875 -0.055152 0.079451
v -0.068114 -0.059735 0.079451
v -0.064062 -0.064062 0.079451
v -0.059735 -0.068114 0.079451
v -0.055152 -0.071875 0.079451
v -0.050333 -0.075328 0.079451
v -0.045298 -0.078459 0.079451
v -0.040070 -0.081254 0.079451
v -0.034670 -0.083700 0.079451
v -0.029121 -0.085789 0.079451
v -0.023448 -0.087510 0.079451
v -0.017675 -0.088856 0.079451
v -0.011825 -0.089822 0.079451
v -0.005925 -0.090403 0.079451
v 0.000000 -0.090597 0.079451
v 0.005925 -0.090403 0.079451
v 0.011825 -0.089822 0.079451
v 0.017675 -0.088856 0.079451
v 0.023448 -0.087510 0.079451
v 0.029121 -0.085789 0.079451
v 0.034670 -0.083700 0.079451
v 0.040070 -0.081254 0.079451
v 0.045298 -0.078459 0.079451
v 0.050333 -0.075328 0.079451
v 0.055152 -0.071875 0.079451
v 0.059735 -0.068114 0.079451
v 0.064062 -0.064062 0.079451
v 0.068114 -0.059735 0.079451
v 0.071875 -0.055152 0.079451
v 0.075328 -0.050333 0.079451
v 0.078459 -0.045298 0.079451
v 0.081254 -0.040070 0.079451
v 0.083700 -0.034670 0.079451
v 0.085789 -0.029121 0.079451
v 0.087510 -0.023448 0.079451
v 0.088856 -0.017675 0.079451
v 0.089822 -0.011825 0.079451
v 0.090403 -0.005925 0.079451
v 0.090597 0.000000 0.079451
v 0.090403 0.005925 0.079451
v 0.089822 0.011825 0.079451
v 0.088856 0.017675 0.079451
v 0.087510 0.023448 0.079451
v 0.085789 0.029121 0.079451
v 0.083700 0.034670 0.079451
v 0.081254 0.040070 0.079451
v 0.078459 0.045298 0.079451
v 0.075328 0.050333 0.079451
v 0.071875 0.055152 0.079451
v 0.068114 0.059735 0.079451
v 0.064062 0.064062 0.079451
v 0.059735 0.068114 0.079451
v 0.055152 0.071875 0.079451
v 0.050333 0.075328 0.079451
v 0.045298 0.078459 0.079451
v 0.040070 0.081254 0.079451
v 0.034670 0.083700 0.079451
v 0.029121 0.085789 0.079451
v 0.023448 0.087510 0.079451
v 0.017675 0.088856 0.079451
v 0.011825 0.089822 0.079451
v 0.005925 0.090403 0.079451
v 0.000000 0.090597 0.079451
v -0.005925 0.090403 0.079451
v -0.011825 0.089822 0.079451
v -0.017675 0.088856 0.079451
v -0.023448 0.087510 0.079451
v -0.029121 0.085789 0.079451
v -0.034670 0.083700 0.079451
v -0.040070 0.081254 0.079451
v -0.045298 0.078459 0.079451
v -0.050333 0.075328 0.079451
v -0.055152 0.071875 0.079451
v -0.059735 0.068114 0.079451
v -0.064062 0.064062 0.079451
v -0.068114 0.059735 0.079451
v -0.071875 0.055152 0.079451
v -0.075328 0.050333 0.079451
v -0.078459 0.045298 0.079451
v -0.081254 0.040070 0.079451
v -0.083700 0.034670 0.079451
v -0.085789 0.029121 0.079451
v -0.087510 0.023448 0.079451
v -0.088856 0.017675 0.079451
v -0.089822 0.011825 0.079451
v -0.090403 0.005925 0.079451
v -0.090597 0.000000 0.079451
v -0.085206 -0.000000 0.085206
v -0.085024 -0.005573 0.085206
v -0.084477 -0.011122 0.085206
v -0.083569 -0.016623 0.085206
v -0.082303 -0.022053 0.085206
v -0.080684 -0.027389 0.085206
v -0.078720 -0.032607 0.085206
v -0.076419 -0.037686 0.085206
v -0.073791 -0.042603 0.085206
v -0.070847 -0.047338 0.085206
v -0.067599 -0.051870 0.085206
v -0.064062 -0.056180 0.085206
v -0.060250 -0.060250 0.085206
v -0.056180 -0.064062 0.085206
v -0.051870 -0.067599 0.085206
v -0.047338 -0.070847 0.085206
v -0.042603 -0.073791 0.085206
v -0.037686 -0.076419 0.085206
v -0.032607 -0.078720 0.085206
v -0.027389 -0.080684 0.085206
v -0.022053 -0.082303 0.085206
v -0.016623 -0.083569 0.085206
v -0.011122 -0.084477 0.085206
v -0.005573 -0.085024 0.085206
v 0.000000 -0.085206 0.085206
v 0.005573 -0.085024 0.085206
v 0.011122 -0.084477 0.085206
v 0.016623 -0.083569 0.085206
v 0.022053 -0.082303 0.085206
v 0.027389 -0.080684 0.085206
v 0.032607 -0.078720 0.085206
v 0.037686 -0.076419 0.085206
v 0.042603 -0.073791 0.085206
v 0.047338 -0.070847 0.085206
v 0.051870 -0.067599 0.085206
v 0.056180 -0.064062 0.085206
v 0.060250 -0.060250 0.085206
v 0.064062 -0.056180 0.085206
v 0.067599 -0.051870 0.085206
v 0.070847 -0.047338 0.085206
v 0.073791 -0.042603 0.085206
v 0.076419 -0.037686 0.085206
v 0.078720 -0.032607 0.085206
v 0.080684 -0.027389 0.085206
v 0.082303 -0.022053 0.085206
v 0.083569 -0.016623 0.085206
v 0.084477 -0.011122 0.085206
v 0.085024 -0.005573 0.085206
v 0.085206 0.000000 0.085206
v 0.085024 0.005573 0.085206
v 0.084477 0.011122 0.085206
v 0.083569 0.016623 0.085206
v 0.082303 0.022053 0.085206
v 0.080684 0.027389 0.085206
v 0.078720 0.032607 0.085206
v 0.076419 0.037686 0.085206
v 0.073791 0.042603 0.085206
v 0.070847 0.047338 0.085206
v 0.067599 0.051870 0.085206
v 0.064062 0.056180 0.085206
v 0.060250 0.060250 0.085206
v 0.056180 0.064062 0.085206
v 0.051870 0.067599 0.085206
v 0.047338 0.070847 0.085206
v 0.042603 0.073791 0.085206
v 0.037686 0.076419 0.085206
v 0.032607 0.078720 0.085206
v 0.027389 0.080684 0.085206
v 0.022053 0.082303 0.085206
v 0.016623 0.083569 0.085206
v 0.011122 0.084477 0.085206
v 0.005573 0.085024 0.085206
v 0.000000 0.085206 0.085206
v -0.005573 0.085024 0.085206
v -0.011122 0.084477 0.085206
v -0.016623 0.083569 0.085206
v -0.022053 0.082303 0.085206
v -0.027389 0.080684 0.085206
v -0.032607 0.078720 0.085206
v -0.037686 0.076419 0.085206
v -0.042603 0.073791 0.085206
v -0.047338 0.070847 0.085206
v -0.051870 0.067599 0.085206
v -0.056180 0.064062 0.085206
v -0.060250 0.060250 0.085206
v -0.064062 0.056180 0.085206
v -0.067599 0.051870 0.085206
v -0.070847 0.047338 0.085206
v -0.073791 0.042603 0.085206
v -0.076419 0.037686 0.085206
v -0.078720 0.032607 0.085206
v -0.080684 0.027389 0.085206
v -0.082303 0.022053 0.085206
v -0.083569 0.016623 0.085206
v -0.084477 0.011122 0.085206
v -0.085024 0.005573 0.085206
v -0.085206 0.000000 0.085206
v -0.079451 -0.000000 0.090597
v -0.079281 -0.005196 0.090597
v -0.078771 -0.010370 0.090597
v -0.077925 -0.015500 0.090597
v -0.076744 -0.020563 0.090597
v -0.075235 -0.025539 0.090597
v -0.073403 -0.030405 0.090597
v -0.071258 -0.035140 0.090597
v -0.068807 -0.039726 0.090597
v -0.066061 -0.044141 0.090597
v -0.063033 -0.048367 0.090597
v -0.059735 -0.052386 0.090597
v -0.056180 -0.056180 0.090597
v -0.052386 -0.059735 0.090597
v -0.048367 -0.063033 0.090597
v -0.044141 -0.066061 0.090597
v -0.039726 -0.068807 0.090597
v -0.035140 -0.071258 0.090597
v -0.030405 -0.073403 0.090597
v -0.025539 -0.075235 0.090597
v -0.020563 -0.076744 0.090597
v -0.015500 -0.077925 0.090597
v -0.010370 -0.078771 0.090597
v -0.005196 -0.079281 0.090597
v 0.000000 -0.079451 0.090597
v 0.005196 -0.079281 0.090597
v 0.010370 -0.078771 0.090597
v 0.015500 -0.077925 0.090597
v 0.020563 -0.076744 0.090597
v 0.025539 -0.075235 0.090597
v 0.030405 -0.073403 0.090597
v 0.035140 -0.071258 0.090597
v 0.039726 -0.068807 0.090597
v 0.044141 -0.066061 0.090597
v 0.048367 -0.063033 0.090597
v 0.052386 -0.059735 0.090597
v 0.056180 -0.056180 0.090597
v 0.059735 -0.052386 0.090597
v 0.063033 -0.048367 0.090597
v 0.066061 -0.044141 0.090597
v 0.068807 -0.039726 0.090597
v 0.071258 -0.035140 0.090597
v 0.073403 -0.030405 0.090597
v 0.075235 -0.025539 0.090597
v 0.076744 -0.020563 0.090597
v 0.077925 -0.015500 0.090597
v 0.078771 -0.010370 0.090597
v 0.079281 -0.005196 0.090597
v 0.079451 0.000000 0.090597
v 0.079281 0.005196 0.090597
v 0.078771 0.010370 0.090597
v 0.077925 0.015500 0.090597
v 0.076744 0.020563 0.090597
v 0.075235 0.025539 0.090597
v 0.073403 0.030405 0.090597
v 0.071258 0.035140 0.090597
v 0.068807 0.039726 0.090597
v 0.066061 0.044141 0.090597
v 0.063033 0.048367 0.090597
v 0.059735 0.052386 0.090597
v 0.056180 0.056180 0.090597
v 0.052386 0.059735 0.090597
v 0.048367 0.063033 0.090597
v 0.044141 0.066061 0.090597
v 0.039726 0.068807 0.090597
v 0.035140 0.071258 0.090597
v 0.030405 0.073403 0.090597
v 0.025539 0.075235 0.090597
v 0.020563 0.076744 0.090597
v 0.015500 0.077925 0.090597
v 0.010370 0.078771 0.090597
v 0.005196 0.079281 0.090597
v 0.000000 0.079451 0.090597
v -0.005196 0.079281 0.090597
v -0.010370 0.078771 0.090597
v -0.015500 0.077925 0.090597
v -0.020563 0.076744 0.090597
v -0.025539 0.075235 0.090597
v -0.030405 0.073403 0.090597
v -0.035140 0.071258 0.090597
v -0.039726 0.068807 0.090597
v -0.044141 0.066061 0.090597
v -0.048367 0.063033 0.090597
v -0.052386 0.059735 0.090597
v -0.056180 0.056180 0.090597
v -0.059735 0.052386 0.090597
v -0.063033 0.048367 0.090597
v -0.066061 0.044141 0.090597
v -0.068807 0.039726 0.090597
v -0.071258 0.035140 0.090597
v -0.073403 0.030405 0.090597
v -0.075235 0.025539 0.090597
v -0.076744 0.020563 0.090597
v -0.077925 0.015500 0.090597
v -0.078771 0.010370 0.090597
v -0.079281 0.005196 0.090597
v -0.079451 0.000000 0.090597
v -0.073356 -0.000000 0.095599
v -0.073199 -0.004798 0.095599
v -0.072728 -0.009575 0.095599
v -0.071946 -0.014311 0.095599
v -0.070856 -0.018986 0.095599
v -0.069463 -0.023579 0.095599
v -0.067772 -0.028072 0.095599
v -0.065791 -0.032444 0.095599
v -0.063528 -0.036678 0.095599
v -0.060993 -0.040754 0.095599
v -0.058197 -0.044656 0.095599
v -0.055152 -0.048367 0.095599
v -0.051870 -0.051870 0.095599
v -0.048367 -0.055152 0.095599
v -0.044656 -0.058197 0.095599
v -0.040754 -0.060993 0.095599
v -0.036678 -0.063528 0.095599
v -0.032444 -0.065791 0.095599
v -0.028072 -0.067772 0.095599
v -0.023579 -0.069463 0.095599
v -0.018986 -0.070856 0.095599
v -0.014311 -0.071946 0.095599
v -0.009575 -0.072728 0.095599
v -0.004798 -0.073199 0.095599
v 0.000000 -0.073356 0.095599
v 0.004798 -0.073199 0.095599
v 0.009575 -0.072728 0.095599
v 0.014311 -0.071946 0.095599
v 0.018986 -0.070856 0.095599
v 0.023579 -0.069463 0.095599
v 0.028072 -0.067772 0.095599
v 0.032444 -0.065791 0.095599
v 0.036678 -0.063528 0.095599
v 0.040754 -0.060993 0.095599
v 0.044656 -0.058197 0.095599
v 0.048367 -0.055152 0.095599
v 0.051870 -0.051870 0.095599
v 0.055152 -0.048367 0.095599
v 0.058197 -0.044656 0.095599
v 0.060993 -0.040754 0.095599
v 0.063528 -0.036678 0.095599
v 0.065791 -0.032444 0.095599
v 0.067772 -0.028072 0.095599
v 0.069463 -0.023579 0.095599
v 0.070856 -0.018986 0.095599
v 0.071946 -0.014311 0.095599
v 0.072728 -0.009575 0.095599
v 0.073199 -0.004798 0.095599
v 0.073356 0.000000 0.095599
v 0.073199 0.004798 0.095599
v 0.072728 0.009575 0.095599
v 0.071946 0.014311 0.095599
v 0.070856 0.018986 0.095599
v 0.069463 0.023579 0.095599
v 0.067772 0.028072 0.095599
v 0.065791 0.032444 0.095599
v 0.063528 0.036678 0.095599
v 0.060993 0.040754 0.095599
v 0.058197 0.044656 0.095599
v 0.055152 0.048367 0.095599
v 0.051870 0.051870 0.095599
v 0.048367 0.055152 0.095599
v 0.044656 0.058197 0.095599
v 0.040754 0.060993 0.095599
v 0.036678 0.063528 0.095599
v 0.032444 0.065791 0.095599
v 0.028072 0.067772 0.095599
v 0.023579 0.069463 0.095599
v 0.018986 0.070856 0.095599
v 0.014311 0.071946 0.095599
v 0.009575 0.072728 0.095599
v 0.004798 0.073199 0.095599
v 0.000000 0.073356 0.095599
v -0.004798 0.073199 0.095599
v -0.009575 0.072728 0.095599
v -0.014311 0.071946 0.095599
v -0.018986 0.070856 0.095599
v -0.023579 0.069463 0.095599
v -0.028072 0.067772 0.095599
v -0.032444 0.065791 0.095599
v -0.036678 0.063528 0.095599
v -0.040754 0.060993 0.095599
v -0.044656 0.058197 0.095599
v -0.048367 0.055152 0.095599
v -0.051870 0.051870 0.095599
v -0.055152 0.048367 0.095599
v -0.058197 0.044656 0.095599
v -0.060993 0.040754 0.095599
v -0.063528 0.036678 0.095599
v -0.065791 0.032444 0.095599
v -0.067772 0.028072 0.095599
v -0.069463 0.023579 0.095599
v -0.070856 0.018986 0.095599
v -0.071946 0.014311 0.095599
v -0.072728 0.009575 0.095599
v -0.073199 0.004798 0.095599
v -0.073356 0.000000 0.095599
v -0.066946 -0.000000 0.100192
v -0.066803 -0.004378 0.100192
v -0.066373 -0.008738 0.100192
v -0.065660 -0.013061 0.100192
v -0.064665 -0.017327 0.100192
v -0.063393 -0.021519 0.100192
v -0.061850 -0.025619 0.100192
v -0.060042 -0.029610 0.100192
v -0.057977 -0.033473 0.100192
v -0.055664 -0.037193 0.100192
v -0.053112 -0.040754 0.100192
v -0.050333 -0.044141 0.100192
v -0.047338 -0.047338 0.100192
v -0.044141 -0.050333 0.100192
v -0.040754 -0.053112 0.100192
v -0.037193 -0.055664 0.100192
v -0.033473 -0.057977 0.100192
v -0.029610 -0.060042 0.100192
v -0.025619 -0.061850 0.100192
v -0.021519 -0.063393 0.100192
v -0.017327 -0.064665 0.100192
v -0.013061 -0.065660 0.100192
v -0.008738 -0.066373 0.100192
v -0.004378 -0.066803 0.100192
v 0.000000 -0.066946 0.100192
v 0.004378 -0.066803 0.100192
v 0.008738 -0.066373 0.100192
v 0.013061 -0.065660 0.100192
v 0.017327 -0.064665 0.100192
v 0.021519 -0.063393 0.100192
v 0.025619 -0.061850 0.100192
v 0.029610 -0.060042 0.100192
v 0.033473 -0.057977 0.100192
v 0.037193 -0.055664 0.100192
v 0.040754 -0.053112 0.100192
v 0.044141 -0.050333 0.100192
v 0.047338 -0.047338 0.100192
v 0.050333 -0.044141 0.100192
v 0.053112 -0.040754 0.100192
v 0.055664 -0.037193 0.100192
v 0.057977 -0.033473 0.100192
v 0.060042 -0.029610 0.100192
v 0.061850 -0.025619 0.100192
v 0.063393 -0.021519 0.100192
v 0.064665 -0.017327 0.100192
v 0.065660 -0.013061 0.100192
v 0.066373 -0.008738 0.100192
v 0.066803 -0.004378 0.100192
v 0.066946 0.000000 0.100192
v 0.066803 0.004378 0.100192
v 0.066373 0.008738 0.100192
v 0.065660 0.013061 0.100192
v 0.064665 0.017327 0.100192
v 0.063393 0.021519 0.100192
v 0.061850 0.025619 0.100192
v 0.060042 0.029610 0.100192
v 0.057977 0.033473 0.100192
v 0.055664 0.037193 0.100192
v 0.053112 0.040754 0.100192
v 0.050333 0.044141 0.100192
v 0.047338 0.047338 0.100192
v 0.044141 0.050333 0.100192
v 0.040754 0.053112 0.100192
v 0.037193 0.055664 0.100192
v 0.033473 0.057977 0.100192
v 0.029610 0.060042 0.100192
v 0.025619 0.061850 0.100192
v 0.021519 0.063393 0.100192
v 0.017327 0.064665 0.100192
v 0.013061 0.065660 0.100192
v 0.008738 0.066373 0.100192
v 0.004378 0.066803 0.100192
v 0.000000 0.066946 0.100192
v -0.004378 0.066803 0.100192
v -0.008738 0.066373 0.100192
v -0.013061 0.065660 0.100192
v -0.017327 0.064665 0.100192
v -0.021519 0.063393 0.100192
v -0.025619 0.061850 0.100192
v -0.029610 0.060042 0.100192
v -0.033473 0.057977 0.100192
v -0.037193 0.055664 0.100192
v -0.040754 0.053112 0.100192
v -0.044141 0.050333 0.100192
v -0.047338 0.047338 0.100192
v -0.050333 0.044141 0.100192
v -0.053112 0.040754 0.100192
v -0.055664 0.037193 0.100192
v -0.057977 0.033473 0.100192
v -0.060042 0.029610 0.100192
v -0.061850 0.025619 0.100192
v -0.063393 0.021519 0.100192
v -0.064665 0.017327 0.100192
v -0.065660 0.013061 0.100192
v -0.066373 0.008738 0.100192
v -0.066803 0.004378 0.100192
v -0.066946 0.000000 0.100192
v -0.060250 -0.000000 0.104356
v -0.060121 -0.003941 0.104356
v -0.059735 -0.007864 0.104356
v -0.059092 -0.011754 0.104356
v -0.058197 -0.015594 0.104356
v -0.057053 -0.019367 0.104356
v -0.055664 -0.023057 0.104356
v -0.054037 -0.026648 0.104356
v -0.052178 -0.030125 0.104356
v -0.050096 -0.033473 0.104356
v -0.047800 -0.036678 0.104356
v -0.045298 -0.039726 0.104356
v -0.042603 -0.042603 0.104356
v -0.039726 -0.045298 0.104356
v -0.036678 -0.047800 0.104356
v -0.033473 -0.050096 0.104356
v -0.030125 -0.052178 0.104356
v -0.026648 -0.054037 0.104356
v -0.023057 -0.055664 0.104356
v -0.019367 -0.057053 0.104356
v -0.015594 -0.058197 0.104356
v -0.011754 -0.059092 0.104356
v -0.007864 -0.059735 0.104356
v -0.003941 -0.060121 0.104356
v 0.000000 -0.060250 0.104356
v 0.003941 -0.060121 0.104356
v 0.007864 -0.059735 0.104356
v 0.011754 -0.059092 0.104356
v 0.015594 -0.058197 0.104356
v 0.019367 -0.057053 0.104356
v 0.023057 -0.055664 0.104356
v 0.026648 -0.054037 0.104356
v 0.030125 -0.052178 0.104356
v 0.033473 -0.050096 0.104356
v 0.036678 -0.047800 0.104356
v 0.039726 -0.045298 0.104356
v 0.042603 -0.042603 0.104356
v 0.045298 -0.039726 0.104356
v 0.047800 -0.036678 0.104356
v 0.050096 -0.033473 0.104356
v 0.052178 -0.030125 0.104356
v 0.054037 -0.026648 0.104356
v 0.055664 -0.023057 0.104356
v 0.057053 -0.019367 0.104356
v 0.058197 -0.015594 0.104356
v 0.059092 -0.011754 0.104356
v 0.059735 -0.007864 0.104356
v 0.060121 -0.003941 0.104356
v 0.060250 0.000000 0.104356
v 0.060121 0.003941 0.104356
v 0.059735 0.007864 0.104356
v 0.059092 0.011754 0.104356
v 0.058197 0.015594 0.104356
v 0.057053 0.019367 0.104356
v 0.055664 0.023057 0.104356
v 0.054037 0.026648 0.104356
v 0.052178 0.030125 0.104356
v 0.050096 0.033473 0.104356
v 0.047800 0.036678 0.104356
v 0.045298 0.039726 0.104356
v 0.042603 0.042603 0.104356
v 0.039726 0.045298 0.104356
v 0.036678 0.047800 0.104356
v 0.033473 0.050096 0.104356
v 0.030125 0.052178 0.104356
v 0.026648 0.054037 0.104356
v 0.023057 0.055664 0.104356
v 0.019367 0.057053 0.104356
v 0.015594 0.058197 0.104356
v 0.011754 0.059092 0.104356
v 0.007864 0.059735 0.104356
v 0.003941 0.060121 0.104356
v 0.000000 0.060250 0.104356
v -0.003941 0.060121 0.104356
v -0.007864 0.059735 0.104356
v -0.011754 0.059092 0.104356
v -0.015594 0.058197 0.104356
v -0.019367 0.057053 0.104356
v -0.023057 0.055664 0.104356
v -0.026648 0.054037 0.104356
v -0.030125 0.052178 0.104356
v -0.033473 0.050096 0.104356
v -0.036678 0.047800 0.104356
v -0.039726 0.045298 0.104356
v -0.042603 0.042603 0.104356
v -0.045298 0.039726 0.104356
v -0.047800 0.036678 0.104356
v -0.050096 0.033473 0.104356
v -0.052178 0.030125 0.104356
v -0.054037 0.026648 0.104356
v -0.055664 0.023057 0.104356
v -0.057053 0.019367 0.104356
v -0.058197 0.015594 0.104356
v -0.059092 0.011754 0.104356
v -0.059735 0.007864 0.104356
v -0.060121 0.003941 0.104356
v -0.060250 0.000000 0.104356
v -0.053296 -0.000000 0.108073
v -0.053182 -0.003486 0.108073
v -0.052840 -0.006956 0.108073
v -0.052272 -0.010397 0.108073
v -0.051480 -0.013794 0.108073
v -0.050467 -0.017131 0.108073
v -0.049239 -0.020395 0.108073
v -0.047800 -0.023572 0.108073
v -0.046156 -0.026648 0.108073
v -0.044314 -0.029610 0.108073
v -0.042282 -0.032444 0.108073
v -0.040070 -0.035140 0.108073
v -0.037686 -0.037686 0.108073
v -0.035140 -0.040070 0.108073
v -0.032444 -0.042282 0.108073
v -0.029610 -0.044314 0.108073
v -0.026648 -0.046156 0.108073
v -0.023572 -0.047800 0.108073
v -0.020395 -0.049239 0.108073
v -0.017131 -0.050467 0.108073
v -0.013794 -0.051480 0.108073
v -0.010397 -0.052272 0.108073
v -0.006956 -0.052840 0.108073
v -0.003486 -0.053182 0.108073
v 0.000000 -0.053296 0.108073
v 0.003486 -0.053182 0.108073
v 0.006956 -0.052840 0.108073
v 0.010397 -0.052272 0.108073
v 0.013794 -0.051480 0.108073
v 0.017131 -0.050467 0.108073
v 0.020395 -0.049239 0.108073
v 0.023572 -0.047800 0.108073
v 0.026648 -0.046156 0.108073
v 0.029610 -0.044314 0.108073
v 0.032444 -0.042282 0.108073
v 0.035140 -0.040070 0.108073
v 0.037686 -0.037686 0.108073
v 0.040070 -0.035140 0.108073
v 0.042282 -0.032444 0.108073
v 0.044314 -0.029610 0.108073
v 0.046156 -0.026648 0.108073
v 0.047800 -0.023572 0.108073
v 0.049239 -0.020395 0.108073
v 0.050467 -0.017131 0.108073
v 0.051480 -0.013794 0.108073
v 0.052272 -0.010397 0.108073
v 0.052840 -0.006956 0.108073
v 0.053182 -0.003486 0.108073
v 0.053296 0.000000 0.108073
v 0.053182 0.003486 0.108073
v 0.052840 0.006956 0.108073
v 0.052272 0.010397 0.108073
v 0.051480 0.013794 0.108073
v 0.050467 0.017131 0.108073
v 0.049239 0.020395 0.108073
v 0.047800 0.023572 0.108073
v 0.046156 0.026648 0.108073
v 0.044314 0.029610 0.108073
v 0.042282 0.032444 0.108073
v 0.040070 0.035140 0.108073
v 0.037686 0.037686 0.108073
v 0.035140 0.040070 0.108073
v 0.032444 0.042282 0.108073
v 0.029610 0.044314 0.108073
v 0.026648 0.046156 0.108073
v 0.023572 0.047800 0.108073
v 0.020395 0.049239 0.108073
v 0.017131 0.050467 0.108073
v 0.013794 0.051480 0.108073
v 0.010397 0.052272 0.108073
v 0.006956 0.052840 0.108073
v 0.003486 0.053182 0.108073
v 0.000000 0.053296 0.108073
v -0.003486 0.053182 0.108073
v -0.006956 0.052840 0.108073
v -0.010397 0.052272 0.108073
v -0.013794 0.051480 0.108073
v -0.017131 0.050467 0.108073
v -0.020395 0.049239 0.108073
v -0.023572 0.047800 0.108073
v -0.026648 0.046156 0.108073
v -0.029610 0.044314 0.108073
v -0.032444 0.042282 0.108073
v -0.035140 0.040070 0.108073
v -0.037686 0.037686 0.108073
v -0.040070 0.035140 0.108073
v -0.042282 0.032444 0.108073
v -0.044314 0.029610 0.108073
v -0.046156 0.026648 0.108073
v -0.047800 0.023572 0.108073
v -0.049239 0.020395 0.108073
v -0.050467 0.017131 0.108073
v -0.051480 0.013794 0.108073
v -0.052272 0.010397 0.108073
v -0.052840 0.006956 0.108073
v -0.053182 0.003486 0.108073
v -0.053296 0.000000 0.108073
v -0.046113 -0.000000 0.111327
v -0.046015 -0.003016 0.111327
v -0.045719 -0.006019 0.111327
v -0.045227 -0.008996 0.111327
v -0.044542 -0.011935 0.111327
v -0.043666 -0.014823 0.111327
v -0.042603 -0.017647 0.111327
v -0.041358 -0.020395 0.111327
v -0.039935 -0.023057 0.111327
v -0.038342 -0.025619 0.111327
v -0.036584 -0.028072 0.111327
v -0.034670 -0.030405 0.111327
v -0.032607 -0.032607 0.111327
v -0.030405 -0.034670 0.111327
v -0.028072 -0.036584 0.111327
v -0.025619 -0.038342 0.111327
v -0.023057 -0.039935 0.111327
v -0.020395 -0.041358 0.111327
v -0.017647 -0.042603 0.111327
v -0.014823 -0.043666 0.111327
v -0.011935 -0.044542 0.111327
v -0.008996 -0.045227 0.111327
v -0.006019 -0.045719 0.111327
v -0.003016 -0.046015 0.111327
v 0.000000 -0.046113 0.111327
v 0.003016 -0.046015 0.111327
v 0.006019 -0.045719 0.111327
v 0.008996 -0.045227 0.111327
v 0.011935 -0.044542 0.111327
v 0.014823 -0.043666 0.111327
v 0.017647 -0.042603 0.111327
v 0.020395 -0.041358 0.111327
v 0.023057 -0.039935 0.111327
v 0.025619 -0.038342 0.111327
v 0.028072 -0.036584 0.111327
v 0.030405 -0.034670 0.111327
v 0.032607 -0.032607 0.111327
v 0.034670 -0.030405 0.111327
v 0.036584 -0.028072 0.111327
v 0.038342 -0.025619 0.111327
v 0.039935 -0.023057 0.111327
v 0.041358 -0.020395 0.111327
v 0.042603 -0.017647 0.111327
v 0.043666 -0.014823 0.111327
v 0.044542 -0.011935 0.111327
v 0.045227 -0.008996 0.111327
v 0.045719 -0.006019 0.111327
v 0.046015 -0.003016 0.111327
v 0.046113 0.000000 0.111327
v 0.046015 0.003016 0.111327
v 0.045719 0.006019 0.111327
v 0.045227 0.008996 0.111327
v 0.044542 0.011935 0.111327
v 0.043666 0.014823 0.111327
v 0.042603 0.017647 0.111327
v 0.041358 0.020395 0.111327
v 0.039935 0.023057 0.111327
v 0.038342 0.025619 0.111327
v 0.036584 0.028072 0.111327
v 0.034670 0.030405 0.111327
v 0.032607 0.032607 0.111327
v 0.030405 0.034670 0.111327
v 0.028072 0.036584 0.111327
v 0.025619 0.038342 0.111327
v 0.023057 0.039935 0.111327
v 0.020395 0.041358 0.111327
v 0.017647 0.042603 0.111327
v 0.014823 0.043666 0.111327
v 0.011935 0.044542 0.111327
v 0.008996 0.045227 0.111327
v 0.006019 0.045719 0.111327
v 0.003016 0.046015 0.111327
v 0.000000 0.046113 0.111327
v -0.003016 0.046015 0.111327
v -0.006019 0.045719 0.111327
v -0.008996 0.045227 0.111327
v -0.011935 0.044542 0.111327
v -0.014823 0.043666 0.111327
v -0.017647 0.042603 0.111327
v -0.020395 0.041358 0.111327
v -0.023057 0.039935 0.111327
v -0.025619 0.038342 0.111327
v -0.028072 0.036584 0.111327
v -0.030405 0.034670 0.111327
v -0.032607 0.032607 0.111327
v -0.034670 0.030405 0.111327
v -0.036584 0.028072 0.111327
v -0.038342 0.025619 0.111327
v -0.039935 0.023057 0.111327
v -0.041358 0.020395 0.111327
v -0.042603 0.017647 0.111327
v -0.043666 0.014823 0.111327
v -0.044542 0.011935 0.111327
v -0.045227 0.008996 0.111327
v -0.045719 0.006019 0.111327
v -0.046015 0.003016 0.111327
v -0.046113 0.000000 0.111327
v -0.038733 -0.000000 0.114105
v -0.038651 -0.002533 0.114105
v -0.038402 -0.005056 0.114105
v -0.037989 -0.007557 0.114105
v -0.037414 -0.010025 0.114105
v -0.036678 -0.012450 0.114105
v -0.035785 -0.014823 0.114105
v -0.034739 -0.017131 0.114105
v -0.033544 -0.019367 0.114105
v -0.032206 -0.021519 0.114105
v -0.030729 -0.023579 0.114105
v -0.029121 -0.025539 0.114105
v -0.027389 -0.027389 0.114105
v -0.025539 -0.029121 0.114105
v -0.023579 -0.030729 0.114105
v -0.021519 -0.032206 0.114105
v -0.019367 -0.033544 0.114105
v -0.017131 -0.034739 0.114105
v -0.014823 -0.035785 0.114105
v -0.012450 -0.036678 0.114105
v -0.010025 -0.037414 0.114105
v -0.007557 -0.037989 0.114105
v -0.005056 -0.038402 0.114105
v -0.002533 -0.038651 0.114105
v 0.000000 -0.038733 0.114105
v 0.002533 -0.038651 0.114105
v 0.005056 -0.038402 0.114105
v 0.007557 -0.037989 0.114105
v 0.010025 -0.037414 0.114105
v 0.012450 -0.036678 0.114105
v 0.014823 -0.035785 0.114105
v 0.017131 -0.034739 0.114105
v 0.019367 -0.033544 0.114105
v 0.021519 -0.032206 0.114105
v 0.023579 -0.030729 0.114105
v 0.025539 -0.029121 0.114105
v 0.027389 -0.027389 0.114105
v 0.029121 -0.025539 0.114105
v 0.030729 -0.023579 0.114105
v 0.032206 -0.021519 0.114105
v 0.033544 -0.019367 0.114105
v 0.034739 -0.017131 0.114105
v 0.035785 -0.014823 0.114105
v 0.036678 -0.012450 0.114105
v 0.037414 -0.010025 0.114105
v 0.037989 -0.007557 0.114105
v 0.038402 -0.005056 0.114105
v 0.038651 -0.002533 0.114105
v 0.038733 0.000000 0.114105
v 0.038651 0.002533 0.114105
v 0.038402 0.005056 0.114105
v 0.037989 0.007557 0.114105
v 0.037414 0.010025 0.114105
v 0.036678 0.012450 0.114105
v 0.035785 0.014823 0.114105
v 0.034739 0.017131 0.114105
v 0.033544 0.019367 0.114105
v 0.032206 0.021519 0.114105
v 0.030729 0.023579 0.114105
v 0.029121 0.025539 0.114105
v 0.027389 0.027389 0.114105
v 0.025539 0.029121 0.114105
v 0.023579 0.030729 0.114105
v 0.021519 0.032206 0.114105
v 0.019367 0.033544 0.114105
v 0.017131 0.034739 0.114105
v 0.014823 0.035785 0.114105
v 0.012450 0.036678 0.114105
v 0.010025 0.037414 0.114105
v 0.007557 0.037989 0.114105
v 0.005056 0.038402 0.114105
v 0.002533 0.038651 0.114105
v 0.000000 0.038733 0.114105
v -0.002533 0.038651 0.114105
v -0.005056 0.038402 0.114105
v -0.007557 0.037989 0.114105
v -0.010025 0.037414 0.114105
v -0.012450 0.036678 0.114105
v -0.014823 0.035785 0.114105
v -0.017131 0.034739 0.114105
v -0.019367 0.033544 0.114105
v -0.021519 0.032206 0.114105
v -0.023579 0.030729 0.114105
v -0.025539 0.029121 0.114105
v -0.027389 0.027389 0.114105
v -0.029121 0.025539 0.114105
v -0.030729 0.023579 0.114105
v -0.032206 0.021519 0.114105
v -0.033544 0.019367 0.114105
v -0.034739 0.017131 0.114105
v -0.035785 0.014823 0.114105
v -0.036678 0.012450 0.114105
v -0.037414 0.010025 0.114105
v -0.037989 0.007557 0.114105
v -0.038402 0.005056 0.114105
v -0.038651 0.002533 0.114105
v -0.038733 0.000000 0.114105
v -0.031188 -0.000000 0.116394
v -0.031121 -0.002040 0.116394
v -0.030921 -0.004071 0.116394
v -0.030588 -0.006084 0.116394
v -0.030125 -0.008072 0.116394
v -0.029533 -0.010025 0.116394
v -0.028814 -0.011935 0.116394
v -0.027971 -0.013794 0.116394
v -0.027009 -0.015594 0.116394
v -0.025932 -0.017327 0.116394
v -0.024743 -0.018986 0.116394
v -0.023448 -0.020563 0.116394
v -0.022053 -0.022053 0.116394
v -0.020563 -0.023448 0.116394
v -0.018986 -0.024743 0.116394
v -0.017327 -0.025932 0.116394
v -0.015594 -0.027009 0.116394
v -0.013794 -0.027971 0.116394
v -0.011935 -0.028814 0.116394
v -0.010025 -0.029533 0.116394
v -0.008072 -0.030125 0.116394
v -0.006084 -0.030588 0.116394
v -0.004071 -0.030921 0.116394
v -0.002040 -0.031121 0.116394
v 0.000000 -0.031188 0.116394
v 0.002040 -0.031121 0.116394
v 0.004071 -0.030921 0.116394
v 0.006084 -0.030588 0.116394
v 0.008072 -0.030125 0.116394
v 0.010025 -0.029533 0.116394
v 0.011935 -0.028814 0.116394
v 0.013794 -0.027971 0.116394
v 0.015594 -0.027009 0.116394
v 0.017327 -0.025932 0.116394
v 0.018986 -0.024743 0.116394
v 0.020563 -0.023448 0.116394
v 0.022053 -0.022053 0.116394
v 0.023448 -0.020563 0.116394
v 0.024743 -0.018986 0.116394
v 0.025932 -0.017327 0.116394
v 0.027009 -0.015594 0.116394
v 0.027971 -0.013794 0.116394
v 0.028814 -0.011935 0.116394
v 0.029533 -0.010025 0.116394
v 0.030125 -0.008072 0.116394
v 0.030588 -0.006084 0.116394
v 0.030921 -0.004071 0.116394
v 0.031121 -0.002040 0.116394
v 0.031188 0.000000 0.116394
v 0.031121 0.002040 0.116394
v 0.030921 0.004071 0.116394
v 0.030588 0.006084 0.116394
v 0.030125 0.008072 0.116394
v 0.029533 0.010025 0.116394
v 0.028814 0.011935 0.116394
v 0.027971 0.013794 0.116394
v 0.027009 0.015594 0.116394
v 0.025932 0.017327 0.116394
v 0.024743 0.018986 0.116394
v 0.023448 0.020563 0.116394
v 0.022053 0.022053 0.116394
v 0.020563 0.023448 0.116394
v 0.018986 0.024743 0.116394
v 0.017327 0.025932 0.116394
v 0.015594 0.027009 0.116394
v 0.013794 0.027971 0.116394
v 0.011935 0.028814 0.116394
v 0.010025 0.029533 0.116394
v 0.008072 0.030125 0.116394
v 0.006084 0.030588 0.116394
v 0.004071 0.030921 0.116394
v 0.002040 0.031121 0.116394
v 0.000000 0.031188 0.116394
v -0.002040 0.031121 0.116394
v -0.004071 0.030921 0.116394
v -0.006084 0.030588 0.116394
v -0.008072 0.030125 0.116394
v -0.010025 0.029533 0.116394
v -0.011935 0.028814 0.116394
v -0.013794 0.027971 0.116394
v -0.015594 0.027009 0.116394
v -0.017327 0.025932 0.116394
v -0.018986 0.024743 0.116394
v -0.020563 0.023448 0.116394
v -0.022053 0.022053 0.116394
v -0.023448 0.020563 0.116394
v -0.024743 0.018986 0.116394
v -0.025932 0.017327 0.116394
v -0.027009 0.015594 0.116394
v -0.027971 0.013794 0.116394
v -0.028814 0.011935 0.116394
v -0.029533 0.010025 0.116394
v -0.030125 0.008072 0.116394
v -0.030588 0.006084 0.116394
v -0.030921 0.004071 0.116394
v -0.031121 0.002040 0.116394
v -0.031188 0.000000 0.116394
v -0.023508 -0.000000 0.118185
v -0.023458 -0.001538 0.118185
v -0.023307 -0.003068 0.118185
v -0.023057 -0.004586 0.118185
v -0.022707 -0.006084 0.118185
v -0.022261 -0.007557 0.118185
v -0.021719 -0.008996 0.118185
v -0.021084 -0.010397 0.118185
v -0.020359 -0.011754 0.118185
v -0.019547 -0.013061 0.118185
v -0.018650 -0.014311 0.118185
v -0.017675 -0.015500 0.118185
v -0.016623 -0.016623 0.118185
v -0.015500 -0.017675 0.118185
v -0.014311 -0.018650 0.118185
v -0.013061 -0.019547 0.118185
v -0.011754 -0.020359 0.118185
v -0.010397 -0.021084 0.118185
v -0.008996 -0.021719 0.118185
v -0.007557 -0.022261 0.118185
v -0.006084 -0.022707 0.118185
v -0.004586 -0.023057 0.118185
v -0.003068 -0.023307 0.118185
v -0.001538 -0.023458 0.118185
v 0.000000 -0.023508 0.118185
v 0.001538 -0.023458 0.118185
v 0.003068 -0.023307 0.118185
v 0.004586 -0.023057 0.118185
v 0.006084 -0.022707 0.118185
v 0.007557 -0.022261 0.118185
v 0.008996 -0.021719 0.118185
v 0.010397 -0.021084 0.118185
v 0.011754 -0.020359 0.118185
v 0.013061 -0.019547 0.118185
v 0.014311 -0.018650 0.118185
v 0.015500 -0.017675 0.118185
v 0.016623 -0.016623 0.118185
v 0.017675 -0.015500 0.118185
v 0.018650 -0.014311 0.118185
v 0.019547 -0.013061 0.118185
v 0.020359 -0.011754 0.118185
v 0.021084 -0.010397 0.118185
v 0.021719 -0.008996 0.118185
v 0.022261 -0.007557 0.118185
v 0.022707 -0.006084 0.118185
v 0.023057 -0.004586 0.118185
v 0.023307 -0.003068 0.118185
v 0.023458 -0.001538 0.118185
v 0.023508 0.000000 0.118185
v 0.023458 0.001538 0.118185
v 0.023307 0.003068 0.118185
v 0.023057 0.004586 0.118185
v 0.022707 0.006084 0.118185
v 0.022261 0.007557 0.118185
v 0.021719 0.008996 0.118185
v 0.021084 0.010397 0.118185
v 0.020359 0.011754 0.118185
v 0.019547 0.013061 0.118185
v 0.018650 0.014311 0.118185
v 0.017675 0.015500 0.118185
v 0.016623 0.016623 0.118185
v 0.015500 0.017675 0.118185
v 0.014311 0.018650 0.118185
v 0.013061 0.019547 0.118185
v 0.011754 0.020359 0.118185
v 0.010397 0.021084 0.118185
v 0.008996 0.021719 0.118185
v 0.007557 0.022261 0.118185
v 0.006084 0.022707 0.118185
v 0.004586 0.023057 0.118185
v 0.003068 0.023307 0.118185
v 0.001538 0.023458 0.118185
v 0.000000 0.023508 0.118185
v -0.001538 0.023458 0.118185
v -0.003068 0.023307 0.118185
v -0.004586 0.023057 0.118185
v -0.006084 0.022707 0.118185
v -0.007557 0.022261 0.118185
v -0.008996 0.021719 0.118185
v -0.010397 0.021084 0.118185
v -0.011754 0.020359 0.118185
v -0.013061 0.019547 0.118185
v -0.014311 0.018650 0.118185
v -0.015500 0.017675 0.118185
v -0.016623 0.016623 0.118185
v -0.017675 0.015500 0.118185
v -0.018650 0.014311 0.118185
v -0.019547 0.013061 0.118185
v -0.020359 0.011754 0.118185
v -0.021084 0.010397 0.118185
v -0.021719 0.008996 0.118185
v -0.022261 0.007557 0.118185
v -0.022707 0.006084 0.118185
v -0.023057 0.004586 0.118185
v -0.023307 0.003068 0.118185
v -0.023458 0.001538 0.118185
v -0.023508 0.000000 0.118185
v -0.015728 -0.000000 0.119469
v -0.015695 -0.001029 0.119469
v -0.015594 -0.002053 0.119469
v -0.015426 -0.003068 0.119469
v -0.015192 -0.004071 0.119469
v -0.014894 -0.005056 0.119469
v -0.014531 -0.006019 0.119469
v -0.014106 -0.006956 0.119469
v -0.013621 -0.007864 0.119469
v -0.013078 -0.008738 0.119469
v -0.012478 -0.009575 0.119469
v -0.011825 -0.010370 0.119469
v -0.011122 -0.011122 0.119469
v -0.010370 -0.011825 0.119469
v -0.009575 -0.012478 0.119469
v -0.008738 -0.013078 0.119469
v -0.007864 -0.013621 0.119469
v -0.006956 -0.014106 0.119469
v -0.006019 -0.014531 0.119469
v -0.005056 -0.014894 0.119469
v -0.004071 -0.015192 0.119469
v -0.003068 -0.015426 0.119469
v -0.002053 -0.015594 0.119469
v -0.001029 -0.015695 0.119469
v 0.000000 -0.015728 0.119469
v 0.001029 -0.015695 0.119469
v 0.002053 -0.015594 0.119469
v 0.003068 -0.015426 0.119469
v 0.004071 -0.015192 0.119469
v 0.005056 -0.014894 0.119469
v 0.006019 -0.014531 0.119469
v 0.006956 -0.014106 0.119469
v 0.007864 -0.013621 0.119469
v 0.008738 -0.013078 0.119469
v 0.009575 -0.012478 0.119469
v 0.010370 -0.011825 0.119469
v 0.011122 -0.011122 0.119469
v 0.011825 -0.010370 0.119469
v 0.012478 -0.009575 0.119469
v 0.013078 -0.008738 0.119469
v 0.013621 -0.007864 0.119469
v 0.014106 -0.006956 0.119469
v 0.014531 -0.006019 0.119469
v 0.014894 -0.005056 0.119469
v 0.015192 -0.004071 0.119469
v 0.015426 -0.003068 0.119469
v 0.015594 -0.002053 0.119469
v 0.015695 -0.001029 0.119469
v 0.015728 0.000000 0.119469
v 0.015695 0.001029 0.119469
v 0.015594 0.002053 0.119469
v 0.015426 0.003068 0.119469
v 0.015192 0.004071 0.119469
v 0.014894 0.005056 0.119469
v 0.014531 0.006019 0.119469
v 0.014106 0.006956 0.119469
v 0.013621 0.007864 0.119469
v 0.013078 0.008738 0.119469
v 0.012478 0.009575 0.119469
v 0.011825 0.010370 0.119469
v 0.011122 0.011122 0.119469
v 0.010370 0.011825 0.119469
v 0.009575 0.012478 0.119469
v 0.008738 0.013078 0.119469
v 0.007864 0.013621 0.119469
v 0.006956 0.014106 0.119469
v 0.006019 0.014531 0.119469
v 0.005056 0.014894 0.119469
v 0.004071 0.015192 0.119469
v 0.003068 0.015426 0.119469
v 0.002053 0.015594 0.119469
v 0.001029 0.015695 0.119469
v 0.000000 0.015728 0.119469
v -0.001029 0.015695 0.119469
v -0.002053 0.015594 0.119469
v -0.003068 0.015426 0.119469
v -0.004071 0.015192 0.119469
v -0.005056 0.014894 0.119469
v -0.006019 0.014531 0.119469
v -0.006956 0.014106 0.119469
v -0.007864 0.013621 0.119469
v -0.008738 0.013078 0.119469
v -0.009575 0.012478 0.119469
v -0.010370 0.011825 0.119469
v -0.011122 0.011122 0.119469
v -0.011825 0.010370 0.119469
v -0.012478 0.009575 0.119469
v -0.013078 0.008738 0.119469
v -0.013621 0.007864 0.119469
v -0.014106 0.006956 0.119469
v -0.014531 0.006019 0.119469
v -0.014894 0.005056 0.119469
v -0.015192 0.004071 0.119469
v -0.015426 0.003068 0.119469
v -0.015594 0.002053 0.119469
v -0.015695 0.001029 0.119469
v -0.015728 0.000000 0.119469
v -0.007881 -0.000000 0.120242
v -0.007864 -0.000515 0.120242
v -0.007814 -0.001029 0.120242
v -0.007730 -0.001538 0.120242
v -0.007613 -0.002040 0.120242
v -0.007463 -0.002533 0.120242
v -0.007281 -0.003016 0.120242
v -0.007068 -0.003486 0.120242
v -0.006825 -0.003941 0.120242
v -0.006553 -0.004378 0.120242
v -0.006252 -0.004798 0.120242
v -0.005925 -0.005196 0.120242
v -0.005573 -0.005573 0.120242
v -0.005196 -0.005925 0.120242
v -0.004798 -0.006252 0.120242
v -0.004378 -0.006553 0.120242
v -0.003941 -0.006825 0.120242
v -0.003486 -0.007068 0.120242
v -0.003016 -0.007281 0.120242
v -0.002533 -0.007463 0.120242
v -0.002040 -0.007613 0.120242
v -0.001538 -0.007730 0.120242
v -0.001029 -0.007814 0.120242
v -0.000515 -0.007864 0.120242
v 0.000000 -0.007881 0.120242
v 0.000515 -0.007864 0.120242
v 0.001029 -0.007814 0.120242
v 0.001538 -0.007730 0.120242
v 0.002040 -0.007613 0.120242
v 0.002533 -0.007463 0.120242
v 0.003016 -0.007281 0.120242
v 0.003486 -0.007068 0.120242
v 0.003941 -0.006825 0.120242
v 0.004378 -0.006553 0.120242
v 0.004798 -0.006252 0.120242
v 0.005196 -0.005925 0.120242
v 0.005573 -0.005573 0.120242
v 0.005925 -0.005196 0.120242
v 0.006252 -0.004798 0.120242
v 0.006553 -0.004378 0.120242
v 0.006825 -0.003941 0.120242
v 0.007068 -0.003486 0.120242
v 0.007281 -0.003016 0.120242
v 0.007463 -0.002533 0.120242
v 0.007613 -0.002040 0.120242
v 0.007730 -0.001538 0.120242
v 0.007814 -0.001029 0.120242
v 0.007864 -0.000515 0.120242
v 0.007881 0.000000 0.120242
v 0.007864 0.000515 0.120242
v 0.007814 0.001029 0.120242
v 0.007730 0.001538 0.120242
v 0.007613 0.002040 0.120242
v 0.007463 0.002533 0.120242
v 0.007281 0.003016 0.120242
v 0.007068 0.003486 0.120242
v 0.006825 0.003941 0.120242
v 0.006553 0.004378 0.120242
v 0.006252 0.004798 0.120242
v 0.005925 0.005196 0.120242
v 0.005573 0.005573 0.120242
v 0.005196 0.005925 0.120242
v 0.004798 0.006252 0.120242
v 0.004378 0.006553 0.120242
v 0.003941 0.006825 0.120242
v 0.003486 0.007068 0.120242
v 0.003016 0.007281 0.120242
v 0.002533 0.007463 0.120242
v 0.002040 0.007613 0.120242
v 0.001538 0.007730 0.120242
v 0.001029 0.007814 0.120242
v 0.000515 0.007864 0.120242
v 0.000000 0.007881 0.120242
v -0.000515 0.007864 0.120242
v -0.001029 0.007814 0.120242
v -0.001538 0.007730 0.120242
v -0.002040 0.007613 0.120242
v -0.002533 0.007463 0.120242
v -0.003016 0.007281 0.120242
v -0.003486 0.007068 0.120242
v -0.003941 0.006825 0.120242
v -0.004378 0.006553 0.120242
v -0.004798 0.006252 0.120242
v -0.005196 0.005925 0.120242
v -0.005573 0.005573 0.120242
v -0.005925 0.005196 0.120242
v -0.006252 0.004798 0.120242
v -0.006553 0.004378 0.120242
v -0.006825 0.003941 0.120242
v -0.007068 0.003486 0.120242
v -0.007281 0.003016 0.120242
v -0.007463 0.002533 0.120242
v -0.007613 0.002040 0.120242
v -0.007730 0.001538 0.120242
v -0.007814 0.001029 0.120242
v -0.007864 0.000515 0.120242
v -0.007881 0.000000 0.120242
v -0.000000 -0.000000 0.120500
v -0.000000 -0.000000 0.120500
v -0.000000 -0.000000 0.120500
v -0.000000 -0.000000 0.120500
v -0.000000 -0.000000 0.120500
v -0.000000 -0.000000 0.120500
v -0.000000 -0.000000 0.120500
v -0.000000 -0.000000 0.120500
v -0.000000 -0.000000 0.120500
v -0.000000 -0.000000 0.120500
v -0.000000 -0.000000 0.120500
v -0.000000 -0.000000 0.120500
v -0.000000 -0.000000 0.120500
v -0.000000 -0.000000 0.120500
v -0.000000 -0.000000 0.120500
v -0.000000 -0.000000 0.120500
v -0.000000 -0.000000 0.120500
v -0.000000 -0.000000 0.120500
v -0.000000 -0.000000 0.120500
v -0.000000 -0.000000 0.120500
v -0.000000 -0.000000 0.120500
v -0.000000 -0.000000 0.120500
v -0.000000 -0.000000 0.120500
v -0.000000 -0.000000 0.120500
v 0.000000 -0.000000 0.120500
v 0.000000 -0.000000 0.120500
v 0.000000 -0.000000 0.120500
v 0.000000 -0.000000 0.120500
v 0.000000 -0.000000 0.120500
v 0.000000 -0.000000 0.120500
v 0.000000 -0.000000 0.120500
v 0.000000 -0.000000 0.120500
v 0.000000 -0.000000 0.120500
v 0.000000 -0.000000 0.120500
v 0.000000 -0.000000 0.120500
v 0.000000 -0.000000 0.120500
v 0.000000 -0.000000 0.120500
v 0.000000 -0.000000 0.120500
v 0.000000 -0.000000 0.120500
v 0.000000 -0.000000 0.120500
v 0.000000 -0.000000 0.120500
v 0.000000 -0.000000 0.120500
v 0.000000 -0.000000 0.120500
v 0.000000 -0.000000 0.120500
v 0.000000 -0.000000 0.120500
v 0.000000 -0.000000 0.120500
v 0.000000 -0.000000 0.120500
v 0.000000 -0.000000 0.120500
v 0.000000 0.000000 0.120500
v 0.000000 0.000000 0.120500
v 0.000000 0.000000 0.120500
v 0.000000 0.000000 0.120500
v 0.000000 0.000000 0.120500
v 0.000000 0.000000 0.120500
v 0.000000 0.000000 0.120500
v 0.000000 0.000000 0.120500
v 0.000000 0.000000 0.120500
v 0.000000 0.000000 0.120500
v 0.000000 0.000000 0.120500
v 0.000000 0.000000 0.120500
v 0.000000 0.000000 0.120500
v 0.000000 0.000000 0.120500
v 0.000000 0.000000 0.120500
v 0.000000 0.000000 0.120500
v 0.000000 0.000000 0.120500
v 0.000000 0.000000 0.120500
v 0.000000 0.000000 0.120500
v 0.000000 0.000000 0.120500
v 0.000000 0.000000 0.120500
v 0.000000 0.000000 0.120500
v 0.000000 0.000000 0.120500
v 0.000000 0.000000 0.120500
v 0.000000 0.000000 0.120500
v -0.000000 0.000000 0.120500
v -0.000000 0.000000 0.120500
v -0.000000 0.000000 0.120500
v -0.000000 0.000000 0.120500
v -0.000000 0.000000 0.120500
v -0.000000 0.000000 0.120500
v -0.000000 0.000000 0.120500
v -0.000000 0.000000 0.120500
v -0.000000 0.000000 0.120500
v -0.000000 0.000000 0.120500
v -0.000000 0.000000 0.120500
v -0.000000 0.000000 0.120500
v -0.000000 0.000000 0.120500
v -0.000000 0.000000 0.120500
v -0.000000 0.000000 0.120500
v -0.000000 0.000000 0.120500
v -0.000000 0.000000 0.120500
v -0.000000 0.000000 0.120500
v -0.000000 0.000000 0.120500
v -0.000000 0.000000 0.120500
v -0.000000 0.000000 0.120500
v -0.000000 0.000000 0.120500
v -0.000000 0.000000 0.120500
v -0.000000 0.000000 0.120500
vt 1.000000 1.000000
vt 0.989583 1.000000
vt 0.979167 1.000000
vt 0.968750 1.000000
vt 0.958333 1.000000
vt 0.947917 1.000000
vt 0.937500 1.000000
vt 0.927083 1.000000
vt 0.916667 1.000000
vt 0.906250 1.000000
vt 0.895833 1.000000
vt 0.885417 1.000000
vt 0.875000 1.000000
vt 0.864583 1.000000
vt 0.854167 1.000000
vt 0.843750 1.000000
vt 0.833333 1.000000
vt 0.822917 1.000000
vt 0.812500 1.000000
vt 0.802083 1.000000
vt 0.791667 1.000000
vt 0.781250 1.000000
vt 0.770833 1.000000
vt 0.760417 1.000000
vt 0.750000 1.000000
vt 0.739583 1.000000
vt 0.729167 1.000000
vt 0.718750 1.000000
vt 0.708333 1.000000
vt 0.697917 1.000000
vt 0.687500 1.000000
vt 0.677083 1.000000
vt 0.666667 1.000000
vt 0.656250 1.000000
vt 0.645833 1.000000
vt 0.635417 1.000000
vt 0.625000 1.000000
vt 0.614583 1.000000
vt 0.604167 1.000000
vt 0.593750 1.000000
vt 0.583333 1.000000
vt 0.572917 1.000000
vt 0.562500 1.000000
vt 0.552083 1.000000
vt 0.541667 1.000000
vt 0.531250 1.000000
vt 0.520833 1.000000
vt 0.510417 1.000000
vt 0.500000 1.000000
vt 0.489583 1.000000
vt 0.479167 1.000000
vt 0.468750 1.000000
vt 0.458333 1.000000
vt 0.447917 1.000000
vt 0.437500 1.000000
vt 0.427083 1.000000
vt 0.416667 1.000000
vt 0.406250 1.000000
vt 0.395833 1.000000
vt 0.385417 1.000000
vt 0.375000 1.000000
vt 0.364583 1.000000
vt 0.354167 1.000000
vt 0.343750 1.000000
vt 0.333333 1.000000
vt 0.322917 1.000000
vt 0.312500 1.000000
vt 0.302083 1.000000
vt 0.291667 1.000000
vt 0.281250 1.000000
vt 0.270833 1.000000
vt 0.260417 1.000000
vt 0.250000 1.000000
vt 0.239583 1.000000
vt 0.229167 1.000000
vt 0.218750 1.000000
vt 0.208333 1.000000
vt 0.197917 1.000000
vt 0.187500 1.000000
vt 0.177083 1.000000
vt 0.166667 1.000000
vt 0.156250 1.000000
vt 0.145833 1.000000
vt 0.135417 1.000000
vt 0.125000 1.000000
vt 0.114583 1.000000
vt 0.104167 1.000000
vt 0.093750 1.000000
vt 0.083333 1.000000
vt 0.072917 1.000000
vt 0.062500 1.000000
vt 0.052083 1.000000
vt 0.041667 1.000000
vt 0.031250 1.000000
vt 0.020833 1.000000
vt 0.010417 1.000000
vt 0.000000 1.000000
vt 1.000000 0.979167
vt 0.989583 0.979167
vt 0.979167 0.979167
vt 0.968750 0.979167
vt 0.958333 0.979167
vt 0.947917 0.979167
vt 0.937500 0.979167
vt 0.927083 0.979167
vt 0.916667 0.979167
vt 0.906250 0.979167
vt 0.895833 0.979167
vt 0.885417 0.979167
vt 0.875000 0.979167
vt 0.864583 0.979167
vt 0.854167 0.979167
vt 0.843750 0.979167
vt 0.833333 0.979167
vt 0.822917 0.979167
vt 0.812500 0.979167
vt 0.802083 0.979167
vt 0.791667 0.979167
vt 0.781250 0.979167
vt 0.770833 0.979167
vt 0.760417 0.979167
vt 0.750000 0.979167
vt 0.739583 0.979167
vt 0.729167 0.979167
vt 0.718750 0.979167
vt 0.708333 0.979167
vt 0.697917 0.979167
vt 0.687500 0.979167
vt 0.677083 0.979167
vt 0.666667 0.979167
vt 0.656250 0.979167
vt 0.645833 0.979167
vt 0.635417 0.979167
vt 0.625000 0.979167
vt 0.614583 0.979167
vt 0.604167 0.979167
vt 0.593750 0.979167
vt 0.583333 0.979167
vt 0.572917 0.979167
vt 0.562500 0.979167
vt 0.552083 0.979167
vt 0.541667 0.979167
vt 0.531250 0.979167
vt 0.520833 0.979167
vt 0.510417 0.979167
vt 0.500000 0.979167
vt 0.489583 0.979167
vt 0.479167 0.979167
vt 0.468750 0.979167
vt 0.458333 0.979167
vt 0.447917 0.979167
vt 0.437500 0.979167
vt 0.427083 0.979167
vt 0.416667 0.979167
vt 0.406250 0.979167
vt 0.395833 0.979167
vt 0.385417 0.979167
vt 0.375000 0.979167
vt 0.364583 0.979167
vt 0.354167 0.979167
vt 0.343750 0.979167
vt 0.333333 0.979167
vt 0.322917 0.979167
vt 0.312500 0.979167
vt 0.302083 0.979167
vt 0.291667 0.979167
vt 0.281250 0.979167
vt 0.270833 0.979167
vt 0.260417 0.979167
vt 0.250000 0.979167
vt 0.239583 0.979167
vt 0.229167 0.979167
vt 0.218750 0.979167
vt 0.208333 0.979167
vt 0.197917 0.979167
vt 0.187500 0.979167
vt 0.177083 0.979167
vt 0.166667 0.979167
vt 0.156250 0.979167
vt 0.145833 0.979167
vt 0.135417 0.979167
vt 0.125000 0.979167
vt 0.114583 0.979167
vt 0.104167 0.979167
vt 0.093750 0.979167
vt 0.083333 0.979167
vt 0.072917 0.979167
vt 0.062500 0.979167
vt 0.052083 0.979167
vt 0.041667 0.979167
vt 0.031250 0.979167
vt 0.020833 0.979167
vt 0.010417 0.979167
vt 0.000000 0.979167
vt 1.000000 0.958333
vt 0.989583 0.958333
vt 0.979167 0.958333
vt 0.968750 0.958333
vt 0.958333 0.958333
vt 0.947917 0.958333
vt 0.937500 0.958333
vt 0.927083 0.958333
vt 0.916667 0.958333
vt 0.906250 0.958333
vt 0.895833 0.958333
vt 0.885417 0.958333
vt 0.875000 0.958333
vt 0.864583 0.958333
vt 0.854167 0.958333
vt 0.843750 0.958333
vt 0.833333 0.958333
vt 0.822917 0.958333
vt 0.812500 0.958333
vt 0.802083 0.958333
vt 0.791667 0.958333
vt 0.781250 0.958333
vt 0.770833 0.958333
vt 0.760417 0.958333
vt 0.750000 0.958333
vt 0.739583 0.958333
vt 0.729167 0.958333
vt 0.718750 0.958333
vt 0.708333 0.958333
vt 0.697917 0.958333
vt 0.687500 0.958333
vt 0.677083 0.958333
vt 0.666667 0.958333
vt 0.656250 0.958333
vt 0.645833 0.958333
vt 0.635417 0.958333
vt 0.625000 0.958333
vt 0.614583 0.958333
vt 0.604167 0.958333
vt 0.593750 0.958333
vt 0.583333 0.958333
vt 0.572917 0.958333
vt 0.562500 0.958333
vt 0.552083 0.958333
vt 0.541667 0.958333
vt 0.531250 0.958333
vt 0.520833 0.958333
vt 0.510417 0.958333
vt 0.500000 0.958333
vt 0.489583 0.958333
vt 0.479167 0.958333
vt 0.468750 0.958333
vt 0.458333 0.958333
vt 0.447917 0.958333
vt 0.437500 0.958333
vt 0.427083 0.958333
vt 0.416667 0.958333
vt 0.406250 0.958333
vt 0.395833 0.958333
vt 0.385417 0.958333
vt 0.375000 0.958333
vt 0.364583 0.958333
vt 0.354167 0.958333
vt 0.343750 0.958333
vt 0.333333 0.958333
vt 0.322917 0.958333
vt 0.312500 0.958333
vt 0.302083 0.958333
vt 0.291667 0.958333
vt 0.281250 0.958333
vt 0.270833 0.958333
vt 0.260417 0.958333
vt 0.250000 0.958333
vt 0.239583 0.958333
vt 0.229167 0.958333
vt 0.218750 0.958333
vt 0.208333 0.958333
vt 0.197917 0.958333
vt 0.187500 0.958333
vt 0.177083 0.958333
vt 0.166667 0.958333
vt 0.156250 0.958333
vt 0.145833 0.958333
vt 0.135417 0.958333
vt 0.125000 0.958333
vt 0.114583 0.958333
vt 0.104167 0.958333
vt 0.093750 0.958333
vt 0.083333 0.958333
vt 0.072917 0.958333
vt 0.062500 0.958333
vt 0.052083 0.958333
vt 0.041667 0.958333
vt 0.031250 0.958333
vt 0.020833 0.958333
vt 0.010417 0.958333
vt 0.000000 0.958333
vt 1.000000 0.937500
vt 0.989583 0.937500
vt 0.979167 0.937500
vt 0.968750 0.937500
vt 0.958333 0.937500
vt 0.947917 0.937500
vt 0.937500 0.937500
vt 0.927083 0.937500
vt 0.916667 0.937500
vt 0.906250 0.937500
vt 0.895833 0.937500
vt 0.885417 0.937500
vt 0.875000 0.937500
vt 0.864583 0.937500
vt 0.854167 0.937500
vt 0.843750 0.937500
vt 0.833333 0.937500
vt 0.822917 0.937500
vt 0.812500 0.937500
vt 0.802083 0.937500
vt 0.791667 0.937500
vt 0.781250 0.937500
vt 0.770833 0.937500
vt 0.760417 0.937500
vt 0.750000 0.937500
vt 0.739583 0.937500
vt 0.729167 0.937500
vt 0.718750 0.937500
vt 0.708333 0.937500
vt 0.697917 0.937500
vt 0.687500 0.937500
vt 0.677083 0.937500
vt 0.666667 0.937500
vt 0.656250 0.937500
vt 0.645833 0.937500
vt 0.635417 0.937500
vt 0.625000 0.937500
vt 0.614583 0.937500
vt 0.604167 0.937500
vt 0.593750 0.937500
vt 0.583333 0.937500
vt 0.572917 0.937500
vt 0.562500 0.937500
vt 0.552083 0.937500
vt 0.541667 0.937500
vt 0.531250 0.937500
vt 0.520833 0.937500
vt 0.510417 0.937500
vt 0.500000 0.937500
vt 0.489583 0.937500
vt 0.479167 0.937500
vt 0.468750 0.937500
vt 0.458333 0.937500
vt 0.447917 0.937500
vt 0.437500 0.937500
vt 0.427083 0.937500
vt 0.416667 0.937500
vt 0.406250 0.937500
vt 0.395833 0.937500
vt 0.385417 0.937500
vt 0.375000 0.937500
vt 0.364583 0.937500
vt 0.354167 0.937500
vt 0.343750 0.937500
vt 0.333333 0.937500
vt 0.322917 0.937500
vt 0.312500 0.937500
vt 0.302083 0.937500
vt 0.291667 0.937500
vt 0.281250 0.937500
vt 0.270833 0.937500
vt 0.260417 0.937500
vt 0.250000 0.937500
vt 0.239583 0.937500
vt 0.229167 0.937500
vt 0.218750 0.937500
vt 0.208333 0.937500
vt 0.197917 0.937500
vt 0.187500 0.937500
vt 0.177083 0.937500
vt 0.166667 0.937500
vt 0.156250 0.937500
vt 0.145833 0.937500
vt 0.135417 0.937500
vt 0.125000 0.937500
vt 0.114583 0.937500
vt 0.104167 0.937500
vt 0.093750 0.937500
vt 0.083333 0.937500
vt 0.072917 0.937500
vt 0.062500 0.937500
vt 0.052083 0.937500
vt 0.041667 0.937500
vt 0.031250 0.937500
vt 0.020833 0.937500
vt 0.010417 0.937500
vt 0.000000 0.937500
vt 1.000000 0.916667
vt 0.989583 0.916667
vt 0.979167 0.916667
vt 0.968750 0.916667
vt 0.958333 0.916667
vt 0.947917 0.916667
vt 0.937500 0.916667
vt 0.927083 0.916667
vt 0.916667 0.916667
vt 0.906250 0.916667
vt 0.895833 0.916667
vt 0.885417 0.916667
vt 0.875000 0.916667
vt 0.864583 0.916667
vt 0.854167 0.916667
vt 0.843750 0.916667
vt 0.833333 0.916667
vt 0.822917 0.916667
vt 0.812500 0.916667
vt 0.802083 0.916667
vt 0.791667 0.916667
vt 0.781250 0.916667
vt 0.770833 0.916667
vt 0.760417 0.916667
vt 0.750000 0.916667
vt 0.739583 0.916667
vt 0.729167 0.916667
vt 0.718750 0.916667
vt 0.708333 0.916667
vt 0.697917 0.916667
vt 0.687500 0.916667
vt 0.677083 0.916667
vt 0.666667 0.916667
vt 0.656250 0.916667
vt 0.645833 0.916667
vt 0.635417 0.916667
vt 0.625000 0.916667
vt 0.614583 0.916667
vt 0.604167 0.916667
vt 0.593750 0.916667
vt 0.583333 0.916667
vt 0.572917 0.916667
vt 0.562500 0.916667
vt 0.552083 0.916667
vt 0.541667 0.916667
vt 0.531250 0.916667
vt 0.520833 0.916667
vt 0.510417 0.916667
vt 0.500000 0.916667
vt 0.489583 0.916667
vt 0.479167 0.916667
vt 0.468750 0.916667
vt 0.458333 0.916667
vt 0.447917 0.916667
vt 0.437500 0.916667
vt 0.427083 0.916667
vt 0.416667 0.916667
vt 0.406250 0.916667
vt 0.395833 0.916667
vt 0.385417 0.916667
vt 0.375000 0.916667
vt 0.364583 0.916667
vt 0.354167 0.916667
vt 0.343750 0.916667
vt 0.333333 0.916667
vt 0.322917 0.916667
vt 0.312500 0.916667
vt 0.302083 0.916667
vt 0.291667 0.916667
vt 0.281250 0.916667
vt 0.270833 0.916667
vt 0.260417 0.916667
vt 0.250000 0.916667
vt 0.239583 0.916667
vt 0.229167 0.916667
vt 0.218750 0.916667
vt 0.208333 0.916667
vt 0.197917 0.916667
vt 0.187500 0.916667
vt 0.177083 0.916667
vt 0.166667 0.916667
vt 0.156250 0.916667
vt 0.145833 0.916667
vt 0.135417 0.916667
vt 0.125000 0.916667
vt 0.114583 0.916667
vt 0.104167 0.916667
vt 0.093750 0.916667
vt 0.083333 0.916667
vt 0.072917 0.916667
vt 0.062500 0.916667
vt 0.052083 0.916667
vt 0.041667 0.916667
vt 0.031250 0.916667
vt 0.020833 0.916667
vt 0.010417 0.916667
vt 0.000000 0.916667
vt 1.000000 0.895833
vt 0.989583 0.895833
vt 0.979167 0.895833
vt 0.968750 0.895833
vt 0.958333 0.895833
vt 0.947917 0.895833
vt 0.937500 0.895833
vt 0.927083 0.895833
vt 0.916667 0.895833
vt 0.906250 0.895833
vt 0.895833 0.895833
vt 0.885417 0.895833
vt 0.875000 0.895833
vt 0.864583 0.895833
vt 0.854167 0.895833
vt 0.843750 0.895833
vt 0.833333 0.895833
vt 0.822917 0.895833
vt 0.812500 0.895833
vt 0.802083 0.895833
vt 0.791667 0.895833
vt 0.781250 0.895833
vt 0.770833 0.895833
vt 0.760417 0.895833
vt 0.750000 0.895833
vt 0.739583 0.895833
vt 0.729167 0.895833
vt 0.718750 0.895833
vt 0.708333 0.895833
vt 0.697917 0.895833
vt 0.687500 0.895833
vt 0.677083 0.895833
vt 0.666667 0.895833
vt 0.656250 0.895833
vt 0.645833 0.895833
vt 0.635417 0.895833
vt 0.625000 0.895833
vt 0.614583 0.895833
vt 0.604167 0.895833
vt 0.593750 0.895833
vt 0.583333 0.895833
vt 0.572917 0.895833
vt 0.562500 0.895833
vt 0.552083 0.895833
vt 0.541667 0.895833
vt 0.531250 0.895833
vt 0.520833 0.895833
vt 0.510417 0.895833
vt 0.500000 0.895833
vt 0.489583 0.895833
vt 0.479167 0.895833
vt 0.468750 0.895833
vt 0.458333 0.895833
vt 0.447917 0.895833
vt 0.437500 0.895833
vt 0.427083 0.895833
vt 0.416667 0.895833
vt 0.406250 0.895833
vt 0.395833 0.895833
vt 0.385417 0.895833
vt 0.375000 0.895833
vt 0.364583 0.895833
vt 0.354167 0.895833
vt 0.343750 0.895833
vt 0.333333 0.895833
vt 0.322917 0.895833
vt 0.312500 0.895833
vt 0.302083 0.895833
vt 0.291667 0.895833
vt 0.281250 0.895833
vt 0.270833 0.895833
vt 0.260417 0.895833
vt 0.250000 0.895833
vt 0.239583 0.895833
vt 0.229167 0.895833
vt 0.218750 0.895833
vt 0.208333 0.895833
vt 0.197917 0.895833
vt 0.187500 0.895833
vt 0.177083 0.895833
vt 0.166667 0.895833
vt 0.156250 0.895833
vt 0.145833 0.895833
vt 0.135417 0.895833
vt 0.125000 0.895833
vt 0.114583 0.895833
vt 0.104167 0.895833
vt 0.093750 0.895833
vt 0.083333 0.895833
vt 0.072917 0.895833
vt 0.062500 0.895833
vt 0.052083 0.895833
vt 0.041667 0.895833
vt 0.031250 0.895833
vt 0.020833 0.895833
vt 0.010417 0.895833
vt 0.000000 0.895833
vt 1.000000 0.875000
vt 0.989583 0.875000
vt 0.979167 0.875000
vt 0.968750 0.875000
vt 0.958333 0.875000
vt 0.947917 0.875000
vt 0.937500 0.875000
vt 0.927083 0.875000
vt 0.916667 0.875000
vt 0.906250 0.875000
vt 0.895833 0.875000
vt 0.885417 0.875000
vt 0.875000 0.875000
vt 0.864583 0.875000
vt 0.854167 0.875000
vt 0.843750 0.875000
vt 0.833333 0.875000
vt 0.822917 0.875000
vt 0.812500 0.875000
vt 0.802083 0.875000
vt 0.791667 0.875000
vt 0.781250 0.875000
vt 0.770833 0.875000
vt 0.760417 0.875000
vt 0.750000 0.875000
vt 0.739583 0.875000
vt 0.729167 0.875000
vt 0.718750 0.875000
vt 0.708333 0.875000
vt 0.697917 0.875000
vt 0.687500 0.875000
vt 0.677083 0.875000
vt 0.666667 0.875000
vt 0.656250 0.875000
vt 0.645833 0.875000
vt 0.635417 0.875000
vt 0.625000 0.875000
vt 0.614583 0.875000
vt 0.604167 0.875000
vt 0.593750 0.875000
vt 0.583333 0.875000
vt 0.572917 0.875000
vt 0.562500 0.875000
vt 0.552083 0.875000
vt 0.541667 0.875000
vt 0.531250 0.875000
vt 0.520833 0.875000
vt 0.510417 0.875000
vt 0.500000 0.875000
vt 0.489583 0.875000
vt 0.479167 0.875000
vt 0.468750 0.875000
vt 0.458333 0.875000
vt 0.447917 0.875000
vt 0.437500 0.875000
vt 0.427083 0.875000
vt 0.416667 0.875000
vt 0.406250 0.875000
vt 0.395833 0.875000
vt 0.385417 0.875000
vt 0.375000 0.875000
vt 0.364583 0.875000
vt 0.354167 0.875000
vt 0.343750 0.875000
vt 0.333333 0.875000
vt 0.322917 0.875000
vt 0.312500 0.875000
vt 0.302083 0.875000
vt 0.291667 0.875000
vt 0.281250 0.875000
vt 0.270833 0.875000
vt 0.260417 0.875000
vt 0.250000 0.875000
vt 0.239583 0.875000
vt 0.229167 0.875000
vt 0.218750 0.875000
vt 0.208333 0.875000
vt 0.197917 0.875000
vt 0.187500 0.875000
vt 0.177083 0.875000
vt 0.166667 0.875000
vt 0.156250 0.875000
vt 0.145833 0.875000
vt 0.135417 0.875000
vt 0.125000 0.875000
vt 0.114583 0.875000
vt 0.104167 0.875000
vt 0.093750 0.875000
vt 0.083333 0.875000
vt 0.072917 0.875000
vt 0.062500 0.875000
vt 0.052083 0.875000
vt 0.041667 0.875000
vt 0.031250 0.875000
vt 0.020833 0.875000
vt 0.010417 0.875000
vt 0.000000 0.875000
vt 1.000000 0.854167
vt 0.989583 0.854167
vt 0.979167 0.854167
vt 0.968750 0.854167
vt 0.958333 0.854167
vt 0.947917 0.854167
vt 0.937500 0.854167
vt 0.927083 0.854167
vt 0.916667 0.854167
vt 0.906250 0.854167
vt 0.895833 0.854167
vt 0.885417 0.854167
vt 0.875000 0.854167
vt 0.864583 0.854167
vt 0.854167 0.854167
vt 0.843750 0.854167
vt 0.833333 0.854167
vt 0.822917 0.854167
vt 0.812500 0.854167
vt 0.802083 0.854167
vt 0.791667 0.854167
vt 0.781250 0.854167
vt 0.770833 0.854167
vt 0.760417 0.854167
vt 0.750000 0.854167
vt 0.739583 0.854167
vt 0.729167 0.854167
vt 0.718750 0.854167
vt 0.708333 0.854167
vt 0.697917 0.854167
vt 0.687500 0.854167
vt 0.677083 0.854167
vt 0.666667 0.854167
vt 0.656250 0.854167
vt 0.645833 0.854167
vt 0.635417 0.854167
vt 0.625000 0.854167
vt 0.614583 0.854167
vt 0.604167 0.854167
vt 0.593750 0.854167
vt 0.583333 0.854167
vt 0.572917 0.854167
vt 0.562500 0.854167
vt 0.552083 0.854167
vt 0.541667 0.854167
vt 0.531250 0.854167
vt 0.520833 0.854167
vt 0.510417 0.854167
vt 0.500000 0.854167
vt 0.489583 0.854167
vt 0.479167 0.854167
vt 0.468750 0.854167
vt 0.458333 0.854167
vt 0.447917 0.854167
vt 0.437500 0.854167
vt 0.427083 0.854167
vt 0.416667 0.854167
vt 0.406250 0.854167
vt 0.395833 0.854167
vt 0.385417 0.854167
vt 0.375000 0.854167
vt 0.364583 0.854167
vt 0.354167 0.854167
vt 0.343750 0.854167
vt 0.333333 0.854167
vt 0.322917 0.854167
vt 0.312500 0.854167
vt 0.302083 0.854167
vt 0.291667 0.854167
vt 0.281250 0.854167
vt 0.270833 0.854167
vt 0.260417 0.854167
vt 0.250000 0.854167
vt 0.239583 0.854167
vt 0.229167 0.854167
vt 0.218750 0.854167
vt 0.208333 0.854167
vt 0.197917 0.854167
vt 0.187500 0.854167
vt 0.177083 0.854167
vt 0.166667 0.854167
vt 0.156250 0.854167
vt 0.145833 0.854167
vt 0.135417 0.854167
vt 0.125000 0.854167
vt 0.114583 0.854167
vt 0.104167 0.854167
vt 0.093750 0.854167
vt 0.083333 0.854167
vt 0.072917 0.854167
vt 0.062500 0.854167
vt 0.052083 0.854167
vt 0.041667 0.854167
vt 0.031250 0.854167
vt 0.020833 0.854167
vt 0.010417 0.854167
vt 0.000000 0.854167
vt 1.000000 0.833333
vt 0.989583 0.833333
vt 0.979167 0.833333
vt 0.968750 0.833333
vt 0.958333 0.833333
vt 0.947917 0.833333
vt 0.937500 0.833333
vt 0.927083 0.833333
vt 0.916667 0.833333
vt 0.906250 0.833333
vt 0.895833 0.833333
vt 0.885417 0.833333
vt 0.875000 0.833333
vt 0.864583 0.833333
vt 0.854167 0.833333
vt 0.843750 0.833333
vt 0.833333 0.833333
vt 0.822917 0.833333
vt 0.812500 0.833333
vt 0.802083 0.833333
vt 0.791667 0.833333
vt 0.781250 0.833333
vt 0.770833 0.833333
vt 0.760417 0.833333
vt 0.750000 0.833333
vt 0.739583 0.833333
vt 0.729167 0.833333
vt 0.718750 0.833333
vt 0.708333 0.833333
vt 0.697917 0.833333
vt 0.687500 0.833333
vt 0.677083 0.833333
vt 0.666667 0.833333
vt 0.656250 0.833333
vt 0.645833 0.833333
vt 0.635417 0.833333
vt 0.625000 0.833333
vt 0.614583 0.833333
vt 0.604167 0.833333
vt 0.593750 0.833333
vt 0.583333 0.833333
vt 0.572917 0.833333
vt 0.562500 0.833333
vt 0.552083 0.833333
vt 0.541667 0.833333
vt 0.531250 0.833333
vt 0.520833 0.833333
vt 0.510417 0.833333
vt 0.500000 0.833333
vt 0.489583 0.833333
vt 0.479167 0.833333
vt 0.468750 0.833333
vt 0.458333 0.833333
vt 0.447917 0.833333
vt 0.437500 0.833333
vt 0.427083 0.833333
vt 0.416667 0.833333
vt 0.406250 0.833333
vt 0.395833 0.833333
vt 0.385417 0.833333
vt 0.375000 0.833333
vt 0.364583 0.833333
vt 0.354167 0.833333
vt 0.343750 0.833333
vt 0.333333 0.833333
vt 0.322917 0.833333
vt 0.312500 0.833333
vt 0.302083 0.833333
vt 0.291667 0.833333
vt 0.281250 0.833333
vt 0.270833 0.833333
vt 0.260417 0.833333
vt 0.250000 0.833333
vt 0.239583 0.833333
vt 0.229167 0.833333
vt 0.218750 0.833333
vt 0.208333 0.833333
vt 0.197917 0.833333
vt 0.187500 0.833333
vt 0.177083 0.833333
vt 0.166667 0.833333
vt 0.156250 0.833333
vt 0.145833 0.833333
vt 0.135417 0.833333
vt 0.125000 0.833333
vt 0.114583 0.833333
vt 0.104167 0.833333
vt 0.093750 0.833333
vt 0.083333 0.833333
vt 0.072917 0.833333
vt 0.062500 0.833333
vt 0.052083 0.833333
vt 0.041667 0.833333
vt 0.031250 0.833333
vt 0.020833 0.833333
vt 0.010417 0.833333
vt 0.000000 0.833333
vt 1.000000 0.812500
vt 0.989583 0.812500
vt 0.979167 0.812500
vt 0.968750 0.812500
vt 0.958333 0.812500
vt 0.947917 0.812500
vt 0.937500 0.812500
vt 0.927083 0.812500
vt 0.916667 0.812500
vt 0.906250 0.812500
vt 0.895833 0.812500
vt 0.885417 0.812500
vt 0.875000 0.812500
vt 0.864583 0.812500
vt 0.854167 0.812500
vt 0.843750 0.812500
vt 0.833333 0.812500
vt 0.822917 0.812500
vt 0.812500 0.812500
vt 0.802083 0.812500
vt 0.791667 0.812500
vt 0.781250 0.812500
vt 0.770833 0.812500
vt 0.760417 0.812500
vt 0.750000 0.812500
vt 0.739583 0.812500
vt 0.729167 0.812500
vt 0.718750 0.812500
vt 0.708333 0.812500
vt 0.697917 0.812500
vt 0.687500 0.812500
vt 0.677083 0.812500
vt 0.666667 0.812500
vt 0.656250 0.812500
vt 0.645833 0.812500
vt 0.635417 0.812500
vt 0.625000 0.812500
vt 0.614583 0.812500
vt 0.604167 0.812500
vt 0.593750 0.812500
vt 0.583333 0.812500
vt 0.572917 0.812500
vt 0.562500 0.812500
vt 0.552083 0.812500
vt 0.541667 0.812500
vt 0.531250 0.812500
vt 0.520833 0.812500
vt 0.510417 0.812500
vt 0.500000 0.812500
vt 0.489583 0.812500
vt 0.479167 0.812500
vt 0.468750 0.812500
vt 0.458333 0.812500
vt 0.447917 0.812500
vt 0.437500 0.812500
vt 0.427083 0.812500
vt 0.416667 0.812500
vt 0.406250 0.812500
vt 0.395833 0.812500
vt 0.385417 0.812500
vt 0.375000 0.812500
vt 0.364583 0.812500
vt 0.354167 0.812500
vt 0.343750 0.812500
vt 0.333333 0.812500
vt 0.322917 0.812500
vt 0.312500 0.812500
vt 0.302083 0.812500
vt 0.291667 0.812500
vt 0.281250 0.812500
vt 0.270833 0.812500
vt 0.260417 0.812500
vt 0.250000 0.812500
vt 0.239583 0.812500
vt 0.229167 0.812500
vt 0.218750 0.812500
vt 0.208333 0.812500
vt 0.197917 0.812500
vt 0.187500 0.812500
vt 0.177083 0.812500
vt 0.166667 0.812500
vt 0.156250 0.812500
vt 0.145833 0.812500
vt 0.135417 0.812500
vt 0.125000 0.812500
vt 0.114583 0.812500
vt 0.104167 0.812500
vt 0.093750 0.812500
vt 0.083333 0.812500
vt 0.072917 0.812500
vt 0.062500 0.812500
vt 0.052083 0.812500
vt 0.041667 0.812500
vt 0.031250 0.812500
vt 0.020833 0.812500
vt 0.010417 0.812500
vt 0.000000 0.812500
vt 1.000000 0.791667
vt 0.989583 0.791667
vt 0.979167 0.791667
vt 0.968750 0.791667
vt 0.958333 0.791667
vt 0.947917 0.791667
vt 0.937500 0.791667
vt 0.927083 0.791667
vt 0.916667 0.791667
vt 0.906250 0.791667
vt 0.895833 0.791667
vt 0.885417 0.791667
vt 0.875000 0.791667
vt 0.864583 0.791667
vt 0.854167 0.791667
vt 0.843750 0.791667
vt 0.833333 0.791667
vt 0.822917 0.791667
vt 0.812500 0.791667
vt 0.802083 0.791667
vt 0.791667 0.791667
vt 0.781250 0.791667
vt 0.770833 0.791667
vt 0.760417 0.791667
vt 0.750000 0.791667
vt 0.739583 0.791667
vt 0.729167 0.791667
vt 0.718750 0.791667
vt 0.708333 0.791667
vt 0.697917 0.791667
vt 0.687500 0.791667
vt 0.677083 0.791667
vt 0.666667 0.791667
vt 0.656250 0.791667
vt 0.645833 0.791667
vt 0.635417 0.791667
vt 0.625000 0.791667
vt 0.614583 0.791667
vt 0.604167 0.791667
vt 0.593750 0.791667
vt 0.583333 0.791667
vt 0.572917 0.791667
vt 0.562500 0.791667
vt 0.552083 0.791667
vt 0.541667 0.791667
vt 0.531250 0.791667
vt 0.520833 0.791667
vt 0.510417 0.791667
vt 0.500000 0.791667
vt 0.489583 0.791667
vt 0.479167 0.791667
vt 0.468750 0.791667
vt 0.458333 0.791667
vt 0.447917 0.791667
vt 0.437500 0.791667
vt 0.427083 0.791667
vt 0.416667 0.791667
vt 0.406250 0.791667
vt 0.395833 0.791667
vt 0.385417 0.791667
vt 0.375000 0.791667
vt 0.364583 0.791667
vt 0.354167 0.791667
vt 0.343750 0.791667
vt 0.333333 0.791667
vt 0.322917 0.791667
vt 0.312500 0.791667
vt 0.302083 0.791667
vt 0.291667 0.791667
vt 0.281250 0.791667
vt 0.270833 0.791667
vt 0.260417 0.791667
vt 0.250000 0.791667
vt 0.239583 0.791667
vt 0.229167 0.791667
vt 0.218750 0.791667
vt 0.208333 0.791667
vt 0.197917 0.791667
vt 0.187500 0.791667
vt 0.177083 0.791667
vt 0.166667 0.791667
vt 0.156250 0.791667
vt 0.145833 0.791667
vt 0.135417 0.791667
vt 0.125000 0.791667
vt 0.114583 0.791667
vt 0.104167 0.791667
vt 0.093750 0.791667
vt 0.083333 0.791667
vt 0.072917 0.791667
vt 0.062500 0.791667
vt 0.052083 0.791667
vt 0.041667 0.791667
vt 0.031250 0.791667
vt 0.020833 0.791667
vt 0.010417 0.791667
vt 0.000000 0.791667
vt 1.000000 0.770833
vt 0.989583 0.770833
vt 0.979167 0.770833
vt 0.968750 0.770833
vt 0.958333 0.770833
vt 0.947917 0.770833
vt 0.937500 0.770833
vt 0.927083 0.770833
vt 0.916667 0.770833
vt 0.906250 0.770833
vt 0.895833 0.770833
vt 0.885417 0.770833
vt 0.875000 0.770833
vt 0.864583 0.770833
vt 0.854167 0.770833
vt 0.843750 0.770833
vt 0.833333 0.770833
vt 0.822917 0.770833
vt 0.812500 0.770833
vt 0.802083 0.770833
vt 0.791667 0.770833
vt 0.781250 0.770833
vt 0.770833 0.770833
vt 0.760417 0.770833
vt 0.750000 0.770833
vt 0.739583 0.770833
vt 0.729167 0.770833
vt 0.718750 0.770833
vt 0.708333 0.770833
vt 0.697917 0.770833
vt 0.687500 0.770833
vt 0.677083 0.770833
vt 0.666667 0.770833
vt 0.656250 0.770833
vt 0.645833 0.770833
vt 0.635417 0.770833
vt 0.625000 0.770833
vt 0.614583 0.770833
vt 0.604167 0.770833
vt 0.593750 0.770833
vt 0.583333 0.770833
vt 0.572917 0.770833
vt 0.562500 0.770833
vt 0.552083 0.770833
vt 0.541667 0.770833
vt 0.531250 0.770833
vt 0.520833 0.770833
vt 0.510417 0.770833
vt 0.500000 0.770833
vt 0.489583 0.770833
vt 0.479167 0.770833
vt 0.468750 0.770833
vt 0.458333 0.770833
vt 0.447917 0.770833
vt 0.437500 0.770833
vt 0.427083 0.770833
vt 0.416667 0.770833
vt 0.406250 0.770833
vt 0.395833 0.770833
vt 0.385417 0.770833
vt 0.375000 0.770833
vt 0.364583 0.770833
vt 0.354167 0.770833
vt 0.343750 0.770833
vt 0.333333 0.770833
vt 0.322917 0.770833
vt 0.312500 0.770833
vt 0.302083 0.770833
vt 0.291667 0.770833
vt 0.281250 0.770833
vt 0.270833 0.770833
vt 0.260417 0.770833
vt 0.250000 0.770833
vt 0.239583 0.770833
vt 0.229167 0.770833
vt 0.218750 0.770833
vt 0.208333 0.770833
vt 0.197917 0.770833
vt 0.187500 0.770833
vt 0.177083 0.770833
vt 0.166667 0.770833
vt 0.156250 0.770833
vt 0.145833 0.770833
vt 0.135417 0.770833
vt 0.125000 0.770833
vt 0.114583 0.770833
vt 0.104167 0.770833
vt 0.093750 0.770833
vt 0.083333 0.770833
vt 0.072917 0.770833
vt 0.062500 0.770833
vt 0.052083 0.770833
vt 0.041667 0.770833
vt 0.031250 0.770833
vt 0.020833 0.770833
vt 0.010417 0.770833
vt 0.000000 0.770833
vt 1.000000 0.750000
vt 0.989583 0.750000
vt 0.979167 0.750000
vt 0.968750 0.750000
vt 0.958333 0.750000
vt 0.947917 0.750000
vt 0.937500 0.750000
vt 0.927083 0.750000
vt 0.916667 0.750000
vt 0.906250 0.750000
vt 0.895833 0.750000
vt 0.885417 0.750000
vt 0.875000 0.750000
vt 0.864583 0.750000
vt 0.854167 0.750000
vt 0.843750 0.750000
vt 0.833333 0.750000
vt 0.822917 0.750000
vt 0.812500 0.750000
vt 0.802083 0.750000
vt 0.791667 0.750000
vt 0.781250 0.750000
vt 0.770833 0.750000
vt 0.760417 0.750000
vt 0.750000 0.750000
vt 0.739583 0.750000
vt 0.729167 0.750000
vt 0.718750 0.750000
vt 0.708333 0.750000
vt 0.697917 0.750000
vt 0.687500 0.750000
vt 0.677083 0.750000
vt 0.666667 0.750000
vt 0.656250 0.750000
vt 0.645833 0.750000
vt 0.635417 0.750000
vt 0.625000 0.750000
vt 0.614583 0.750000
vt 0.604167 0.750000
vt 0.593750 0.750000
vt 0.583333 0.750000
vt 0.572917 0.750000
vt 0.562500 0.750000
vt 0.552083 0.750000
vt 0.541667 0.750000
vt 0.531250 0.750000
vt 0.520833 0.750000
vt 0.510417 0.750000
vt 0.500000 0.750000
vt 0.489583 0.750000
vt 0.479167 0.750000
vt 0.468750 0.750000
vt 0.458333 0.750000
vt 0.447917 0.750000
vt 0.437500 0.750000
vt 0.427083 0.750000
vt 0.416667 0.750000
vt 0.406250 0.750000
vt 0.395833 0.750000
vt 0.385417 0.750000
vt 0.375000 0.750000
vt 0.364583 0.750000
vt 0.354167 0.750000
vt 0.343750 0.750000
vt 0.333333 0.750000
vt 0.322917 0.750000
vt 0.312500 0.750000
vt 0.302083 0.750000
vt 0.291667 0.750000
vt 0.281250 0.750000
vt 0.270833 0.750000
vt 0.260417 0.750000
vt 0.250000 0.750000
vt 0.239583 0.750000
vt 0.229167 0.750000
vt 0.218750 0.750000
vt 0.208333 0.750000
vt 0.197917 0.750000
vt 0.187500 0.750000
vt 0.177083 0.750000
vt 0.166667 0.750000
vt 0.156250 0.750000
vt 0.145833 0.750000
vt 0.135417 0.750000
vt 0.125000 0.750000
vt 0.114583 0.750000
vt 0.104167 0.750000
vt 0.093750 0.750000
vt 0.083333 0.750000
vt 0.072917 0.750000
vt 0.062500 0.750000
vt 0.052083 0.750000
vt 0.041667 0.750000
vt 0.031250 0.750000
vt 0.020833 0.750000
vt 0.010417 0.750000
vt 0.000000 0.750000
vt 1.000000 0.729167
vt 0.989583 0.729167
vt 0.979167 0.729167
vt 0.968750 0.729167
vt 0.958333 0.729167
vt 0.947917 0.729167
vt 0.937500 0.729167
vt 0.927083 0.729167
vt 0.916667 0.729167
vt 0.906250 0.729167
vt 0.895833 0.729167
vt 0.885417 0.729167
vt 0.875000 0.729167
vt 0.864583 0.729167
vt 0.854167 0.729167
vt 0.843750 0.729167
vt 0.833333 0.729167
vt 0.822917 0.729167
vt 0.812500 0.729167
vt 0.802083 0.729167
vt 0.791667 0.729167
vt 0.781250 0.729167
vt 0.770833 0.729167
vt 0.760417 0.729167
vt 0.750000 0.729167
vt 0.739583 0.729167
vt 0.729167 0.729167
vt 0.718750 0.729167
vt 0.708333 0.729167
vt 0.697917 0.729167
vt 0.687500 0.729167
vt 0.677083 0.729167
vt 0.666667 0.729167
vt 0.656250 0.729167
vt 0.645833 0.729167
vt 0.635417 0.729167
vt 0.625000 0.729167
vt 0.614583 0.729167
vt 0.604167 0.729167
vt 0.593750 0.729167
vt 0.583333 0.729167
vt 0.572917 0.729167
vt 0.562500 0.729167
vt 0.552083 0.729167
vt 0.541667 0.729167
vt 0.531250 0.729167
vt 0.520833 0.729167
vt 0.510417 0.729167
vt 0.500000 0.729167
vt 0.489583 0.729167
vt 0.479167 0.729167
vt 0.468750 0.729167
vt 0.458333 0.729167
vt 0.447917 0.729167
vt 0.437500 0.729167
vt 0.427083 0.729167
vt 0.416667 0.729167
vt 0.406250 0.729167
vt 0.395833 0.729167
vt 0.385417 0.729167
vt 0.375000 0.729167
vt 0.364583 0.729167
vt 0.354167 0.729167
vt 0.343750 0.729167
vt 0.333333 0.729167
vt 0.322917 0.729167
vt 0.312500 0.729167
vt 0.302083 0.729167
vt 0.291667 0.729167
vt 0.281250 0.729167
vt 0.270833 0.729167
vt 0.260417 0.729167
vt 0.250000 0.729167
vt 0.239583 0.729167
vt 0.229167 0.729167
vt 0.218750 0.729167
vt 0.208333 0.729167
vt 0.197917 0.729167
vt 0.187500 0.729167
vt 0.177083 0.729167
vt 0.166667 0.729167
vt 0.156250 0.729167
vt 0.145833 0.729167
vt 0.135417 0.729167
vt 0.125000 0.729167
vt 0.114583 0.729167
vt 0.104167 0.729167
vt 0.093750 0.729167
vt 0.083333 0.729167
vt 0.072917 0.729167
vt 0.062500 0.729167
vt 0.052083 0.729167
vt 0.041667 0.729167
vt 0.031250 0.729167
vt 0.020833 0.729167
vt 0.010417 0.729167
vt 0.000000 0.729167
vt 1.000000 0.708333
vt 0.989583 0.708333
vt 0.979167 0.708333
vt 0.968750 0.708333
vt 0.958333 0.708333
vt 0.947917 0.708333
vt 0.937500 0.708333
vt 0.927083 0.708333
vt 0.916667 0.708333
vt 0.906250 0.708333
vt 0.895833 0.708333
vt 0.885417 0.708333
vt 0.875000 0.708333
vt 0.864583 0.708333
vt 0.854167 0.708333
vt 0.843750 0.708333
vt 0.833333 0.708333
vt 0.822917 0.708333
vt 0.812500 0.708333
vt 0.802083 0.708333
vt 0.791667 0.708333
vt 0.781250 0.708333
vt 0.770833 0.708333
vt 0.760417 0.708333
vt 0.750000 0.708333
vt 0.739583 0.708333
vt 0.729167 0.708333
vt 0.718750 0.708333
vt 0.708333 0.708333
vt 0.697917 0.708333
vt 0.687500 0.708333
vt 0.677083 0.708333
vt 0.666667 0.708333
vt 0.656250 0.708333
vt 0.645833 0.708333
vt 0.635417 0.708333
vt 0.625000 0.708333
vt 0.614583 0.708333
vt 0.604167 0.708333
vt 0.593750 0.708333
vt 0.583333 0.708333
vt 0.572917 0.708333
vt 0.562500 0.708333
vt 0.552083 0.708333
vt 0.541667 0.708333
vt 0.531250 0.708333
vt 0.520833 0.708333
vt 0.510417 0.708333
vt 0.500000 0.708333
vt 0.489583 0.708333
vt 0.479167 0.708333
vt 0.468750 0.708333
vt 0.458333 0.708333
vt 0.447917 0.708333
vt 0.437500 0.708333
vt 0.427083 0.708333
vt 0.416667 0.708333
vt 0.406250 0.708333
vt 0.395833 0.708333
vt 0.385417 0.708333
vt 0.375000 0.708333
vt 0.364583 0.708333
vt 0.354167 0.708333
vt 0.343750 0.708333
vt 0.333333 0.708333
vt 0.322917 0.708333
vt 0.312500 0.708333
vt 0.302083 0.708333
vt 0.291667 0.708333
vt 0.281250 0.708333
vt 0.270833 0.708333
vt 0.260417 0.708333
vt 0.250000 0.708333
vt 0.239583 0.708333
vt 0.229167 0.708333
vt 0.218750 0.708333
vt 0.208333 0.708333
vt 0.197917 0.708333
vt 0.187500 0.708333
vt 0.177083 0.708333
vt 0.166667 0.708333
vt 0.156250 0.708333
vt 0.145833 0.708333
vt 0.135417 0.708333
vt 0.125000 0.708333
vt 0.114583 0.708333
vt 0.104167 0.708333
vt 0.093750 0.708333
vt 0.083333 0.708333
vt 0.072917 0.708333
vt 0.062500 0.708333
vt 0.052083 0.708333
vt 0.041667 0.708333
vt 0.031250 0.708333
vt 0.020833 0.708333
vt 0.010417 0.708333
vt 0.000000 0.708333
vt 1.000000 0.687500
vt 0.989583 0.687500
vt 0.979167 0.687500
vt 0.968750 0.687500
vt 0.958333 0.687500
vt 0.947917 0.687500
vt 0.937500 0.687500
vt 0.927083 0.687500
vt 0.916667 0.687500
vt 0.906250 0.687500
vt 0.895833 0.687500
vt 0.885417 0.687500
vt 0.875000 0.687500
vt 0.864583 0.687500
vt 0.854167 0.687500
vt 0.843750 0.687500
vt 0.833333 0.687500
vt 0.822917 0.687500
vt 0.812500 0.687500
vt 0.802083 0.687500
vt 0.791667 0.687500
vt 0.781250 0.687500
vt 0.770833 0.687500
vt 0.760417 0.687500
vt 0.750000 0.687500
vt 0.739583 0.687500
vt 0.729167 0.687500
vt 0.718750 0.687500
vt 0.708333 0.687500
vt 0.697917 0.687500
vt 0.687500 0.687500
vt 0.677083 0.687500
vt 0.666667 0.687500
vt 0.656250 0.687500
vt 0.645833 0.687500
vt 0.635417 0.687500
vt 0.625000 0.687500
vt 0.614583 0.687500
vt 0.604167 0.687500
vt 0.593750 0.687500
vt 0.583333 0.687500
vt 0.572917 0.687500
vt 0.562500 0.687500
vt 0.552083 0.687500
vt 0.541667 0.687500
vt 0.531250 0.687500
vt 0.520833 0.687500
vt 0.510417 0.687500
vt 0.500000 0.687500
vt 0.489583 0.687500
vt 0.479167 0.687500
vt 0.468750 0.687500
vt 0.458333 0.687500
vt 0.447917 0.687500
vt 0.437500 0.687500
vt 0.427083 0.687500
vt 0.416667 0.687500
vt 0.406250 0.687500
vt 0.395833 0.687500
vt 0.385417 0.687500
vt 0.375000 0.687500
vt 0.364583 0.687500
vt 0.354167 0.687500
vt 0.343750 0.687500
vt 0.333333 0.687500
vt 0.322917 0.687500
vt 0.312500 0.687500
vt 0.302083 0.687500
vt 0.291667 0.687500
vt 0.281250 0.687500
vt 0.270833 0.687500
vt 0.260417 0.687500
vt 0.250000 0.687500
vt 0.239583 0.687500
vt 0.229167 0.687500
vt 0.218750 0.687500
vt 0.208333 0.687500
vt 0.197917 0.687500
vt 0.187500 0.687500
vt 0.177083 0.687500
vt 0.166667 0.687500
vt 0.156250 0.687500
vt 0.145833 0.687500
vt 0.135417 0.687500
vt 0.125000 0.687500
vt 0.114583 0.687500
vt 0.104167 0.687500
vt 0.093750 0.687500
vt 0.083333 0.687500
vt 0.072917 0.687500
vt 0.062500 0.687500
vt 0.052083 0.687500
vt 0.041667 0.687500
vt 0.031250 0.687500
vt 0.020833 0.687500
vt 0.010417 0.687500
vt 0.000000 0.687500
vt 1.000000 0.666667
vt 0.989583 0.666667
vt 0.979167 0.666667
vt 0.968750 0.666667
vt 0.958333 0.666667
vt 0.947917 0.666667
vt 0.937500 0.666667
vt 0.927083 0.666667
vt 0.916667 0.666667
vt 0.906250 0.666667
vt 0.895833 0.666667
vt 0.885417 0.666667
vt 0.875000 0.666667
vt 0.864583 0.666667
vt 0.854167 0.666667
vt 0.843750 0.666667
vt 0.833333 0.666667
vt 0.822917 0.666667
vt 0.812500 0.666667
vt 0.802083 0.666667
vt 0.791667 0.666667
vt 0.781250 0.666667
vt 0.770833 0.666667
vt 0.760417 0.666667
vt 0.750000 0.666667
vt 0.739583 0.666667
vt 0.729167 0.666667
vt 0.718750 0.666667
vt 0.708333 0.666667
vt 0.697917 0.666667
vt 0.687500 0.666667
vt 0.677083 0.666667
vt 0.666667 0.666667
vt 0.656250 0.666667
vt 0.645833 0.666667
vt 0.635417 0.666667
vt 0.625000 0.666667
vt 0.614583 0.666667
vt 0.604167 0.666667
vt 0.593750 0.666667
vt 0.583333 0.666667
vt 0.572917 0.666667
vt 0.562500 0.666667
vt 0.552083 0.666667
vt 0.541667 0.666667
vt 0.531250 0.666667
vt 0.520833 0.666667
vt 0.510417 0.666667
vt 0.500000 0.666667
vt 0.489583 0.666667
vt 0.479167 0.666667
vt 0.468750 0.666667
vt 0.458333 0.666667
vt 0.447917 0.666667
vt 0.437500 0.666667
vt 0.427083 0.666667
vt 0.416667 0.666667
vt 0.406250 0.666667
vt 0.395833 0.666667
vt 0.385417 0.666667
vt 0.375000 0.666667
vt 0.364583 0.666667
vt 0.354167 0.666667
vt 0.343750 0.666667
vt 0.333333 0.666667
vt 0.322917 0.666667
vt 0.312500 0.666667
vt 0.302083 0.666667
vt 0.291667 0.666667
vt 0.281250 0.666667
vt 0.270833 0.666667
vt 0.260417 0.666667
vt 0.250000 0.666667
vt 0.239583 0.666667
vt 0.229167 0.666667
vt 0.218750 0.666667
vt 0.208333 0.666667
vt 0.197917 0.666667
vt 0.187500 0.666667
vt 0.177083 0.666667
vt 0.166667 0.666667
vt 0.156250 0.666667
vt 0.145833 0.666667
vt 0.135417 0.666667
vt 0.125000 0.666667
vt 0.114583 0.666667
vt 0.104167 0.666667
vt 0.093750 0.666667
vt 0.083333 0.666667
vt 0.072917 0.666667
vt 0.062500 0.666667
vt 0.052083 0.666667
vt 0.041667 0.666667
vt 0.031250 0.666667
vt 0.020833 0.666667
vt 0.010417 0.666667
vt 0.000000 0.666667
vt 1.000000 0.645833
vt 0.989583 0.645833
vt 0.979167 0.645833
vt 0.968750 0.645833
vt 0.958333 0.645833
vt 0.947917 0.645833
vt 0.937500 0.645833
vt 0.927083 0.645833
vt 0.916667 0.645833
vt 0.906250 0.645833
vt 0.895833 0.645833
vt 0.885417 0.645833
vt 0.875000 0.645833
vt 0.864583 0.645833
vt 0.854167 0.645833
vt 0.843750 0.645833
vt 0.833333 0.645833
vt 0.822917 0.645833
vt 0.812500 0.645833
vt 0.802083 0.645833
vt 0.791667 0.645833
vt 0.781250 0.645833
vt 0.770833 0.645833
vt 0.760417 0.645833
vt 0.750000 0.645833
vt 0.739583 0.645833
vt 0.729167 0.645833
vt 0.718750 0.645833
vt 0.708333 0.645833
vt 0.697917 0.645833
vt 0.687500 0.645833
vt 0.677083 0.645833
vt 0.666667 0.645833
vt 0.656250 0.645833
vt 0.645833 0.645833
vt 0.635417 0.645833
vt 0.625000 0.645833
vt 0.614583 0.645833
vt 0.604167 0.645833
vt 0.593750 0.645833
vt 0.583333 0.645833
vt 0.572917 0.645833
vt 0.562500 0.645833
vt 0.552083 0.645833
vt 0.541667 0.645833
vt 0.531250 0.645833
vt 0.520833 0.645833
vt 0.510417 0.645833
vt 0.500000 0.645833
vt 0.489583 0.645833
vt 0.479167 0.645833
vt 0.468750 0.645833
vt 0.458333 0.645833
vt 0.447917 0.645833
vt 0.437500 0.645833
vt 0.427083 0.645833
vt 0.416667 0.645833
vt 0.406250 0.645833
vt 0.395833 0.645833
vt 0.385417 0.645833
vt 0.375000 0.645833
vt 0.364583 0.645833
vt 0.354167 0.645833
vt 0.343750 0.645833
vt 0.333333 0.645833
vt 0.322917 0.645833
vt 0.312500 0.645833
vt 0.302083 0.645833
vt 0.291667 0.645833
vt 0.281250 0.645833
vt 0.270833 0.645833
vt 0.260417 0.645833
vt 0.250000 0.645833
vt 0.239583 0.645833
vt 0.229167 0.645833
vt 0.218750 0.645833
vt 0.208333 0.645833
vt 0.197917 0.645833
vt 0.187500 0.645833
vt 0.177083 0.645833
vt 0.166667 0.645833
vt 0.156250 0.645833
vt 0.145833 0.645833
vt 0.135417 0.645833
vt 0.125000 0.645833
vt 0.114583 0.645833
vt 0.104167 0.645833
vt 0.093750 0.645833
vt 0.083333 0.645833
vt 0.072917 0.645833
vt 0.062500 0.645833
vt 0.052083 0.645833
vt 0.041667 0.645833
vt 0.031250 0.645833
vt 0.020833 0.645833
vt 0.010417 0.645833
vt 0.000000 0.645833
vt 1.000000 0.625000
vt 0.989583 0.625000
vt 0.979167 0.625000
vt 0.968750 0.625000
vt 0.958333 0.625000
vt 0.947917 0.625000
vt 0.937500 0.625000
vt 0.927083 0.625000
vt 0.916667 0.625000
vt 0.906250 0.625000
vt 0.895833 0.625000
vt 0.885417 0.625000
vt 0.875000 0.625000
vt 0.864583 0.625000
vt 0.854167 0.625000
vt 0.843750 0.625000
vt 0.833333 0.625000
vt 0.822917 0.625000
vt 0.812500 0.625000
vt 0.802083 0.625000
vt 0.791667 0.625000
vt 0.781250 0.625000
vt 0.770833 0.625000
vt 0.760417 0.625000
vt 0.750000 0.625000
vt 0.739583 0.625000
vt 0.729167 0.625000
vt 0.718750 0.625000
vt 0.708333 0.625000
vt 0.697917 0.625000
vt 0.687500 0.625000
vt 0.677083 0.625000
vt 0.666667 0.625000
vt 0.656250 0.625000
vt 0.645833 0.625000
vt 0.635417 0.625000
vt 0.625000 0.625000
vt 0.614583 0.625000
vt 0.604167 0.625000
vt 0.593750 0.625000
vt 0.583333 0.625000
vt 0.572917 0.625000
vt 0.562500 0.625000
vt 0.552083 0.625000
vt 0.541667 0.625000
vt 0.531250 0.625000
vt 0.520833 0.625000
vt 0.510417 0.625000
vt 0.500000 0.625000
vt 0.489583 0.625000
vt 0.479167 0.625000
vt 0.468750 0.625000
vt 0.458333 0.625000
vt 0.447917 0.625000
vt 0.437500 0.625000
vt 0.427083 0.625000
vt 0.416667 0.625000
vt 0.406250 0.625000
vt 0.395833 0.625000
vt 0.385417 0.625000
vt 0.375000 0.625000
vt 0.364583 0.625000
vt 0.354167 0.625000
vt 0.343750 0.625000
vt 0.333333 0.625000
vt 0.322917 0.625000
vt 0.312500 0.625000
vt 0.302083 0.625000
vt 0.291667 0.625000
vt 0.281250 0.625000
vt 0.270833 0.625000
vt 0.260417 0.625000
vt 0.250000 0.625000
vt 0.239583 0.625000
vt 0.229167 0.625000
vt 0.218750 0.625000
vt 0.208333 0.625000
vt 0.197917 0.625000
vt 0.187500 0.625000
vt 0.177083 0.625000
vt 0.166667 0.625000
vt 0.156250 0.625000
vt 0.145833 0.625000
vt 0.135417 0.625000
vt 0.125000 0.625000
vt 0.114583 0.625000
vt 0.104167 0.625000
vt 0.093750 0.625000
vt 0.083333 0.625000
vt 0.072917 0.625000
vt 0.062500 0.625000
vt 0.052083 0.625000
vt 0.041667 0.625000
vt 0.031250 0.625000
vt 0.020833 0.625000
vt 0.010417 0.625000
vt 0.000000 0.625000
vt 1.000000 0.604167
vt 0.989583 0.604167
vt 0.979167 0.604167
vt 0.968750 0.604167
vt 0.958333 0.604167
vt 0.947917 0.604167
vt 0.937500 0.604167
vt 0.927083 0.604167
vt 0.916667 0.604167
vt 0.906250 0.604167
vt 0.895833 0.604167
vt 0.885417 0.604167
vt 0.875000 0.604167
vt 0.864583 0.604167
vt 0.854167 0.604167
vt 0.843750 0.604167
vt 0.833333 0.604167
vt 0.822917 0.604167
vt 0.812500 0.604167
vt 0.802083 0.604167
vt 0.791667 0.604167
vt 0.781250 0.604167
vt 0.770833 0.604167
vt 0.760417 0.604167
vt 0.750000 0.604167
vt 0.739583 0.604167
vt 0.729167 0.604167
vt 0.718750 0.604167
vt 0.708333 0.604167
vt 0.697917 0.604167
vt 0.687500 0.604167
vt 0.677083 0.604167
vt 0.666667 0.604167
vt 0.656250 0.604167
vt 0.645833 0.604167
vt 0.635417 0.604167
vt 0.625000 0.604167
vt 0.614583 0.604167
vt 0.604167 0.604167
vt 0.593750 0.604167
vt 0.583333 0.604167
vt 0.572917 0.604167
vt 0.562500 0.604167
vt 0.552083 0.604167
vt 0.541667 0.604167
vt 0.531250 0.604167
vt 0.520833 0.604167
vt 0.510417 0.604167
vt 0.500000 0.604167
vt 0.489583 0.604167
vt 0.479167 0.604167
vt 0.468750 0.604167
vt 0.458333 0.604167
vt 0.447917 0.604167
vt 0.437500 0.604167
vt 0.427083 0.604167
vt 0.416667 0.604167
vt 0.406250 0.604167
vt 0.395833 0.604167
vt 0.385417 0.604167
vt 0.375000 0.604167
vt 0.364583 0.604167
vt 0.354167 0.604167
vt 0.343750 0.604167
vt 0.333333 0.604167
vt 0.322917 0.604167
vt 0.312500 0.604167
vt 0.302083 0.604167
vt 0.291667 0.604167
vt 0.281250 0.604167
vt 0.270833 0.604167
vt 0.260417 0.604167
vt 0.250000 0.604167
vt 0.239583 0.604167
vt 0.229167 0.604167
vt 0.218750 0.604167
vt 0.208333 0.604167
vt 0.197917 0.604167
vt 0.187500 0.604167
vt 0.177083 0.604167
vt 0.166667 0.604167
vt 0.156250 0.604167
vt 0.145833 0.604167
vt 0.135417 0.604167
vt 0.125000 0.604167
vt 0.114583 0.604167
vt 0.104167 0.604167
vt 0.093750 0.604167
vt 0.083333 0.604167
vt 0.072917 0.604167
vt 0.062500 0.604167
vt 0.052083 0.604167
vt 0.041667 0.604167
vt 0.031250 0.604167
vt 0.020833 0.604167
vt 0.010417 0.604167
vt 0.000000 0.604167
vt 1.000000 0.583333
vt 0.989583 0.583333
vt 0.979167 0.583333
vt 0.968750 0.583333
vt 0.958333 0.583333
vt 0.947917 0.583333
vt 0.937500 0.583333
vt 0.927083 0.583333
vt 0.916667 0.583333
vt 0.906250 0.583333
vt 0.895833 0.583333
vt 0.885417 0.583333
vt 0.875000 0.583333
vt 0.864583 0.583333
vt 0.854167 0.583333
vt 0.843750 0.583333
vt 0.833333 0.583333
vt 0.822917 0.583333
vt 0.812500 0.583333
vt 0.802083 0.583333
vt 0.791667 0.583333
vt 0.781250 0.583333
vt 0.770833 0.583333
vt 0.760417 0.583333
vt 0.750000 0.583333
vt 0.739583 0.583333
vt 0.729167 0.583333
vt 0.718750 0.583333
vt 0.708333 0.583333
vt 0.697917 0.583333
vt 0.687500 0.583333
vt 0.677083 0.583333
vt 0.666667 0.583333
vt 0.656250 0.583333
vt 0.645833 0.583333
vt 0.635417 0.583333
vt 0.625000 0.583333
vt 0.614583 0.583333
vt 0.604167 0.583333
vt 0.593750 0.583333
vt 0.583333 0.583333
vt 0.572917 0.583333
vt 0.562500 0.583333
vt 0.552083 0.583333
vt 0.541667 0.583333
vt 0.531250 0.583333
vt 0.520833 0.583333
vt 0.510417 0.583333
vt 0.500000 0.583333
vt 0.489583 0.583333
vt 0.479167 0.583333
vt 0.468750 0.583333
vt 0.458333 0.583333
vt 0.447917 0.583333
vt 0.437500 0.583333
vt 0.427083 0.583333
vt 0.416667 0.583333
vt 0.406250 0.583333
vt 0.395833 0.583333
vt 0.385417 0.583333
vt 0.375000 0.583333
vt 0.364583 0.583333
vt 0.354167 0.583333
vt 0.343750 0.583333
vt 0.333333 0.583333
vt 0.322917 0.583333
vt 0.312500 0.583333
vt 0.302083 0.583333
vt 0.291667 0.583333
vt 0.281250 0.583333
vt 0.270833 0.583333
vt 0.260417 0.583333
vt 0.250000 0.583333
vt 0.239583 0.583333
vt 0.229167 0.583333
vt 0.218750 0.583333
vt 0.208333 0.583333
vt 0.197917 0.583333
vt 0.187500 0.583333
vt 0.177083 0.583333
vt 0.166667 0.583333
vt 0.156250 0.583333
vt 0.145833 0.583333
vt 0.135417 0.583333
vt 0.125000 0.583333
vt 0.114583 0.583333
vt 0.104167 0.583333
vt 0.093750 0.583333
vt 0.083333 0.583333
vt 0.072917 0.583333
vt 0.062500 0.583333
vt 0.052083 0.583333
vt 0.041667 0.583333
vt 0.031250 0.583333
vt 0.020833 0.583333
vt 0.010417 0.583333
vt 0.000000 0.583333
vt 1.000000 0.562500
vt 0.989583 0.562500
vt 0.979167 0.562500
vt 0.968750 0.562500
vt 0.958333 0.562500
vt 0.947917 0.562500
vt 0.937500 0.562500
vt 0.927083 0.562500
vt 0.916667 0.562500
vt 0.906250 0.562500
vt 0.895833 0.562500
vt 0.885417 0.562500
vt 0.875000 0.562500
vt 0.864583 0.562500
vt 0.854167 0.562500
vt 0.843750 0.562500
vt 0.833333 0.562500
vt 0.822917 0.562500
vt 0.812500 0.562500
vt 0.802083 0.562500
vt 0.791667 0.562500
vt 0.781250 0.562500
vt 0.770833 0.562500
vt 0.760417 0.562500
vt 0.750000 0.562500
vt 0.739583 0.562500
vt 0.729167 0.562500
vt 0.718750 0.562500
vt 0.708333 0.562500
vt 0.697917 0.562500
vt 0.687500 0.562500
vt 0.677083 0.562500
vt 0.666667 0.562500
vt 0.656250 0.562500
vt 0.645833 0.562500
vt 0.635417 0.562500
vt 0.625000 0.562500
vt 0.614583 0.562500
vt 0.604167 0.562500
vt 0.593750 0.562500
vt 0.583333 0.562500
vt 0.572917 0.562500
vt 0.562500 0.562500
vt 0.552083 0.562500
vt 0.541667 0.562500
vt 0.531250 0.562500
vt 0.520833 0.562500
vt 0.510417 0.562500
vt 0.500000 0.562500
vt 0.489583 0.562500
vt 0.479167 0.562500
vt 0.468750 0.562500
vt 0.458333 0.562500
vt 0.447917 0.562500
vt 0.437500 0.562500
vt 0.427083 0.562500
vt 0.416667 0.562500
vt 0.406250 0.562500
vt 0.395833 0.562500
vt 0.385417 0.562500
vt 0.375000 0.562500
vt 0.364583 0.562500
vt 0.354167 0.562500
vt 0.343750 0.562500
vt 0.333333 0.562500
vt 0.322917 0.562500
vt 0.312500 0.562500
vt 0.302083 0.562500
vt 0.291667 0.562500
vt 0.281250 0.562500
vt 0.270833 0.562500
vt 0.260417 0.562500
vt 0.250000 0.562500
vt 0.239583 0.562500
vt 0.229167 0.562500
vt 0.218750 0.562500
vt 0.208333 0.562500
vt 0.197917 0.562500
vt 0.187500 0.562500
vt 0.177083 0.562500
vt 0.166667 0.562500
vt 0.156250 0.562500
vt 0.145833 0.562500
vt 0.135417 0.562500
vt 0.125000 0.562500
vt 0.114583 0.562500
vt 0.104167 0.562500
vt 0.093750 0.562500
vt 0.083333 0.562500
vt 0.072917 0.562500
vt 0.062500 0.562500
vt 0.052083 0.562500
vt 0.041667 0.562500
vt 0.031250 0.562500
vt 0.020833 0.562500
vt 0.010417 0.562500
vt 0.000000 0.562500
vt 1.000000 0.541667
vt 0.989583 0.541667
vt 0.979167 0.541667
vt 0.968750 0.541667
vt 0.958333 0.541667
vt 0.947917 0.541667
vt 0.937500 0.541667
vt 0.927083 0.541667
vt 0.916667 0.541667
vt 0.906250 0.541667
vt 0.895833 0.541667
vt 0.885417 0.541667
vt 0.875000 0.541667
vt 0.864583 0.541667
vt 0.854167 0.541667
vt 0.843750 0.541667
vt 0.833333 0.541667
vt 0.822917 0.541667
vt 0.812500 0.541667
vt 0.802083 0.541667
vt 0.791667 0.541667
vt 0.781250 0.541667
vt 0.770833 0.541667
vt 0.760417 0.541667
vt 0.750000 0.541667
vt 0.739583 0.541667
vt 0.729167 0.541667
vt 0.718750 0.541667
vt 0.708333 0.541667
vt 0.697917 0.541667
vt 0.687500 0.541667
vt 0.677083 0.541667
vt 0.666667 0.541667
vt 0.656250 0.541667
vt 0.645833 0.541667
vt 0.635417 0.541667
vt 0.625000 0.541667
vt 0.614583 0.541667
vt 0.604167 0.541667
vt 0.593750 0.541667
vt 0.583333 0.541667
vt 0.572917 0.541667
vt 0.562500 0.541667
vt 0.552083 0.541667
vt 0.541667 0.541667
vt 0.531250 0.541667
vt 0.520833 0.541667
vt 0.510417 0.541667
vt 0.500000 0.541667
vt 0.489583 0.541667
vt 0.479167 0.541667
vt 0.468750 0.541667
vt 0.458333 0.541667
vt 0.447917 0.541667
vt 0.437500 0.541667
vt 0.427083 0.541667
vt 0.416667 0.541667
vt 0.406250 0.541667
vt 0.395833 0.541667
vt 0.385417 0.541667
vt 0.375000 0.541667
vt 0.364583 0.541667
vt 0.354167 0.541667
vt 0.343750 0.541667
vt 0.333333 0.541667
vt 0.322917 0.541667
vt 0.312500 0.541667
vt 0.302083 0.541667
vt 0.291667 0.541667
vt 0.281250 0.541667
vt 0.270833 0.541667
vt 0.260417 0.541667
vt 0.250000 0.541667
vt 0.239583 0.541667
vt 0.229167 0.541667
vt 0.218750 0.541667
vt 0.208333 0.541667
vt 0.197917 0.541667
vt 0.187500 0.541667
vt 0.177083 0.541667
vt 0.166667 0.541667
vt 0.156250 0.541667
vt 0.145833 0.541667
vt 0.135417 0.541667
vt 0.125000 0.541667
vt 0.114583 0.541667
vt 0.104167 0.541667
vt 0.093750 0.541667
vt 0.083333 0.541667
vt 0.072917 0.541667
vt 0.062500 0.541667
vt 0.052083 0.541667
vt 0.041667 0.541667
vt 0.031250 0.541667
vt 0.020833 0.541667
vt 0.010417 0.541667
vt 0.000000 0.541667
vt 1.000000 0.520833
vt 0.989583 0.520833
vt 0.979167 0.520833
vt 0.968750 0.520833
vt 0.958333 0.520833
vt 0.947917 0.520833
vt 0.937500 0.520833
vt 0.927083 0.520833
vt 0.916667 0.520833
vt 0.906250 0.520833
vt 0.895833 0.520833
vt 0.885417 0.520833
vt 0.875000 0.520833
vt 0.864583 0.520833
vt 0.854167 0.520833
vt 0.843750 0.520833
vt 0.833333 0.520833
vt 0.822917 0.520833
vt 0.812500 0.520833
vt 0.802083 0.520833
vt 0.791667 0.520833
vt 0.781250 0.520833
vt 0.770833 0.520833
vt 0.760417 0.520833
vt 0.750000 0.520833
vt 0.739583 0.520833
vt 0.729167 0.520833
vt 0.718750 0.520833
vt 0.708333 0.520833
vt 0.697917 0.520833
vt 0.687500 0.520833
vt 0.677083 0.520833
vt 0.666667 0.520833
vt 0.656250 0.520833
vt 0.645833 0.520833
vt 0.635417 0.520833
vt 0.625000 0.520833
vt 0.614583 0.520833
vt 0.604167 0.520833
vt 0.593750 0.520833
vt 0.583333 0.520833
vt 0.572917 0.520833
vt 0.562500 0.520833
vt 0.552083 0.520833
vt 0.541667 0.520833
vt 0.531250 0.520833
vt 0.520833 0.520833
vt 0.510417 0.520833
vt 0.500000 0.520833
vt 0.489583 0.520833
vt 0.479167 0.520833
vt 0.468750 0.520833
vt 0.458333 0.520833
vt 0.447917 0.520833
vt 0.437500 0.520833
vt 0.427083 0.520833
vt 0.416667 0.520833
vt 0.406250 0.520833
vt 0.395833 0.520833
vt 0.385417 0.520833
vt 0.375000 0.520833
vt 0.364583 0.520833
vt 0.354167 0.520833
vt 0.343750 0.520833
vt 0.333333 0.520833
vt 0.322917 0.520833
vt 0.312500 0.520833
vt 0.302083 0.520833
vt 0.291667 0.520833
vt 0.281250 0.520833
vt 0.270833 0.520833
vt 0.260417 0.520833
vt 0.250000 0.520833
vt 0.239583 0.520833
vt 0.229167 0.520833
vt 0.218750 0.520833
vt 0.208333 0.520833
vt 0.197917 0.520833
vt 0.187500 0.520833
vt 0.177083 0.520833
vt 0.166667 0.520833
vt 0.156250 0.520833
vt 0.145833 0.520833
vt 0.135417 0.520833
vt 0.125000 0.520833
vt 0.114583 0.520833
vt 0.104167 0.520833
vt 0.093750 0.520833
vt 0.083333 0.520833
vt 0.072917 0.520833
vt 0.062500 0.520833
vt 0.052083 0.520833
vt 0.041667 0.520833
vt 0.031250 0.520833
vt 0.020833 0.520833
vt 0.010417 0.520833
vt 0.000000 0.520833
vt 1.000000 0.500000
vt 0.989583 0.500000
vt 0.979167 0.500000
vt 0.968750 0.500000
vt 0.958333 0.500000
vt 0.947917 0.500000
vt 0.937500 0.500000
vt 0.927083 0.500000
vt 0.916667 0.500000
vt 0.906250 0.500000
vt 0.895833 0.500000
vt 0.885417 0.500000
vt 0.875000 0.500000
vt 0.864583 0.500000
vt 0.854167 0.500000
vt 0.843750 0.500000
vt 0.833333 0.500000
vt 0.822917 0.500000
vt 0.812500 0.500000
vt 0.802083 0.500000
vt 0.791667 0.500000
vt 0.781250 0.500000
vt 0.770833 0.500000
vt 0.760417 0.500000
vt 0.750000 0.500000
vt 0.739583 0.500000
vt 0.729167 0.500000
vt 0.718750 0.500000
vt 0.708333 0.500000
vt 0.697917 0.500000
vt 0.687500 0.500000
vt 0.677083 0.500000
vt 0.666667 0.500000
vt 0.656250 0.500000
vt 0.645833 0.500000
vt 0.635417 0.500000
vt 0.625000 0.500000
vt 0.614583 0.500000
vt 0.604167 0.500000
vt 0.593750 0.500000
vt 0.583333 0.500000
vt 0.572917 0.500000
vt 0.562500 0.500000
vt 0.552083 0.500000
vt 0.541667 0.500000
vt 0.531250 0.500000
vt 0.520833 0.500000
vt 0.510417 0.500000
vt 0.500000 0.500000
vt 0.489583 0.500000
vt 0.479167 0.500000
vt 0.468750 0.500000
vt 0.458333 0.500000
vt 0.447917 0.500000
vt 0.437500 0.500000
vt 0.427083 0.500000
vt 0.416667 0.500000
vt 0.406250 0.500000
vt 0.395833 0.500000
vt 0.385417 0.500000
vt 0.375000 0.500000
vt 0.364583 0.500000
vt 0.354167 0.500000
vt 0.343750 0.500000
vt 0.333333 0.500000
vt 0.322917 0.500000
vt 0.312500 0.500000
vt 0.302083 0.500000
vt 0.291667 0.500000
vt 0.281250 0.500000
vt 0.270833 0.500000
vt 0.260417 0.500000
vt 0.250000 0.500000
vt 0.239583 0.500000
vt 0.229167 0.500000
vt 0.218750 0.500000
vt 0.208333 0.500000
vt 0.197917 0.500000
vt 0.187500 0.500000
vt 0.177083 0.500000
vt 0.166667 0.500000
vt 0.156250 0.500000
vt 0.145833 0.500000
vt 0.135417 0.500000
vt 0.125000 0.500000
vt 0.114583 0.500000
vt 0.104167 0.500000
vt 0.093750 0.500000
vt 0.083333 0.500000
vt 0.072917 0.500000
vt 0.062500 0.500000
vt 0.052083 0.500000
vt 0.041667 0.500000
vt 0.031250 0.500000
vt 0.020833 0.500000
vt 0.010417 0.500000
vt 0.000000 0.500000
vt 1.000000 0.479167
vt 0.989583 0.479167
vt 0.979167 0.479167
vt 0.968750 0.479167
vt 0.958333 0.479167
vt 0.947917 0.479167
vt 0.937500 0.479167
vt 0.927083 0.479167
vt 0.916667 0.479167
vt 0.906250 0.479167
vt 0.895833 0.479167
vt 0.885417 0.479167
vt 0.875000 0.479167
vt 0.864583 0.479167
vt 0.854167 0.479167
vt 0.843750 0.479167
vt 0.833333 0.479167
vt 0.822917 0.479167
vt 0.812500 0.479167
vt 0.802083 0.479167
vt 0.791667 0.479167
vt 0.781250 0.479167
vt 0.770833 0.479167
vt 0.760417 0.479167
vt 0.750000 0.479167
vt 0.739583 0.479167
vt 0.729167 0.479167
vt 0.718750 0.479167
vt 0.708333 0.479167
vt 0.697917 0.479167
vt 0.687500 0.479167
vt 0.677083 0.479167
vt 0.666667 0.479167
vt 0.656250 0.479167
vt 0.645833 0.479167
vt 0.635417 0.479167
vt 0.625000 0.479167
vt 0.614583 0.479167
vt 0.604167 0.479167
vt 0.593750 0.479167
vt 0.583333 0.479167
vt 0.572917 0.479167
vt 0.562500 0.479167
vt 0.552083 0.479167
vt 0.541667 0.479167
vt 0.531250 0.479167
vt 0.520833 0.479167
vt 0.510417 0.479167
vt 0.500000 0.479167
vt 0.489583 0.479167
vt 0.479167 0.479167
vt 0.468750 0.479167
vt 0.458333 0.479167
vt 0.447917 0.479167
vt 0.437500 0.479167
vt 0.427083 0.479167
vt 0.416667 0.479167
vt 0.406250 0.479167
vt 0.395833 0.479167
vt 0.385417 0.479167
vt 0.375000 0.479167
vt 0.364583 0.479167
vt 0.354167 0.479167
vt 0.343750 0.479167
vt 0.333333 0.479167
vt 0.322917 0.479167
vt 0.312500 0.479167
vt 0.302083 0.479167
vt 0.291667 0.479167
vt 0.281250 0.479167
vt 0.270833 0.479167
vt 0.260417 0.479167
vt 0.250000 0.479167
vt 0.239583 0.479167
vt 0.229167 0.479167
vt 0.218750 0.479167
vt 0.208333 0.479167
vt 0.197917 0.479167
vt 0.187500 0.479167
vt 0.177083 0.479167
vt 0.166667 0.479167
vt 0.156250 0.479167
vt 0.145833 0.479167
vt 0.135417 0.479167
vt 0.125000 0.479167
vt 0.114583 0.479167
vt 0.104167 0.479167
vt 0.093750 0.479167
vt 0.083333 0.479167
vt 0.072917 0.479167
vt 0.062500 0.479167
vt 0.052083 0.479167
vt 0.041667 0.479167
vt 0.031250 0.479167
vt 0.020833 0.479167
vt 0.010417 0.479167
vt 0.000000 0.479167
vt 1.000000 0.458333
vt 0.989583 0.458333
vt 0.979167 0.458333
vt 0.968750 0.458333
vt 0.958333 0.458333
vt 0.947917 0.458333
vt 0.937500 0.458333
vt 0.927083 0.458333
vt 0.916667 0.458333
vt 0.906250 0.458333
vt 0.895833 0.458333
vt 0.885417 0.458333
vt 0.875000 0.458333
vt 0.864583 0.458333
vt 0.854167 0.458333
vt 0.843750 0.458333
vt 0.833333 0.458333
vt 0.822917 0.458333
vt 0.812500 0.458333
vt 0.802083 0.458333
vt 0.791667 0.458333
vt 0.781250 0.458333
vt 0.770833 0.458333
vt 0.760417 0.458333
vt 0.750000 0.458333
vt 0.739583 0.458333
vt 0.729167 0.458333
vt 0.718750 0.458333
vt 0.708333 0.458333
vt 0.697917 0.458333
vt 0.687500 0.458333
vt 0.677083 0.458333
vt 0.666667 0.458333
vt 0.656250 0.458333
vt 0.645833 0.458333
vt 0.635417 0.458333
vt 0.625000 0.458333
vt 0.614583 0.458333
vt 0.604167 0.458333
vt 0.593750 0.458333
vt 0.583333 0.458333
vt 0.572917 0.458333
vt 0.562500 0.458333
vt 0.552083 0.458333
vt 0.541667 0.458333
vt 0.531250 0.458333
vt 0.520833 0.458333
vt 0.510417 0.458333
vt 0.500000 0.458333
vt 0.489583 0.458333
vt 0.479167 0.458333
vt 0.468750 0.458333
vt 0.458333 0.458333
vt 0.447917 0.458333
vt 0.437500 0.458333
vt 0.427083 0.458333
vt 0.416667 0.458333
vt 0.406250 0.458333
vt 0.395833 0.458333
vt 0.385417 0.458333
vt 0.375000 0.458333
vt 0.364583 0.458333
vt 0.354167 0.458333
vt 0.343750 0.458333
vt 0.333333 0.458333
vt 0.322917 0.458333
vt 0.312500 0.458333
vt 0.302083 0.458333
vt 0.291667 0.458333
vt 0.281250 0.458333
vt 0.270833 0.458333
vt 0.260417 0.458333
vt 0.250000 0.458333
vt 0.239583 0.458333
vt 0.229167 0.458333
vt 0.218750 0.458333
vt 0.208333 0.458333
vt 0.197917 0.458333
vt 0.187500 0.458333
vt 0.177083 0.458333
vt 0.166667 0.458333
vt 0.156250 0.458333
vt 0.145833 0.458333
vt 0.135417 0.458333
vt 0.125000 0.458333
vt 0.114583 0.458333
vt 0.104167 0.458333
vt 0.093750 0.458333
vt 0.083333 0.458333
vt 0.072917 0.458333
vt 0.062500 0.458333
vt 0.052083 0.458333
vt 0.041667 0.458333
vt 0.031250 0.458333
vt 0.020833 0.458333
vt 0.010417 0.458333
vt 0.000000 0.458333
vt 1.000000 0.437500
vt 0.989583 0.437500
vt 0.979167 0.437500
vt 0.968750 0.437500
vt 0.958333 0.437500
vt 0.947917 0.437500
vt 0.937500 0.437500
vt 0.927083 0.437500
vt 0.916667 0.437500
vt 0.906250 0.437500
vt 0.895833 0.437500
vt 0.885417 0.437500
vt 0.875000 0.437500
vt 0.864583 0.437500
vt 0.854167 0.437500
vt 0.843750 0.437500
vt 0.833333 0.437500
vt 0.822917 0.437500
vt 0.812500 0.437500
vt 0.802083 0.437500
vt 0.791667 0.437500
vt 0.781250 0.437500
vt 0.770833 0.437500
vt 0.760417 0.437500
vt 0.750000 0.437500
vt 0.739583 0.437500
vt 0.729167 0.437500
vt 0.718750 0.437500
vt 0.708333 0.437500
vt 0.697917 0.437500
vt 0.687500 0.437500
vt 0.677083 0.437500
vt 0.666667 0.437500
vt 0.656250 0.437500
vt 0.645833 0.437500
vt 0.635417 0.437500
vt 0.625000 0.437500
vt 0.614583 0.437500
vt 0.604167 0.437500
vt 0.593750 0.437500
vt 0.583333 0.437500
vt 0.572917 0.437500
vt 0.562500 0.437500
vt 0.552083 0.437500
vt 0.541667 0.437500
vt 0.531250 0.437500
vt 0.520833 0.437500
vt 0.510417 0.437500
vt 0.500000 0.437500
vt 0.489583 0.437500
vt 0.479167 0.437500
vt 0.468750 0.437500
vt 0.458333 0.437500
vt 0.447917 0.437500
vt 0.437500 0.437500
vt 0.427083 0.437500
vt 0.416667 0.437500
vt 0.406250 0.437500
vt 0.395833 0.437500
vt 0.385417 0.437500
vt 0.375000 0.437500
vt 0.364583 0.437500
vt 0.354167 0.437500
vt 0.343750 0.437500
vt 0.333333 0.437500
vt 0.322917 0.437500
vt 0.312500 0.437500
vt 0.302083 0.437500
vt 0.291667 0.437500
vt 0.281250 0.437500
vt 0.270833 0.437500
vt 0.260417 0.437500
vt 0.250000 0.437500
vt 0.239583 0.437500
vt 0.229167 0.437500
vt 0.218750 0.437500
vt 0.208333 0.437500
vt 0.197917 0.437500
vt 0.187500 0.437500
vt 0.177083 0.437500
vt 0.166667 0.437500
vt 0.156250 0.437500
vt 0.145833 0.437500
vt 0.135417 0.437500
vt 0.125000 0.437500
vt 0.114583 0.437500
vt 0.104167 0.437500
vt 0.093750 0.437500
vt 0.083333 0.437500
vt 0.072917 0.437500
vt 0.062500 0.437500
vt 0.052083 0.437500
vt 0.041667 0.437500
vt 0.031250 0.437500
vt 0.020833 0.437500
vt 0.010417 0.437500
vt 0.000000 0.437500
vt 1.000000 0.416667
vt 0.989583 0.416667
vt 0.979167 0.416667
vt 0.968750 0.416667
vt 0.958333 0.416667
vt 0.947917 0.416667
vt 0.937500 0.416667
vt 0.927083 0.416667
vt 0.916667 0.416667
vt 0.906250 0.416667
vt 0.895833 0.416667
vt 0.885417 0.416667
vt 0.875000 0.416667
vt 0.864583 0.416667
vt 0.854167 0.416667
vt 0.843750 0.416667
vt 0.833333 0.416667
vt 0.822917 0.416667
vt 0.812500 0.416667
vt 0.802083 0.416667
vt 0.791667 0.416667
vt 0.781250 0.416667
vt 0.770833 0.416667
vt 0.760417 0.416667
vt 0.750000 0.416667
vt 0.739583 0.416667
vt 0.729167 0.416667
vt 0.718750 0.416667
vt 0.708333 0.416667
vt 0.697917 0.416667
vt 0.687500 0.416667
vt 0.677083 0.416667
vt 0.666667 0.416667
vt 0.656250 0.416667
vt 0.645833 0.416667
vt 0.635417 0.416667
vt 0.625000 0.416667
vt 0.614583 0.416667
vt 0.604167 0.416667
vt 0.593750 0.416667
vt 0.583333 0.416667
vt 0.572917 0.416667
vt 0.562500 0.416667
vt 0.552083 0.416667
vt 0.541667 0.416667
vt 0.531250 0.416667
vt 0.520833 0.416667
vt 0.510417 0.416667
vt 0.500000 0.416667
vt 0.489583 0.416667
vt 0.479167 0.416667
vt 0.468750 0.416667
vt 0.458333 0.416667
vt 0.447917 0.416667
vt 0.437500 0.416667
vt 0.427083 0.416667
vt 0.416667 0.416667
vt 0.406250 0.416667
vt 0.395833 0.416667
vt 0.385417 0.416667
vt 0.375000 0.416667
vt 0.364583 0.416667
vt 0.354167 0.416667
vt 0.343750 0.416667
vt 0.333333 0.416667
vt 0.322917 0.416667
vt 0.312500 0.416667
vt 0.302083 0.416667
vt 0.291667 0.416667
vt 0.281250 0.416667
vt 0.270833 0.416667
vt 0.260417 0.416667
vt 0.250000 0.416667
vt 0.239583 0.416667
vt 0.229167 0.416667
vt 0.218750 0.416667
vt 0.208333 0.416667
vt 0.197917 0.416667
vt 0.187500 0.416667
vt 0.177083 0.416667
vt 0.166667 0.416667
vt 0.156250 0.416667
vt 0.145833 0.416667
vt 0.135417 0.416667
vt 0.125000 0.416667
vt 0.114583 0.416667
vt 0.104167 0.416667
vt 0.093750 0.416667
vt 0.083333 0.416667
vt 0.072917 0.416667
vt 0.062500 0.416667
vt 0.052083 0.416667
vt 0.041667 0.416667
vt 0.031250 0.416667
vt 0.020833 0.416667
vt 0.010417 0.416667
vt 0.000000 0.416667
vt 1.000000 0.395833
vt 0.989583 0.395833
vt 0.979167 0.395833
vt 0.968750 0.395833
vt 0.958333 0.395833
vt 0.947917 0.395833
vt 0.937500 0.395833
vt 0.927083 0.395833
vt 0.916667 0.395833
vt 0.906250 0.395833
vt 0.895833 0.395833
vt 0.885417 0.395833
vt 0.875000 0.395833
vt 0.864583 0.395833
vt 0.854167 0.395833
vt 0.843750 0.395833
vt 0.833333 0.395833
vt 0.822917 0.395833
vt 0.812500 0.395833
vt 0.802083 0.395833
vt 0.791667 0.395833
vt 0.781250 0.395833
vt 0.770833 0.395833
vt 0.760417 0.395833
vt 0.750000 0.395833
vt 0.739583 0.395833
vt 0.729167 0.395833
vt 0.718750 0.395833
vt 0.708333 0.395833
vt 0.697917 0.395833
vt 0.687500 0.395833
vt 0.677083 0.395833
vt 0.666667 0.395833
vt 0.656250 0.395833
vt 0.645833 0.395833
vt 0.635417 0.395833
vt 0.625000 0.395833
vt 0.614583 0.395833
vt 0.604167 0.395833
vt 0.593750 0.395833
vt 0.583333 0.395833
vt 0.572917 0.395833
vt 0.562500 0.395833
vt 0.552083 0.395833
vt 0.541667 0.395833
vt 0.531250 0.395833
vt 0.520833 0.395833
vt 0.510417 0.395833
vt 0.500000 0.395833
vt 0.489583 0.395833
vt 0.479167 0.395833
vt 0.468750 0.395833
vt 0.458333 0.395833
vt 0.447917 0.395833
vt 0.437500 0.395833
vt 0.427083 0.395833
vt 0.416667 0.395833
vt 0.406250 0.395833
vt 0.395833 0.395833
vt 0.385417 0.395833
vt 0.375000 0.395833
vt 0.364583 0.395833
vt 0.354167 0.395833
vt 0.343750 0.395833
vt 0.333333 0.395833
vt 0.322917 0.395833
vt 0.312500 0.395833
vt 0.302083 0.395833
vt 0.291667 0.395833
vt 0.281250 0.395833
vt 0.270833 0.395833
vt 0.260417 0.395833
vt 0.250000 0.395833
vt 0.239583 0.395833
vt 0.229167 0.395833
vt 0.218750 0.395833
vt 0.208333 0.395833
vt 0.197917 0.395833
vt 0.187500 0.395833
vt 0.177083 0.395833
vt 0.166667 0.395833
vt 0.156250 0.395833
vt 0.145833 0.395833
vt 0.135417 0.395833
vt 0.125000 0.395833
vt 0.114583 0.395833
vt 0.104167 0.395833
vt 0.093750 0.395833
vt 0.083333 0.395833
vt 0.072917 0.395833
vt 0.062500 0.395833
vt 0.052083 0.395833
vt 0.041667 0.395833
vt 0.031250 0.395833
vt 0.020833 0.395833
vt 0.010417 0.395833
vt 0.000000 0.395833
vt 1.000000 0.375000
vt 0.989583 0.375000
vt 0.979167 0.375000
vt 0.968750 0.375000
vt 0.958333 0.375000
vt 0.947917 0.375000
vt 0.937500 0.375000
vt 0.927083 0.375000
vt 0.916667 0.375000
vt 0.906250 0.375000
vt 0.895833 0.375000
vt 0.885417 0.375000
vt 0.875000 0.375000
vt 0.864583 0.375000
vt 0.854167 0.375000
vt 0.843750 0.375000
vt 0.833333 0.375000
vt 0.822917 0.375000
vt 0.812500 0.375000
vt 0.802083 0.375000
vt 0.791667 0.375000
vt 0.781250 0.375000
vt 0.770833 0.375000
vt 0.760417 0.375000
vt 0.750000 0.375000
vt 0.739583 0.375000
vt 0.729167 0.375000
vt 0.718750 0.375000
vt 0.708333 0.375000
vt 0.697917 0.375000
vt 0.687500 0.375000
vt 0.677083 0.375000
vt 0.666667 0.375000
vt 0.656250 0.375000
vt 0.645833 0.375000
vt 0.635417 0.375000
vt 0.625000 0.375000
vt 0.614583 0.375000
vt 0.604167 0.375000
vt 0.593750 0.375000
vt 0.583333 0.375000
vt 0.572917 0.375000
vt 0.562500 0.375000
vt 0.552083 0.375000
vt 0.541667 0.375000
vt 0.531250 0.375000
vt 0.520833 0.375000
vt 0.510417 0.375000
vt 0.500000 0.375000
vt 0.489583 0.375000
vt 0.479167 0.375000
vt 0.468750 0.375000
vt 0.458333 0.375000
vt 0.447917 0.375000
vt 0.437500 0.375000
vt 0.427083 0.375000
vt 0.416667 0.375000
vt 0.406250 0.375000
vt 0.395833 0.375000
vt 0.385417 0.375000
vt 0.375000 0.375000
vt 0.364583 0.375000
vt 0.354167 0.375000
vt 0.343750 0.375000
vt 0.333333 0.375000
vt 0.322917 0.375000
vt 0.312500 0.375000
vt 0.302083 0.375000
vt 0.291667 0.375000
vt 0.281250 0.375000
vt 0.270833 0.375000
vt 0.260417 0.375000
vt 0.250000 0.375000
vt 0.239583 0.375000
vt 0.229167 0.375000
vt 0.218750 0.375000
vt 0.208333 0.375000
vt 0.197917 0.375000
vt 0.187500 0.375000
vt 0.177083 0.375000
vt 0.166667 0.375000
vt 0.156250 0.375000
vt 0.145833 0.375000
vt 0.135417 0.375000
vt 0.125000 0.375000
vt 0.114583 0.375000
vt 0.104167 0.375000
vt 0.093750 0.375000
vt 0.083333 0.375000
vt 0.072917 0.375000
vt 0.062500 0.375000
vt 0.052083 0.375000
vt 0.041667 0.375000
vt 0.031250 0.375000
vt 0.020833 0.375000
vt 0.010417 0.375000
vt 0.000000 0.375000
vt 1.000000 0.354167
vt 0.989583 0.354167
vt 0.979167 0.354167
vt 0.968750 0.354167
vt 0.958333 0.354167
vt 0.947917 0.354167
vt 0.937500 0.354167
vt 0.927083 0.354167
vt 0.916667 0.354167
vt 0.906250 0.354167
vt 0.895833 0.354167
vt 0.885417 0.354167
vt 0.875000 0.354167
vt 0.864583 0.354167
vt 0.854167 0.354167
vt 0.843750 0.354167
vt 0.833333 0.354167
vt 0.822917 0.354167
vt 0.812500 0.354167
vt 0.802083 0.354167
vt 0.791667 0.354167
vt 0.781250 0.354167
vt 0.770833 0.354167
vt 0.760417 0.354167
vt 0.750000 0.354167
vt 0.739583 0.354167
vt 0.729167 0.354167
vt 0.718750 0.354167
vt 0.708333 0.354167
vt 0.697917 0.354167
vt 0.687500 0.354167
vt 0.677083 0.354167
vt 0.666667 0.354167
vt 0.656250 0.354167
vt 0.645833 0.354167
vt 0.635417 0.354167
vt 0.625000 0.354167
vt 0.614583 0.354167
vt 0.604167 0.354167
vt 0.593750 0.354167
vt 0.583333 0.354167
vt 0.572917 0.354167
vt 0.562500 0.354167
vt 0.552083 0.354167
vt 0.541667 0.354167
vt 0.531250 0.354167
vt 0.520833 0.354167
vt 0.510417 0.354167
vt 0.500000 0.354167
vt 0.489583 0.354167
vt 0.479167 0.354167
vt 0.468750 0.354167
vt 0.458333 0.354167
vt 0.447917 0.354167
vt 0.437500 0.354167
vt 0.427083 0.354167
vt 0.416667 0.354167
vt 0.406250 0.354167
vt 0.395833 0.354167
vt 0.385417 0.354167
vt 0.375000 0.354167
vt 0.364583 0.354167
vt 0.354167 0.354167
vt 0.343750 0.354167
vt 0.333333 0.354167
vt 0.322917 0.354167
vt 0.312500 0.354167
vt 0.302083 0.354167
vt 0.291667 0.354167
vt 0.281250 0.354167
vt 0.270833 0.354167
vt 0.260417 0.354167
vt 0.250000 0.354167
vt 0.239583 0.354167
vt 0.229167 0.354167
vt 0.218750 0.354167
vt 0.208333 0.354167
vt 0.197917 0.354167
vt 0.187500 0.354167
vt 0.177083 0.354167
vt 0.166667 0.354167
vt 0.156250 0.354167
vt 0.145833 0.354167
vt 0.135417 0.354167
vt 0.125000 0.354167
vt 0.114583 0.354167
vt 0.104167 0.354167
vt 0.093750 0.354167
vt 0.083333 0.354167
vt 0.072917 0.354167
vt 0.062500 0.354167
vt 0.052083 0.354167
vt 0.041667 0.354167
vt 0.031250 0.354167
vt 0.020833 0.354167
vt 0.010417 0.354167
vt 0.000000 0.354167
vt 1.000000 0.333333
vt 0.989583 0.333333
vt 0.979167 0.333333
vt 0.968750 0.333333
vt 0.958333 0.333333
vt 0.947917 0.333333
vt 0.937500 0.333333
vt 0.927083 0.333333
vt 0.916667 0.333333
vt 0.906250 0.333333
vt 0.895833 0.333333
vt 0.885417 0.333333
vt 0.875000 0.333333
vt 0.864583 0.333333
vt 0.854167 0.333333
vt 0.843750 0.333333
vt 0.833333 0.333333
vt 0.822917 0.333333
vt 0.812500 0.333333
vt 0.802083 0.333333
vt 0.791667 0.333333
vt 0.781250 0.333333
vt 0.770833 0.333333
vt 0.760417 0.333333
vt 0.750000 0.333333
vt 0.739583 0.333333
vt 0.729167 0.333333
vt 0.718750 0.333333
vt 0.708333 0.333333
vt 0.697917 0.333333
vt 0.687500 0.333333
vt 0.677083 0.333333
vt 0.666667 0.333333
vt 0.656250 0.333333
vt 0.645833 0.333333
vt 0.635417 0.333333
vt 0.625000 0.333333
vt 0.614583 0.333333
vt 0.604167 0.333333
vt 0.593750 0.333333
vt 0.583333 0.333333
vt 0.572917 0.333333
vt 0.562500 0.333333
vt 0.552083 0.333333
vt 0.541667 0.333333
vt 0.531250 0.333333
vt 0.520833 0.333333
vt 0.510417 0.333333
vt 0.500000 0.333333
vt 0.489583 0.333333
vt 0.479167 0.333333
vt 0.468750 0.333333
vt 0.458333 0.333333
vt 0.447917 0.333333
vt 0.437500 0.333333
vt 0.427083 0.333333
vt 0.416667 0.333333
vt 0.406250 0.333333
vt 0.395833 0.333333
vt 0.385417 0.333333
vt 0.375000 0.333333
vt 0.364583 0.333333
vt 0.354167 0.333333
vt 0.343750 0.333333
vt 0.333333 0.333333
vt 0.322917 0.333333
vt 0.312500 0.333333
vt 0.302083 0.333333
vt 0.291667 0.333333
vt 0.281250 0.333333
vt 0.270833 0.333333
vt 0.260417 0.333333
vt 0.250000 0.333333
vt 0.239583 0.333333
vt 0.229167 0.333333
vt 0.218750 0.333333
vt 0.208333 0.333333
vt 0.197917 0.333333
vt 0.187500 0.333333
vt 0.177083 0.333333
vt 0.166667 0.333333
vt 0.156250 0.333333
vt 0.145833 0.333333
vt 0.135417 0.333333
vt 0.125000 0.333333
vt 0.114583 0.333333
vt 0.104167 0.333333
vt 0.093750 0.333333
vt 0.083333 0.333333
vt 0.072917 0.333333
vt 0.062500 0.333333
vt 0.052083 0.333333
vt 0.041667 0.333333
vt 0.031250 0.333333
vt 0.020833 0.333333
vt 0.010417 0.333333
vt 0.000000 0.333333
vt 1.000000 0.312500
vt 0.989583 0.312500
vt 0.979167 0.312500
vt 0.968750 0.312500
vt 0.958333 0.312500
vt 0.947917 0.312500
vt 0.937500 0.312500
vt 0.927083 0.312500
vt 0.916667 0.312500
vt 0.906250 0.312500
vt 0.895833 0.312500
vt 0.885417 0.312500
vt 0.875000 0.312500
vt 0.864583 0.312500
vt 0.854167 0.312500
vt 0.843750 0.312500
vt 0.833333 0.312500
vt 0.822917 0.312500
vt 0.812500 0.312500
vt 0.802083 0.312500
vt 0.791667 0.312500
vt 0.781250 0.312500
vt 0.770833 0.312500
vt 0.760417 0.312500
vt 0.750000 0.312500
vt 0.739583 0.312500
vt 0.729167 0.312500
vt 0.718750 0.312500
vt 0.708333 0.312500
vt 0.697917 0.312500
vt 0.687500 0.312500
vt 0.677083 0.312500
vt 0.666667 0.312500
vt 0.656250 0.312500
vt 0.645833 0.312500
vt 0.635417 0.312500
vt 0.625000 0.312500
vt 0.614583 0.312500
vt 0.604167 0.312500
vt 0.593750 0.312500
vt 0.583333 0.312500
vt 0.572917 0.312500
vt 0.562500 0.312500
vt 0.552083 0.312500
vt 0.541667 0.312500
vt 0.531250 0.312500
vt 0.520833 0.312500
vt 0.510417 0.312500
vt 0.500000 0.312500
vt 0.489583 0.312500
vt 0.479167 0.312500
vt 0.468750 0.312500
vt 0.458333 0.312500
vt 0.447917 0.312500
vt 0.437500 0.312500
vt 0.427083 0.312500
vt 0.416667 0.312500
vt 0.406250 0.312500
vt 0.395833 0.312500
vt 0.385417 0.312500
vt 0.375000 0.312500
vt 0.364583 0.312500
vt 0.354167 0.312500
vt 0.343750 0.312500
vt 0.333333 0.312500
vt 0.322917 0.312500
vt 0.312500 0.312500
vt 0.302083 0.312500
vt 0.291667 0.312500
vt 0.281250 0.312500
vt 0.270833 0.312500
vt 0.260417 0.312500
vt 0.250000 0.312500
vt 0.239583 0.312500
vt 0.229167 0.312500
vt 0.218750 0.312500
vt 0.208333 0.312500
vt 0.197917 0.312500
vt 0.187500 0.312500
vt 0.177083 0.312500
vt 0.166667 0.312500
vt 0.156250 0.312500
vt 0.145833 0.312500
vt 0.135417 0.312500
vt 0.125000 0.312500
vt 0.114583 0.312500
vt 0.104167 0.312500
vt 0.093750 0.312500
vt 0.083333 0.312500
vt 0.072917 0.312500
vt 0.062500 0.312500
vt 0.052083 0.312500
vt 0.041667 0.312500
vt 0.031250 0.312500
vt 0.020833 0.312500
vt 0.010417 0.312500
vt 0.000000 0.312500
vt 1.000000 0.291667
vt 0.989583 0.291667
vt 0.979167 0.291667
vt 0.968750 0.291667
vt 0.958333 0.291667
vt 0.947917 0.291667
vt 0.937500 0.291667
vt 0.927083 0.291667
vt 0.916667 0.291667
vt 0.906250 0.291667
vt 0.895833 0.291667
vt 0.885417 0.291667
vt 0.875000 0.291667
vt 0.864583 0.291667
vt 0.854167 0.291667
vt 0.843750 0.291667
vt 0.833333 0.291667
vt 0.822917 0.291667
vt 0.812500 0.291667
vt 0.802083 0.291667
vt 0.791667 0.291667
vt 0.781250 0.291667
vt 0.770833 0.291667
vt 0.760417 0.291667
vt 0.750000 0.291667
vt 0.739583 0.291667
vt 0.729167 0.291667
vt 0.718750 0.291667
vt 0.708333 0.291667
vt 0.697917 0.291667
vt 0.687500 0.291667
vt 0.677083 0.291667
vt 0.666667 0.291667
vt 0.656250 0.291667
vt 0.645833 0.291667
vt 0.635417 0.291667
vt 0.625000 0.291667
vt 0.614583 0.291667
vt 0.604167 0.291667
vt 0.593750 0.291667
vt 0.583333 0.291667
vt 0.572917 0.291667
vt 0.562500 0.291667
vt 0.552083 0.291667
vt 0.541667 0.291667
vt 0.531250 0.291667
vt 0.520833 0.291667
vt 0.510417 0.291667
vt 0.500000 0.291667
vt 0.489583 0.291667
vt 0.479167 0.291667
vt 0.468750 0.291667
vt 0.458333 0.291667
vt 0.447917 0.291667
vt 0.437500 0.291667
vt 0.427083 0.291667
vt 0.416667 0.291667
vt 0.406250 0.291667
vt 0.395833 0.291667
vt 0.385417 0.291667
vt 0.375000 0.291667
vt 0.364583 0.291667
vt 0.354167 0.291667
vt 0.343750 0.291667
vt 0.333333 0.291667
vt 0.322917 0.291667
vt 0.312500 0.291667
vt 0.302083 0.291667
vt 0.291667 0.291667
vt 0.281250 0.291667
vt 0.270833 0.291667
vt 0.260417 0.291667
vt 0.250000 0.291667
vt 0.239583 0.291667
vt 0.229167 0.291667
vt 0.218750 0.291667
vt 0.208333 0.291667
vt 0.197917 0.291667
vt 0.187500 0.291667
vt 0.177083 0.291667
vt 0.166667 0.291667
vt 0.156250 0.291667
vt 0.145833 0.291667
vt 0.135417 0.291667
vt 0.125000 0.291667
vt 0.114583 0.291667
vt 0.104167 0.291667
vt 0.093750 0.291667
vt 0.083333 0.291667
vt 0.072917 0.291667
vt 0.062500 0.291667
vt 0.052083 0.291667
vt 0.041667 0.291667
vt 0.031250 0.291667
vt 0.020833 0.291667
vt 0.010417 0.291667
vt 0.000000 0.291667
vt 1.000000 0.270833
vt 0.989583 0.270833
vt 0.979167 0.270833
vt 0.968750 0.270833
vt 0.958333 0.270833
vt 0.947917 0.270833
vt 0.937500 0.270833
vt 0.927083 0.270833
vt 0.916667 0.270833
vt 0.906250 0.270833
vt 0.895833 0.270833
vt 0.885417 0.270833
vt 0.875000 0.270833
vt 0.864583 0.270833
vt 0.854167 0.270833
vt 0.843750 0.270833
vt 0.833333 0.270833
vt 0.822917 0.270833
vt 0.812500 0.270833
vt 0.802083 0.270833
vt 0.791667 0.270833
vt 0.781250 0.270833
vt 0.770833 0.270833
vt 0.760417 0.270833
vt 0.750000 0.270833
vt 0.739583 0.270833
vt 0.729167 0.270833
vt 0.718750 0.270833
vt 0.708333 0.270833
vt 0.697917 0.270833
vt 0.687500 0.270833
vt 0.677083 0.270833
vt 0.666667 0.270833
vt 0.656250 0.270833
vt 0.645833 0.270833
vt 0.635417 0.270833
vt 0.625000 0.270833
vt 0.614583 0.270833
vt 0.604167 0.270833
vt 0.593750 0.270833
vt 0.583333 0.270833
vt 0.572917 0.270833
vt 0.562500 0.270833
vt 0.552083 0.270833
vt 0.541667 0.270833
vt 0.531250 0.270833
vt 0.520833 0.270833
vt 0.510417 0.270833
vt 0.500000 0.270833
vt 0.489583 0.270833
vt 0.479167 0.270833
vt 0.468750 0.270833
vt 0.458333 0.270833
vt 0.447917 0.270833
vt 0.437500 0.270833
vt 0.427083 0.270833
vt 0.416667 0.270833
vt 0.406250 0.270833
vt 0.395833 0.270833
vt 0.385417 0.270833
vt 0.375000 0.270833
vt 0.364583 0.270833
vt 0.354167 0.270833
vt 0.343750 0.270833
vt 0.333333 0.270833
vt 0.322917 0.270833
vt 0.312500 0.270833
vt 0.302083 0.270833
vt 0.291667 0.270833
vt 0.281250 0.270833
vt 0.270833 0.270833
vt 0.260417 0.270833
vt 0.250000 0.270833
vt 0.239583 0.270833
vt 0.229167 0.270833
vt 0.218750 0.270833
vt 0.208333 0.270833
vt 0.197917 0.270833
vt 0.187500 0.270833
vt 0.177083 0.270833
vt 0.166667 0.270833
vt 0.156250 0.270833
vt 0.145833 0.270833
vt 0.135417 0.270833
vt 0.125000 0.270833
vt 0.114583 0.270833
vt 0.104167 0.270833
vt 0.093750 0.270833
vt 0.083333 0.270833
vt 0.072917 0.270833
vt 0.062500 0.270833
vt 0.052083 0.270833
vt 0.041667 0.270833
vt 0.031250 0.270833
vt 0.020833 0.270833
vt 0.010417 0.270833
vt 0.000000 0.270833
vt 1.000000 0.250000
vt 0.989583 0.250000
vt 0.979167 0.250000
vt 0.968750 0.250000
vt 0.958333 0.250000
vt 0.947917 0.250000
vt 0.937500 0.250000
vt 0.927083 0.250000
vt 0.916667 0.250000
vt 0.906250 0.250000
vt 0.895833 0.250000
vt 0.885417 0.250000
vt 0.875000 0.250000
vt 0.864583 0.250000
vt 0.854167 0.250000
vt 0.843750 0.250000
vt 0.833333 0.250000
vt 0.822917 0.250000
vt 0.812500 0.250000
vt 0.802083 0.250000
vt 0.791667 0.250000
vt 0.781250 0.250000
vt 0.770833 0.250000
vt 0.760417 0.250000
vt 0.750000 0.250000
vt 0.739583 0.250000
vt 0.729167 0.250000
vt 0.718750 0.250000
vt 0.708333 0.250000
vt 0.697917 0.250000
vt 0.687500 0.250000
vt 0.677083 0.250000
vt 0.666667 0.250000
vt 0.656250 0.250000
vt 0.645833 0.250000
vt 0.635417 0.250000
vt 0.625000 0.250000
vt 0.614583 0.250000
vt 0.604167 0.250000
vt 0.593750 0.250000
vt 0.583333 0.250000
vt 0.572917 0.250000
vt 0.562500 0.250000
vt 0.552083 0.250000
vt 0.541667 0.250000
vt 0.531250 0.250000
vt 0.520833 0.250000
vt 0.510417 0.250000
vt 0.500000 0.250000
vt 0.489583 0.250000
vt 0.479167 0.250000
vt 0.468750 0.250000
vt 0.458333 0.250000
vt 0.447917 0.250000
vt 0.437500 0.250000
vt 0.427083 0.250000
vt 0.416667 0.250000
vt 0.406250 0.250000
vt 0.395833 0.250000
vt 0.385417 0.250000
vt 0.375000 0.250000
vt 0.364583 0.250000
vt 0.354167 0.250000
vt 0.343750 0.250000
vt 0.333333 0.250000
vt 0.322917 0.250000
vt 0.312500 0.250000
vt 0.302083 0.250000
vt 0.291667 0.250000
vt 0.281250 0.250000
vt 0.270833 0.250000
vt 0.260417 0.250000
vt 0.250000 0.250000
vt 0.239583 0.250000
vt 0.229167 0.250000
vt 0.218750 0.250000
vt 0.208333 0.250000
vt 0.197917 0.250000
vt 0.187500 0.250000
vt 0.177083 0.250000
vt 0.166667 0.250000
vt 0.156250 0.250000
vt 0.145833 0.250000
vt 0.135417 0.250000
vt 0.125000 0.250000
vt 0.114583 0.250000
vt 0.104167 0.250000
vt 0.093750 0.250000
vt 0.083333 0.250000
vt 0.072917 0.250000
vt 0.062500 0.250000
vt 0.052083 0.250000
vt 0.041667 0.250000
vt 0.031250 0.250000
vt 0.020833 0.250000
vt 0.010417 0.250000
vt 0.000000 0.250000
vt 1.000000 0.229167
vt 0.989583 0.229167
vt 0.979167 0.229167
vt 0.968750 0.229167
vt 0.958333 0.229167
vt 0.947917 0.229167
vt 0.937500 0.229167
vt 0.927083 0.229167
vt 0.916667 0.229167
vt 0.906250 0.229167
vt 0.895833 0.229167
vt 0.885417 0.229167
vt 0.875000 0.229167
vt 0.864583 0.229167
vt 0.854167 0.229167
vt 0.843750 0.229167
vt 0.833333 0.229167
vt 0.822917 0.229167
vt 0.812500 0.229167
vt 0.802083 0.229167
vt 0.791667 0.229167
vt 0.781250 0.229167
vt 0.770833 0.229167
vt 0.760417 0.229167
vt 0.750000 0.229167
vt 0.739583 0.229167
vt 0.729167 0.229167
vt 0.718750 0.229167
vt 0.708333 0.229167
vt 0.697917 0.229167
vt 0.687500 0.229167
vt 0.677083 0.229167
vt 0.666667 0.229167
vt 0.656250 0.229167
vt 0.645833 0.229167
vt 0.635417 0.229167
vt 0.625000 0.229167
vt 0.614583 0.229167
vt 0.604167 0.229167
vt 0.593750 0.229167
vt 0.583333 0.229167
vt 0.572917 0.229167
vt 0.562500 0.229167
vt 0.552083 0.229167
vt 0.541667 0.229167
vt 0.531250 0.229167
vt 0.520833 0.229167
vt 0.510417 0.229167
vt 0.500000 0.229167
vt 0.489583 0.229167
vt 0.479167 0.229167
vt 0.468750 0.229167
vt 0.458333 0.229167
vt 0.447917 0.229167
vt 0.437500 0.229167
vt 0.427083 0.229167
vt 0.416667 0.229167
vt 0.406250 0.229167
vt 0.395833 0.229167
vt 0.385417 0.229167
vt 0.375000 0.229167
vt 0.364583 0.229167
vt 0.354167 0.229167
vt 0.343750 0.229167
vt 0.333333 0.229167
vt 0.322917 0.229167
vt 0.312500 0.229167
vt 0.302083 0.229167
vt 0.291667 0.229167
vt 0.281250 0.229167
vt 0.270833 0.229167
vt 0.260417 0.229167
vt 0.250000 0.229167
vt 0.239583 0.229167
vt 0.229167 0.229167
vt 0.218750 0.229167
vt 0.208333 0.229167
vt 0.197917 0.229167
vt 0.187500 0.229167
vt 0.177083 0.229167
vt 0.166667 0.229167
vt 0.156250 0.229167
vt 0.145833 0.229167
vt 0.135417 0.229167
vt 0.125000 0.229167
vt 0.114583 0.229167
vt 0.104167 0.229167
vt 0.093750 0.229167
vt 0.083333 0.229167
vt 0.072917 0.229167
vt 0.062500 0.229167
vt 0.052083 0.229167
vt 0.041667 0.229167
vt 0.031250 0.229167
vt 0.020833 0.229167
vt 0.010417 0.229167
vt 0.000000 0.229167
vt 1.000000 0.208333
vt 0.989583 0.208333
vt 0.979167 0.208333
vt 0.968750 0.208333
vt 0.958333 0.208333
vt 0.947917 0.208333
vt 0.937500 0.208333
vt 0.927083 0.208333
vt 0.916667 0.208333
vt 0.906250 0.208333
vt 0.895833 0.208333
vt 0.885417 0.208333
vt 0.875000 0.208333
vt 0.864583 0.208333
vt 0.854167 0.208333
vt 0.843750 0.208333
vt 0.833333 0.208333
vt 0.822917 0.208333
vt 0.812500 0.208333
vt 0.802083 0.208333
vt 0.791667 0.208333
vt 0.781250 0.208333
vt 0.770833 0.208333
vt 0.760417 0.208333
vt 0.750000 0.208333
vt 0.739583 0.208333
vt 0.729167 0.208333
vt 0.718750 0.208333
vt 0.708333 0.208333
vt 0.697917 0.208333
vt 0.687500 0.208333
vt 0.677083 0.208333
vt 0.666667 0.208333
vt 0.656250 0.208333
vt 0.645833 0.208333
vt 0.635417 0.208333
vt 0.625000 0.208333
vt 0.614583 0.208333
vt 0.604167 0.208333
vt 0.593750 0.208333
vt 0.583333 0.208333
vt 0.572917 0.208333
vt 0.562500 0.208333
vt 0.552083 0.208333
vt 0.541667 0.208333
vt 0.531250 0.208333
vt 0.520833 0.208333
vt 0.510417 0.208333
vt 0.500000 0.208333
vt 0.489583 0.208333
vt 0.479167 0.208333
vt 0.468750 0.208333
vt 0.458333 0.208333
vt 0.447917 0.208333
vt 0.437500 0.208333
vt 0.427083 0.208333
vt 0.416667 0.208333
vt 0.406250 0.208333
vt 0.395833 0.208333
vt 0.385417 0.208333
vt 0.375000 0.208333
vt 0.364583 0.208333
vt 0.354167 0.208333
vt 0.343750 0.208333
vt 0.333333 0.208333
vt 0.322917 0.208333
vt 0.312500 0.208333
vt 0.302083 0.208333
vt 0.291667 0.208333
vt 0.281250 0.208333
vt 0.270833 0.208333
vt 0.260417 0.208333
vt 0.250000 0.208333
vt 0.239583 0.208333
vt 0.229167 0.208333
vt 0.218750 0.208333
vt 0.208333 0.208333
vt 0.197917 0.208333
vt 0.187500 0.208333
vt 0.177083 0.208333
vt 0.166667 0.208333
vt 0.156250 0.208333
vt 0.145833 0.208333
vt 0.135417 0.208333
vt 0.125000 0.208333
vt 0.114583 0.208333
vt 0.104167 0.208333
vt 0.093750 0.208333
vt 0.083333 0.208333
vt 0.072917 0.208333
vt 0.062500 0.208333
vt 0.052083 0.208333
vt 0.041667 0.208333
vt 0.031250 0.208333
vt 0.020833 0.208333
vt 0.010417 0.208333
vt 0.000000 0.208333
vt 1.000000 0.187500
vt 0.989583 0.187500
vt 0.979167 0.187500
vt 0.968750 0.187500
vt 0.958333 0.187500
vt 0.947917 0.187500
vt 0.937500 0.187500
vt 0.927083 0.187500
vt 0.916667 0.187500
vt 0.906250 0.187500
vt 0.895833 0.187500
vt 0.885417 0.187500
vt 0.875000 0.187500
vt 0.864583 0.187500
vt 0.854167 0.187500
vt 0.843750 0.187500
vt 0.833333 0.187500
vt 0.822917 0.187500
vt 0.812500 0.187500
vt 0.802083 0.187500
vt 0.791667 0.187500
vt 0.781250 0.187500
vt 0.770833 0.187500
vt 0.760417 0.187500
vt 0.750000 0.187500
vt 0.739583 0.187500
vt 0.729167 0.187500
vt 0.718750 0.187500
vt 0.708333 0.187500
vt 0.697917 0.187500
vt 0.687500 0.187500
vt 0.677083 0.187500
vt 0.666667 0.187500
vt 0.656250 0.187500
vt 0.645833 0.187500
vt 0.635417 0.187500
vt 0.625000 0.187500
vt 0.614583 0.187500
vt 0.604167 0.187500
vt 0.593750 0.187500
vt 0.583333 0.187500
vt 0.572917 0.187500
vt 0.562500 0.187500
vt 0.552083 0.187500
vt 0.541667 0.187500
vt 0.531250 0.187500
vt 0.520833 0.187500
vt 0.510417 0.187500
vt 0.500000 0.187500
vt 0.489583 0.187500
vt 0.479167 0.187500
vt 0.468750 0.187500
vt 0.458333 0.187500
vt 0.447917 0.187500
vt 0.437500 0.187500
vt 0.427083 0.187500
vt 0.416667 0.187500
vt 0.406250 0.187500
vt 0.395833 0.187500
vt 0.385417 0.187500
vt 0.375000 0.187500
vt 0.364583 0.187500
vt 0.354167 0.187500
vt 0.343750 0.187500
vt 0.333333 0.187500
vt 0.322917 0.187500
vt 0.312500 0.187500
vt 0.302083 0.187500
vt 0.291667 0.187500
vt 0.281250 0.187500
vt 0.270833 0.187500
vt 0.260417 0.187500
vt 0.250000 0.187500
vt 0.239583 0.187500
vt 0.229167 0.187500
vt 0.218750 0.187500
vt 0.208333 0.187500
vt 0.197917 0.187500
vt 0.187500 0.187500
vt 0.177083 0.187500
vt 0.166667 0.187500
vt 0.156250 0.187500
vt 0.145833 0.187500
vt 0.135417 0.187500
vt 0.125000 0.187500
vt 0.114583 0.187500
vt 0.104167 0.187500
vt 0.093750 0.187500
vt 0.083333 0.187500
vt 0.072917 0.187500
vt 0.062500 0.187500
vt 0.052083 0.187500
vt 0.041667 0.187500
vt 0.031250 0.187500
vt 0.020833 0.187500
vt 0.010417 0.187500
vt 0.000000 0.187500
vt 1.000000 0.166667
vt 0.989583 0.166667
vt 0.979167 0.166667
vt 0.968750 0.166667
vt 0.958333 0.166667
vt 0.947917 0.166667
vt 0.937500 0.166667
vt 0.927083 0.166667
vt 0.916667 0.166667
vt 0.906250 0.166667
vt 0.895833 0.166667
vt 0.885417 0.166667
vt 0.875000 0.166667
vt 0.864583 0.166667
vt 0.854167 0.166667
vt 0.843750 0.166667
vt 0.833333 0.166667
vt 0.822917 0.166667
vt 0.812500 0.166667
vt 0.802083 0.166667
vt 0.791667 0.166667
vt 0.781250 0.166667
vt 0.770833 0.166667
vt 0.760417 0.166667
vt 0.750000 0.166667
vt 0.739583 0.166667
vt 0.729167 0.166667
vt 0.718750 0.166667
vt 0.708333 0.166667
vt 0.697917 0.166667
vt 0.687500 0.166667
vt 0.677083 0.166667
vt 0.666667 0.166667
vt 0.656250 0.166667
vt 0.645833 0.166667
vt 0.635417 0.166667
vt 0.625000 0.166667
vt 0.614583 0.166667
vt 0.604167 0.166667
vt 0.593750 0.166667
vt 0.583333 0.166667
vt 0.572917 0.166667
vt 0.562500 0.166667
vt 0.552083 0.166667
vt 0.541667 0.166667
vt 0.531250 0.166667
vt 0.520833 0.166667
vt 0.510417 0.166667
vt 0.500000 0.166667
vt 0.489583 0.166667
vt 0.479167 0.166667
vt 0.468750 0.166667
vt 0.458333 0.166667
vt 0.447917 0.166667
vt 0.437500 0.166667
vt 0.427083 0.166667
vt 0.416667 0.166667
vt 0.406250 0.166667
vt 0.395833 0.166667
vt 0.385417 0.166667
vt 0.375000 0.166667
vt 0.364583 0.166667
vt 0.354167 0.166667
vt 0.343750 0.166667
vt 0.333333 0.166667
vt 0.322917 0.166667
vt 0.312500 0.166667
vt 0.302083 0.166667
vt 0.291667 0.166667
vt 0.281250 0.166667
vt 0.270833 0.166667
vt 0.260417 0.166667
vt 0.250000 0.166667
vt 0.239583 0.166667
vt 0.229167 0.166667
vt 0.218750 0.166667
vt 0.208333 0.166667
vt 0.197917 0.166667
vt 0.187500 0.166667
vt 0.177083 0.166667
vt 0.166667 0.166667
vt 0.156250 0.166667
vt 0.145833 0.166667
vt 0.135417 0.166667
vt 0.125000 0.166667
vt 0.114583 0.166667
vt 0.104167 0.166667
vt 0.093750 0.166667
vt 0.083333 0.166667
vt 0.072917 0.166667
vt 0.062500 0.166667
vt 0.052083 0.166667
vt 0.041667 0.166667
vt 0.031250 0.166667
vt 0.020833 0.166667
vt 0.010417 0.166667
vt 0.000000 0.166667
vt 1.000000 0.145833
vt 0.989583 0.145833
vt 0.979167 0.145833
vt 0.968750 0.145833
vt 0.958333 0.145833
vt 0.947917 0.145833
vt 0.937500 0.145833
vt 0.927083 0.145833
vt 0.916667 0.145833
vt 0.906250 0.145833
vt 0.895833 0.145833
vt 0.885417 0.145833
vt 0.875000 0.145833
vt 0.864583 0.145833
vt 0.854167 0.145833
vt 0.843750 0.145833
vt 0.833333 0.145833
vt 0.822917 0.145833
vt 0.812500 0.145833
vt 0.802083 0.145833
vt 0.791667 0.145833
vt 0.781250 0.145833
vt 0.770833 0.145833
vt 0.760417 0.145833
vt 0.750000 0.145833
vt 0.739583 0.145833
vt 0.729167 0.145833
vt 0.718750 0.145833
vt 0.708333 0.145833
vt 0.697917 0.145833
vt 0.687500 0.145833
vt 0.677083 0.145833
vt 0.666667 0.145833
vt 0.656250 0.145833
vt 0.645833 0.145833
vt 0.635417 0.145833
vt 0.625000 0.145833
vt 0.614583 0.145833
vt 0.604167 0.145833
vt 0.593750 0.145833
vt 0.583333 0.145833
vt 0.572917 0.145833
vt 0.562500 0.145833
vt 0.552083 0.145833
vt 0.541667 0.145833
vt 0.531250 0.145833
vt 0.520833 0.145833
vt 0.510417 0.145833
vt 0.500000 0.145833
vt 0.489583 0.145833
vt 0.479167 0.145833
vt 0.468750 0.145833
vt 0.458333 0.145833
vt 0.447917 0.145833
vt 0.437500 0.145833
vt 0.427083 0.145833
vt 0.416667 0.145833
vt 0.406250 0.145833
vt 0.395833 0.145833
vt 0.385417 0.145833
vt 0.375000 0.145833
vt 0.364583 0.145833
vt 0.354167 0.145833
vt 0.343750 0.145833
vt 0.333333 0.145833
vt 0.322917 0.145833
vt 0.312500 0.145833
vt 0.302083 0.145833
vt 0.291667 0.145833
vt 0.281250 0.145833
vt 0.270833 0.145833
vt 0.260417 0.145833
vt 0.250000 0.145833
vt 0.239583 0.145833
vt 0.229167 0.145833
vt 0.218750 0.145833
vt 0.208333 0.145833
vt 0.197917 0.145833
vt 0.187500 0.145833
vt 0.177083 0.145833
vt 0.166667 0.145833
vt 0.156250 0.145833
vt 0.145833 0.145833
vt 0.135417 0.145833
vt 0.125000 0.145833
vt 0.114583 0.145833
vt 0.104167 0.145833
vt 0.093750 0.145833
vt 0.083333 0.145833
vt 0.072917 0.145833
vt 0.062500 0.145833
vt 0.052083 0.145833
vt 0.041667 0.145833
vt 0.031250 0.145833
vt 0.020833 0.145833
vt 0.010417 0.145833
vt 0.000000 0.145833
vt 1.000000 0.125000
vt 0.989583 0.125000
vt 0.979167 0.125000
vt 0.968750 0.125000
vt 0.958333 0.125000
vt 0.947917 0.125000
vt 0.937500 0.125000
vt 0.927083 0.125000
vt 0.916667 0.125000
vt 0.906250 0.125000
vt 0.895833 0.125000
vt 0.885417 0.125000
vt 0.875000 0.125000
vt 0.864583 0.125000
vt 0.854167 0.125000
vt 0.843750 0.125000
vt 0.833333 0.125000
vt 0.822917 0.125000
vt 0.812500 0.125000
vt 0.802083 0.125000
vt 0.791667 0.125000
vt 0.781250 0.125000
vt 0.770833 0.125000
vt 0.760417 0.125000
vt 0.750000 0.125000
vt 0.739583 0.125000
vt 0.729167 0.125000
vt 0.718750 0.125000
vt 0.708333 0.125000
vt 0.697917 0.125000
vt 0.687500 0.125000
vt 0.677083 0.125000
vt 0.666667 0.125000
vt 0.656250 0.125000
vt 0.645833 0.125000
vt 0.635417 0.125000
vt 0.625000 0.125000
vt 0.614583 0.125000
vt 0.604167 0.125000
vt 0.593750 0.125000
vt 0.583333 0.125000
vt 0.572917 0.125000
vt 0.562500 0.125000
vt 0.552083 0.125000
vt 0.541667 0.125000
vt 0.531250 0.125000
vt 0.520833 0.125000
vt 0.510417 0.125000
vt 0.500000 0.125000
vt 0.489583 0.125000
vt 0.479167 0.125000
vt 0.468750 0.125000
vt 0.458333 0.125000
vt 0.447917 0.125000
vt 0.437500 0.125000
vt 0.427083 0.125000
vt 0.416667 0.125000
vt 0.406250 0.125000
vt 0.395833 0.125000
vt 0.385417 0.125000
vt 0.375000 0.125000
vt 0.364583 0.125000
vt 0.354167 0.125000
vt 0.343750 0.125000
vt 0.333333 0.125000
vt 0.322917 0.125000
vt 0.312500 0.125000
vt 0.302083 0.125000
vt 0.291667 0.125000
vt 0.281250 0.125000
vt 0.270833 0.125000
vt 0.260417 0.125000
vt 0.250000 0.125000
vt 0.239583 0.125000
vt 0.229167 0.125000
vt 0.218750 0.125000
vt 0.208333 0.125000
vt 0.197917 0.125000
vt 0.187500 0.125000
vt 0.177083 0.125000
vt 0.166667 0.125000
vt 0.156250 0.125000
vt 0.145833 0.125000
vt 0.135417 0.125000
vt 0.125000 0.125000
vt 0.114583 0.125000
vt 0.104167 0.125000
vt 0.093750 0.125000
vt 0.083333 0.125000
vt 0.072917 0.125000
vt 0.062500 0.125000
vt 0.052083 0.125000
vt 0.041667 0.125000
vt 0.031250 0.125000
vt 0.020833 0.125000
vt 0.010417 0.125000
vt 0.000000 0.125000
vt 1.000000 0.104167
vt 0.989583 0.104167
vt 0.979167 0.104167
vt 0.968750 0.104167
vt 0.958333 0.104167
vt 0.947917 0.104167
vt 0.937500 0.104167
vt 0.927083 0.104167
vt 0.916667 0.104167
vt 0.906250 0.104167
vt 0.895833 0.104167
vt 0.885417 0.104167
vt 0.875000 0.104167
vt 0.864583 0.104167
vt 0.854167 0.104167
vt 0.843750 0.104167
vt 0.833333 0.104167
vt 0.822917 0.104167
vt 0.812500 0.104167
vt 0.802083 0.104167
vt 0.791667 0.104167
vt 0.781250 0.104167
vt 0.770833 0.104167
vt 0.760417 0.104167
vt 0.750000 0.104167
vt 0.739583 0.104167
vt 0.729167 0.104167
vt 0.718750 0.104167
vt 0.708333 0.104167
vt 0.697917 0.104167
vt 0.687500 0.104167
vt 0.677083 0.104167
vt 0.666667 0.104167
vt 0.656250 0.104167
vt 0.645833 0.104167
vt 0.635417 0.104167
vt 0.625000 0.104167
vt 0.614583 0.104167
vt 0.604167 0.104167
vt 0.593750 0.104167
vt 0.583333 0.104167
vt 0.572917 0.104167
vt 0.562500 0.104167
vt 0.552083 0.104167
vt 0.541667 0.104167
vt 0.531250 0.104167
vt 0.520833 0.104167
vt 0.510417 0.104167
vt 0.500000 0.104167
vt 0.489583 0.104167
vt 0.479167 0.104167
vt 0.468750 0.104167
vt 0.458333 0.104167
vt 0.447917 0.104167
vt 0.437500 0.104167
vt 0.427083 0.104167
vt 0.416667 0.104167
vt 0.406250 0.104167
vt 0.395833 0.104167
vt 0.385417 0.104167
vt 0.375000 0.104167
vt 0.364583 0.104167
vt 0.354167 0.104167
vt 0.343750 0.104167
vt 0.333333 0.104167
vt 0.322917 0.104167
vt 0.312500 0.104167
vt 0.302083 0.104167
vt 0.291667 0.104167
vt 0.281250 0.104167
vt 0.270833 0.104167
vt 0.260417 0.104167
vt 0.250000 0.104167
vt 0.239583 0.104167
vt 0.229167 0.104167
vt 0.218750 0.104167
vt 0.208333 0.104167
vt 0.197917 0.104167
vt 0.187500 0.104167
vt 0.177083 0.104167
vt 0.166667 0.104167
vt 0.156250 0.104167
vt 0.145833 0.104167
vt 0.135417 0.104167
vt 0.125000 0.104167
vt 0.114583 0.104167
vt 0.104167 0.104167
vt 0.093750 0.104167
vt 0.083333 0.104167
vt 0.072917 0.104167
vt 0.062500 0.104167
vt 0.052083 0.104167
vt 0.041667 0.104167
vt 0.031250 0.104167
vt 0.020833 0.104167
vt 0.010417 0.104167
vt 0.000000 0.104167
vt 1.000000 0.083333
vt 0.989583 0.083333
vt 0.979167 0.083333
vt 0.968750 0.083333
vt 0.958333 0.083333
vt 0.947917 0.083333
vt 0.937500 0.083333
vt 0.927083 0.083333
vt 0.916667 0.083333
vt 0.906250 0.083333
vt 0.895833 0.083333
vt 0.885417 0.083333
vt 0.875000 0.083333
vt 0.864583 0.083333
vt 0.854167 0.083333
vt 0.843750 0.083333
vt 0.833333 0.083333
vt 0.822917 0.083333
vt 0.812500 0.083333
vt 0.802083 0.083333
vt 0.791667 0.083333
vt 0.781250 0.083333
vt 0.770833 0.083333
vt 0.760417 0.083333
vt 0.750000 0.083333
vt 0.739583 0.083333
vt 0.729167 0.083333
vt 0.718750 0.083333
vt 0.708333 0.083333
vt 0.697917 0.083333
vt 0.687500 0.083333
vt 0.677083 0.083333
vt 0.666667 0.083333
vt 0.656250 0.083333
vt 0.645833 0.083333
vt 0.635417 0.083333
vt 0.625000 0.083333
vt 0.614583 0.083333
vt 0.604167 0.083333
vt 0.593750 0.083333
vt 0.583333 0.083333
vt 0.572917 0.083333
vt 0.562500 0.083333
vt 0.552083 0.083333
vt 0.541667 0.083333
vt 0.531250 0.083333
vt 0.520833 0.083333
vt 0.510417 0.083333
vt 0.500000 0.083333
vt 0.489583 0.083333
vt 0.479167 0.083333
vt 0.468750 0.083333
vt 0.458333 0.083333
vt 0.447917 0.083333
vt 0.437500 0.083333
vt 0.427083 0.083333
vt 0.416667 0.083333
vt 0.406250 0.083333
vt 0.395833 0.083333
vt 0.385417 0.083333
vt 0.375000 0.083333
vt 0.364583 0.083333
vt 0.354167 0.083333
vt 0.343750 0.083333
vt 0.333333 0.083333
vt 0.322917 0.083333
vt 0.312500 0.083333
vt 0.302083 0.083333
vt 0.291667 0.083333
vt 0.281250 0.083333
vt 0.270833 0.083333
vt 0.260417 0.083333
vt 0.250000 0.083333
vt 0.239583 0.083333
vt 0.229167 0.083333
vt 0.218750 0.083333
vt 0.208333 0.083333
vt 0.197917 0.083333
vt 0.187500 0.083333
vt 0.177083 0.083333
vt 0.166667 0.083333
vt 0.156250 0.083333
vt 0.145833 0.083333
vt 0.135417 0.083333
vt 0.125000 0.083333
vt 0.114583 0.083333
vt 0.104167 0.083333
vt 0.093750 0.083333
vt 0.083333 0.083333
vt 0.072917 0.083333
vt 0.062500 0.083333
vt 0.052083 0.083333
vt 0.041667 0.083333
vt 0.031250 0.083333
vt 0.020833 0.083333
vt 0.010417 0.083333
vt 0.000000 0.083333
vt 1.000000 0.062500
vt 0.989583 0.062500
vt 0.979167 0.062500
vt 0.968750 0.062500
vt 0.958333 0.062500
vt 0.947917 0.062500
vt 0.937500 0.062500
vt 0.927083 0.062500
vt 0.916667 0.062500
vt 0.906250 0.062500
vt 0.895833 0.062500
vt 0.885417 0.062500
vt 0.875000 0.062500
vt 0.864583 0.062500
vt 0.854167 0.062500
vt 0.843750 0.062500
vt 0.833333 0.062500
vt 0.822917 0.062500
vt 0.812500 0.062500
vt 0.802083 0.062500
vt 0.791667 0.062500
vt 0.781250 0.062500
vt 0.770833 0.062500
vt 0.760417 0.062500
vt 0.750000 0.062500
vt 0.739583 0.062500
vt 0.729167 0.062500
vt 0.718750 0.062500
vt 0.708333 0.062500
vt 0.697917 0.062500
vt 0.687500 0.062500
vt 0.677083 0.062500
vt 0.666667 0.062500
vt 0.656250 0.062500
vt 0.645833 0.062500
vt 0.635417 0.062500
vt 0.625000 0.062500
vt 0.614583 0.062500
vt 0.604167 0.062500
vt 0.593750 0.062500
vt 0.583333 0.062500
vt 0.572917 0.062500
vt 0.562500 0.062500
vt 0.552083 0.062500
vt 0.541667 0.062500
vt 0.531250 0.062500
vt 0.520833 0.062500
vt 0.510417 0.062500
vt 0.500000 0.062500
vt 0.489583 0.062500
vt 0.479167 0.062500
vt 0.468750 0.062500
vt 0.458333 0.062500
vt 0.447917 0.062500
vt 0.437500 0.062500
vt 0.427083 0.062500
vt 0.416667 0.062500
vt 0.406250 0.062500
vt 0.395833 0.062500
vt 0.385417 0.062500
vt 0.375000 0.062500
vt 0.364583 0.062500
vt 0.354167 0.062500
vt 0.343750 0.062500
vt 0.333333 0.062500
vt 0.322917 0.062500
vt 0.312500 0.062500
vt 0.302083 0.062500
vt 0.291667 0.062500
vt 0.281250 0.062500
vt 0.270833 0.062500
vt 0.260417 0.062500
vt 0.250000 0.062500
vt 0.239583 0.062500
vt 0.229167 0.062500
vt 0.218750 0.062500
vt 0.208333 0.062500
vt 0.197917 0.062500
vt 0.187500 0.062500
vt 0.177083 0.062500
vt 0.166667 0.062500
vt 0.156250 0.062500
vt 0.145833 0.062500
vt 0.135417 0.062500
vt 0.125000 0.062500
vt 0.114583 0.062500
vt 0.104167 0.062500
vt 0.093750 0.062500
vt 0.083333 0.062500
vt 0.072917 0.062500
vt 0.062500 0.062500
vt 0.052083 0.062500
vt 0.041667 0.062500
vt 0.031250 0.062500
vt 0.020833 0.062500
vt 0.010417 0.062500
vt 0.000000 0.062500
vt 1.000000 0.041667
vt 0.989583 0.041667
vt 0.979167 0.041667
vt 0.968750 0.041667
vt 0.958333 0.041667
vt 0.947917 0.041667
vt 0.937500 0.041667
vt 0.927083 0.041667
vt 0.916667 0.041667
vt 0.906250 0.041667
vt 0.895833 0.041667
vt 0.885417 0.041667
vt 0.875000 0.041667
vt 0.864583 0.041667
vt 0.854167 0.041667
vt 0.843750 0.041667
vt 0.833333 0.041667
vt 0.822917 0.041667
vt 0.812500 0.041667
vt 0.802083 0.041667
vt 0.791667 0.041667
vt 0.781250 0.041667
vt 0.770833 0.041667
vt 0.760417 0.041667
vt 0.750000 0.041667
vt 0.739583 0.041667
vt 0.729167 0.041667
vt 0.718750 0.041667
vt 0.708333 0.041667
vt 0.697917 0.041667
vt 0.687500 0.041667
vt 0.677083 0.041667
vt 0.666667 0.041667
vt 0.656250 0.041667
vt 0.645833 0.041667
vt 0.635417 0.041667
vt 0.625000 0.041667
vt 0.614583 0.041667
vt 0.604167 0.041667
vt 0.593750 0.041667
vt 0.583333 0.041667
vt 0.572917 0.041667
vt 0.562500 0.041667
vt 0.552083 0.041667
vt 0.541667 0.041667
vt 0.531250 0.041667
vt 0.520833 0.041667
vt 0.510417 0.041667
vt 0.500000 0.041667
vt 0.489583 0.041667
vt 0.479167 0.041667
vt 0.468750 0.041667
vt 0.458333 0.041667
vt 0.447917 0.041667
vt 0.437500 0.041667
vt 0.427083 0.041667
vt 0.416667 0.041667
vt 0.406250 0.041667
vt 0.395833 0.041667
vt 0.385417 0.041667
vt 0.375000 0.041667
vt 0.364583 0.041667
vt 0.354167 0.041667
vt 0.343750 0.041667
vt 0.333333 0.041667
vt 0.322917 0.041667
vt 0.312500 0.041667
vt 0.302083 0.041667
vt 0.291667 0.041667
vt 0.281250 0.041667
vt 0.270833 0.041667
vt 0.260417 0.041667
vt 0.250000 0.041667
vt 0.239583 0.041667
vt 0.229167 0.041667
vt 0.218750 0.041667
vt 0.208333 0.041667
vt 0.197917 0.041667
vt 0.187500 0.041667
vt 0.177083 0.041667
vt 0.166667 0.041667
vt 0.156250 0.041667
vt 0.145833 0.041667
vt 0.135417 0.041667
vt 0.125000 0.041667
vt 0.114583 0.041667
vt 0.104167 0.041667
vt 0.093750 0.041667
vt 0.083333 0.041667
vt 0.072917 0.041667
vt 0.062500 0.041667
vt 0.052083 0.041667
vt 0.041667 0.041667
vt 0.031250 0.041667
vt 0.020833 0.041667
vt 0.010417 0.041667
vt 0.000000 0.041667
vt 1.000000 0.020833
vt 0.989583 0.020833
vt 0.979167 0.020833
vt 0.968750 0.020833
vt 0.958333 0.020833
vt 0.947917 0.020833
vt 0.937500 0.020833
vt 0.927083 0.020833
vt 0.916667 0.020833
vt 0.906250 0.020833
vt 0.895833 0.020833
vt 0.885417 0.020833
vt 0.875000 0.020833
vt 0.864583 0.020833
vt 0.854167 0.020833
vt 0.843750 0.020833
vt 0.833333 0.020833
vt 0.822917 0.020833
vt 0.812500 0.020833
vt 0.802083 0.020833
vt 0.791667 0.020833
vt 0.781250 0.020833
vt 0.770833 0.020833
vt 0.760417 0.020833
vt 0.750000 0.020833
vt 0.739583 0.020833
vt 0.729167 0.020833
vt 0.718750 0.020833
vt 0.708333 0.020833
vt 0.697917 0.020833
vt 0.687500 0.020833
vt 0.677083 0.020833
vt 0.666667 0.020833
vt 0.656250 0.020833
vt 0.645833 0.020833
vt 0.635417 0.020833
vt 0.625000 0.020833
vt 0.614583 0.020833
vt 0.604167 0.020833
vt 0.593750 0.020833
vt 0.583333 0.020833
vt 0.572917 0.020833
vt 0.562500 0.020833
vt 0.552083 0.020833
vt 0.541667 0.020833
vt 0.531250 0.020833
vt 0.520833 0.020833
vt 0.510417 0.020833
vt 0.500000 0.020833
vt 0.489583 0.020833
vt 0.479167 0.020833
vt 0.468750 0.020833
vt 0.458333 0.020833
vt 0.447917 0.020833
vt 0.437500 0.020833
vt 0.427083 0.020833
vt 0.416667 0.020833
vt 0.406250 0.020833
vt 0.395833 0.020833
vt 0.385417 0.020833
vt 0.375000 0.020833
vt 0.364583 0.020833
vt 0.354167 0.020833
vt 0.343750 0.020833
vt 0.333333 0.020833
vt 0.322917 0.020833
vt 0.312500 0.020833
vt 0.302083 0.020833
vt 0.291667 0.020833
vt 0.281250 0.020833
vt 0.270833 0.020833
vt 0.260417 0.020833
vt 0.250000 0.020833
vt 0.239583 0.020833
vt 0.229167 0.020833
vt 0.218750 0.020833
vt 0.208333 0.020833
vt 0.197917 0.020833
vt 0.187500 0.020833
vt 0.177083 0.020833
vt 0.166667 0.020833
vt 0.156250 0.020833
vt 0.145833 0.020833
vt 0.135417 0.020833
vt 0.125000 0.020833
vt 0.114583 0.020833
vt 0.104167 0.020833
vt 0.093750 0.020833
vt 0.083333 0.020833
vt 0.072917 0.020833
vt 0.062500 0.020833
vt 0.052083 0.020833
vt 0.041667 0.020833
vt 0.031250 0.020833
vt 0.020833 0.020833
vt 0.010417 0.020833
vt 0.000000 0.020833
vt 1.000000 0.000000
vt 0.989583 0.000000
vt 0.979167 0.000000
vt 0.968750 0.000000
vt 0.958333 0.000000
vt 0.947917 0.000000
vt 0.937500 0.000000
vt 0.927083 0.000000
vt 0.916667 0.000000
vt 0.906250 0.000000
vt 0.895833 0.000000
vt 0.885417 0.000000
vt 0.875000 0.000000
vt 0.864583 0.000000
vt 0.854167 0.000000
vt 0.843750 0.000000
vt 0.833333 0.000000
vt 0.822917 0.000000
vt 0.812500 0.000000
vt 0.802083 0.000000
vt 0.791667 0.000000
vt 0.781250 0.000000
vt 0.770833 0.000000
vt 0.760417 0.000000
vt 0.750000 0.000000
vt 0.739583 0.000000
vt 0.729167 0.000000
vt 0.718750 0.000000
vt 0.708333 0.000000
vt 0.697917 0.000000
vt 0.687500 0.000000
vt 0.677083 0.000000
vt 0.666667 0.000000
vt 0.656250 0.000000
vt 0.645833 0.000000
vt 0.635417 0.000000
vt 0.625000 0.000000
vt 0.614583 0.000000
vt 0.604167 0.000000
vt 0.593750 0.000000
vt 0.583333 0.000000
vt 0.572917 0.000000
vt 0.562500 0.000000
vt 0.552083 0.000000
vt 0.541667 0.000000
vt 0.531250 0.000000
vt 0.520833 0.000000
vt 0.510417 0.000000
vt 0.500000 0.000000
vt 0.489583 0.000000
vt 0.479167 0.000000
vt 0.468750 0.000000
vt 0.458333 0.000000
vt 0.447917 0.000000
vt 0.437500 0.000000
vt 0.427083 0.000000
vt 0.416667 0.000000
vt 0.406250 0.000000
vt 0.395833 0.000000
vt 0.385417 0.000000
vt 0.375000 0.000000
vt 0.364583 0.000000
vt 0.354167 0.000000
vt 0.343750 0.000000
vt 0.333333 0.000000
vt 0.322917 0.000000
vt 0.312500 0.000000
vt 0.302083 0.000000
vt 0.291667 0.000000
vt 0.281250 0.000000
vt 0.270833 0.000000
vt 0.260417 0.000000
vt 0.250000 0.000000
vt 0.239583 0.000000
vt 0.229167 0.000000
vt 0.218750 0.000000
vt 0.208333 0.000000
vt 0.197917 0.000000
vt 0.187500 0.000000
vt 0.177083 0.000000
vt 0.166667 0.000000
vt 0.156250 0.000000
vt 0.145833 0.000000
vt 0.135417 0.000000
vt 0.125000 0.000000
vt 0.114583 0.000000
vt 0.104167 0.000000
vt 0.093750 0.000000
vt 0.083333 0.000000
vt 0.072917 0.000000
vt 0.062500 0.000000
vt 0.052083 0.000000
vt 0.041667 0.000000
vt 0.031250 0.000000
vt 0.020833 0.000000
vt 0.010417 0.000000
vt 0.000000 0.000000
vn -0.000000 -0.000000 -1.000000
vn -0.000000 -0.000000 -1.000000
vn -0.000000 -0.000000 -1.000000
vn -0.000000 -0.000000 -1.000000
vn -0.000000 -0.000000 -1.000000
vn -0.000000 -0.000000 -1.000000
vn -0.000000 -0.000000 -1.000000
vn -0.000000 -0.000000 -1.000000
vn -0.000000 -0.000000 -1.000000
vn -0.000000 -0.000000 -1.000000
vn -0.000000 -0.000000 -1.000000
vn -0.000000 -0.000000 -1.000000
vn -0.000000 -0.000000 -1.000000
vn -0.000000 -0.000000 -1.000000
vn -0.000000 -0.000000 -1.000000
vn -0.000000 -0.000000 -1.000000
vn -0.000000 -0.000000 -1.000000
vn -0.000000 -0.000000 -1.000000
vn -0.000000 -0.000000 -1.000000
vn -0.000000 -0.000000 -1.000000
vn -0.000000 -0.000000 -1.000000
vn -0.000000 -0.000000 -1.000000
vn -0.000000 -0.000000 -1.000000
vn -0.000000 -0.000000 -1.000000
vn 0.000000 -0.000000 -1.000000
vn 0.000000 -0.000000 -1.000000
vn 0.000000 -0.000000 -1.000000
vn 0.000000 -0.000000 -1.000000
vn 0.000000 -0.000000 -1.000000
vn 0.000000 -0.000000 -1.000000
vn 0.000000 -0.000000 -1.000000
vn 0.000000 -0.000000 -1.000000
vn 0.000000 -0.000000 -1.000000
vn 0.000000 -0.000000 -1.000000
vn 0.000000 -0.000000 -1.000000
vn 0.000000 -0.000000 -1.000000
vn 0.000000 -0.000000 -1.000000
vn 0.000000 -0.000000 -1.000000
vn 0.000000 -0.000000 -1.000000
vn 0.000000 -0.000000 -1.000000
vn 0.000000 -0.000000 -1.000000
vn 0.000000 -0.000000 -1.000000
vn 0.000000 -0.000000 -1.000000
vn 0.000000 -0.000000 -1.000000
vn 0.000000 -0.000000 -1.000000
vn 0.000000 -0.000000 -1.000000
vn 0.000000 -0.000000 -1.000000
vn 0.000000 -0.000000 -1.000000
vn 0.000000 0.000000 -1.000000
vn 0.000000 0.000000 -1.000000
vn 0.000000 0.000000 -1.000000
vn 0.000000 0.000000 -1.000000
vn 0.000000 0.000000 -1.000000
vn 0.000000 0.000000 -1.000000
vn 0.000000 0.000000 -1.000000
vn 0.000000 0.000000 -1.000000
vn 0.000000 0.000000 -1.000000
vn 0.000000 0.000000 -1.000000
vn 0.000000 0.000000 -1.000000
vn 0.000000 0.000000 -1.000000
vn 0.000000 0.000000 -1.000000
vn 0.000000 0.000000 -1.000000
vn 0.000000 0.000000 -1.000000
vn 0.000000 0.000000 -1.000000
vn 0.000000 0.000000 -1.000000
vn 0.000000 0.000000 -1.000000
vn 0.000000 0.000000 -1.000000
vn 0.000000 0.000000 -1.000000
vn 0.000000 0.000000 -1.000000
vn 0.000000 0.000000 -1.000000
vn 0.000000 0.000000 -1.000000
vn 0.000000 0.000000 -1.000000
vn 0.000000 0.000000 -1.000000
vn -0.000000 0.000000 -1.000000
vn -0.000000 0.000000 -1.000000
vn -0.000000 0.000000 -1.000000
vn -0.000000 0.000000 -1.000000
vn -0.000000 0.000000 -1.000000
vn -0.000000 0.000000 -1.000000
vn -0.000000 0.000000 -1.000000
vn -0.000000 0.000000 -1.000000
vn -0.000000 0.000000 -1.000000
vn -0.000000 0.000000 -1.000000
vn -0.000000 0.000000 -1.000000
vn -0.000000 0.000000 -1.000000
vn -0.000000 0.000000 -1.000000
vn -0.000000 0.000000 -1.000000
vn -0.000000 0.000000 -1.000000
vn -0.000000 0.000000 -1.000000
vn -0.000000 0.000000 -1.000000
vn -0.000000 0.000000 -1.000000
vn -0.000000 0.000000 -1.000000
vn -0.000000 0.000000 -1.000000
vn -0.000000 0.000000 -1.000000
vn -0.000000 0.000000 -1.000000
vn -0.000000 0.000000 -1.000000
vn -0.000000 0.000000 -1.000000
vn -0.065403 -0.000000 -0.997859
vn -0.065263 -0.004278 -0.997859
vn -0.064844 -0.008537 -0.997859
vn -0.064146 -0.012760 -0.997859
vn -0.063175 -0.016928 -0.997859
vn -0.061932 -0.021023 -0.997859
vn -0.060425 -0.025029 -0.997859
vn -0.058658 -0.028927 -0.997859
vn -0.056641 -0.032702 -0.997859
vn -0.054381 -0.036336 -0.997859
vn -0.051888 -0.039815 -0.997859
vn -0.049173 -0.043123 -0.997859
vn -0.046247 -0.046247 -0.997859
vn -0.043123 -0.049173 -0.997859
vn -0.039815 -0.051888 -0.997859
vn -0.036336 -0.054381 -0.997859
vn -0.032702 -0.056641 -0.997859
vn -0.028927 -0.058658 -0.997859
vn -0.025029 -0.060425 -0.997859
vn -0.021023 -0.061932 -0.997859
vn -0.016928 -0.063175 -0.997859
vn -0.012760 -0.064146 -0.997859
vn -0.008537 -0.064844 -0.997859
vn -0.004278 -0.065263 -0.997859
vn 0.000000 -0.065403 -0.997859
vn 0.004278 -0.065263 -0.997859
vn 0.008537 -0.064844 -0.997859
vn 0.012760 -0.064146 -0.997859
vn 0.016928 -0.063175 -0.997859
vn 0.021023 -0.061932 -0.997859
vn 0.025029 -0.060425 -0.997859
vn 0.028927 -0.058658 -0.997859
vn 0.032702 -0.056641 -0.997859
vn 0.036336 -0.054381 -0.997859
vn 0.039815 -0.051888 -0.997859
vn 0.043123 -0.049173 -0.997859
vn 0.046247 -0.046247 -0.997859
vn 0.049173 -0.043123 -0.997859
vn 0.051888 -0.039815 -0.997859
vn 0.054381 -0.036336 -0.997859
vn 0.056641 -0.032702 -0.997859
vn 0.058658 -0.028927 -0.997859
vn 0.060425 -0.025029 -0.997859
vn 0.061932 -0.021023 -0.997859
vn 0.063175 -0.016928 -0.997859
vn 0.064146 -0.012760 -0.997859
vn 0.064844 -0.008537 -0.997859
vn 0.065263 -0.004278 -0.997859
vn 0.065403 0.000000 -0.997859
vn 0.065263 0.004278 -0.997859
vn 0.064844 0.008537 -0.997859
vn 0.064146 0.012760 -0.997859
vn 0.063175 0.016928 -0.997859
vn 0.061932 0.021023 -0.997859
vn 0.060425 0.025029 -0.997859
vn 0.058658 0.028927 -0.997859
vn 0.056641 0.032702 -0.997859
vn 0.054381 0.036336 -0.997859
vn 0.051888 0.039815 -0.997859
vn 0.049173 0.043123 -0.997859
vn 0.046247 0.046247 -0.997859
vn 0.043123 0.049173 -0.997859
vn 0.039815 0.051888 -0.997859
vn 0.036336 0.054381 -0.997859
vn 0.032702 0.056641 -0.997859
vn 0.028927 0.058658 -0.997859
vn 0.025029 0.060425 -0.997859
vn 0.021023 0.061932 -0.997859
vn 0.016928 0.063175 -0.997859
vn 0.012760 0.064146 -0.997859
vn 0.008537 0.064844 -0.997859
vn 0.004278 0.065263 -0.997859
vn 0.000000 0.065403 -0.997859
vn -0.004278 0.065263 -0.997859
vn -0.008537 0.064844 -0.997859
vn -0.012760 0.064146 -0.997859
vn -0.016928 0.063175 -0.997859
vn -0.021023 0.061932 -0.997859
vn -0.025029 0.060425 -0.997859
vn -0.028927 0.058658 -0.997859
vn -0.032702 0.056641 -0.997859
vn -0.036336 0.054381 -0.997859
vn -0.039815 0.051888 -0.997859
vn -0.043123 0.049173 -0.997859
vn -0.046247 0.046247 -0.997859
vn -0.049173 0.043123 -0.997859
vn -0.051888 0.039815 -0.997859
vn -0.054381 0.036336 -0.997859
vn -0.056641 0.032702 -0.997859
vn -0.058658 0.028927 -0.997859
vn -0.060425 0.025029 -0.997859
vn -0.061932 0.021023 -0.997859
vn -0.063175 0.016928 -0.997859
vn -0.064146 0.012760 -0.997859
vn -0.064844 0.008537 -0.997859
vn -0.065263 0.004278 -0.997859
vn -0.065403 0.000000 -0.997859
vn -0.130526 -0.000000 -0.991445
vn -0.130247 -0.008537 -0.991445
vn -0.129410 -0.017037 -0.991445
vn -0.128018 -0.025464 -0.991445
vn -0.126079 -0.033783 -0.991445
vn -0.123599 -0.041956 -0.991445
vn -0.120590 -0.049950 -0.991445
vn -0.117065 -0.057730 -0.991445
vn -0.113039 -0.065263 -0.991445
vn -0.108529 -0.072516 -0.991445
vn -0.103553 -0.079459 -0.991445
vn -0.098135 -0.086062 -0.991445
vn -0.092296 -0.092296 -0.991445
vn -0.086062 -0.098135 -0.991445
vn -0.079459 -0.103553 -0.991445
vn -0.072516 -0.108529 -0.991445
vn -0.065263 -0.113039 -0.991445
vn -0.057730 -0.117065 -0.991445
vn -0.049950 -0.120590 -0.991445
vn -0.041956 -0.123599 -0.991445
vn -0.033783 -0.126079 -0.991445
vn -0.025464 -0.128018 -0.991445
vn -0.017037 -0.129410 -0.991445
vn -0.008537 -0.130247 -0.991445
vn 0.000000 -0.130526 -0.991445
vn 0.008537 -0.130247 -0.991445
vn 0.017037 -0.129410 -0.991445
vn 0.025464 -0.128018 -0.991445
vn 0.033783 -0.126079 -0.991445
vn 0.041956 -0.123599 -0.991445
vn 0.049950 -0.120590 -0.991445
vn 0.057730 -0.117065 -0.991445
vn 0.065263 -0.113039 -0.991445
vn 0.072516 -0.108529 -0.991445
vn 0.079459 -0.103553 -0.991445
vn 0.086062 -0.098135 -0.991445
vn 0.092296 -0.092296 -0.991445
vn 0.098135 -0.086062 -0.991445
vn 0.103553 -0.079459 -0.991445
vn 0.108529 -0.072516 -0.991445
vn 0.113039 -0.065263 -0.991445
vn 0.117065 -0.057730 -0.991445
vn 0.120590 -0.049950 -0.991445
vn 0.123599 -0.041956 -0.991445
vn 0.126079 -0.033783 -0.991445
vn 0.128018 -0.025464 -0.991445
vn 0.129410 -0.017037 -0.991445
vn 0.130247 -0.008537 -0.991445
vn 0.130526 0.000000 -0.991445
vn 0.130247 0.008537 -0.991445
vn 0.129410 0.017037 -0.991445
vn 0.128018 0.025464 -0.991445
vn 0.126079 0.033783 -0.991445
vn 0.123599 0.041956 -0.991445
vn 0.120590 0.049950 -0.991445
vn 0.117065 0.057730 -0.991445
vn 0.113039 0.065263 -0.991445
vn 0.108529 0.072516 -0.991445
vn 0.103553 0.079459 -0.991445
vn 0.098135 0.086062 -0.991445
vn 0.092296 0.092296 -0.991445
vn 0.086062 0.098135 -0.991445
vn 0.079459 0.103553 -0.991445
vn 0.072516 0.108529 -0.991445
vn 0.065263 0.113039 -0.991445
vn 0.057730 0.117065 -0.991445
vn 0.049950 0.120590 -0.991445
vn 0.041956 0.123599 -0.991445
vn 0.033783 0.126079 -0.991445
vn 0.025464 0.128018 -0.991445
vn 0.017037 0.129410 -0.991445
vn 0.008537 0.130247 -0.991445
vn 0.000000 0.130526 -0.991445
vn -0.008537 0.130247 -0.991445
vn -0.017037 0.129410 -0.991445
vn -0.025464 0.128018 -0.991445
vn -0.033783 0.126079 -0.991445
vn -0.041956 0.123599 -0.991445
vn -0.049950 0.120590 -0.991445
vn -0.057730 0.117065 -0.991445
vn -0.065263 0.113039 -0.991445
vn -0.072516 0.108529 -0.991445
vn -0.079459 0.103553 -0.991445
vn -0.086062 0.098135 -0.991445
vn -0.092296 0.092296 -0.991445
vn -0.098135 0.086062 -0.991445
vn -0.103553 0.079459 -0.991445
vn -0.108529 0.072516 -0.991445
vn -0.113039 0.065263 -0.991445
vn -0.117065 0.057730 -0.991445
vn -0.120590 0.049950 -0.991445
vn -0.123599 0.041956 -0.991445
vn -0.126079 0.033783 -0.991445
vn -0.128018 0.025464 -0.991445
vn -0.129410 0.017037 -0.991445
vn -0.130247 0.008537 -0.991445
vn -0.130526 0.000000 -0.991445
vn -0.195090 -0.000000 -0.980785
vn -0.194673 -0.012760 -0.980785
vn -0.193421 -0.025464 -0.980785
vn -0.191342 -0.038060 -0.980785
vn -0.188443 -0.050493 -0.980785
vn -0.184737 -0.062710 -0.980785
vn -0.180240 -0.074658 -0.980785
vn -0.174971 -0.086286 -0.980785
vn -0.168953 -0.097545 -0.980785
vn -0.162212 -0.108386 -0.980785
vn -0.154776 -0.118763 -0.980785
vn -0.146677 -0.128632 -0.980785
vn -0.137950 -0.137950 -0.980785
vn -0.128632 -0.146677 -0.980785
vn -0.118763 -0.154776 -0.980785
vn -0.108386 -0.162212 -0.980785
vn -0.097545 -0.168953 -0.980785
vn -0.086286 -0.174971 -0.980785
vn -0.074658 -0.180240 -0.980785
vn -0.062710 -0.184737 -0.980785
vn -0.050493 -0.188443 -0.980785
vn -0.038060 -0.191342 -0.980785
vn -0.025464 -0.193421 -0.980785
vn -0.012760 -0.194673 -0.980785
vn 0.000000 -0.195090 -0.980785
vn 0.012760 -0.194673 -0.980785
vn 0.025464 -0.193421 -0.980785
vn 0.038060 -0.191342 -0.980785
vn 0.050493 -0.188443 -0.980785
vn 0.062710 -0.184737 -0.980785
vn 0.074658 -0.180240 -0.980785
vn 0.086286 -0.174971 -0.980785
vn 0.097545 -0.168953 -0.980785
vn 0.108386 -0.162212 -0.980785
vn 0.118763 -0.154776 -0.980785
vn 0.128632 -0.146677 -0.980785
vn 0.137950 -0.137950 -0.980785
vn 0.146677 -0.128632 -0.980785
vn 0.154776 -0.118763 -0.980785
vn 0.162212 -0.108386 -0.980785
vn 0.168953 -0.097545 -0.980785
vn 0.174971 -0.086286 -0.980785
vn 0.180240 -0.074658 -0.980785
vn 0.184737 -0.062710 -0.980785
vn 0.188443 -0.050493 -0.980785
vn 0.191342 -0.038060 -0.980785
vn 0.193421 -0.025464 -0.980785
vn 0.194673 -0.012760 -0.980785
vn 0.195090 0.000000 -0.980785
vn 0.194673 0.012760 -0.980785
vn 0.193421 0.025464 -0.980785
vn 0.191342 0.038060 -0.980785
vn 0.188443 0.050493 -0.980785
vn 0.184737 0.062710 -0.980785
vn 0.180240 0.074658 -0.980785
vn 0.174971 0.086286 -0.980785
vn 0.168953 0.097545 -0.980785
vn 0.162212 0.108386 -0.980785
vn 0.154776 0.118763 -0.980785
vn 0.146677 0.128632 -0.980785
vn 0.137950 0.137950 -0.980785
vn 0.128632 0.146677 -0.980785
vn 0.118763 0.154776 -0.980785
vn 0.108386 0.162212 -0.980785
vn 0.097545 0.168953 -0.980785
vn 0.086286 0.174971 -0.980785
vn 0.074658 0.180240 -0.980785
vn 0.062710 0.184737 -0.980785
vn 0.050493 0.188443 -0.980785
vn 0.038060 0.191342 -0.980785
vn 0.025464 0.193421 -0.980785
vn 0.012760 0.194673 -0.980785
vn 0.000000 0.195090 -0.980785
vn -0.012760 0.194673 -0.980785
vn -0.025464 0.193421 -0.980785
vn -0.038060 0.191342 -0.980785
vn -0.050493 0.188443 -0.980785
vn -0.062710 0.184737 -0.980785
vn -0.074658 0.180240 -0.980785
vn -0.086286 0.174971 -0.980785
vn -0.097545 0.168953 -0.980785
vn -0.108386 0.162212 -0.980785
vn -0.118763 0.154776 -0.980785
vn -0.128632 0.146677 -0.980785
vn -0.137950 0.137950 -0.980785
vn -0.146677 0.128632 -0.980785
vn -0.154776 0.118763 -0.980785
vn -0.162212 0.108386 -0.980785
vn -0.168953 0.097545 -0.980785
vn -0.174971 0.086286 -0.980785
vn -0.180240 0.074658 -0.980785
vn -0.184737 0.062710 -0.980785
vn -0.188443 0.050493 -0.980785
vn -0.191342 0.038060 -0.980785
vn -0.193421 0.025464 -0.980785
vn -0.194673 0.012760 -0.980785
vn -0.195090 0.000000 -0.980785
vn -0.258819 -0.000000 -0.965926
vn -0.258265 -0.016928 -0.965926
vn -0.256605 -0.033783 -0.965926
vn -0.253846 -0.050493 -0.965926
vn -0.250000 -0.066987 -0.965926
vn -0.245084 -0.083195 -0.965926
vn -0.239118 -0.099046 -0.965926
vn -0.232128 -0.114473 -0.965926
vn -0.224144 -0.129410 -0.965926
vn -0.215200 -0.143792 -0.965926
vn -0.205335 -0.157559 -0.965926
vn -0.194590 -0.170651 -0.965926
vn -0.183013 -0.183013 -0.965926
vn -0.170651 -0.194590 -0.965926
vn -0.157559 -0.205335 -0.965926
vn -0.143792 -0.215200 -0.965926
vn -0.129410 -0.224144 -0.965926
vn -0.114473 -0.232128 -0.965926
vn -0.099046 -0.239118 -0.965926
vn -0.083195 -0.245084 -0.965926
vn -0.066987 -0.250000 -0.965926
vn -0.050493 -0.253846 -0.965926
vn -0.033783 -0.256605 -0.965926
vn -0.016928 -0.258265 -0.965926
vn 0.000000 -0.258819 -0.965926
vn 0.016928 -0.258265 -0.965926
vn 0.033783 -0.256605 -0.965926
vn 0.050493 -0.253846 -0.965926
vn 0.066987 -0.250000 -0.965926
vn 0.083195 -0.245084 -0.965926
vn 0.099046 -0.239118 -0.965926
vn 0.114473 -0.232128 -0.965926
vn 0.129410 -0.224144 -0.965926
vn 0.143792 -0.215200 -0.965926
vn 0.157559 -0.205335 -0.965926
vn 0.170651 -0.194590 -0.965926
vn 0.183013 -0.183013 -0.965926
vn 0.194590 -0.170651 -0.965926
vn 0.205335 -0.157559 -0.965926
vn 0.215200 -0.143792 -0.965926
vn 0.224144 -0.129410 -0.965926
vn 0.232128 -0.114473 -0.965926
vn 0.239118 -0.099046 -0.965926
vn 0.245084 -0.083195 -0.965926
vn 0.250000 -0.066987 -0.965926
vn 0.253846 -0.050493 -0.965926
vn 0.256605 -0.033783 -0.965926
vn 0.258265 -0.016928 -0.965926
vn 0.258819 0.000000 -0.965926
vn 0.258265 0.016928 -0.965926
vn 0.256605 0.033783 -0.965926
vn 0.253846 0.050493 -0.965926
vn 0.250000 0.066987 -0.965926
vn 0.245084 0.083195 -0.965926
vn 0.239118 0.099046 -0.965926
vn 0.232128 0.114473 -0.965926
vn 0.224144 0.129410 -0.965926
vn 0.215200 0.143792 -0.965926
vn 0.205335 0.157559 -0.965926
vn 0.194590 0.170651 -0.965926
vn 0.183013 0.183013 -0.965926
vn 0.170651 0.194590 -0.965926
vn 0.157559 0.205335 -0.965926
vn 0.143792 0.215200 -0.965926
vn 0.129410 0.224144 -0.965926
vn 0.114473 0.232128 -0.965926
vn 0.099046 0.239118 -0.965926
vn 0.083195 0.245084 -0.965926
vn 0.066987 0.250000 -0.965926
vn 0.050493 0.253846 -0.965926
vn 0.033783 0.256605 -0.965926
vn 0.016928 0.258265 -0.965926
vn 0.000000 0.258819 -0.965926
vn -0.016928 0.258265 -0.965926
vn -0.033783 0.256605 -0.965926
vn -0.050493 0.253846 -0.965926
vn -0.066987 0.250000 -0.965926
vn -0.083195 0.245084 -0.965926
vn -0.099046 0.239118 -0.965926
vn -0.114473 0.232128 -0.965926
vn -0.129410 0.224144 -0.965926
vn -0.143792 0.215200 -0.965926
vn -0.157559 0.205335 -0.965926
vn -0.170651 0.194590 -0.965926
vn -0.183013 0.183013 -0.965926
vn -0.194590 0.170651 -0.965926
vn -0.205335 0.157559 -0.965926
vn -0.215200 0.143792 -0.965926
vn -0.224144 0.129410 -0.965926
vn -0.232128 0.114473 -0.965926
vn -0.239118 0.099046 -0.965926
vn -0.245084 0.083195 -0.965926
vn -0.250000 0.066987 -0.965926
vn -0.253846 0.050493 -0.965926
vn -0.256605 0.033783 -0.965926
vn -0.258265 0.016928 -0.965926
vn -0.258819 0.000000 -0.965926
vn -0.321439 -0.000000 -0.946930
vn -0.320751 -0.021023 -0.946930
vn -0.318690 -0.041956 -0.946930
vn -0.315263 -0.062710 -0.946930
vn -0.310487 -0.083195 -0.946930
vn -0.304381 -0.103323 -0.946930
vn -0.296971 -0.123010 -0.946930
vn -0.288290 -0.142169 -0.946930
vn -0.278375 -0.160720 -0.946930
vn -0.267267 -0.178582 -0.946930
vn -0.255015 -0.195680 -0.946930
vn -0.241671 -0.211940 -0.946930
vn -0.227292 -0.227292 -0.946930
vn -0.211940 -0.241671 -0.946930
vn -0.195680 -0.255015 -0.946930
vn -0.178582 -0.267267 -0.946930
vn -0.160720 -0.278375 -0.946930
vn -0.142169 -0.288290 -0.946930
vn -0.123010 -0.296971 -0.946930
vn -0.103323 -0.304381 -0.946930
vn -0.083195 -0.310487 -0.946930
vn -0.062710 -0.315263 -0.946930
vn -0.041956 -0.318690 -0.946930
vn -0.021023 -0.320751 -0.946930
vn 0.000000 -0.321439 -0.946930
vn 0.021023 -0.320751 -0.946930
vn 0.041956 -0.318690 -0.946930
vn 0.062710 -0.315263 -0.946930
vn 0.083195 -0.310487 -0.946930
vn 0.103323 -0.304381 -0.946930
vn 0.123010 -0.296971 -0.946930
vn 0.142169 -0.288290 -0.946930
vn 0.160720 -0.278375 -0.946930
vn 0.178582 -0.267267 -0.946930
vn 0.195680 -0.255015 -0.946930
vn 0.211940 -0.241671 -0.946930
vn 0.227292 -0.227292 -0.946930
vn 0.241671 -0.211940 -0.946930
vn 0.255015 -0.195680 -0.946930
vn 0.267267 -0.178582 -0.946930
vn 0.278375 -0.160720 -0.946930
vn 0.288290 -0.142169 -0.946930
vn 0.296971 -0.123010 -0.946930
vn 0.304381 -0.103323 -0.946930
vn 0.310487 -0.083195 -0.946930
vn 0.315263 -0.062710 -0.946930
vn 0.318690 -0.041956 -0.946930
vn 0.320751 -0.021023 -0.946930
vn 0.321439 0.000000 -0.946930
vn 0.320751 0.021023 -0.946930
vn 0.318690 0.041956 -0.946930
vn 0.315263 0.062710 -0.946930
vn 0.310487 0.083195 -0.946930
vn 0.304381 0.103323 -0.946930
vn 0.296971 0.123010 -0.946930
vn 0.288290 0.142169 -0.946930
vn 0.278375 0.160720 -0.946930
vn 0.267267 0.178582 -0.946930
vn 0.255015 0.195680 -0.946930
vn 0.241671 0.211940 -0.946930
vn 0.227292 0.227292 -0.946930
vn 0.211940 0.241671 -0.946930
vn 0.195680 0.255015 -0.946930
vn 0.178582 0.267267 -0.946930
vn 0.160720 0.278375 -0.946930
vn 0.142169 0.288290 -0.946930
vn 0.123010 0.296971 -0.946930
vn 0.103323 0.304381 -0.946930
vn 0.083195 0.310487 -0.946930
vn 0.062710 0.315263 -0.946930
vn 0.041956 0.318690 -0.946930
vn 0.021023 0.320751 -0.946930
vn 0.000000 0.321439 -0.946930
vn -0.021023 0.320751 -0.946930
vn -0.041956 0.318690 -0.946930
vn -0.062710 0.315263 -0.946930
vn -0.083195 0.310487 -0.946930
vn -0.103323 0.304381 -0.946930
vn -0.123010 0.296971 -0.946930
vn -0.142169 0.288290 -0.946930
vn -0.160720 0.278375 -0.946930
vn -0.178582 0.267267 -0.946930
vn -0.195680 0.255015 -0.946930
vn -0.211940 0.241671 -0.946930
vn -0.227292 0.227292 -0.946930
vn -0.241671 0.211940 -0.946930
vn -0.255015 0.195680 -0.946930
vn -0.267267 0.178582 -0.946930
vn -0.278375 0.160720 -0.946930
vn -0.288290 0.142169 -0.946930
vn -0.296971 0.123010 -0.946930
vn -0.304381 0.103323 -0.946930
vn -0.310487 0.083195 -0.946930
vn -0.315263 0.062710 -0.946930
vn -0.318690 0.041956 -0.946930
vn -0.320751 0.021023 -0.946930
vn -0.321439 0.000000 -0.946930
vn -0.382683 -0.000000 -0.923880
vn -0.381864 -0.025029 -0.923880
vn -0.379410 -0.049950 -0.923880
vn -0.375330 -0.074658 -0.923880
vn -0.369644 -0.099046 -0.923880
vn -0.362374 -0.123010 -0.923880
vn -0.353553 -0.146447 -0.923880
vn -0.343218 -0.169257 -0.923880
vn -0.331414 -0.191342 -0.923880
vn -0.318190 -0.212608 -0.923880
vn -0.303603 -0.232963 -0.923880
vn -0.287717 -0.252321 -0.923880
vn -0.270598 -0.270598 -0.923880
vn -0.252321 -0.287717 -0.923880
vn -0.232963 -0.303603 -0.923880
vn -0.212608 -0.318190 -0.923880
vn -0.191342 -0.331414 -0.923880
vn -0.169257 -0.343218 -0.923880
vn -0.146447 -0.353553 -0.923880
vn -0.123010 -0.362374 -0.923880
vn -0.099046 -0.369644 -0.923880
vn -0.074658 -0.375330 -0.923880
vn -0.049950 -0.379410 -0.923880
vn -0.025029 -0.381864 -0.923880
vn 0.000000 -0.382683 -0.923880
vn 0.025029 -0.381864 -0.923880
vn 0.049950 -0.379410 -0.923880
vn 0.074658 -0.375330 -0.923880
vn 0.099046 -0.369644 -0.923880
vn 0.123010 -0.362374 -0.923880
vn 0.146447 -0.353553 -0.923880
vn 0.169257 -0.343218 -0.923880
vn 0.191342 -0.331414 -0.923880
vn 0.212608 -0.318190 -0.923880
vn 0.232963 -0.303603 -0.923880
vn 0.252321 -0.287717 -0.923880
vn 0.270598 -0.270598 -0.923880
vn 0.287717 -0.252321 -0.923880
vn 0.303603 -0.232963 -0.923880
vn 0.318190 -0.212608 -0.923880
vn 0.331414 -0.191342 -0.923880
vn 0.343218 -0.169257 -0.923880
vn 0.353553 -0.146447 -0.923880
vn 0.362374 -0.123010 -0.923880
vn 0.369644 -0.099046 -0.923880
vn 0.375330 -0.074658 -0.923880
vn 0.379410 -0.049950 -0.923880
vn 0.381864 -0.025029 -0.923880
vn 0.382683 0.000000 -0.923880
vn 0.381864 0.025029 -0.923880
vn 0.379410 0.049950 -0.923880
vn 0.375330 0.074658 -0.923880
vn 0.369644 0.099046 -0.923880
vn 0.362374 0.123010 -0.923880
vn 0.353553 0.146447 -0.923880
vn 0.343218 0.169257 -0.923880
vn 0.331414 0.191342 -0.923880
vn 0.318190 0.212608 -0.923880
vn 0.303603 0.232963 -0.923880
vn 0.287717 0.252321 -0.923880
vn 0.270598 0.270598 -0.923880
vn 0.252321 0.287717 -0.923880
vn 0.232963 0.303603 -0.923880
vn 0.212608 0.318190 -0.923880
vn 0.191342 0.331414 -0.923880
vn 0.169257 0.343218 -0.923880
vn 0.146447 0.353553 -0.923880
vn 0.123010 0.362374 -0.923880
vn 0.099046 0.369644 -0.923880
vn 0.074658 0.375330 -0.923880
vn 0.049950 0.379410 -0.923880
vn 0.025029 0.381864 -0.923880
vn 0.000000 0.382683 -0.923880
vn -0.025029 0.381864 -0.923880
vn -0.049950 0.379410 -0.923880
vn -0.074658 0.375330 -0.923880
vn -0.099046 0.369644 -0.923880
vn -0.123010 0.362374 -0.923880
vn -0.146447 0.353553 -0.923880
vn -0.169257 0.343218 -0.923880
vn -0.191342 0.331414 -0.923880
vn -0.212608 0.318190 -0.923880
vn -0.232963 0.303603 -0.923880
vn -0.252321 0.287717 -0.923880
vn -0.270598 0.270598 -0.923880
vn -0.287717 0.252321 -0.923880
vn -0.303603 0.232963 -0.923880
vn -0.318190 0.212608 -0.923880
vn -0.331414 0.191342 -0.923880
vn -0.343218 0.169257 -0.923880
vn -0.353553 0.146447 -0.923880
vn -0.362374 0.123010 -0.923880
vn -0.369644 0.099046 -0.923880
vn -0.375330 0.074658 -0.923880
vn -0.379410 0.049950 -0.923880
vn -0.381864 0.025029 -0.923880
vn -0.382683 0.000000 -0.923880
vn -0.442289 -0.000000 -0.896873
vn -0.441342 -0.028927 -0.896873
vn -0.438505 -0.057730 -0.896873
vn -0.433790 -0.086286 -0.896873
vn -0.427218 -0.114473 -0.896873
vn -0.418816 -0.142169 -0.896873
vn -0.408621 -0.169257 -0.896873
vn -0.396677 -0.195619 -0.896873
vn -0.383033 -0.221144 -0.896873
vn -0.367750 -0.245722 -0.896873
vn -0.350891 -0.269248 -0.896873
vn -0.332530 -0.291621 -0.896873
vn -0.312745 -0.312745 -0.896873
vn -0.291621 -0.332530 -0.896873
vn -0.269248 -0.350891 -0.896873
vn -0.245722 -0.367750 -0.896873
vn -0.221144 -0.383033 -0.896873
vn -0.195619 -0.396677 -0.896873
vn -0.169257 -0.408621 -0.896873
vn -0.142169 -0.418816 -0.896873
vn -0.114473 -0.427218 -0.896873
vn -0.086286 -0.433790 -0.896873
vn -0.057730 -0.438505 -0.896873
vn -0.028927 -0.441342 -0.896873
vn 0.000000 -0.442289 -0.896873
vn 0.028927 -0.441342 -0.896873
vn 0.057730 -0.438505 -0.896873
vn 0.086286 -0.433790 -0.896873
vn 0.114473 -0.427218 -0.896873
vn 0.142169 -0.418816 -0.896873
vn 0.169257 -0.408621 -0.896873
vn 0.195619 -0.396677 -0.896873
vn 0.221144 -0.383033 -0.896873
vn 0.245722 -0.367750 -0.896873
vn 0.269248 -0.350891 -0.896873
vn 0.291621 -0.332530 -0.896873
vn 0.312745 -0.312745 -0.896873
vn 0.332530 -0.291621 -0.896873
vn 0.350891 -0.269248 -0.896873
vn 0.367750 -0.245722 -0.896873
vn 0.383033 -0.221144 -0.896873
vn 0.396677 -0.195619 -0.896873
vn 0.408621 -0.169257 -0.896873
vn 0.418816 -0.142169 -0.896873
vn 0.427218 -0.114473 -0.896873
vn 0.433790 -0.086286 -0.896873
vn 0.438505 -0.057730 -0.896873
vn 0.441342 -0.028927 -0.896873
vn 0.442289 0.000000 -0.896873
vn 0.441342 0.028927 -0.896873
vn 0.438505 0.057730 -0.896873
vn 0.433790 0.086286 -0.896873
vn 0.427218 0.114473 -0.896873
vn 0.418816 0.142169 -0.896873
vn 0.408621 0.169257 -0.896873
vn 0.396677 0.195619 -0.896873
vn 0.383033 0.221144 -0.896873
vn 0.367750 0.245722 -0.896873
vn 0.350891 0.269248 -0.896873
vn 0.332530 0.291621 -0.896873
vn 0.312745 0.312745 -0.896873
vn 0.291621 0.332530 -0.896873
vn 0.269248 0.350891 -0.896873
vn 0.245722 0.367750 -0.896873
vn 0.221144 0.383033 -0.896873
vn 0.195619 0.396677 -0.896873
vn 0.169257 0.408621 -0.896873
vn 0.142169 0.418816 -0.896873
vn 0.114473 0.427218 -0.896873
vn 0.086286 0.433790 -0.896873
vn 0.057730 0.438505 -0.896873
vn 0.028927 0.441342 -0.896873
vn 0.000000 0.442289 -0.896873
vn -0.028927 0.441342 -0.896873
vn -0.057730 0.438505 -0.896873
vn -0.086286 0.433790 -0.896873
vn -0.114473 0.427218 -0.896873
vn -0.142169 0.418816 -0.896873
vn -0.169257 0.408621 -0.896873
vn -0.195619 0.396677 -0.896873
vn -0.221144 0.383033 -0.896873
vn -0.245722 0.367750 -0.896873
vn -0.269248 0.350891 -0.896873
vn -0.291621 0.332530 -0.896873
vn -0.312745 0.312745 -0.896873
vn -0.332530 0.291621 -0.896873
vn -0.350891 0.269248 -0.896873
vn -0.367750 0.245722 -0.896873
vn -0.383033 0.221144 -0.896873
vn -0.396677 0.195619 -0.896873
vn -0.408621 0.169257 -0.896873
vn -0.418816 0.142169 -0.896873
vn -0.427218 0.114473 -0.896873
vn -0.433790 0.086286 -0.896873
vn -0.438505 0.057730 -0.896873
vn -0.441342 0.028927 -0.896873
vn -0.442289 0.000000 -0.896873
vn -0.500000 -0.000000 -0.866025
vn -0.498929 -0.032702 -0.866025
vn -0.495722 -0.065263 -0.866025
vn -0.490393 -0.097545 -0.866025
vn -0.482963 -0.129410 -0.866025
vn -0.473465 -0.160720 -0.866025
vn -0.461940 -0.191342 -0.866025
vn -0.448436 -0.221144 -0.866025
vn -0.433013 -0.250000 -0.866025
vn -0.415735 -0.277785 -0.866025
vn -0.396677 -0.304381 -0.866025
vn -0.375920 -0.329673 -0.866025
vn -0.353553 -0.353553 -0.866025
vn -0.329673 -0.375920 -0.866025
vn -0.304381 -0.396677 -0.866025
vn -0.277785 -0.415735 -0.866025
vn -0.250000 -0.433013 -0.866025
vn -0.221144 -0.448436 -0.866025
vn -0.191342 -0.461940 -0.866025
vn -0.160720 -0.473465 -0.866025
vn -0.129410 -0.482963 -0.866025
vn -0.097545 -0.490393 -0.866025
vn -0.065263 -0.495722 -0.866025
vn -0.032702 -0.498929 -0.866025
vn 0.000000 -0.500000 -0.866025
vn 0.032702 -0.498929 -0.866025
vn 0.065263 -0.495722 -0.866025
vn 0.097545 -0.490393 -0.866025
vn 0.129410 -0.482963 -0.866025
vn 0.160720 -0.473465 -0.866025
vn 0.191342 -0.461940 -0.866025
vn 0.221144 -0.448436 -0.866025
vn 0.250000 -0.433013 -0.866025
vn 0.277785 -0.415735 -0.866025
vn 0.304381 -0.396677 -0.866025
vn 0.329673 -0.375920 -0.866025
vn 0.353553 -0.353553 -0.866025
vn 0.375920 -0.329673 -0.866025
vn 0.396677 -0.304381 -0.866025
vn 0.415735 -0.277785 -0.866025
vn 0.433013 -0.250000 -0.866025
vn 0.448436 -0.221144 -0.866025
vn 0.461940 -0.191342 -0.866025
vn 0.473465 -0.160720 -0.866025
vn 0.482963 -0.129410 -0.866025
vn 0.490393 -0.097545 -0.866025
vn 0.495722 -0.065263 -0.866025
vn 0.498929 -0.032702 -0.866025
vn 0.500000 0.000000 -0.866025
vn 0.498929 0.032702 -0.866025
vn 0.495722 0.065263 -0.866025
vn 0.490393 0.097545 -0.866025
vn 0.482963 0.129410 -0.866025
vn 0.473465 0.160720 -0.866025
vn 0.461940 0.191342 -0.866025
vn 0.448436 0.221144 -0.866025
vn 0.433013 0.250000 -0.866025
vn 0.415735 0.277785 -0.866025
vn 0.396677 0.304381 -0.866025
vn 0.375920 0.329673 -0.866025
vn 0.353553 0.353553 -0.866025
vn 0.329673 0.375920 -0.866025
vn 0.304381 0.396677 -0.866025
vn 0.277785 0.415735 -0.866025
vn 0.250000 0.433013 -0.866025
vn 0.221144 0.448436 -0.866025
vn 0.191342 0.461940 -0.866025
vn 0.160720 0.473465 -0.866025
vn 0.129410 0.482963 -0.866025
vn 0.097545 0.490393 -0.866025
vn 0.065263 0.495722 -0.866025
vn 0.032702 0.498929 -0.866025
vn 0.000000 0.500000 -0.866025
vn -0.032702 0.498929 -0.866025
vn -0.065263 0.495722 -0.866025
vn -0.097545 0.490393 -0.866025
vn -0.129410 0.482963 -0.866025
vn -0.160720 0.473465 -0.866025
vn -0.191342 0.461940 -0.866025
vn -0.221144 0.448436 -0.866025
vn -0.250000 0.433013 -0.866025
vn -0.277785 0.415735 -0.866025
vn -0.304381 0.396677 -0.866025
vn -0.329673 0.375920 -0.866025
vn -0.353553 0.353553 -0.866025
vn -0.375920 0.329673 -0.866025
vn -0.396677 0.304381 -0.866025
vn -0.415735 0.277785 -0.866025
vn -0.433013 0.250000 -0.866025
vn -0.448436 0.221144 -0.866025
vn -0.461940 0.191342 -0.866025
vn -0.473465 0.160720 -0.866025
vn -0.482963 0.129410 -0.866025
vn -0.490393 0.097545 -0.866025
vn -0.495722 0.065263 -0.866025
vn -0.498929 0.032702 -0.866025
vn -0.500000 0.000000 -0.866025
vn -0.555570 -0.000000 -0.831470
vn -0.554381 -0.036336 -0.831470
vn -0.550817 -0.072516 -0.831470
vn -0.544895 -0.108386 -0.831470
vn -0.536640 -0.143792 -0.831470
vn -0.526086 -0.178582 -0.831470
vn -0.513280 -0.212608 -0.831470
vn -0.498276 -0.245722 -0.831470
vn -0.481138 -0.277785 -0.831470
vn -0.461940 -0.308658 -0.831470
vn -0.440764 -0.338210 -0.831470
vn -0.417700 -0.366313 -0.831470
vn -0.392847 -0.392847 -0.831470
vn -0.366313 -0.417700 -0.831470
vn -0.338210 -0.440764 -0.831470
vn -0.308658 -0.461940 -0.831470
vn -0.277785 -0.481138 -0.831470
vn -0.245722 -0.498276 -0.831470
vn -0.212608 -0.513280 -0.831470
vn -0.178582 -0.526086 -0.831470
vn -0.143792 -0.536640 -0.831470
vn -0.108386 -0.544895 -0.831470
vn -0.072516 -0.550817 -0.831470
vn -0.036336 -0.554381 -0.831470
vn 0.000000 -0.555570 -0.831470
vn 0.036336 -0.554381 -0.831470
vn 0.072516 -0.550817 -0.831470
vn 0.108386 -0.544895 -0.831470
vn 0.143792 -0.536640 -0.831470
vn 0.178582 -0.526086 -0.831470
vn 0.212608 -0.513280 -0.831470
vn 0.245722 -0.498276 -0.831470
vn 0.277785 -0.481138 -0.831470
vn 0.308658 -0.461940 -0.831470
vn 0.338210 -0.440764 -0.831470
vn 0.366313 -0.417700 -0.831470
vn 0.392847 -0.392847 -0.831470
vn 0.417700 -0.366313 -0.831470
vn 0.440764 -0.338210 -0.831470
vn 0.461940 -0.308658 -0.831470
vn 0.481138 -0.277785 -0.831470
vn 0.498276 -0.245722 -0.831470
vn 0.513280 -0.212608 -0.831470
vn 0.526086 -0.178582 -0.831470
vn 0.536640 -0.143792 -0.831470
vn 0.544895 -0.108386 -0.831470
vn 0.550817 -0.072516 -0.831470
vn 0.554381 -0.036336 -0.831470
vn 0.555570 0.000000 -0.831470
vn 0.554381 0.036336 -0.831470
vn 0.550817 0.072516 -0.831470
vn 0.544895 0.108386 -0.831470
vn 0.536640 0.143792 -0.831470
vn 0.526086 0.178582 -0.831470
vn 0.513280 0.212608 -0.831470
vn 0.498276 0.245722 -0.831470
vn 0.481138 0.277785 -0.831470
vn 0.461940 0.308658 -0.831470
vn 0.440764 0.338210 -0.831470
vn 0.417700 0.366313 -0.831470
vn 0.392847 0.392847 -0.831470
vn 0.366313 0.417700 -0.831470
vn 0.338210 0.440764 -0.831470
vn 0.308658 0.461940 -0.831470
vn 0.277785 0.481138 -0.831470
vn 0.245722 0.498276 -0.831470
vn 0.212608 0.513280 -0.831470
vn 0.178582 0.526086 -0.831470
vn 0.143792 0.536640 -0.831470
vn 0.108386 0.544895 -0.831470
vn 0.072516 0.550817 -0.831470
vn 0.036336 0.554381 -0.831470
vn 0.000000 0.555570 -0.831470
vn -0.036336 0.554381 -0.831470
vn -0.072516 0.550817 -0.831470
vn -0.108386 0.544895 -0.831470
vn -0.143792 0.536640 -0.831470
vn -0.178582 0.526086 -0.831470
vn -0.212608 0.513280 -0.831470
vn -0.245722 0.498276 -0.831470
vn -0.277785 0.481138 -0.831470
vn -0.308658 0.461940 -0.831470
vn -0.338210 0.440764 -0.831470
vn -0.366313 0.417700 -0.831470
vn -0.392847 0.392847 -0.831470
vn -0.417700 0.366313 -0.831470
vn -0.440764 0.338210 -0.831470
vn -0.461940 0.308658 -0.831470
vn -0.481138 0.277785 -0.831470
vn -0.498276 0.245722 -0.831470
vn -0.513280 0.212608 -0.831470
vn -0.526086 0.178582 -0.831470
vn -0.536640 0.143792 -0.831470
vn -0.544895 0.108386 -0.831470
vn -0.550817 0.072516 -0.831470
vn -0.554381 0.036336 -0.831470
vn -0.555570 0.000000 -0.831470
vn -0.608761 -0.000000 -0.793353
vn -0.607458 -0.039815 -0.793353
vn -0.603553 -0.079459 -0.793353
vn -0.597064 -0.118763 -0.793353
vn -0.588018 -0.157559 -0.793353
vn -0.576455 -0.195680 -0.793353
vn -0.562422 -0.232963 -0.793353
vn -0.545982 -0.269248 -0.793353
vn -0.527203 -0.304381 -0.793353
vn -0.506167 -0.338210 -0.793353
vn -0.482963 -0.370590 -0.793353
vn -0.457691 -0.401384 -0.793353
vn -0.430459 -0.430459 -0.793353
vn -0.401384 -0.457691 -0.793353
vn -0.370590 -0.482963 -0.793353
vn -0.338210 -0.506167 -0.793353
vn -0.304381 -0.527203 -0.793353
vn -0.269248 -0.545982 -0.793353
vn -0.232963 -0.562422 -0.793353
vn -0.195680 -0.576455 -0.793353
vn -0.157559 -0.588018 -0.793353
vn -0.118763 -0.597064 -0.793353
vn -0.079459 -0.603553 -0.793353
vn -0.039815 -0.607458 -0.793353
vn 0.000000 -0.608761 -0.793353
vn 0.039815 -0.607458 -0.793353
vn 0.079459 -0.603553 -0.793353
vn 0.118763 -0.597064 -0.793353
vn 0.157559 -0.588018 -0.793353
vn 0.195680 -0.576455 -0.793353
vn 0.232963 -0.562422 -0.793353
vn 0.269248 -0.545982 -0.793353
vn 0.304381 -0.527203 -0.793353
vn 0.338210 -0.506167 -0.793353
vn 0.370590 -0.482963 -0.793353
vn 0.401384 -0.457691 -0.793353
vn 0.430459 -0.430459 -0.793353
vn 0.457691 -0.401384 -0.793353
vn 0.482963 -0.370590 -0.793353
vn 0.506167 -0.338210 -0.793353
vn 0.527203 -0.304381 -0.793353
vn 0.545982 -0.269248 -0.793353
vn 0.562422 -0.232963 -0.793353
vn 0.576455 -0.195680 -0.793353
vn 0.588018 -0.157559 -0.793353
vn 0.597064 -0.118763 -0.793353
vn 0.603553 -0.079459 -0.793353
vn 0.607458 -0.039815 -0.793353
vn 0.608761 0.000000 -0.793353
vn 0.607458 0.039815 -0.793353
vn 0.603553 0.079459 -0.793353
vn 0.597064 0.118763 -0.793353
vn 0.588018 0.157559 -0.793353
vn 0.576455 0.195680 -0.793353
vn 0.562422 0.232963 -0.793353
vn 0.545982 0.269248 -0.793353
vn 0.527203 0.304381 -0.793353
vn 0.506167 0.338210 -0.793353
vn 0.482963 0.370590 -0.793353
vn 0.457691 0.401384 -0.793353
vn 0.430459 0.430459 -0.793353
vn 0.401384 0.457691 -0.793353
vn 0.370590 0.482963 -0.793353
vn 0.338210 0.506167 -0.793353
vn 0.304381 0.527203 -0.793353
vn 0.269248 0.545982 -0.793353
vn 0.232963 0.562422 -0.793353
vn 0.195680 0.576455 -0.793353
vn 0.157559 0.588018 -0.793353
vn 0.118763 0.597064 -0.793353
vn 0.079459 0.603553 -0.793353
vn 0.039815 0.607458 -0.793353
vn 0.000000 0.608761 -0.793353
vn -0.039815 0.607458 -0.793353
vn -0.079459 0.603553 -0.793353
vn -0.118763 0.597064 -0.793353
vn -0.157559 0.588018 -0.793353
vn -0.195680 0.576455 -0.793353
vn -0.232963 0.562422 -0.793353
vn -0.269248 0.545982 -0.793353
vn -0.304381 0.527203 -0.793353
vn -0.338210 0.506167 -0.793353
vn -0.370590 0.482963 -0.793353
vn -0.401384 0.457691 -0.793353
vn -0.430459 0.430459 -0.793353
vn -0.457691 0.401384 -0.793353
vn -0.482963 0.370590 -0.793353
vn -0.506167 0.338210 -0.793353
vn -0.527203 0.304381 -0.793353
vn -0.545982 0.269248 -0.793353
vn -0.562422 0.232963 -0.793353
vn -0.576455 0.195680 -0.793353
vn -0.588018 0.157559 -0.793353
vn -0.597064 0.118763 -0.793353
vn -0.603553 0.079459 -0.793353
vn -0.607458 0.039815 -0.793353
vn -0.608761 0.000000 -0.793353
vn -0.659346 -0.000000 -0.751840
vn -0.657934 -0.043123 -0.751840
vn -0.653705 -0.086062 -0.751840
vn -0.646677 -0.128632 -0.751840
vn -0.636879 -0.170651 -0.751840
vn -0.624354 -0.211940 -0.751840
vn -0.609156 -0.252321 -0.751840
vn -0.591349 -0.291621 -0.751840
vn -0.571010 -0.329673 -0.751840
vn -0.548226 -0.366313 -0.751840
vn -0.523094 -0.401384 -0.751840
vn -0.495722 -0.434737 -0.751840
vn -0.466228 -0.466228 -0.751840
vn -0.434737 -0.495722 -0.751840
vn -0.401384 -0.523094 -0.751840
vn -0.366313 -0.548226 -0.751840
vn -0.329673 -0.571010 -0.751840
vn -0.291621 -0.591349 -0.751840
vn -0.252321 -0.609156 -0.751840
vn -0.211940 -0.624354 -0.751840
vn -0.170651 -0.636879 -0.751840
vn -0.128632 -0.646677 -0.751840
vn -0.086062 -0.653705 -0.751840
vn -0.043123 -0.657934 -0.751840
vn 0.000000 -0.659346 -0.751840
vn 0.043123 -0.657934 -0.751840
vn 0.086062 -0.653705 -0.751840
vn 0.128632 -0.646677 -0.751840
vn 0.170651 -0.636879 -0.751840
vn 0.211940 -0.624354 -0.751840
vn 0.252321 -0.609156 -0.751840
vn 0.291621 -0.591349 -0.751840
vn 0.329673 -0.571010 -0.751840
vn 0.366313 -0.548226 -0.751840
vn 0.401384 -0.523094 -0.751840
vn 0.434737 -0.495722 -0.751840
vn 0.466228 -0.466228 -0.751840
vn 0.495722 -0.434737 -0.751840
vn 0.523094 -0.401384 -0.751840
vn 0.548226 -0.366313 -0.751840
vn 0.571010 -0.329673 -0.751840
vn 0.591349 -0.291621 -0.751840
vn 0.609156 -0.252321 -0.751840
vn 0.624354 -0.211940 -0.751840
vn 0.636879 -0.170651 -0.751840
vn 0.646677 -0.128632 -0.751840
vn 0.653705 -0.086062 -0.751840
vn 0.657934 -0.043123 -0.751840
vn 0.659346 0.000000 -0.751840
vn 0.657934 0.043123 -0.751840
vn 0.653705 0.086062 -0.751840
vn 0.646677 0.128632 -0.751840
vn 0.636879 0.170651 -0.751840
vn 0.624354 0.211940 -0.751840
vn 0.609156 0.252321 -0.751840
vn 0.591349 0.291621 -0.751840
vn 0.571010 0.329673 -0.751840
vn 0.548226 0.366313 -0.751840
vn 0.523094 0.401384 -0.751840
vn 0.495722 0.434737 -0.751840
vn 0.466228 0.466228 -0.751840
vn 0.434737 0.495722 -0.751840
vn 0.401384 0.523094 -0.751840
vn 0.366313 0.548226 -0.751840
vn 0.329673 0.571010 -0.751840
vn 0.291621 0.591349 -0.751840
vn 0.252321 0.609156 -0.751840
vn 0.211940 0.624354 -0.751840
vn 0.170651 0.636879 -0.751840
vn 0.128632 0.646677 -0.751840
vn 0.086062 0.653705 -0.751840
vn 0.043123 0.657934 -0.751840
vn 0.000000 0.659346 -0.751840
vn -0.043123 0.657934 -0.751840
vn -0.086062 0.653705 -0.751840
vn -0.128632 0.646677 -0.751840
vn -0.170651 0.636879 -0.751840
vn -0.211940 0.624354 -0.751840
vn -0.252321 0.609156 -0.751840
vn -0.291621 0.591349 -0.751840
vn -0.329673 0.571010 -0.751840
vn -0.366313 0.548226 -0.751840
vn -0.401384 0.523094 -0.751840
vn -0.434737 0.495722 -0.751840
vn -0.466228 0.466228 -0.751840
vn -0.495722 0.434737 -0.751840
vn -0.523094 0.401384 -0.751840
vn -0.548226 0.366313 -0.751840
vn -0.571010 0.329673 -0.751840
vn -0.591349 0.291621 -0.751840
vn -0.609156 0.252321 -0.751840
vn -0.624354 0.211940 -0.751840
vn -0.636879 0.170651 -0.751840
vn -0.646677 0.128632 -0.751840
vn -0.653705 0.086062 -0.751840
vn -0.657934 0.043123 -0.751840
vn -0.659346 0.000000 -0.751840
vn -0.707107 -0.000000 -0.707107
vn -0.705593 -0.046247 -0.707107
vn -0.701057 -0.092296 -0.707107
vn -0.693520 -0.137950 -0.707107
vn -0.683013 -0.183013 -0.707107
vn -0.669581 -0.227292 -0.707107
vn -0.653281 -0.270598 -0.707107
vn -0.634185 -0.312745 -0.707107
vn -0.612372 -0.353553 -0.707107
vn -0.587938 -0.392847 -0.707107
vn -0.560986 -0.430459 -0.707107
vn -0.531631 -0.466228 -0.707107
vn -0.500000 -0.500000 -0.707107
vn -0.466228 -0.531631 -0.707107
vn -0.430459 -0.560986 -0.707107
vn -0.392847 -0.587938 -0.707107
vn -0.353553 -0.612372 -0.707107
vn -0.312745 -0.634185 -0.707107
vn -0.270598 -0.653281 -0.707107
vn -0.227292 -0.669581 -0.707107
vn -0.183013 -0.683013 -0.707107
vn -0.137950 -0.693520 -0.707107
vn -0.092296 -0.701057 -0.707107
vn -0.046247 -0.705593 -0.707107
vn 0.000000 -0.707107 -0.707107
vn 0.046247 -0.705593 -0.707107
vn 0.092296 -0.701057 -0.707107
vn 0.137950 -0.693520 -0.707107
vn 0.183013 -0.683013 -0.707107
vn 0.227292 -0.669581 -0.707107
vn 0.270598 -0.653281 -0.707107
vn 0.312745 -0.634185 -0.707107
vn 0.353553 -0.612372 -0.707107
vn 0.392847 -0.587938 -0.707107
vn 0.430459 -0.560986 -0.707107
vn 0.466228 -0.531631 -0.707107
vn 0.500000 -0.500000 -0.707107
vn 0.531631 -0.466228 -0.707107
vn 0.560986 -0.430459 -0.707107
vn 0.587938 -0.392847 -0.707107
vn 0.612372 -0.353553 -0.707107
vn 0.634185 -0.312745 -0.707107
vn 0.653281 -0.270598 -0.707107
vn 0.669581 -0.227292 -0.707107
vn 0.683013 -0.183013 -0.707107
vn 0.693520 -0.137950 -0.707107
vn 0.701057 -0.092296 -0.707107
vn 0.705593 -0.046247 -0.707107
vn 0.707107 0.000000 -0.707107
vn 0.705593 0.046247 -0.707107
vn 0.701057 0.092296 -0.707107
vn 0.693520 0.137950 -0.707107
vn 0.683013 0.183013 -0.707107
vn 0.669581 0.227292 -0.707107
vn 0.653281 0.270598 -0.707107
vn 0.634185 0.312745 -0.707107
vn 0.612372 0.353553 -0.707107
vn 0.587938 0.392847 -0.707107
vn 0.560986 0.430459 -0.707107
vn 0.531631 0.466228 -0.707107
vn 0.500000 0.500000 -0.707107
vn 0.466228 0.531631 -0.707107
vn 0.430459 0.560986 -0.707107
vn 0.392847 0.587938 -0.707107
vn 0.353553 0.612372 -0.707107
vn 0.312745 0.634185 -0.707107
vn 0.270598 0.653281 -0.707107
vn 0.227292 0.669581 -0.707107
vn 0.183013 0.683013 -0.707107
vn 0.137950 0.693520 -0.707107
vn 0.092296 0.701057 -0.707107
vn 0.046247 0.705593 -0.707107
vn 0.000000 0.707107 -0.707107
vn -0.046247 0.705593 -0.707107
vn -0.092296 0.701057 -0.707107
vn -0.137950 0.693520 -0.707107
vn -0.183013 0.683013 -0.707107
vn -0.227292 0.669581 -0.707107
vn -0.270598 0.653281 -0.707107
vn -0.312745 0.634185 -0.707107
vn -0.353553 0.612372 -0.707107
vn -0.392847 0.587938 -0.707107
vn -0.430459 0.560986 -0.707107
vn -0.466228 0.531631 -0.707107
vn -0.500000 0.500000 -0.707107
vn -0.531631 0.466228 -0.707107
vn -0.560986 0.430459 -0.707107
vn -0.587938 0.392847 -0.707107
vn -0.612372 0.353553 -0.707107
vn -0.634185 0.312745 -0.707107
vn -0.653281 0.270598 -0.707107
vn -0.669581 0.227292 -0.707107
vn -0.683013 0.183013 -0.707107
vn -0.693520 0.137950 -0.707107
vn -0.701057 0.092296 -0.707107
vn -0.705593 0.046247 -0.707107
vn -0.707107 0.000000 -0.707107
vn -0.751840 -0.000000 -0.659346
vn -0.750230 -0.049173 -0.659346
vn -0.745408 -0.098135 -0.659346
vn -0.737393 -0.146677 -0.659346
vn -0.726221 -0.194590 -0.659346
vn -0.711940 -0.241671 -0.659346
vn -0.694609 -0.287717 -0.659346
vn -0.674305 -0.332530 -0.659346
vn -0.651112 -0.375920 -0.659346
vn -0.625132 -0.417700 -0.659346
vn -0.596475 -0.457691 -0.659346
vn -0.565263 -0.495722 -0.659346
vn -0.531631 -0.531631 -0.659346
vn -0.495722 -0.565263 -0.659346
vn -0.457691 -0.596475 -0.659346
vn -0.417700 -0.625132 -0.659346
vn -0.375920 -0.651112 -0.659346
vn -0.332530 -0.674305 -0.659346
vn -0.287717 -0.694609 -0.659346
vn -0.241671 -0.711940 -0.659346
vn -0.194590 -0.726221 -0.659346
vn -0.146677 -0.737393 -0.659346
vn -0.098135 -0.745408 -0.659346
vn -0.049173 -0.750230 -0.659346
vn 0.000000 -0.751840 -0.659346
vn 0.049173 -0.750230 -0.659346
vn 0.098135 -0.745408 -0.659346
vn 0.146677 -0.737393 -0.659346
vn 0.194590 -0.726221 -0.659346
vn 0.241671 -0.711940 -0.659346
vn 0.287717 -0.694609 -0.659346
vn 0.332530 -0.674305 -0.659346
vn 0.375920 -0.651112 -0.659346
vn 0.417700 -0.625132 -0.659346
vn 0.457691 -0.596475 -0.659346
vn 0.495722 -0.565263 -0.659346
vn 0.531631 -0.531631 -0.659346
vn 0.565263 -0.495722 -0.659346
vn 0.596475 -0.457691 -0.659346
vn 0.625132 -0.417700 -0.659346
vn 0.651112 -0.375920 -0.659346
vn 0.674305 -0.332530 -0.659346
vn 0.694609 -0.287717 -0.659346
vn 0.711940 -0.241671 -0.659346
vn 0.726221 -0.194590 -0.659346
vn 0.737393 -0.146677 -0.659346
vn 0.745408 -0.098135 -0.659346
vn 0.750230 -0.049173 -0.659346
vn 0.751840 0.000000 -0.659346
vn 0.750230 0.049173 -0.659346
vn 0.745408 0.098135 -0.659346
vn 0.737393 0.146677 -0.659346
vn 0.726221 0.194590 -0.659346
vn 0.711940 0.241671 -0.659346
vn 0.694609 0.287717 -0.659346
vn 0.674305 0.332530 -0.659346
vn 0.651112 0.375920 -0.659346
vn 0.625132 0.417700 -0.659346
vn 0.596475 0.457691 -0.659346
vn 0.565263 0.495722 -0.659346
vn 0.531631 0.531631 -0.659346
vn 0.495722 0.565263 -0.659346
vn 0.457691 0.596475 -0.659346
vn 0.417700 0.625132 -0.659346
vn 0.375920 0.651112 -0.659346
vn 0.332530 0.674305 -0.659346
vn 0.287717 0.694609 -0.659346
vn 0.241671 0.711940 -0.659346
vn 0.194590 0.726221 -0.659346
vn 0.146677 0.737393 -0.659346
vn 0.098135 0.745408 -0.659346
vn 0.049173 0.750230 -0.659346
vn 0.000000 0.751840 -0.659346
vn -0.049173 0.750230 -0.659346
vn -0.098135 0.745408 -0.659346
vn -0.146677 0.737393 -0.659346
vn -0.194590 0.726221 -0.659346
vn -0.241671 0.711940 -0.659346
vn -0.287717 0.694609 -0.659346
vn -0.332530 0.674305 -0.659346
vn -0.375920 0.651112 -0.659346
vn -0.417700 0.625132 -0.659346
vn -0.457691 0.596475 -0.659346
vn -0.495722 0.565263 -0.659346
vn -0.531631 0.531631 -0.659346
vn -0.565263 0.495722 -0.659346
vn -0.596475 0.457691 -0.659346
vn -0.625132 0.417700 -0.659346
vn -0.651112 0.375920 -0.659346
vn -0.674305 0.332530 -0.659346
vn -0.694609 0.287717 -0.659346
vn -0.711940 0.241671 -0.659346
vn -0.726221 0.194590 -0.659346
vn -0.737393 0.146677 -0.659346
vn -0.745408 0.098135 -0.659346
vn -0.750230 0.049173 -0.659346
vn -0.751840 0.000000 -0.659346
vn -0.793353 -0.000000 -0.608761
vn -0.791655 -0.051888 -0.608761
vn -0.786566 -0.103553 -0.608761
vn -0.778109 -0.154776 -0.608761
vn -0.766320 -0.205335 -0.608761
vn -0.751250 -0.255015 -0.608761
vn -0.732963 -0.303603 -0.608761
vn -0.711537 -0.350891 -0.608761
vn -0.687064 -0.396677 -0.608761
vn -0.659649 -0.440764 -0.608761
vn -0.629410 -0.482963 -0.608761
vn -0.596475 -0.523094 -0.608761
vn -0.560986 -0.560986 -0.608761
vn -0.523094 -0.596475 -0.608761
vn -0.482963 -0.629410 -0.608761
vn -0.440764 -0.659649 -0.608761
vn -0.396677 -0.687064 -0.608761
vn -0.350891 -0.711537 -0.608761
vn -0.303603 -0.732963 -0.608761
vn -0.255015 -0.751250 -0.608761
vn -0.205335 -0.766320 -0.608761
vn -0.154776 -0.778109 -0.608761
vn -0.103553 -0.786566 -0.608761
vn -0.051888 -0.791655 -0.608761
vn 0.000000 -0.793353 -0.608761
vn 0.051888 -0.791655 -0.608761
vn 0.103553 -0.786566 -0.608761
vn 0.154776 -0.778109 -0.608761
vn 0.205335 -0.766320 -0.608761
vn 0.255015 -0.751250 -0.608761
vn 0.303603 -0.732963 -0.608761
vn 0.350891 -0.711537 -0.608761
vn 0.396677 -0.687064 -0.608761
vn 0.440764 -0.659649 -0.608761
vn 0.482963 -0.629410 -0.608761
vn 0.523094 -0.596475 -0.608761
vn 0.560986 -0.560986 -0.608761
vn 0.596475 -0.523094 -0.608761
vn 0.629410 -0.482963 -0.608761
vn 0.659649 -0.440764 -0.608761
vn 0.687064 -0.396677 -0.608761
vn 0.711537 -0.350891 -0.608761
vn 0.732963 -0.303603 -0.608761
vn 0.751250 -0.255015 -0.608761
vn 0.766320 -0.205335 -0.608761
vn 0.778109 -0.154776 -0.608761
vn 0.786566 -0.103553 -0.608761
vn 0.791655 -0.051888 -0.608761
vn 0.793353 0.000000 -0.608761
vn 0.791655 0.051888 -0.608761
vn 0.786566 0.103553 -0.608761
vn 0.778109 0.154776 -0.608761
vn 0.766320 0.205335 -0.608761
vn 0.751250 0.255015 -0.608761
vn 0.732963 0.303603 -0.608761
vn 0.711537 0.350891 -0.608761
vn 0.687064 0.396677 -0.608761
vn 0.659649 0.440764 -0.608761
vn 0.629410 0.482963 -0.608761
vn 0.596475 0.523094 -0.608761
vn 0.560986 0.560986 -0.608761
vn 0.523094 0.596475 -0.608761
vn 0.482963 0.629410 -0.608761
vn 0.440764 0.659649 -0.608761
vn 0.396677 0.687064 -0.608761
vn 0.350891 0.711537 -0.608761
vn 0.303603 0.732963 -0.608761
vn 0.255015 0.751250 -0.608761
vn 0.205335 0.766320 -0.608761
vn 0.154776 0.778109 -0.608761
vn 0.103553 0.786566 -0.608761
vn 0.051888 0.791655 -0.608761
vn 0.000000 0.793353 -0.608761
vn -0.051888 0.791655 -0.608761
vn -0.103553 0.786566 -0.608761
vn -0.154776 0.778109 -0.608761
vn -0.205335 0.766320 -0.608761
vn -0.255015 0.751250 -0.608761
vn -0.303603 0.732963 -0.608761
vn -0.350891 0.711537 -0.608761
vn -0.396677 0.687064 -0.608761
vn -0.440764 0.659649 -0.608761
vn -0.482963 0.629410 -0.608761
vn -0.523094 0.596475 -0.608761
vn -0.560986 0.560986 -0.608761
vn -0.596475 0.523094 -0.608761
vn -0.629410 0.482963 -0.608761
vn -0.659649 0.440764 -0.608761
vn -0.687064 0.396677 -0.608761
vn -0.711537 0.350891 -0.608761
vn -0.732963 0.303603 -0.608761
vn -0.751250 0.255015 -0.608761
vn -0.766320 0.205335 -0.608761
vn -0.778109 0.154776 -0.608761
vn -0.786566 0.103553 -0.608761
vn -0.791655 0.051888 -0.608761
vn -0.793353 0.000000 -0.608761
vn -0.831470 -0.000000 -0.555570
vn -0.829689 -0.054381 -0.555570
vn -0.824356 -0.108529 -0.555570
vn -0.815493 -0.162212 -0.555570
vn -0.803138 -0.215200 -0.555570
vn -0.787344 -0.267267 -0.555570
vn -0.768178 -0.318190 -0.555570
vn -0.745722 -0.367750 -0.555570
vn -0.720074 -0.415735 -0.555570
vn -0.691342 -0.461940 -0.555570
vn -0.659649 -0.506167 -0.555570
vn -0.625132 -0.548226 -0.555570
vn -0.587938 -0.587938 -0.555570
vn -0.548226 -0.625132 -0.555570
vn -0.506167 -0.659649 -0.555570
vn -0.461940 -0.691342 -0.555570
vn -0.415735 -0.720074 -0.555570
vn -0.367750 -0.745722 -0.555570
vn -0.318190 -0.768178 -0.555570
vn -0.267267 -0.787344 -0.555570
vn -0.215200 -0.803138 -0.555570
vn -0.162212 -0.815493 -0.555570
vn -0.108529 -0.824356 -0.555570
vn -0.054381 -0.829689 -0.555570
vn 0.000000 -0.831470 -0.555570
vn 0.054381 -0.829689 -0.555570
vn 0.108529 -0.824356 -0.555570
vn 0.162212 -0.815493 -0.555570
vn 0.215200 -0.803138 -0.555570
vn 0.267267 -0.787344 -0.555570
vn 0.318190 -0.768178 -0.555570
vn 0.367750 -0.745722 -0.555570
vn 0.415735 -0.720074 -0.555570
vn 0.461940 -0.691342 -0.555570
vn 0.506167 -0.659649 -0.555570
vn 0.548226 -0.625132 -0.555570
vn 0.587938 -0.587938 -0.555570
vn 0.625132 -0.548226 -0.555570
vn 0.659649 -0.506167 -0.555570
vn 0.691342 -0.461940 -0.555570
vn 0.720074 -0.415735 -0.555570
vn 0.745722 -0.367750 -0.555570
vn 0.768178 -0.318190 -0.555570
vn 0.787344 -0.267267 -0.555570
vn 0.803138 -0.215200 -0.555570
vn 0.815493 -0.162212 -0.555570
vn 0.824356 -0.108529 -0.555570
vn 0.829689 -0.054381 -0.555570
vn 0.831470 0.000000 -0.555570
vn 0.829689 0.054381 -0.555570
vn 0.824356 0.108529 -0.555570
vn 0.815493 0.162212 -0.555570
vn 0.803138 0.215200 -0.555570
vn 0.787344 0.267267 -0.555570
vn 0.768178 0.318190 -0.555570
vn 0.745722 0.367750 -0.555570
vn 0.720074 0.415735 -0.555570
vn 0.691342 0.461940 -0.555570
vn 0.659649 0.506167 -0.555570
vn 0.625132 0.548226 -0.555570
vn 0.587938 0.587938 -0.555570
vn 0.548226 0.625132 -0.555570
vn 0.506167 0.659649 -0.555570
vn 0.461940 0.691342 -0.555570
vn 0.415735 0.720074 -0.555570
vn 0.367750 0.745722 -0.555570
vn 0.318190 0.768178 -0.555570
vn 0.267267 0.787344 -0.555570
vn 0.215200 0.803138 -0.555570
vn 0.162212 0.815493 -0.555570
vn 0.108529 0.824356 -0.555570
vn 0.054381 0.829689 -0.555570
vn 0.000000 0.831470 -0.555570
vn -0.054381 0.829689 -0.555570
vn -0.108529 0.824356 -0.555570
vn -0.162212 0.815493 -0.555570
vn -0.215200 0.803138 -0.555570
vn -0.267267 0.787344 -0.555570
vn -0.318190 0.768178 -0.555570
vn -0.367750 0.745722 -0.555570
vn -0.415735 0.720074 -0.555570
vn -0.461940 0.691342 -0.555570
vn -0.506167 0.659649 -0.555570
vn -0.548226 0.625132 -0.555570
vn -0.587938 0.587938 -0.555570
vn -0.625132 0.548226 -0.555570
vn -0.659649 0.506167 -0.555570
vn -0.691342 0.461940 -0.555570
vn -0.720074 0.415735 -0.555570
vn -0.745722 0.367750 -0.555570
vn -0.768178 0.318190 -0.555570
vn -0.787344 0.267267 -0.555570
vn -0.803138 0.215200 -0.555570
vn -0.815493 0.162212 -0.555570
vn -0.824356 0.108529 -0.555570
vn -0.829689 0.054381 -0.555570
vn -0.831470 0.000000 -0.555570
vn -0.866025 -0.000000 -0.500000
vn -0.864171 -0.056641 -0.500000
vn -0.858616 -0.113039 -0.500000
vn -0.849385 -0.168953 -0.500000
vn -0.836516 -0.224144 -0.500000
vn -0.820066 -0.278375 -0.500000
vn -0.800103 -0.331414 -0.500000
vn -0.776715 -0.383033 -0.500000
vn -0.750000 -0.433013 -0.500000
vn -0.720074 -0.481138 -0.500000
vn -0.687064 -0.527203 -0.500000
vn -0.651112 -0.571010 -0.500000
vn -0.612372 -0.612372 -0.500000
vn -0.571010 -0.651112 -0.500000
vn -0.527203 -0.687064 -0.500000
vn -0.481138 -0.720074 -0.500000
vn -0.433013 -0.750000 -0.500000
vn -0.383033 -0.776715 -0.500000
vn -0.331414 -0.800103 -0.500000
vn -0.278375 -0.820066 -0.500000
vn -0.224144 -0.836516 -0.500000
vn -0.168953 -0.849385 -0.500000
vn -0.113039 -0.858616 -0.500000
vn -0.056641 -0.864171 -0.500000
vn 0.000000 -0.866025 -0.500000
vn 0.056641 -0.864171 -0.500000
vn 0.113039 -0.858616 -0.500000
vn 0.168953 -0.849385 -0.500000
vn 0.224144 -0.836516 -0.500000
vn 0.278375 -0.820066 -0.500000
vn 0.331414 -0.800103 -0.500000
vn 0.383033 -0.776715 -0.500000
vn 0.433013 -0.750000 -0.500000
vn 0.481138 -0.720074 -0.500000
vn 0.527203 -0.687064 -0.500000
vn 0.571010 -0.651112 -0.500000
vn 0.612372 -0.612372 -0.500000
vn 0.651112 -0.571010 -0.500000
vn 0.687064 -0.527203 -0.500000
vn 0.720074 -0.481138 -0.500000
vn 0.750000 -0.433013 -0.500000
vn 0.776715 -0.383033 -0.500000
vn 0.800103 -0.331414 -0.500000
vn 0.820066 -0.278375 -0.500000
vn 0.836516 -0.224144 -0.500000
vn 0.849385 -0.168953 -0.500000
vn 0.858616 -0.113039 -0.500000
vn 0.864171 -0.056641 -0.500000
vn 0.866025 0.000000 -0.500000
vn 0.864171 0.056641 -0.500000
vn 0.858616 0.113039 -0.500000
vn 0.849385 0.168953 -0.500000
vn 0.836516 0.224144 -0.500000
vn 0.820066 0.278375 -0.500000
vn 0.800103 0.331414 -0.500000
vn 0.776715 0.383033 -0.500000
vn 0.750000 0.433013 -0.500000
vn 0.720074 0.481138 -0.500000
vn 0.687064 0.527203 -0.500000
vn 0.651112 0.571010 -0.500000
vn 0.612372 0.612372 -0.500000
vn 0.571010 0.651112 -0.500000
vn 0.527203 0.687064 -0.500000
vn 0.481138 0.720074 -0.500000
vn 0.433013 0.750000 -0.500000
vn 0.383033 0.776715 -0.500000
vn 0.331414 0.800103 -0.500000
vn 0.278375 0.820066 -0.500000
vn 0.224144 0.836516 -0.500000
vn 0.168953 0.849385 -0.500000
vn 0.113039 0.858616 -0.500000
vn 0.056641 0.864171 -0.500000
vn 0.000000 0.866025 -0.500000
vn -0.056641 0.864171 -0.500000
vn -0.113039 0.858616 -0.500000
vn -0.168953 0.849385 -0.500000
vn -0.224144 0.836516 -0.500000
vn -0.278375 0.820066 -0.500000
vn -0.331414 0.800103 -0.500000
vn -0.383033 0.776715 -0.500000
vn -0.433013 0.750000 -0.500000
vn -0.481138 0.720074 -0.500000
vn -0.527203 0.687064 -0.500000
vn -0.571010 0.651112 -0.500000
vn -0.612372 0.612372 -0.500000
vn -0.651112 0.571010 -0.500000
vn -0.687064 0.527203 -0.500000
vn -0.720074 0.481138 -0.500000
vn -0.750000 0.433013 -0.500000
vn -0.776715 0.383033 -0.500000
vn -0.800103 0.331414 -0.500000
vn -0.820066 0.278375 -0.500000
vn -0.836516 0.224144 -0.500000
vn -0.849385 0.168953 -0.500000
vn -0.858616 0.113039 -0.500000
vn -0.864171 0.056641 -0.500000
vn -0.866025 0.000000 -0.500000
vn -0.896873 -0.000000 -0.442289
vn -0.894952 -0.058658 -0.442289
vn -0.889200 -0.117065 -0.442289
vn -0.879640 -0.174971 -0.442289
vn -0.866313 -0.232128 -0.442289
vn -0.849276 -0.288290 -0.442289
vn -0.828602 -0.343218 -0.442289
vn -0.804381 -0.396677 -0.442289
vn -0.776715 -0.448436 -0.442289
vn -0.745722 -0.498276 -0.442289
vn -0.711537 -0.545982 -0.442289
vn -0.674305 -0.591349 -0.442289
vn -0.634185 -0.634185 -0.442289
vn -0.591349 -0.674305 -0.442289
vn -0.545982 -0.711537 -0.442289
vn -0.498276 -0.745722 -0.442289
vn -0.448436 -0.776715 -0.442289
vn -0.396677 -0.804381 -0.442289
vn -0.343218 -0.828602 -0.442289
vn -0.288290 -0.849276 -0.442289
vn -0.232128 -0.866313 -0.442289
vn -0.174971 -0.879640 -0.442289
vn -0.117065 -0.889200 -0.442289
vn -0.058658 -0.894952 -0.442289
vn 0.000000 -0.896873 -0.442289
vn 0.058658 -0.894952 -0.442289
vn 0.117065 -0.889200 -0.442289
vn 0.174971 -0.879640 -0.442289
vn 0.232128 -0.866313 -0.442289
vn 0.288290 -0.849276 -0.442289
vn 0.343218 -0.828602 -0.442289
vn 0.396677 -0.804381 -0.442289
vn 0.448436 -0.776715 -0.442289
vn 0.498276 -0.745722 -0.442289
vn 0.545982 -0.711537 -0.442289
vn 0.591349 -0.674305 -0.442289
vn 0.634185 -0.634185 -0.442289
vn 0.674305 -0.591349 -0.442289
vn 0.711537 -0.545982 -0.442289
vn 0.745722 -0.498276 -0.442289
vn 0.776715 -0.448436 -0.442289
vn 0.804381 -0.396677 -0.442289
vn 0.828602 -0.343218 -0.442289
vn 0.849276 -0.288290 -0.442289
vn 0.866313 -0.232128 -0.442289
vn 0.879640 -0.174971 -0.442289
vn 0.889200 -0.117065 -0.442289
vn 0.894952 -0.058658 -0.442289
vn 0.896873 0.000000 -0.442289
vn 0.894952 0.058658 -0.442289
vn 0.889200 0.117065 -0.442289
vn 0.879640 0.174971 -0.442289
vn 0.866313 0.232128 -0.442289
vn 0.849276 0.288290 -0.442289
vn 0.828602 0.343218 -0.442289
vn 0.804381 0.396677 -0.442289
vn 0.776715 0.448436 -0.442289
vn 0.745722 0.498276 -0.442289
vn 0.711537 0.545982 -0.442289
vn 0.674305 0.591349 -0.442289
vn 0.634185 0.634185 -0.442289
vn 0.591349 0.674305 -0.442289
vn 0.545982 0.711537 -0.442289
vn 0.498276 0.745722 -0.442289
vn 0.448436 0.776715 -0.442289
vn 0.396677 0.804381 -0.442289
vn 0.343218 0.828602 -0.442289
vn 0.288290 0.849276 -0.442289
vn 0.232128 0.866313 -0.442289
vn 0.174971 0.879640 -0.442289
vn 0.117065 0.889200 -0.442289
vn 0.058658 0.894952 -0.442289
vn 0.000000 0.896873 -0.442289
vn -0.058658 0.894952 -0.442289
vn -0.117065 0.889200 -0.442289
vn -0.174971 0.879640 -0.442289
vn -0.232128 0.866313 -0.442289
vn -0.288290 0.849276 -0.442289
vn -0.343218 0.828602 -0.442289
vn -0.396677 0.804381 -0.442289
vn -0.448436 0.776715 -0.442289
vn -0.498276 0.745722 -0.442289
vn -0.545982 0.711537 -0.442289
vn -0.591349 0.674305 -0.442289
vn -0.634185 0.634185 -0.442289
vn -0.674305 0.591349 -0.442289
vn -0.711537 0.545982 -0.442289
vn -0.745722 0.498276 -0.442289
vn -0.776715 0.448436 -0.442289
vn -0.804381 0.396677 -0.442289
vn -0.828602 0.343218 -0.442289
vn -0.849276 0.288290 -0.442289
vn -0.866313 0.232128 -0.442289
vn -0.879640 0.174971 -0.442289
vn -0.889200 0.117065 -0.442289
vn -0.894952 0.058658 -0.442289
vn -0.896873 0.000000 -0.442289
vn -0.923880 -0.000000 -0.382683
vn -0.921901 -0.060425 -0.382683
vn -0.915976 -0.120590 -0.382683
vn -0.906127 -0.180240 -0.382683
vn -0.892399 -0.239118 -0.382683
vn -0.874849 -0.296971 -0.382683
vn -0.853553 -0.353553 -0.382683
vn -0.828602 -0.408621 -0.382683
vn -0.800103 -0.461940 -0.382683
vn -0.768178 -0.513280 -0.382683
vn -0.732963 -0.562422 -0.382683
vn -0.694609 -0.609156 -0.382683
vn -0.653281 -0.653281 -0.382683
vn -0.609156 -0.694609 -0.382683
vn -0.562422 -0.732963 -0.382683
vn -0.513280 -0.768178 -0.382683
vn -0.461940 -0.800103 -0.382683
vn -0.408621 -0.828602 -0.382683
vn -0.353553 -0.853553 -0.382683
vn -0.296971 -0.874849 -0.382683
vn -0.239118 -0.892399 -0.382683
vn -0.180240 -0.906127 -0.382683
vn -0.120590 -0.915976 -0.382683
vn -0.060425 -0.921901 -0.382683
vn 0.000000 -0.923880 -0.382683
vn 0.060425 -0.921901 -0.382683
vn 0.120590 -0.915976 -0.382683
vn 0.180240 -0.906127 -0.382683
vn 0.239118 -0.892399 -0.382683
vn 0.296971 -0.874849 -0.382683
vn 0.353553 -0.853553 -0.382683
vn 0.408621 -0.828602 -0.382683
vn 0.461940 -0.800103 -0.382683
vn 0.513280 -0.768178 -0.382683
vn 0.562422 -0.732963 -0.382683
vn 0.609156 -0.694609 -0.382683
vn 0.653281 -0.653281 -0.382683
vn 0.694609 -0.609156 -0.382683
vn 0.732963 -0.562422 -0.382683
vn 0.768178 -0.513280 -0.382683
vn 0.800103 -0.461940 -0.382683
vn 0.828602 -0.408621 -0.382683
vn 0.853553 -0.353553 -0.382683
vn 0.874849 -0.296971 -0.382683
vn 0.892399 -0.239118 -0.382683
vn 0.906127 -0.180240 -0.382683
vn 0.915976 -0.120590 -0.382683
vn 0.921901 -0.060425 -0.382683
vn 0.923880 0.000000 -0.382683
vn 0.921901 0.060425 -0.382683
vn 0.915976 0.120590 -0.382683
vn 0.906127 0.180240 -0.382683
vn 0.892399 0.239118 -0.382683
vn 0.874849 0.296971 -0.382683
vn 0.853553 0.353553 -0.382683
vn 0.828602 0.408621 -0.382683
vn 0.800103 0.461940 -0.382683
vn 0.768178 0.513280 -0.382683
vn 0.732963 0.562422 -0.382683
vn 0.694609 0.609156 -0.382683
vn 0.653281 0.653281 -0.382683
vn 0.609156 0.694609 -0.382683
vn 0.562422 0.732963 -0.382683
vn 0.513280 0.768178 -0.382683
vn 0.461940 0.800103 -0.382683
vn 0.408621 0.828602 -0.382683
vn 0.353553 0.853553 -0.382683
vn 0.296971 0.874849 -0.382683
vn 0.239118 0.892399 -0.382683
vn 0.180240 0.906127 -0.382683
vn 0.120590 0.915976 -0.382683
vn 0.060425 0.921901 -0.382683
vn 0.000000 0.923880 -0.382683
vn -0.060425 0.921901 -0.382683
vn -0.120590 0.915976 -0.382683
vn -0.180240 0.906127 -0.382683
vn -0.239118 0.892399 -0.382683
vn -0.296971 0.874849 -0.382683
vn -0.353553 0.853553 -0.382683
vn -0.408621 0.828602 -0.382683
vn -0.461940 0.800103 -0.382683
vn -0.513280 0.768178 -0.382683
vn -0.562422 0.732963 -0.382683
vn -0.609156 0.694609 -0.382683
vn -0.653281 0.653281 -0.382683
vn -0.694609 0.609156 -0.382683
vn -0.732963 0.562422 -0.382683
vn -0.768178 0.513280 -0.382683
vn -0.800103 0.461940 -0.382683
vn -0.828602 0.408621 -0.382683
vn -0.853553 0.353553 -0.382683
vn -0.874849 0.296971 -0.382683
vn -0.892399 0.239118 -0.382683
vn -0.906127 0.180240 -0.382683
vn -0.915976 0.120590 -0.382683
vn -0.921901 0.060425 -0.382683
vn -0.923880 0.000000 -0.382683
vn -0.946930 -0.000000 -0.321439
vn -0.944903 -0.061932 -0.321439
vn -0.938829 -0.123599 -0.321439
vn -0.928735 -0.184737 -0.321439
vn -0.914664 -0.245084 -0.321439
vn -0.896677 -0.304381 -0.321439
vn -0.874849 -0.362374 -0.321439
vn -0.849276 -0.418816 -0.321439
vn -0.820066 -0.473465 -0.321439
vn -0.787344 -0.526086 -0.321439
vn -0.751250 -0.576455 -0.321439
vn -0.711940 -0.624354 -0.321439
vn -0.669581 -0.669581 -0.321439
vn -0.624354 -0.711940 -0.321439
vn -0.576455 -0.751250 -0.321439
vn -0.526086 -0.787344 -0.321439
vn -0.473465 -0.820066 -0.321439
vn -0.418816 -0.849276 -0.321439
vn -0.362374 -0.874849 -0.321439
vn -0.304381 -0.896677 -0.321439
vn -0.245084 -0.914664 -0.321439
vn -0.184737 -0.928735 -0.321439
vn -0.123599 -0.938829 -0.321439
vn -0.061932 -0.944903 -0.321439
vn 0.000000 -0.946930 -0.321439
vn 0.061932 -0.944903 -0.321439
vn 0.123599 -0.938829 -0.321439
vn 0.184737 -0.928735 -0.321439
vn 0.245084 -0.914664 -0.321439
vn 0.304381 -0.896677 -0.321439
vn 0.362374 -0.874849 -0.321439
vn 0.418816 -0.849276 -0.321439
vn 0.473465 -0.820066 -0.321439
vn 0.526086 -0.787344 -0.321439
vn 0.576455 -0.751250 -0.321439
vn 0.624354 -0.711940 -0.321439
vn 0.669581 -0.669581 -0.321439
vn 0.711940 -0.624354 -0.321439
vn 0.751250 -0.576455 -0.321439
vn 0.787344 -0.526086 -0.321439
vn 0.820066 -0.473465 -0.321439
vn 0.849276 -0.418816 -0.321439
vn 0.874849 -0.362374 -0.321439
vn 0.896677 -0.304381 -0.321439
vn 0.914664 -0.245084 -0.321439
vn 0.928735 -0.184737 -0.321439
vn 0.938829 -0.123599 -0.321439
vn 0.944903 -0.061932 -0.321439
vn 0.946930 0.000000 -0.321439
vn 0.944903 0.061932 -0.321439
vn 0.938829 0.123599 -0.321439
vn 0.928735 0.184737 -0.321439
vn 0.914664 0.245084 -0.321439
vn 0.896677 0.304381 -0.321439
vn 0.874849 0.362374 -0.321439
vn 0.849276 0.418816 -0.321439
vn 0.820066 0.473465 -0.321439
vn 0.787344 0.526086 -0.321439
vn 0.751250 0.576455 -0.321439
vn 0.711940 0.624354 -0.321439
vn 0.669581 0.669581 -0.321439
vn 0.624354 0.711940 -0.321439
vn 0.576455 0.751250 -0.321439
vn 0.526086 0.787344 -0.321439
vn 0.473465 0.820066 -0.321439
vn 0.418816 0.849276 -0.321439
vn 0.362374 0.874849 -0.321439
vn 0.304381 0.896677 -0.321439
vn 0.245084 0.914664 -0.321439
vn 0.184737 0.928735 -0.321439
vn 0.123599 0.938829 -0.321439
vn 0.061932 0.944903 -0.321439
vn 0.000000 0.946930 -0.321439
vn -0.061932 0.944903 -0.321439
vn -0.123599 0.938829 -0.321439
vn -0.184737 0.928735 -0.321439
vn -0.245084 0.914664 -0.321439
vn -0.304381 0.896677 -0.321439
vn -0.362374 0.874849 -0.321439
vn -0.418816 0.849276 -0.321439
vn -0.473465 0.820066 -0.321439
vn -0.526086 0.787344 -0.321439
vn -0.576455 0.751250 -0.321439
vn -0.624354 0.711940 -0.321439
vn -0.669581 0.669581 -0.321439
vn -0.711940 0.624354 -0.321439
vn -0.751250 0.576455 -0.321439
vn -0.787344 0.526086 -0.321439
vn -0.820066 0.473465 -0.321439
vn -0.849276 0.418816 -0.321439
vn -0.874849 0.362374 -0.321439
vn -0.896677 0.304381 -0.321439
vn -0.914664 0.245084 -0.321439
vn -0.928735 0.184737 -0.321439
vn -0.938829 0.123599 -0.321439
vn -0.944903 0.061932 -0.321439
vn -0.946930 0.000000 -0.321439
vn -0.965926 -0.000000 -0.258819
vn -0.963858 -0.063175 -0.258819
vn -0.957662 -0.126079 -0.258819
vn -0.947366 -0.188443 -0.258819
vn -0.933013 -0.250000 -0.258819
vn -0.914664 -0.310487 -0.258819
vn -0.892399 -0.369644 -0.258819
vn -0.866313 -0.427218 -0.258819
vn -0.836516 -0.482963 -0.258819
vn -0.803138 -0.536640 -0.258819
vn -0.766320 -0.588018 -0.258819
vn -0.726221 -0.636879 -0.258819
vn -0.683013 -0.683013 -0.258819
vn -0.636879 -0.726221 -0.258819
vn -0.588018 -0.766320 -0.258819
vn -0.536640 -0.803138 -0.258819
vn -0.482963 -0.836516 -0.258819
vn -0.427218 -0.866313 -0.258819
vn -0.369644 -0.892399 -0.258819
vn -0.310487 -0.914664 -0.258819
vn -0.250000 -0.933013 -0.258819
vn -0.188443 -0.947366 -0.258819
vn -0.126079 -0.957662 -0.258819
vn -0.063175 -0.963858 -0.258819
vn 0.000000 -0.965926 -0.258819
vn 0.063175 -0.963858 -0.258819
vn 0.126079 -0.957662 -0.258819
vn 0.188443 -0.947366 -0.258819
vn 0.250000 -0.933013 -0.258819
vn 0.310487 -0.914664 -0.258819
vn 0.369644 -0.892399 -0.258819
vn 0.427218 -0.866313 -0.258819
vn 0.482963 -0.836516 -0.258819
vn 0.536640 -0.803138 -0.258819
vn 0.588018 -0.766320 -0.258819
vn 0.636879 -0.726221 -0.258819
vn 0.683013 -0.683013 -0.258819
vn 0.726221 -0.636879 -0.258819
vn 0.766320 -0.588018 -0.258819
vn 0.803138 -0.536640 -0.258819
vn 0.836516 -0.482963 -0.258819
vn 0.866313 -0.427218 -0.258819
vn 0.892399 -0.369644 -0.258819
vn 0.914664 -0.310487 -0.258819
vn 0.933013 -0.250000 -0.258819
vn 0.947366 -0.188443 -0.258819
vn 0.957662 -0.126079 -0.258819
vn 0.963858 -0.063175 -0.258819
vn 0.965926 0.000000 -0.258819
vn 0.963858 0.063175 -0.258819
vn 0.957662 0.126079 -0.258819
vn 0.947366 0.188443 -0.258819
vn 0.933013 0.250000 -0.258819
vn 0.914664 0.310487 -0.258819
vn 0.892399 0.369644 -0.258819
vn 0.866313 0.427218 -0.258819
vn 0.836516 0.482963 -0.258819
vn 0.803138 0.536640 -0.258819
vn 0.766320 0.588018 -0.258819
vn 0.726221 0.636879 -0.258819
vn 0.683013 0.683013 -0.258819
vn 0.636879 0.726221 -0.258819
vn 0.588018 0.766320 -0.258819
vn 0.536640 0.803138 -0.258819
vn 0.482963 0.836516 -0.258819
vn 0.427218 0.866313 -0.258819
vn 0.369644 0.892399 -0.258819
vn 0.310487 0.914664 -0.258819
vn 0.250000 0.933013 -0.258819
vn 0.188443 0.947366 -0.258819
vn 0.126079 0.957662 -0.258819
vn 0.063175 0.963858 -0.258819
vn 0.000000 0.965926 -0.258819
vn -0.063175 0.963858 -0.258819
vn -0.126079 0.957662 -0.258819
vn -0.188443 0.947366 -0.258819
vn -0.250000 0.933013 -0.258819
vn -0.310487 0.914664 -0.258819
vn -0.369644 0.892399 -0.258819
vn -0.427218 0.866313 -0.258819
vn -0.482963 0.836516 -0.258819
vn -0.536640 0.803138 -0.258819
vn -0.588018 0.766320 -0.258819
vn -0.636879 0.726221 -0.258819
vn -0.683013 0.683013 -0.258819
vn -0.726221 0.636879 -0.258819
vn -0.766320 0.588018 -0.258819
vn -0.803138 0.536640 -0.258819
vn -0.836516 0.482963 -0.258819
vn -0.866313 0.427218 -0.258819
vn -0.892399 0.369644 -0.258819
vn -0.914664 0.310487 -0.258819
vn -0.933013 0.250000 -0.258819
vn -0.947366 0.188443 -0.258819
vn -0.957662 0.126079 -0.258819
vn -0.963858 0.063175 -0.258819
vn -0.965926 0.000000 -0.258819
vn -0.980785 -0.000000 -0.195090
vn -0.978685 -0.064146 -0.195090
vn -0.972395 -0.128018 -0.195090
vn -0.961940 -0.191342 -0.195090
vn -0.947366 -0.253846 -0.195090
vn -0.928735 -0.315263 -0.195090
vn -0.906127 -0.375330 -0.195090
vn -0.879640 -0.433790 -0.195090
vn -0.849385 -0.490393 -0.195090
vn -0.815493 -0.544895 -0.195090
vn -0.778109 -0.597064 -0.195090
vn -0.737393 -0.646677 -0.195090
vn -0.693520 -0.693520 -0.195090
vn -0.646677 -0.737393 -0.195090
vn -0.597064 -0.778109 -0.195090
vn -0.544895 -0.815493 -0.195090
vn -0.490393 -0.849385 -0.195090
vn -0.433790 -0.879640 -0.195090
vn -0.375330 -0.906127 -0.195090
vn -0.315263 -0.928735 -0.195090
vn -0.253846 -0.947366 -0.195090
vn -0.191342 -0.961940 -0.195090
vn -0.128018 -0.972395 -0.195090
vn -0.064146 -0.978685 -0.195090
vn 0.000000 -0.980785 -0.195090
vn 0.064146 -0.978685 -0.195090
vn 0.128018 -0.972395 -0.195090
vn 0.191342 -0.961940 -0.195090
vn 0.253846 -0.947366 -0.195090
vn 0.315263 -0.928735 -0.195090
vn 0.375330 -0.906127 -0.195090
vn 0.433790 -0.879640 -0.195090
vn 0.490393 -0.849385 -0.195090
vn 0.544895 -0.815493 -0.195090
vn 0.597064 -0.778109 -0.195090
vn 0.646677 -0.737393 -0.195090
vn 0.693520 -0.693520 -0.195090
vn 0.737393 -0.646677 -0.195090
vn 0.778109 -0.597064 -0.195090
vn 0.815493 -0.544895 -0.195090
vn 0.849385 -0.490393 -0.195090
vn 0.879640 -0.433790 -0.195090
vn 0.906127 -0.375330 -0.195090
vn 0.928735 -0.315263 -0.195090
vn 0.947366 -0.253846 -0.195090
vn 0.961940 -0.191342 -0.195090
vn 0.972395 -0.128018 -0.195090
vn 0.978685 -0.064146 -0.195090
vn 0.980785 0.000000 -0.195090
vn 0.978685 0.064146 -0.195090
vn 0.972395 0.128018 -0.195090
vn 0.961940 0.191342 -0.195090
vn 0.947366 0.253846 -0.195090
vn 0.928735 0.315263 -0.195090
vn 0.906127 0.375330 -0.195090
vn 0.879640 0.433790 -0.195090
vn 0.849385 0.490393 -0.195090
vn 0.815493 0.544895 -0.195090
vn 0.778109 0.597064 -0.195090
vn 0.737393 0.646677 -0.195090
vn 0.693520 0.693520 -0.195090
vn 0.646677 0.737393 -0.195090
vn 0.597064 0.778109 -0.195090
vn 0.544895 0.815493 -0.195090
vn 0.490393 0.849385 -0.195090
vn 0.433790 0.879640 -0.195090
vn 0.375330 0.906127 -0.195090
vn 0.315263 0.928735 -0.195090
vn 0.253846 0.947366 -0.195090
vn 0.191342 0.961940 -0.195090
vn 0.128018 0.972395 -0.195090
vn 0.064146 0.978685 -0.195090
vn 0.000000 0.980785 -0.195090
vn -0.064146 0.978685 -0.195090
vn -0.128018 0.972395 -0.195090
vn -0.191342 0.961940 -0.195090
vn -0.253846 0.947366 -0.195090
vn -0.315263 0.928735 -0.195090
vn -0.375330 0.906127 -0.195090
vn -0.433790 0.879640 -0.195090
vn -0.490393 0.849385 -0.195090
vn -0.544895 0.815493 -0.195090
vn -0.597064 0.778109 -0.195090
vn -0.646677 0.737393 -0.195090
vn -0.693520 0.693520 -0.195090
vn -0.737393 0.646677 -0.195090
vn -0.778109 0.597064 -0.195090
vn -0.815493 0.544895 -0.195090
vn -0.849385 0.490393 -0.195090
vn -0.879640 0.433790 -0.195090
vn -0.906127 0.375330 -0.195090
vn -0.928735 0.315263 -0.195090
vn -0.947366 0.253846 -0.195090
vn -0.961940 0.191342 -0.195090
vn -0.972395 0.128018 -0.195090
vn -0.978685 0.064146 -0.195090
vn -0.980785 0.000000 -0.195090
vn -0.991445 -0.000000 -0.130526
vn -0.989322 -0.064844 -0.130526
vn -0.982963 -0.129410 -0.130526
vn -0.972395 -0.193421 -0.130526
vn -0.957662 -0.256605 -0.130526
vn -0.938829 -0.318690 -0.130526
vn -0.915976 -0.379410 -0.130526
vn -0.889200 -0.438505 -0.130526
vn -0.858616 -0.495722 -0.130526
vn -0.824356 -0.550817 -0.130526
vn -0.786566 -0.603553 -0.130526
vn -0.745408 -0.653705 -0.130526
vn -0.701057 -0.701057 -0.130526
vn -0.653705 -0.745408 -0.130526
vn -0.603553 -0.786566 -0.130526
vn -0.550817 -0.824356 -0.130526
vn -0.495722 -0.858616 -0.130526
vn -0.438505 -0.889200 -0.130526
vn -0.379410 -0.915976 -0.130526
vn -0.318690 -0.938829 -0.130526
vn -0.256605 -0.957662 -0.130526
vn -0.193421 -0.972395 -0.130526
vn -0.129410 -0.982963 -0.130526
vn -0.064844 -0.989322 -0.130526
vn 0.000000 -0.991445 -0.130526
vn 0.064844 -0.989322 -0.130526
vn 0.129410 -0.982963 -0.130526
vn 0.193421 -0.972395 -0.130526
vn 0.256605 -0.957662 -0.130526
vn 0.318690 -0.938829 -0.130526
vn 0.379410 -0.915976 -0.130526
vn 0.438505 -0.889200 -0.130526
vn 0.495722 -0.858616 -0.130526
vn 0.550817 -0.824356 -0.130526
vn 0.603553 -0.786566 -0.130526
vn 0.653705 -0.745408 -0.130526
vn 0.701057 -0.701057 -0.130526
vn 0.745408 -0.653705 -0.130526
vn 0.786566 -0.603553 -0.130526
vn 0.824356 -0.550817 -0.130526
vn 0.858616 -0.495722 -0.130526
vn 0.889200 -0.438505 -0.130526
vn 0.915976 -0.379410 -0.130526
vn 0.938829 -0.318690 -0.130526
vn 0.957662 -0.256605 -0.130526
vn 0.972395 -0.193421 -0.130526
vn 0.982963 -0.129410 -0.130526
vn 0.989322 -0.064844 -0.130526
vn 0.991445 0.000000 -0.130526
vn 0.989322 0.064844 -0.130526
vn 0.982963 0.129410 -0.130526
vn 0.972395 0.193421 -0.130526
vn 0.957662 0.256605 -0.130526
vn 0.938829 0.318690 -0.130526
vn 0.915976 0.379410 -0.130526
vn 0.889200 0.438505 -0.130526
vn 0.858616 0.495722 -0.130526
vn 0.824356 0.550817 -0.130526
vn 0.786566 0.603553 -0.130526
vn 0.745408 0.653705 -0.130526
vn 0.701057 0.701057 -0.130526
vn 0.653705 0.745408 -0.130526
vn 0.603553 0.786566 -0.130526
vn 0.550817 0.824356 -0.130526
vn 0.495722 0.858616 -0.130526
vn 0.438505 0.889200 -0.130526
vn 0.379410 0.915976 -0.130526
vn 0.318690 0.938829 -0.130526
vn 0.256605 0.957662 -0.130526
vn 0.193421 0.972395 -0.130526
vn 0.129410 0.982963 -0.130526
vn 0.064844 0.989322 -0.130526
vn 0.000000 0.991445 -0.130526
vn -0.064844 0.989322 -0.130526
vn -0.129410 0.982963 -0.130526
vn -0.193421 0.972395 -0.130526
vn -0.256605 0.957662 -0.130526
vn -0.318690 0.938829 -0.130526
vn -0.379410 0.915976 -0.130526
vn -0.438505 0.889200 -0.130526
vn -0.495722 0.858616 -0.130526
vn -0.550817 0.824356 -0.130526
vn -0.603553 0.786566 -0.130526
vn -0.653705 0.745408 -0.130526
vn -0.701057 0.701057 -0.130526
vn -0.745408 0.653705 -0.130526
vn -0.786566 0.603553 -0.130526
vn -0.824356 0.550817 -0.130526
vn -0.858616 0.495722 -0.130526
vn -0.889200 0.438505 -0.130526
vn -0.915976 0.379410 -0.130526
vn -0.938829 0.318690 -0.130526
vn -0.957662 0.256605 -0.130526
vn -0.972395 0.193421 -0.130526
vn -0.982963 0.129410 -0.130526
vn -0.989322 0.064844 -0.130526
vn -0.991445 0.000000 -0.130526
vn -0.997859 -0.000000 -0.065403
vn -0.995722 -0.065263 -0.065403
vn -0.989322 -0.130247 -0.065403
vn -0.978685 -0.194673 -0.065403
vn -0.963858 -0.258265 -0.065403
vn -0.944903 -0.320751 -0.065403
vn -0.921901 -0.381864 -0.065403
vn -0.894952 -0.441342 -0.065403
vn -0.864171 -0.498929 -0.065403
vn -0.829689 -0.554381 -0.065403
vn -0.791655 -0.607458 -0.065403
vn -0.750230 -0.657934 -0.065403
vn -0.705593 -0.705593 -0.065403
vn -0.657934 -0.750230 -0.065403
vn -0.607458 -0.791655 -0.065403
vn -0.554381 -0.829689 -0.065403
vn -0.498929 -0.864171 -0.065403
vn -0.441342 -0.894952 -0.065403
vn -0.381864 -0.921901 -0.065403
vn -0.320751 -0.944903 -0.065403
vn -0.258265 -0.963858 -0.065403
vn -0.194673 -0.978685 -0.065403
vn -0.130247 -0.989322 -0.065403
vn -0.065263 -0.995722 -0.065403
vn 0.000000 -0.997859 -0.065403
vn 0.065263 -0.995722 -0.065403
vn 0.130247 -0.989322 -0.065403
vn 0.194673 -0.978685 -0.065403
vn 0.258265 -0.963858 -0.065403
vn 0.320751 -0.944903 -0.065403
vn 0.381864 -0.921901 -0.065403
vn 0.441342 -0.894952 -0.065403
vn 0.498929 -0.864171 -0.065403
vn 0.554381 -0.829689 -0.065403
vn 0.607458 -0.791655 -0.065403
vn 0.657934 -0.750230 -0.065403
vn 0.705593 -0.705593 -0.065403
vn 0.750230 -0.657934 -0.065403
vn 0.791655 -0.607458 -0.065403
vn 0.829689 -0.554381 -0.065403
vn 0.864171 -0.498929 -0.065403
vn 0.894952 -0.441342 -0.065403
vn 0.921901 -0.381864 -0.065403
vn 0.944903 -0.320751 -0.065403
vn 0.963858 -0.258265 -0.065403
vn 0.978685 -0.194673 -0.065403
vn 0.989322 -0.130247 -0.065403
vn 0.995722 -0.065263 -0.065403
vn 0.997859 0.000000 -0.065403
vn 0.995722 0.065263 -0.065403
vn 0.989322 0.130247 -0.065403
vn 0.978685 0.194673 -0.065403
vn 0.963858 0.258265 -0.065403
vn 0.944903 0.320751 -0.065403
vn 0.921901 0.381864 -0.065403
vn 0.894952 0.441342 -0.065403
vn 0.864171 0.498929 -0.065403
vn 0.829689 0.554381 -0.065403
vn 0.791655 0.607458 -0.065403
vn 0.750230 0.657934 -0.065403
vn 0.705593 0.705593 -0.065403
vn 0.657934 0.750230 -0.065403
vn 0.607458 0.791655 -0.065403
vn 0.554381 0.829689 -0.065403
vn 0.498929 0.864171 -0.065403
vn 0.441342 0.894952 -0.065403
vn 0.381864 0.921901 -0.065403
vn 0.320751 0.944903 -0.065403
vn 0.258265 0.963858 -0.065403
vn 0.194673 0.978685 -0.065403
vn 0.130247 0.989322 -0.065403
vn 0.065263 0.995722 -0.065403
vn 0.000000 0.997859 -0.065403
vn -0.065263 0.995722 -0.065403
vn -0.130247 0.989322 -0.065403
vn -0.194673 0.978685 -0.065403
vn -0.258265 0.963858 -0.065403
vn -0.320751 0.944903 -0.065403
vn -0.381864 0.921901 -0.065403
vn -0.441342 0.894952 -0.065403
vn -0.498929 0.864171 -0.065403
vn -0.554381 0.829689 -0.065403
vn -0.607458 0.791655 -0.065403
vn -0.657934 0.750230 -0.065403
vn -0.705593 0.705593 -0.065403
vn -0.750230 0.657934 -0.065403
vn -0.791655 0.607458 -0.065403
vn -0.829689 0.554381 -0.065403
vn -0.864171 0.498929 -0.065403
vn -0.894952 0.441342 -0.065403
vn -0.921901 0.381864 -0.065403
vn -0.944903 0.320751 -0.065403
vn -0.963858 0.258265 -0.065403
vn -0.978685 0.194673 -0.065403
vn -0.989322 0.130247 -0.065403
vn -0.995722 0.065263 -0.065403
vn -0.997859 0.000000 -0.065403
vn -1.000000 -0.000000 0.000000
vn -0.997859 -0.065403 0.000000
vn -0.991445 -0.130526 0.000000
vn -0.980785 -0.195090 0.000000
vn -0.965926 -0.258819 0.000000
vn -0.946930 -0.321439 0.000000
vn -0.923880 -0.382683 0.000000
vn -0.896873 -0.442289 0.000000
vn -0.866025 -0.500000 0.000000
vn -0.831470 -0.555570 0.000000
vn -0.793353 -0.608761 0.000000
vn -0.751840 -0.659346 0.000000
vn -0.707107 -0.707107 0.000000
vn -0.659346 -0.751840 0.000000
vn -0.608761 -0.793353 0.000000
vn -0.555570 -0.831470 0.000000
vn -0.500000 -0.866025 0.000000
vn -0.442289 -0.896873 0.000000
vn -0.382683 -0.923880 0.000000
vn -0.321439 -0.946930 0.000000
vn -0.258819 -0.965926 0.000000
vn -0.195090 -0.980785 0.000000
vn -0.130526 -0.991445 0.000000
vn -0.065403 -0.997859 0.000000
vn 0.000000 -1.000000 0.000000
vn 0.065403 -0.997859 0.000000
vn 0.130526 -0.991445 0.000000
vn 0.195090 -0.980785 0.000000
vn 0.258819 -0.965926 0.000000
vn 0.321439 -0.946930 0.000000
vn 0.382683 -0.923880 0.000000
vn 0.442289 -0.896873 0.000000
vn 0.500000 -0.866025 0.000000
vn 0.555570 -0.831470 0.000000
vn 0.608761 -0.793353 0.000000
vn 0.659346 -0.751840 0.000000
vn 0.707107 -0.707107 0.000000
vn 0.751840 -0.659346 0.000000
vn 0.793353 -0.608761 0.000000
vn 0.831470 -0.555570 0.000000
vn 0.866025 -0.500000 0.000000
vn 0.896873 -0.442289 0.000000
vn 0.923880 -0.382683 0.000000
vn 0.946930 -0.321439 0.000000
vn 0.965926 -0.258819 0.000000
vn 0.980785 -0.195090 0.000000
vn 0.991445 -0.130526 0.000000
vn 0.997859 -0.065403 0.000000
vn 1.000000 0.000000 0.000000
vn 0.997859 0.065403 0.000000
vn 0.991445 0.130526 0.000000
vn 0.980785 0.195090 0.000000
vn 0.965926 0.258819 0.000000
vn 0.946930 0.321439 0.000000
vn 0.923880 0.382683 0.000000
vn 0.896873 0.442289 0.000000
vn 0.866025 0.500000 0.000000
vn 0.831470 0.555570 0.000000
vn 0.793353 0.608761 0.000000
vn 0.751840 0.659346 0.000000
vn 0.707107 0.707107 0.000000
vn 0.659346 0.751840 0.000000
vn 0.608761 0.793353 0.000000
vn 0.555570 0.831470 0.000000
vn 0.500000 0.866025 0.000000
vn 0.442289 0.896873 0.000000
vn 0.382683 0.923880 0.000000
vn 0.321439 0.946930 0.000000
vn 0.258819 0.965926 0.000000
vn 0.195090 0.980785 0.000000
vn 0.130526 0.991445 0.000000
vn 0.065403 0.997859 0.000000
vn 0.000000 1.000000 0.000000
vn -0.065403 0.997859 0.000000
vn -0.130526 0.991445 0.000000
vn -0.195090 0.980785 0.000000
vn -0.258819 0.965926 0.000000
vn -0.321439 0.946930 0.000000
vn -0.382683 0.923880 0.000000
vn -0.442289 0.896873 0.000000
vn -0.500000 0.866025 0.000000
vn -0.555570 0.831470 0.000000
vn -0.608761 0.793353 0.000000
vn -0.659346 0.751840 0.000000
vn -0.707107 0.707107 0.000000
vn -0.751840 0.659346 0.000000
vn -0.793353 0.608761 0.000000
vn -0.831470 0.555570 0.000000
vn -0.866025 0.500000 0.000000
vn -0.896873 0.442289 0.000000
vn -0.923880 0.382683 0.000000
vn -0.946930 0.321439 0.000000
vn -0.965926 0.258819 0.000000
vn -0.980785 0.195090 0.000000
vn -0.991445 0.130526 0.000000
vn -0.997859 0.065403 0.000000
vn -1.000000 0.000000 0.000000
vn -0.997859 -0.000000 0.065403
vn -0.995722 -0.065263 0.065403
vn -0.989322 -0.130247 0.065403
vn -0.978685 -0.194673 0.065403
vn -0.963858 -0.258265 0.065403
vn -0.944903 -0.320751 0.065403
vn -0.921901 -0.381864 0.065403
vn -0.894952 -0.441342 0.065403
vn -0.864171 -0.498929 0.065403
vn -0.829689 -0.554381 0.065403
vn -0.791655 -0.607458 0.065403
vn -0.750230 -0.657934 0.065403
vn -0.705593 -0.705593 0.065403
vn -0.657934 -0.750230 0.065403
vn -0.607458 -0.791655 0.065403
vn -0.554381 -0.829689 0.065403
vn -0.498929 -0.864171 0.065403
vn -0.441342 -0.894952 0.065403
vn -0.381864 -0.921901 0.065403
vn -0.320751 -0.944903 0.065403
vn -0.258265 -0.963858 0.065403
vn -0.194673 -0.978685 0.065403
vn -0.130247 -0.989322 0.065403
vn -0.065263 -0.995722 0.065403
vn 0.000000 -0.997859 0.065403
vn 0.065263 -0.995722 0.065403
vn 0.130247 -0.989322 0.065403
vn 0.194673 -0.978685 0.065403
vn 0.258265 -0.963858 0.065403
vn 0.320751 -0.944903 0.065403
vn 0.381864 -0.921901 0.065403
vn 0.441342 -0.894952 0.065403
vn 0.498929 -0.864171 0.065403
vn 0.554381 -0.829689 0.065403
vn 0.607458 -0.791655 0.065403
vn 0.657934 -0.750230 0.065403
vn 0.705593 -0.705593 0.065403
vn 0.750230 -0.657934 0.065403
vn 0.791655 -0.607458 0.065403
vn 0.829689 -0.554381 0.065403
vn 0.864171 -0.498929 0.065403
vn 0.894952 -0.441342 0.065403
vn 0.921901 -0.381864 0.065403
vn 0.944903 -0.320751 0.065403
vn 0.963858 -0.258265 0.065403
vn 0.978685 -0.194673 0.065403
vn 0.989322 -0.130247 0.065403
vn 0.995722 -0.065263 0.065403
vn 0.997859 0.000000 0.065403
vn 0.995722 0.065263 0.065403
vn 0.989322 0.130247 0.065403
vn 0.978685 0.194673 0.065403
vn 0.963858 0.258265 0.065403
vn 0.944903 0.320751 0.065403
vn 0.921901 0.381864 0.065403
vn 0.894952 0.441342 0.065403
vn 0.864171 0.498929 0.065403
vn 0.829689 0.554381 0.065403
vn 0.791655 0.607458 0.065403
vn 0.750230 0.657934 0.065403
vn 0.705593 0.705593 0.065403
vn 0.657934 0.750230 0.065403
vn 0.607458 0.791655 0.065403
vn 0.554381 0.829689 0.065403
vn 0.498929 0.864171 0.065403
vn 0.441342 0.894952 0.065403
vn 0.381864 0.921901 0.065403
vn 0.320751 0.944903 0.065403
vn 0.258265 0.963858 0.065403
vn 0.194673 0.978685 0.065403
vn 0.130247 0.989322 0.065403
vn 0.065263 0.995722 0.065403
vn 0.000000 0.997859 0.065403
vn -0.065263 0.995722 0.065403
vn -0.130247 0.989322 0.065403
vn -0.194673 0.978685 0.065403
vn -0.258265 0.963858 0.065403
vn -0.320751 0.944903 0.065403
vn -0.381864 0.921901 0.065403
vn -0.441342 0.894952 0.065403
vn -0.498929 0.864171 0.065403
vn -0.554381 0.829689 0.065403
vn -0.607458 0.791655 0.065403
vn -0.657934 0.750230 0.065403
vn -0.705593 0.705593 0.065403
vn -0.750230 0.657934 0.065403
vn -0.791655 0.607458 0.065403
vn -0.829689 0.554381 0.065403
vn -0.864171 0.498929 0.065403
vn -0.894952 0.441342 0.065403
vn -0.921901 0.381864 0.065403
vn -0.944903 0.320751 0.065403
vn -0.963858 0.258265 0.065403
vn -0.978685 0.194673 0.065403
vn -0.989322 0.130247 0.065403
vn -0.995722 0.065263 0.065403
vn -0.997859 0.000000 0.065403
vn -0.991445 -0.000000 0.130526
vn -0.989322 -0.064844 0.130526
vn -0.982963 -0.129410 0.130526
vn -0.972395 -0.193421 0.130526
vn -0.957662 -0.256605 0.130526
vn -0.938829 -0.318690 0.130526
vn -0.915976 -0.379410 0.130526
vn -0.889200 -0.438505 0.130526
vn -0.858616 -0.495722 0.130526
vn -0.824356 -0.550817 0.130526
vn -0.786566 -0.603553 0.130526
vn -0.745408 -0.653705 0.130526
vn -0.701057 -0.701057 0.130526
vn -0.653705 -0.745408 0.130526
vn -0.603553 -0.786566 0.130526
vn -0.550817 -0.824356 0.130526
vn -0.495722 -0.858616 0.130526
vn -0.438505 -0.889200 0.130526
vn -0.379410 -0.915976 0.130526
vn -0.318690 -0.938829 0.130526
vn -0.256605 -0.957662 0.130526
vn -0.193421 -0.972395 0.130526
vn -0.129410 -0.982963 0.130526
vn -0.064844 -0.989322 0.130526
vn 0.000000 -0.991445 0.130526
vn 0.064844 -0.989322 0.130526
vn 0.129410 -0.982963 0.130526
vn 0.193421 -0.972395 0.130526
vn 0.256605 -0.957662 0.130526
vn 0.318690 -0.938829 0.130526
vn 0.379410 -0.915976 0.130526
vn 0.438505 -0.889200 0.130526
vn 0.495722 -0.858616 0.130526
vn 0.550817 -0.824356 0.130526
vn 0.603553 -0.786566 0.130526
vn 0.653705 -0.745408 0.130526
vn 0.701057 -0.701057 0.130526
vn 0.745408 -0.653705 0.130526
vn 0.786566 -0.603553 0.130526
vn 0.824356 -0.550817 0.130526
vn 0.858616 -0.495722 0.130526
vn 0.889200 -0.438505 0.130526
vn 0.915976 -0.379410 0.130526
vn 0.938829 -0.318690 0.130526
vn 0.957662 -0.256605 0.130526
vn 0.972395 -0.193421 0.130526
vn 0.982963 -0.129410 0.130526
vn 0.989322 -0.064844 0.130526
vn 0.991445 0.000000 0.130526
vn 0.989322 0.064844 0.130526
vn 0.982963 0.129410 0.130526
vn 0.972395 0.193421 0.130526
vn 0.957662 0.256605 0.130526
vn 0.938829 0.318690 0.130526
vn 0.915976 0.379410 0.130526
vn 0.889200 0.438505 0.130526
vn 0.858616 0.495722 0.130526
vn 0.824356 0.550817 0.130526
vn 0.786566 0.603553 0.130526
vn 0.745408 0.653705 0.130526
vn 0.701057 0.701057 0.130526
vn 0.653705 0.745408 0.130526
vn 0.603553 0.786566 0.130526
vn 0.550817 0.824356 0.130526
vn 0.495722 0.858616 0.130526
vn 0.438505 0.889200 0.130526
vn 0.379410 0.915976 0.130526
vn 0.318690 0.938829 0.130526
vn 0.256605 0.957662 0.130526
vn 0.193421 0.972395 0.130526
vn 0.129410 0.982963 0.130526
vn 0.064844 0.989322 0.130526
vn 0.000000 0.991445 0.130526
vn -0.064844 0.989322 0.130526
vn -0.129410 0.982963 0.130526
vn -0.193421 0.972395 0.130526
vn -0.256605 0.957662 0.130526
vn -0.318690 0.938829 0.130526
vn -0.379410 0.915976 0.130526
vn -0.438505 0.889200 0.130526
vn -0.495722 0.858616 0.130526
vn -0.550817 0.824356 0.130526
vn -0.603553 0.786566 0.130526
vn -0.653705 0.745408 0.130526
vn -0.701057 0.701057 0.130526
vn -0.745408 0.653705 0.130526
vn -0.786566 0.603553 0.130526
vn -0.824356 0.550817 0.130526
vn -0.858616 0.495722 0.130526
vn -0.889200 0.438505 0.130526
vn -0.915976 0.379410 0.130526
vn -0.938829 0.318690 0.130526
vn -0.957662 0.256605 0.130526
vn -0.972395 0.193421 0.130526
vn -0.982963 0.129410 0.130526
vn -0.989322 0.064844 0.130526
vn -0.991445 0.000000 0.130526
vn -0.980785 -0.000000 0.195090
vn -0.978685 -0.064146 0.195090
vn -0.972395 -0.128018 0.195090
vn -0.961940 -0.191342 0.195090
vn -0.947366 -0.253846 0.195090
vn -0.928735 -0.315263 0.195090
vn -0.906127 -0.375330 0.195090
vn -0.879640 -0.433790 0.195090
vn -0.849385 -0.490393 0.195090
vn -0.815493 -0.544895 0.195090
vn -0.778109 -0.597064 0.195090
vn -0.737393 -0.646677 0.195090
vn -0.693520 -0.693520 0.195090
vn -0.646677 -0.737393 0.195090
vn -0.597064 -0.778109 0.195090
vn -0.544895 -0.815493 0.195090
vn -0.490393 -0.849385 0.195090
vn -0.433790 -0.879640 0.195090
vn -0.375330 -0.906127 0.195090
vn -0.315263 -0.928735 0.195090
vn -0.253846 -0.947366 0.195090
vn -0.191342 -0.961940 0.195090
vn -0.128018 -0.972395 0.195090
vn -0.064146 -0.978685 0.195090
vn 0.000000 -0.980785 0.195090
vn 0.064146 -0.978685 0.195090
vn 0.128018 -0.972395 0.195090
vn 0.191342 -0.961940 0.195090
vn 0.253846 -0.947366 0.195090
vn 0.315263 -0.928735 0.195090
vn 0.375330 -0.906127 0.195090
vn 0.433790 -0.879640 0.195090
vn 0.490393 -0.849385 0.195090
vn 0.544895 -0.815493 0.195090
vn 0.597064 -0.778109 0.195090
vn 0.646677 -0.737393 0.195090
vn 0.693520 -0.693520 0.195090
vn 0.737393 -0.646677 0.195090
vn 0.778109 -0.597064 0.195090
vn 0.815493 -0.544895 0.195090
vn 0.849385 -0.490393 0.195090
vn 0.879640 -0.433790 0.195090
vn 0.906127 -0.375330 0.195090
vn 0.928735 -0.315263 0.195090
vn 0.947366 -0.253846 0.195090
vn 0.961940 -0.191342 0.195090
vn 0.972395 -0.128018 0.195090
vn 0.978685 -0.064146 0.195090
vn 0.980785 0.000000 0.195090
vn 0.978685 0.064146 0.195090
vn 0.972395 0.128018 0.195090
vn 0.961940 0.191342 0.195090
vn 0.947366 0.253846 0.195090
vn 0.928735 0.315263 0.195090
vn 0.906127 0.375330 0.195090
vn 0.879640 0.433790 0.195090
vn 0.849385 0.490393 0.195090
vn 0.815493 0.544895 0.195090
vn 0.778109 0.597064 0.195090
vn 0.737393 0.646677 0.195090
vn 0.693520 0.693520 0.195090
vn 0.646677 0.737393 0.195090
vn 0.597064 0.778109 0.195090
vn 0.544895 0.815493 0.195090
vn 0.490393 0.849385 0.195090
vn 0.433790 0.879640 0.195090
vn 0.375330 0.906127 0.195090
vn 0.315263 0.928735 0.195090
vn 0.253846 0.947366 0.195090
vn 0.191342 0.961940 0.195090
vn 0.128018 0.972395 0.195090
vn 0.064146 0.978685 0.195090
vn 0.000000 0.980785 0.195090
vn -0.064146 0.978685 0.195090
vn -0.128018 0.972395 0.195090
vn -0.191342 0.961940 0.195090
vn -0.253846 0.947366 0.195090
vn -0.315263 0.928735 0.195090
vn -0.375330 0.906127 0.195090
vn -0.433790 0.879640 0.195090
vn -0.490393 0.849385 0.195090
vn -0.544895 0.815493 0.195090
vn -0.597064 0.778109 0.195090
vn -0.646677 0.737393 0.195090
vn -0.693520 0.693520 0.195090
vn -0.737393 0.646677 0.195090
vn -0.778109 0.597064 0.195090
vn -0.815493 0.544895 0.195090
vn -0.849385 0.490393 0.195090
vn -0.879640 0.433790 0.195090
vn -0.906127 0.375330 0.195090
vn -0.928735 0.315263 0.195090
vn -0.947366 0.253846 0.195090
vn -0.961940 0.191342 0.195090
vn -0.972395 0.128018 0.195090
vn -0.978685 0.064146 0.195090
vn -0.980785 0.000000 0.195090
vn -0.965926 -0.000000 0.258819
vn -0.963858 -0.063175 0.258819
vn -0.957662 -0.126079 0.258819
vn -0.947366 -0.188443 0.258819
vn -0.933013 -0.250000 0.258819
vn -0.914664 -0.310487 0.258819
vn -0.892399 -0.369644 0.258819
vn -0.866313 -0.427218 0.258819
vn -0.836516 -0.482963 0.258819
vn -0.803138 -0.536640 0.258819
vn -0.766320 -0.588018 0.258819
vn -0.726221 -0.636879 0.258819
vn -0.683013 -0.683013 0.258819
vn -0.636879 -0.726221 0.258819
vn -0.588018 -0.766320 0.258819
vn -0.536640 -0.803138 0.258819
vn -0.482963 -0.836516 0.258819
vn -0.427218 -0.866313 0.258819
vn -0.369644 -0.892399 0.258819
vn -0.310487 -0.914664 0.258819
vn -0.250000 -0.933013 0.258819
vn -0.188443 -0.947366 0.258819
vn -0.126079 -0.957662 0.258819
vn -0.063175 -0.963858 0.258819
vn 0.000000 -0.965926 0.258819
vn 0.063175 -0.963858 0.258819
vn 0.126079 -0.957662 0.258819
vn 0.188443 -0.947366 0.258819
vn 0.250000 -0.933013 0.258819
vn 0.310487 -0.914664 0.258819
vn 0.369644 -0.892399 0.258819
vn 0.427218 -0.866313 0.258819
vn 0.482963 -0.836516 0.258819
vn 0.536640 -0.803138 0.258819
vn 0.588018 -0.766320 0.258819
vn 0.636879 -0.726221 0.258819
vn 0.683013 -0.683013 0.258819
vn 0.726221 -0.636879 0.258819
vn 0.766320 -0.588018 0.258819
vn 0.803138 -0.536640 0.258819
vn 0.836516 -0.482963 0.258819
vn 0.866313 -0.427218 0.258819
vn 0.892399 -0.369644 0.258819
vn 0.914664 -0.310487 0.258819
vn 0.933013 -0.250000 0.258819
vn 0.947366 -0.188443 0.258819
vn 0.957662 -0.126079 0.258819
vn 0.963858 -0.063175 0.258819
vn 0.965926 0.000000 0.258819
vn 0.963858 0.063175 0.258819
vn 0.957662 0.126079 0.258819
vn 0.947366 0.188443 0.258819
vn 0.933013 0.250000 0.258819
vn 0.914664 0.310487 0.258819
vn 0.892399 0.369644 0.258819
vn 0.866313 0.427218 0.258819
vn 0.836516 0.482963 0.258819
vn 0.803138 0.536640 0.258819
vn 0.766320 0.588018 0.258819
vn 0.726221 0.636879 0.258819
vn 0.683013 0.683013 0.258819
vn 0.636879 0.726221 0.258819
vn 0.588018 0.766320 0.258819
vn 0.536640 0.803138 0.258819
vn 0.482963 0.836516 0.258819
vn 0.427218 0.866313 0.258819
vn 0.369644 0.892399 0.258819
vn 0.310487 0.914664 0.258819
vn 0.250000 0.933013 0.258819
vn 0.188443 0.947366 0.258819
vn 0.126079 0.957662 0.258819
vn 0.063175 0.963858 0.258819
vn 0.000000 0.965926 0.258819
vn -0.063175 0.963858 0.258819
vn -0.126079 0.957662 0.258819
vn -0.188443 0.947366 0.258819
vn -0.250000 0.933013 0.258819
vn -0.310487 0.914664 0.258819
vn -0.369644 0.892399 0.258819
vn -0.427218 0.866313 0.258819
vn -0.482963 0.836516 0.258819
vn -0.536640 0.803138 0.258819
vn -0.588018 0.766320 0.258819
vn -0.636879 0.726221 0.258819
vn -0.683013 0.683013 0.258819
vn -0.726221 0.636879 0.258819
vn -0.766320 0.588018 0.258819
vn -0.803138 0.536640 0.258819
vn -0.836516 0.482963 0.258819
vn -0.866313 0.427218 0.258819
vn -0.892399 0.369644 0.258819
vn -0.914664 0.310487 0.258819
vn -0.933013 0.250000 0.258819
vn -0.947366 0.188443 0.258819
vn -0.957662 0.126079 0.258819
vn -0.963858 0.063175 0.258819
vn -0.965926 0.000000 0.258819
vn -0.946930 -0.000000 0.321439
vn -0.944903 -0.061932 0.321439
vn -0.938829 -0.123599 0.321439
vn -0.928735 -0.184737 0.321439
vn -0.914664 -0.245084 0.321439
vn -0.896677 -0.304381 0.321439
vn -0.874849 -0.362374 0.321439
vn -0.849276 -0.418816 0.321439
vn -0.820066 -0.473465 0.321439
vn -0.787344 -0.526086 0.321439
vn -0.751250 -0.576455 0.321439
vn -0.711940 -0.624354 0.321439
vn -0.669581 -0.669581 0.321439
vn -0.624354 -0.711940 0.321439
vn -0.576455 -0.751250 0.321439
vn -0.526086 -0.787344 0.321439
vn -0.473465 -0.820066 0.321439
vn -0.418816 -0.849276 0.321439
vn -0.362374 -0.874849 0.321439
vn -0.304381 -0.896677 0.321439
vn -0.245084 -0.914664 0.321439
vn -0.184737 -0.928735 0.321439
vn -0.123599 -0.938829 0.321439
vn -0.061932 -0.944903 0.321439
vn 0.000000 -0.946930 0.321439
vn 0.061932 -0.944903 0.321439
vn 0.123599 -0.938829 0.321439
vn 0.184737 -0.928735 0.321439
vn 0.245084 -0.914664 0.321439
vn 0.304381 -0.896677 0.321439
vn 0.362374 -0.874849 0.321439
vn 0.418816 -0.849276 0.321439
vn 0.473465 -0.820066 0.321439
vn 0.526086 -0.787344 0.321439
vn 0.576455 -0.751250 0.321439
vn 0.624354 -0.711940 0.321439
vn 0.669581 -0.669581 0.321439
vn 0.711940 -0.624354 0.321439
vn 0.751250 -0.576455 0.321439
vn 0.787344 -0.526086 0.321439
vn 0.820066 -0.473465 0.321439
vn 0.849276 -0.418816 0.321439
vn 0.874849 -0.362374 0.321439
vn 0.896677 -0.304381 0.321439
vn 0.914664 -0.245084 0.321439
vn 0.928735 -0.184737 0.321439
vn 0.938829 -0.123599 0.321439
vn 0.944903 -0.061932 0.321439
vn 0.946930 0.000000 0.321439
vn 0.944903 0.061932 0.321439
vn 0.938829 0.123599 0.321439
vn 0.928735 0.184737 0.321439
vn 0.914664 0.245084 0.321439
vn 0.896677 0.304381 0.321439
vn 0.874849 0.362374 0.321439
vn 0.849276 0.418816 0.321439
vn 0.820066 0.473465 0.321439
vn 0.787344 0.526086 0.321439
vn 0.751250 0.576455 0.321439
vn 0.711940 0.624354 0.321439
vn 0.669581 0.669581 0.321439
vn 0.624354 0.711940 0.321439
vn 0.576455 0.751250 0.321439
vn 0.526086 0.787344 0.321439
vn 0.473465 0.820066 0.321439
vn 0.418816 0.849276 0.321439
vn 0.362374 0.874849 0.321439
vn 0.304381 0.896677 0.321439
vn 0.245084 0.914664 0.321439
vn 0.184737 0.928735 0.321439
vn 0.123599 0.938829 0.321439
vn 0.061932 0.944903 0.321439
vn 0.000000 0.946930 0.321439
vn -0.061932 0.944903 0.321439
vn -0.123599 0.938829 0.321439
vn -0.184737 0.928735 0.321439
vn -0.245084 0.914664 0.321439
vn -0.304381 0.896677 0.321439
vn -0.362374 0.874849 0.321439
vn -0.418816 0.849276 0.321439
vn -0.473465 0.820066 0.321439
vn -0.526086 0.787344 0.321439
vn -0.576455 0.751250 0.321439
vn -0.624354 0.711940 0.321439
vn -0.669581 0.669581 0.321439
vn -0.711940 0.624354 0.321439
vn -0.751250 0.576455 0.321439
vn -0.787344 0.526086 0.321439
vn -0.820066 0.473465 0.321439
vn -0.849276 0.418816 0.321439
vn -0.874849 0.362374 0.321439
vn -0.896677 0.304381 0.321439
vn -0.914664 0.245084 0.321439
vn -0.928735 0.184737 0.321439
vn -0.938829 0.123599 0.321439
vn -0.944903 0.061932 0.321439
vn -0.946930 0.000000 0.321439
vn -0.923880 -0.000000 0.382683
vn -0.921901 -0.060425 0.382683
vn -0.915976 -0.120590 0.382683
vn -0.906127 -0.180240 0.382683
vn -0.892399 -0.239118 0.382683
vn -0.874849 -0.296971 0.382683
vn -0.853553 -0.353553 0.382683
vn -0.828602 -0.408621 0.382683
vn -0.800103 -0.461940 0.382683
vn -0.768178 -0.513280 0.382683
vn -0.732963 -0.562422 0.382683
vn -0.694609 -0.609156 0.382683
vn -0.653281 -0.653281 0.382683
vn -0.609156 -0.694609 0.382683
vn -0.562422 -0.732963 0.382683
vn -0.513280 -0.768178 0.382683
vn -0.461940 -0.800103 0.382683
vn -0.408621 -0.828602 0.382683
vn -0.353553 -0.853553 0.382683
vn -0.296971 -0.874849 0.382683
vn -0.239118 -0.892399 0.382683
vn -0.180240 -0.906127 0.382683
vn -0.120590 -0.915976 0.382683
vn -0.060425 -0.921901 0.382683
vn 0.000000 -0.923880 0.382683
vn 0.060425 -0.921901 0.382683
vn 0.120590 -0.915976 0.382683
vn 0.180240 -0.906127 0.382683
vn 0.239118 -0.892399 0.382683
vn 0.296971 -0.874849 0.382683
vn 0.353553 -0.853553 0.382683
vn 0.408621 -0.828602 0.382683
vn 0.461940 -0.800103 0.382683
vn 0.513280 -0.768178 0.382683
vn 0.562422 -0.732963 0.382683
vn 0.609156 -0.694609 0.382683
vn 0.653281 -0.653281 0.382683
vn 0.694609 -0.609156 0.382683
vn 0.732963 -0.562422 0.382683
vn 0.768178 -0.513280 0.382683
vn 0.800103 -0.461940 0.382683
vn 0.828602 -0.408621 0.382683
vn 0.853553 -0.353553 0.382683
vn 0.874849 -0.296971 0.382683
vn 0.892399 -0.239118 0.382683
vn 0.906127 -0.180240 0.382683
vn 0.915976 -0.120590 0.382683
vn 0.921901 -0.060425 0.382683
vn 0.923880 0.000000 0.382683
vn 0.921901 0.060425 0.382683
vn 0.915976 0.120590 0.382683
vn 0.906127 0.180240 0.382683
vn 0.892399 0.239118 0.382683
vn 0.874849 0.296971 0.382683
vn 0.853553 0.353553 0.382683
vn 0.828602 0.408621 0.382683
vn 0.800103 0.461940 0.382683
vn 0.768178 0.513280 0.382683
vn 0.732963 0.562422 0.382683
vn 0.694609 0.609156 0.382683
vn 0.653281 0.653281 0.382683
vn 0.609156 0.694609 0.382683
vn 0.562422 0.732963 0.382683
vn 0.513280 0.768178 0.382683
vn 0.461940 0.800103 0.382683
vn 0.408621 0.828602 0.382683
vn 0.353553 0.853553 0.382683
vn 0.296971 0.874849 0.382683
vn 0.239118 0.892399 0.382683
vn 0.180240 0.906127 0.382683
vn 0.120590 0.915976 0.382683
vn 0.060425 0.921901 0.382683
vn 0.000000 0.923880 0.382683
vn -0.060425 0.921901 0.382683
vn -0.120590 0.915976 0.382683
vn -0.180240 0.906127 0.382683
vn -0.239118 0.892399 0.382683
vn -0.296971 0.874849 0.382683
vn -0.353553 0.853553 0.382683
vn -0.408621 0.828602 0.382683
vn -0.461940 0.800103 0.382683
vn -0.513280 0.768178 0.382683
vn -0.562422 0.732963 0.382683
vn -0.609156 0.694609 0.382683
vn -0.653281 0.653281 0.382683
vn -0.694609 0.609156 0.382683
vn -0.732963 0.562422 0.382683
vn -0.768178 0.513280 0.382683
vn -0.800103 0.461940 0.382683
vn -0.828602 0.408621 0.382683
vn -0.853553 0.353553 0.382683
vn -0.874849 0.296971 0.382683
vn -0.892399 0.239118 0.382683
vn -0.906127 0.180240 0.382683
vn -0.915976 0.120590 0.382683
vn -0.921901 0.060425 0.382683
vn -0.923880 0.000000 0.382683
vn -0.896873 -0.000000 0.442289
vn -0.894952 -0.058658 0.442289
vn -0.889200 -0.117065 0.442289
vn -0.879640 -0.174971 0.442289
vn -0.866313 -0.232128 0.442289
vn -0.849276 -0.288290 0.442289
vn -0.828602 -0.343218 0.442289
vn -0.804381 -0.396677 0.442289
vn -0.776715 -0.448436 0.442289
vn -0.745722 -0.498276 0.442289
vn -0.711537 -0.545982 0.442289
vn -0.674305 -0.591349 0.442289
vn -0.634185 -0.634185 0.442289
vn -0.591349 -0.674305 0.442289
vn -0.545982 -0.711537 0.442289
vn -0.498276 -0.745722 0.442289
vn -0.448436 -0.776715 0.442289
vn -0.396677 -0.804381 0.442289
vn -0.343218 -0.828602 0.442289
vn -0.288290 -0.849276 0.442289
vn -0.232128 -0.866313 0.442289
vn -0.174971 -0.879640 0.442289
vn -0.117065 -0.889200 0.442289
vn -0.058658 -0.894952 0.442289
vn 0.000000 -0.896873 0.442289
vn 0.058658 -0.894952 0.442289
vn 0.117065 -0.889200 0.442289
vn 0.174971 -0.879640 0.442289
vn 0.232128 -0.866313 0.442289
vn 0.288290 -0.849276 0.442289
vn 0.343218 -0.828602 0.442289
vn 0.396677 -0.804381 0.442289
vn 0.448436 -0.776715 0.442289
vn 0.498276 -0.745722 0.442289
vn 0.545982 -0.711537 0.442289
vn 0.591349 -0.674305 0.442289
vn 0.634185 -0.634185 0.442289
vn 0.674305 -0.591349 0.442289
vn 0.711537 -0.545982 0.442289
vn 0.745722 -0.498276 0.442289
vn 0.776715 -0.448436 0.442289
vn 0.804381 -0.396677 0.442289
vn 0.828602 -0.343218 0.442289
vn 0.849276 -0.288290 0.442289
vn 0.866313 -0.232128 0.442289
vn 0.879640 -0.174971 0.442289
vn 0.889200 -0.117065 0.442289
vn 0.894952 -0.058658 0.442289
vn 0.896873 0.000000 0.442289
vn 0.894952 0.058658 0.442289
vn 0.889200 0.117065 0.442289
vn 0.879640 0.174971 0.442289
vn 0.866313 0.232128 0.442289
vn 0.849276 0.288290 0.442289
vn 0.828602 0.343218 0.442289
vn 0.804381 0.396677 0.442289
vn 0.776715 0.448436 0.442289
vn 0.745722 0.498276 0.442289
vn 0.711537 0.545982 0.442289
vn 0.674305 0.591349 0.442289
vn 0.634185 0.634185 0.442289
vn 0.591349 0.674305 0.442289
vn 0.545982 0.711537 0.442289
vn 0.498276 0.745722 0.442289
vn 0.448436 0.776715 0.442289
vn 0.396677 0.804381 0.442289
vn 0.343218 0.828602 0.442289
vn 0.288290 0.849276 0.442289
vn 0.232128 0.866313 0.442289
vn 0.174971 0.879640 0.442289
vn 0.117065 0.889200 0.442289
vn 0.058658 0.894952 0.442289
vn 0.000000 0.896873 0.442289
vn -0.058658 0.894952 0.442289
vn -0.117065 0.889200 0.442289
vn -0.174971 0.879640 0.442289
vn -0.232128 0.866313 0.442289
vn -0.288290 0.849276 0.442289
vn -0.343218 0.828602 0.442289
vn -0.396677 0.804381 0.442289
vn -0.448436 0.776715 0.442289
vn -0.498276 0.745722 0.442289
vn -0.545982 0.711537 0.442289
vn -0.591349 0.674305 0.442289
vn -0.634185 0.634185 0.442289
vn -0.674305 0.591349 0.442289
vn -0.711537 0.545982 0.442289
vn -0.745722 0.498276 0.442289
vn -0.776715 0.448436 0.442289
vn -0.804381 0.396677 0.442289
vn -0.828602 0.343218 0.442289
vn -0.849276 0.288290 0.442289
vn -0.866313 0.232128 0.442289
vn -0.879640 0.174971 0.442289
vn -0.889200 0.117065 0.442289
vn -0.894952 0.058658 0.442289
vn -0.896873 0.000000 0.442289
vn -0.866025 -0.000000 0.500000
vn -0.864171 -0.056641 0.500000
vn -0.858616 -0.113039 0.500000
vn -0.849385 -0.168953 0.500000
vn -0.836516 -0.224144 0.500000
vn -0.820066 -0.278375 0.500000
vn -0.800103 -0.331414 0.500000
vn -0.776715 -0.383033 0.500000
vn -0.750000 -0.433013 0.500000
vn -0.720074 -0.481138 0.500000
vn -0.687064 -0.527203 0.500000
vn -0.651112 -0.571010 0.500000
vn -0.612372 -0.612372 0.500000
vn -0.571010 -0.651112 0.500000
vn -0.527203 -0.687064 0.500000
vn -0.481138 -0.720074 0.500000
vn -0.433013 -0.750000 0.500000
vn -0.383033 -0.776715 0.500000
vn -0.331414 -0.800103 0.500000
vn -0.278375 -0.820066 0.500000
vn -0.224144 -0.836516 0.500000
vn -0.168953 -0.849385 0.500000
vn -0.113039 -0.858616 0.500000
vn -0.056641 -0.864171 0.500000
vn 0.000000 -0.866025 0.500000
vn 0.056641 -0.864171 0.500000
vn 0.113039 -0.858616 0.500000
vn 0.168953 -0.849385 0.500000
vn 0.224144 -0.836516 0.500000
vn 0.278375 -0.820066 0.500000
vn 0.331414 -0.800103 0.500000
vn 0.383033 -0.776715 0.500000
vn 0.433013 -0.750000 0.500000
vn 0.481138 -0.720074 0.500000
vn 0.527203 -0.687064 0.500000
vn 0.571010 -0.651112 0.500000
vn 0.612372 -0.612372 0.500000
vn 0.651112 -0.571010 0.500000
vn 0.687064 -0.527203 0.500000
vn 0.720074 -0.481138 0.500000
vn 0.750000 -0.433013 0.500000
vn 0.776715 -0.383033 0.500000
vn 0.800103 -0.331414 0.500000
vn 0.820066 -0.278375 0.500000
vn 0.836516 -0.224144 0.500000
vn 0.849385 -0.168953 0.500000
vn 0.858616 -0.113039 0.500000
vn 0.864171 -0.056641 0.500000
vn 0.866025 0.000000 0.500000
vn 0.864171 0.056641 0.500000
vn 0.858616 0.113039 0.500000
vn 0.849385 0.168953 0.500000
vn 0.836516 0.224144 0.500000
vn 0.820066 0.278375 0.500000
vn 0.800103 0.331414 0.500000
vn 0.776715 0.383033 0.500000
vn 0.750000 0.433013 0.500000
vn 0.720074 0.481138 0.500000
vn 0.687064 0.527203 0.500000
vn 0.651112 0.571010 0.500000
vn 0.612372 0.612372 0.500000
vn 0.571010 0.651112 0.500000
vn 0.527203 0.687064 0.500000
vn 0.481138 0.720074 0.500000
vn 0.433013 0.750000 0.500000
vn 0.383033 0.776715 0.500000
vn 0.331414 0.800103 0.500000
vn 0.278375 0.820066 0.500000
vn 0.224144 0.836516 0.500000
vn 0.168953 0.849385 0.500000
vn 0.113039 0.858616 0.500000
vn 0.056641 0.864171 0.500000
vn 0.000000 0.866025 0.500000
vn -0.056641 0.864171 0.500000
vn -0.113039 0.858616 0.500000
vn -0.168953 0.849385 0.500000
vn -0.224144 0.836516 0.500000
vn -0.278375 0.820066 0.500000
vn -0.331414 0.800103 0.500000
vn -0.383033 0.776715 0.500000
vn -0.433013 0.750000 0.500000
vn -0.481138 0.720074 0.500000
vn -0.527203 0.687064 0.500000
vn -0.571010 0.651112 0.500000
vn -0.612372 0.612372 0.500000
vn -0.651112 0.571010 0.500000
vn -0.687064 0.527203 0.500000
vn -0.720074 0.481138 0.500000
vn -0.750000 0.433013 0.500000
vn -0.776715 0.383033 0.500000
vn -0.800103 0.331414 0.500000
vn -0.820066 0.278375 0.500000
vn -0.836516 0.224144 0.500000
vn -0.849385 0.168953 0.500000
vn -0.858616 0.113039 0.500000
vn -0.864171 0.056641 0.500000
vn -0.866025 0.000000 0.500000
vn -0.831470 -0.000000 0.555570
vn -0.829689 -0.054381 0.555570
vn -0.824356 -0.108529 0.555570
vn -0.815493 -0.162212 0.555570
vn -0.803138 -0.215200 0.555570
vn -0.787344 -0.267267 0.555570
vn -0.768178 -0.318190 0.555570
vn -0.745722 -0.367750 0.555570
vn -0.720074 -0.415735 0.555570
vn -0.691342 -0.461940 0.555570
vn -0.659649 -0.506167 0.555570
vn -0.625132 -0.548226 0.555570
vn -0.587938 -0.587938 0.555570
vn -0.548226 -0.625132 0.555570
vn -0.506167 -0.659649 0.555570
vn -0.461940 -0.691342 0.555570
vn -0.415735 -0.720074 0.555570
vn -0.367750 -0.745722 0.555570
vn -0.318190 -0.768178 0.555570
vn -0.267267 -0.787344 0.555570
vn -0.215200 -0.803138 0.555570
vn -0.162212 -0.815493 0.555570
vn -0.108529 -0.824356 0.555570
vn -0.054381 -0.829689 0.555570
vn 0.000000 -0.831470 0.555570
vn 0.054381 -0.829689 0.555570
vn 0.108529 -0.824356 0.555570
vn 0.162212 -0.815493 0.555570
vn 0.215200 -0.803138 0.555570
vn 0.267267 -0.787344 0.555570
vn 0.318190 -0.768178 0.555570
vn 0.367750 -0.745722 0.555570
vn 0.415735 -0.720074 0.555570
vn 0.461940 -0.691342 0.555570
vn 0.506167 -0.659649 0.555570
vn 0.548226 -0.625132 0.555570
vn 0.587938 -0.587938 0.555570
vn 0.625132 -0.548226 0.555570
vn 0.659649 -0.506167 0.555570
vn 0.691342 -0.461940 0.555570
vn 0.720074 -0.415735 0.555570
vn 0.745722 -0.367750 0.555570
vn 0.768178 -0.318190 0.555570
vn 0.787344 -0.267267 0.555570
vn 0.803138 -0.215200 0.555570
vn 0.815493 -0.162212 0.555570
vn 0.824356 -0.108529 0.555570
vn 0.829689 -0.054381 0.555570
vn 0.831470 0.000000 0.555570
vn 0.829689 0.054381 0.555570
vn 0.824356 0.108529 0.555570
vn 0.815493 0.162212 0.555570
vn 0.803138 0.215200 0.555570
vn 0.787344 0.267267 0.555570
vn 0.768178 0.318190 0.555570
vn 0.745722 0.367750 0.555570
vn 0.720074 0.415735 0.555570
vn 0.691342 0.461940 0.555570
vn 0.659649 0.506167 0.555570
vn 0.625132 0.548226 0.555570
vn 0.587938 0.587938 0.555570
vn 0.548226 0.625132 0.555570
vn 0.506167 0.659649 0.555570
vn 0.461940 0.691342 0.555570
vn 0.415735 0.720074 0.555570
vn 0.367750 0.745722 0.555570
vn 0.318190 0.768178 0.555570
vn 0.267267 0.787344 0.555570
vn 0.215200 0.803138 0.555570
vn 0.162212 0.815493 0.555570
vn 0.108529 0.824356 0.555570
vn 0.054381 0.829689 0.555570
vn 0.000000 0.831470 0.555570
vn -0.054381 0.829689 0.555570
vn -0.108529 0.824356 0.555570
vn -0.162212 0.815493 0.555570
vn -0.215200 0.803138 0.555570
vn -0.267267 0.787344 0.555570
vn -0.318190 0.768178 0.555570
vn -0.367750 0.745722 0.555570
vn -0.415735 0.720074 0.555570
vn -0.461940 0.691342 0.555570
vn -0.506167 0.659649 0.555570
vn -0.548226 0.625132 0.555570
vn -0.587938 0.587938 0.555570
vn -0.625132 0.548226 0.555570
vn -0.659649 0.506167 0.555570
vn -0.691342 0.461940 0.555570
vn -0.720074 0.415735 0.555570
vn -0.745722 0.367750 0.555570
vn -0.768178 0.318190 0.555570
vn -0.787344 0.267267 0.555570
vn -0.803138 0.215200 0.555570
vn -0.815493 0.162212 0.555570
vn -0.824356 0.108529 0.555570
vn -0.829689 0.054381 0.555570
vn -0.831470 0.000000 0.555570
vn -0.793353 -0.000000 0.608761
vn -0.791655 -0.051888 0.608761
vn -0.786566 -0.103553 0.608761
vn -0.778109 -0.154776 0.608761
vn -0.766320 -0.205335 0.608761
vn -0.751250 -0.255015 0.608761
vn -0.732963 -0.303603 0.608761
vn -0.711537 -0.350891 0.608761
vn -0.687064 -0.396677 0.608761
vn -0.659649 -0.440764 0.608761
vn -0.629410 -0.482963 0.608761
vn -0.596475 -0.523094 0.608761
vn -0.560986 -0.560986 0.608761
vn -0.523094 -0.596475 0.608761
vn -0.482963 -0.629410 0.608761
vn -0.440764 -0.659649 0.608761
vn -0.396677 -0.687064 0.608761
vn -0.350891 -0.711537 0.608761
vn -0.303603 -0.732963 0.608761
vn -0.255015 -0.751250 0.608761
vn -0.205335 -0.766320 0.608761
vn -0.154776 -0.778109 0.608761
vn -0.103553 -0.786566 0.608761
vn -0.051888 -0.791655 0.608761
vn 0.000000 -0.793353 0.608761
vn 0.051888 -0.791655 0.608761
vn 0.103553 -0.786566 0.608761
vn 0.154776 -0.778109 0.608761
vn 0.205335 -0.766320 0.608761
vn 0.255015 -0.751250 0.608761
vn 0.303603 -0.732963 0.608761
vn 0.350891 -0.711537 0.608761
vn 0.396677 -0.687064 0.608761
vn 0.440764 -0.659649 0.608761
vn 0.482963 -0.629410 0.608761
vn 0.523094 -0.596475 0.608761
vn 0.560986 -0.560986 0.608761
vn 0.596475 -0.523094 0.608761
vn 0.629410 -0.482963 0.608761
vn 0.659649 -0.440764 0.608761
vn 0.687064 -0.396677 0.608761
vn 0.711537 -0.350891 0.608761
vn 0.732963 -0.303603 0.608761
vn 0.751250 -0.255015 0.608761
vn 0.766320 -0.205335 0.608761
vn 0.778109 -0.154776 0.608761
vn 0.786566 -0.103553 0.608761
vn 0.791655 -0.051888 0.608761
vn 0.793353 0.000000 0.608761
vn 0.791655 0.051888 0.608761
vn 0.786566 0.103553 0.608761
vn 0.778109 0.154776 0.608761
vn 0.766320 0.205335 0.608761
vn 0.751250 0.255015 0.608761
vn 0.732963 0.303603 0.608761
vn 0.711537 0.350891 0.608761
vn 0.687064 0.396677 0.608761
vn 0.659649 0.440764 0.608761
vn 0.629410 0.482963 0.608761
vn 0.596475 0.523094 0.608761
vn 0.560986 0.560986 0.608761
vn 0.523094 0.596475 0.608761
vn 0.482963 0.629410 0.608761
vn 0.440764 0.659649 0.608761
vn 0.396677 0.687064 0.608761
vn 0.350891 0.711537 0.608761
vn 0.303603 0.732963 0.608761
vn 0.255015 0.751250 0.608761
vn 0.205335 0.766320 0.608761
vn 0.154776 0.778109 0.608761
vn 0.103553 0.786566 0.608761
vn 0.051888 0.791655 0.608761
vn 0.000000 0.793353 0.608761
vn -0.051888 0.791655 0.608761
vn -0.103553 0.786566 0.608761
vn -0.154776 0.778109 0.608761
vn -0.205335 0.766320 0.608761
vn -0.255015 0.751250 0.608761
vn -0.303603 0.732963 0.608761
vn -0.350891 0.711537 0.608761
vn -0.396677 0.687064 0.608761
vn -0.440764 0.659649 0.608761
vn -0.482963 0.629410 0.608761
vn -0.523094 0.596475 0.608761
vn -0.560986 0.560986 0.608761
vn -0.596475 0.523094 0.608761
vn -0.629410 0.482963 0.608761
vn -0.659649 0.440764 0.608761
vn -0.687064 0.396677 0.608761
vn -0.711537 0.350891 0.608761
vn -0.732963 0.303603 0.608761
vn -0.751250 0.255015 0.608761
vn -0.766320 0.205335 0.608761
vn -0.778109 0.154776 0.608761
vn -0.786566 0.103553 0.608761
vn -0.791655 0.051888 0.608761
vn -0.793353 0.000000 0.608761
vn -0.751840 -0.000000 0.659346
vn -0.750230 -0.049173 0.659346
vn -0.745408 -0.098135 0.659346
vn -0.737393 -0.146677 0.659346
vn -0.726221 -0.194590 0.659346
vn -0.711940 -0.241671 0.659346
vn -0.694609 -0.287717 0.659346
vn -0.674305 -0.332530 0.659346
vn -0.651112 -0.375920 0.659346
vn -0.625132 -0.417700 0.659346
vn -0.596475 -0.457691 0.659346
vn -0.565263 -0.495722 0.659346
vn -0.531631 -0.531631 0.659346
vn -0.495722 -0.565263 0.659346
vn -0.457691 -0.596475 0.659346
vn -0.417700 -0.625132 0.659346
vn -0.375920 -0.651112 0.659346
vn -0.332530 -0.674305 0.659346
vn -0.287717 -0.694609 0.659346
vn -0.241671 -0.711940 0.659346
vn -0.194590 -0.726221 0.659346
vn -0.146677 -0.737393 0.659346
vn -0.098135 -0.745408 0.659346
vn -0.049173 -0.750230 0.659346
vn 0.000000 -0.751840 0.659346
vn 0.049173 -0.750230 0.659346
vn 0.098135 -0.745408 0.659346
vn 0.146677 -0.737393 0.659346
vn 0.194590 -0.726221 0.659346
vn 0.241671 -0.711940 0.659346
vn 0.287717 -0.694609 0.659346
vn 0.332530 -0.674305 0.659346
vn 0.375920 -0.651112 0.659346
vn 0.417700 -0.625132 0.659346
vn 0.457691 -0.596475 0.659346
vn 0.495722 -0.565263 0.659346
vn 0.531631 -0.531631 0.659346
vn 0.565263 -0.495722 0.659346
vn 0.596475 -0.457691 0.659346
vn 0.625132 -0.417700 0.659346
vn 0.651112 -0.375920 0.659346
vn 0.674305 -0.332530 0.659346
vn 0.694609 -0.287717 0.659346
vn 0.711940 -0.241671 0.659346
vn 0.726221 -0.194590 0.659346
vn 0.737393 -0.146677 0.659346
vn 0.745408 -0.098135 0.659346
vn 0.750230 -0.049173 0.659346
vn 0.751840 0.000000 0.659346
vn 0.750230 0.049173 0.659346
vn 0.745408 0.098135 0.659346
vn 0.737393 0.146677 0.659346
vn 0.726221 0.194590 0.659346
vn 0.711940 0.241671 0.659346
vn 0.694609 0.287717 0.659346
vn 0.674305 0.332530 0.659346
vn 0.651112 0.375920 0.659346
vn 0.625132 0.417700 0.659346
vn 0.596475 0.457691 0.659346
vn 0.565263 0.495722 0.659346
vn 0.531631 0.531631 0.659346
vn 0.495722 0.565263 0.659346
vn 0.457691 0.596475 0.659346
vn 0.417700 0.625132 0.659346
vn 0.375920 0.651112 0.659346
vn 0.332530 0.674305 0.659346
vn 0.287717 0.694609 0.659346
vn 0.241671 0.711940 0.659346
vn 0.194590 0.726221 0.659346
vn 0.146677 0.737393 0.659346
vn 0.098135 0.745408 0.659346
vn 0.049173 0.750230 0.659346
vn 0.000000 0.751840 0.659346
vn -0.049173 0.750230 0.659346
vn -0.098135 0.745408 0.659346
vn -0.146677 0.737393 0.659346
vn -0.194590 0.726221 0.659346
vn -0.241671 0.711940 0.659346
vn -0.287717 0.694609 0.659346
vn -0.332530 0.674305 0.659346
vn -0.375920 0.651112 0.659346
vn -0.417700 0.625132 0.659346
vn -0.457691 0.596475 0.659346
vn -0.495722 0.565263 0.659346
vn -0.531631 0.531631 0.659346
vn -0.565263 0.495722 0.659346
vn -0.596475 0.457691 0.659346
vn -0.625132 0.417700 0.659346
vn -0.651112 0.375920 0.659346
vn -0.674305 0.332530 0.659346
vn -0.694609 0.287717 0.659346
vn -0.711940 0.241671 0.659346
vn -0.726221 0.194590 0.659346
vn -0.737393 0.146677 0.659346
vn -0.745408 0.098135 0.659346
vn -0.750230 0.049173 0.659346
vn -0.751840 0.000000 0.659346
vn -0.707107 -0.000000 0.707107
vn -0.705593 -0.046247 0.707107
vn -0.701057 -0.092296 0.707107
vn -0.693520 -0.137950 0.707107
vn -0.683013 -0.183013 0.707107
vn -0.669581 -0.227292 0.707107
vn -0.653281 -0.270598 0.707107
vn -0.634185 -0.312745 0.707107
vn -0.612372 -0.353553 0.707107
vn -0.587938 -0.392847 0.707107
vn -0.560986 -0.430459 0.707107
vn -0.531631 -0.466228 0.707107
vn -0.500000 -0.500000 0.707107
vn -0.466228 -0.531631 0.707107
vn -0.430459 -0.560986 0.707107
vn -0.392847 -0.587938 0.707107
vn -0.353553 -0.612372 0.707107
vn -0.312745 -0.634185 0.707107
vn -0.270598 -0.653281 0.707107
vn -0.227292 -0.669581 0.707107
vn -0.183013 -0.683013 0.707107
vn -0.137950 -0.693520 0.707107
vn -0.092296 -0.701057 0.707107
vn -0.046247 -0.705593 0.707107
vn 0.000000 -0.707107 0.707107
vn 0.046247 -0.705593 0.707107
vn 0.092296 -0.701057 0.707107
vn 0.137950 -0.693520 0.707107
vn 0.183013 -0.683013 0.707107
vn 0.227292 -0.669581 0.707107
vn 0.270598 -0.653281 0.707107
vn 0.312745 -0.634185 0.707107
vn 0.353553 -0.612372 0.707107
vn 0.392847 -0.587938 0.707107
vn 0.430459 -0.560986 0.707107
vn 0.466228 -0.531631 0.707107
vn 0.500000 -0.500000 0.707107
vn 0.531631 -0.466228 0.707107
vn 0.560986 -0.430459 0.707107
vn 0.587938 -0.392847 0.707107
vn 0.612372 -0.353553 0.707107
vn 0.634185 -0.312745 0.707107
vn 0.653281 -0.270598 0.707107
vn 0.669581 -0.227292 0.707107
vn 0.683013 -0.183013 0.707107
vn 0.693520 -0.137950 0.707107
vn 0.701057 -0.092296 0.707107
vn 0.705593 -0.046247 0.707107
vn 0.707107 0.000000 0.707107
vn 0.705593 0.046247 0.707107
vn 0.701057 0.092296 0.707107
vn 0.693520 0.137950 0.707107
vn 0.683013 0.183013 0.707107
vn 0.669581 0.227292 0.707107
vn 0.653281 0.270598 0.707107
vn 0.634185 0.312745 0.707107
vn 0.612372 0.353553 0.707107
vn 0.587938 0.392847 0.707107
vn 0.560986 0.430459 0.707107
vn 0.531631 0.466228 0.707107
vn 0.500000 0.500000 0.707107
vn 0.466228 0.531631 0.707107
vn 0.430459 0.560986 0.707107
vn 0.392847 0.587938 0.707107
vn 0.353553 0.612372 0.707107
vn 0.312745 0.634185 0.707107
vn 0.270598 0.653281 0.707107
vn 0.227292 0.669581 0.707107
vn 0.183013 0.683013 0.707107
vn 0.137950 0.693520 0.707107
vn 0.092296 0.701057 0.707107
vn 0.046247 0.705593 0.707107
vn 0.000000 0.707107 0.707107
vn -0.046247 0.705593 0.707107
vn -0.092296 0.701057 0.707107
vn -0.137950 0.693520 0.707107
vn -0.183013 0.683013 0.707107
vn -0.227292 0.669581 0.707107
vn -0.270598 0.653281 0.707107
vn -0.312745 0.634185 0.707107
vn -0.353553 0.612372 0.707107
vn -0.392847 0.587938 0.707107
vn -0.430459 0.560986 0.707107
vn -0.466228 0.531631 0.707107
vn -0.500000 0.500000 0.707107
vn -0.531631 0.466228 0.707107
vn -0.560986 0.430459 0.707107
vn -0.587938 0.392847 0.707107
vn -0.612372 0.353553 0.707107
vn -0.634185 0.312745 0.707107
vn -0.653281 0.270598 0.707107
vn -0.669581 0.227292 0.707107
vn -0.683013 0.183013 0.707107
vn -0.693520 0.137950 0.707107
vn -0.701057 0.092296 0.707107
vn -0.705593 0.046247 0.707107
vn -0.707107 0.000000 0.707107
vn -0.659346 -0.000000 0.751840
vn -0.657934 -0.043123 0.751840
vn -0.653705 -0.086062 0.751840
vn -0.646677 -0.128632 0.751840
vn -0.636879 -0.170651 0.751840
vn -0.624354 -0.211940 0.751840
vn -0.609156 -0.252321 0.751840
vn -0.591349 -0.291621 0.751840
vn -0.571010 -0.329673 0.751840
vn -0.548226 -0.366313 0.751840
vn -0.523094 -0.401384 0.751840
vn -0.495722 -0.434737 0.751840
vn -0.466228 -0.466228 0.751840
vn -0.434737 -0.495722 0.751840
vn -0.401384 -0.523094 0.751840
vn -0.366313 -0.548226 0.751840
vn -0.329673 -0.571010 0.751840
vn -0.291621 -0.591349 0.751840
vn -0.252321 -0.609156 0.751840
vn -0.211940 -0.624354 0.751840
vn -0.170651 -0.636879 0.751840
vn -0.128632 -0.646677 0.751840
vn -0.086062 -0.653705 0.751840
vn -0.043123 -0.657934 0.751840
vn 0.000000 -0.659346 0.751840
vn 0.043123 -0.657934 0.751840
vn 0.086062 -0.653705 0.751840
vn 0.128632 -0.646677 0.751840
vn 0.170651 -0.636879 0.751840
vn 0.211940 -0.624354 0.751840
vn 0.252321 -0.609156 0.751840
vn 0.291621 -0.591349 0.751840
vn 0.329673 -0.571010 0.751840
vn 0.366313 -0.548226 0.751840
vn 0.401384 -0.523094 0.751840
vn 0.434737 -0.495722 0.751840
vn 0.466228 -0.466228 0.751840
vn 0.495722 -0.434737 0.751840
vn 0.523094 -0.401384 0.751840
vn 0.548226 -0.366313 0.751840
vn 0.571010 -0.329673 0.751840
vn 0.591349 -0.291621 0.751840
vn 0.609156 -0.252321 0.751840
vn 0.624354 -0.211940 0.751840
vn 0.636879 -0.170651 0.751840
vn 0.646677 -0.128632 0.751840
vn 0.653705 -0.086062 0.751840
vn 0.657934 -0.043123 0.751840
vn 0.659346 0.000000 0.751840
vn 0.657934 0.043123 0.751840
vn 0.653705 0.086062 0.751840
vn 0.646677 0.128632 0.751840
vn 0.636879 0.170651 0.751840
vn 0.624354 0.211940 0.751840
vn 0.609156 0.252321 0.751840
vn 0.591349 0.291621 0.751840
vn 0.571010 0.329673 0.751840
vn 0.548226 0.366313 0.751840
vn 0.523094 0.401384 0.751840
vn 0.495722 0.434737 0.751840
vn 0.466228 0.466228 0.751840
vn 0.434737 0.495722 0.751840
vn 0.401384 0.523094 0.751840
vn 0.366313 0.548226 0.751840
vn 0.329673 0.571010 0.751840
vn 0.291621 0.591349 0.751840
vn 0.252321 0.609156 0.751840
vn 0.211940 0.624354 0.751840
vn 0.170651 0.636879 0.751840
vn 0.128632 0.646677 0.751840
vn 0.086062 0.653705 0.751840
vn 0.043123 0.657934 0.751840
vn 0.000000 0.659346 0.751840
vn -0.043123 0.657934 0.751840
vn -0.086062 0.653705 0.751840
vn -0.128632 0.646677 0.751840
vn -0.170651 0.636879 0.751840
vn -0.211940 0.624354 0.751840
vn -0.252321 0.609156 0.751840
vn -0.291621 0.591349 0.751840
vn -0.329673 0.571010 0.751840
vn -0.366313 0.548226 0.751840
vn -0.401384 0.523094 0.751840
vn -0.434737 0.495722 0.751840
vn -0.466228 0.466228 0.751840
vn -0.495722 0.434737 0.751840
vn -0.523094 0.401384 0.751840
vn -0.548226 0.366313 0.751840
vn -0.571010 0.329673 0.751840
vn -0.591349 0.291621 0.751840
vn -0.609156 0.252321 0.751840
vn -0.624354 0.211940 0.751840
vn -0.636879 0.170651 0.751840
vn -0.646677 0.128632 0.751840
vn -0.653705 0.086062 0.751840
vn -0.657934 0.043123 0.751840
vn -0.659346 0.000000 0.751840
vn -0.608761 -0.000000 0.793353
vn -0.607458 -0.039815 0.793353
vn -0.603553 -0.079459 0.793353
vn -0.597064 -0.118763 0.793353
vn -0.588018 -0.157559 0.793353
vn -0.576455 -0.195680 0.793353
vn -0.562422 -0.232963 0.793353
vn -0.545982 -0.269248 0.793353
vn -0.527203 -0.304381 0.793353
vn -0.506167 -0.338210 0.793353
vn -0.482963 -0.370590 0.793353
vn -0.457691 -0.401384 0.793353
vn -0.430459 -0.430459 0.793353
vn -0.401384 -0.457691 0.793353
vn -0.370590 -0.482963 0.793353
vn -0.338210 -0.506167 0.793353
vn -0.304381 -0.527203 0.793353
vn -0.269248 -0.545982 0.793353
vn -0.232963 -0.562422 0.793353
vn -0.195680 -0.576455 0.793353
vn -0.157559 -0.588018 0.793353
vn -0.118763 -0.597064 0.793353
vn -0.079459 -0.603553 0.793353
vn -0.039815 -0.607458 0.793353
vn 0.000000 -0.608761 0.793353
vn 0.039815 -0.607458 0.793353
vn 0.079459 -0.603553 0.793353
vn 0.118763 -0.597064 0.793353
vn 0.157559 -0.588018 0.793353
vn 0.195680 -0.576455 0.793353
vn 0.232963 -0.562422 0.793353
vn 0.269248 -0.545982 0.793353
vn 0.304381 -0.527203 0.793353
vn 0.338210 -0.506167 0.793353
vn 0.370590 -0.482963 0.793353
vn 0.401384 -0.457691 0.793353
vn 0.430459 -0.430459 0.793353
vn 0.457691 -0.401384 0.793353
vn 0.482963 -0.370590 0.793353
vn 0.506167 -0.338210 0.793353
vn 0.527203 -0.304381 0.793353
vn 0.545982 -0.269248 0.793353
vn 0.562422 -0.232963 0.793353
vn 0.576455 -0.195680 0.793353
vn 0.588018 -0.157559 0.793353
vn 0.597064 -0.118763 0.793353
vn 0.603553 -0.079459 0.793353
vn 0.607458 -0.039815 0.793353
vn 0.608761 0.000000 0.793353
vn 0.607458 0.039815 0.793353
vn 0.603553 0.079459 0.793353
vn 0.597064 0.118763 0.793353
vn 0.588018 0.157559 0.793353
vn 0.576455 0.195680 0.793353
vn 0.562422 0.232963 0.793353
vn 0.545982 0.269248 0.793353
vn 0.527203 0.304381 0.793353
vn 0.506167 0.338210 0.793353
vn 0.482963 0.370590 0.793353
vn 0.457691 0.401384 0.793353
vn 0.430459 0.430459 0.793353
vn 0.401384 0.457691 0.793353
vn 0.370590 0.482963 0.793353
vn 0.338210 0.506167 0.793353
vn 0.304381 0.527203 0.793353
vn 0.269248 0.545982 0.793353
vn 0.232963 0.562422 0.793353
vn 0.195680 0.576455 0.793353
vn 0.157559 0.588018 0.793353
vn 0.118763 0.597064 0.793353
vn 0.079459 0.603553 0.793353
vn 0.039815 0.607458 0.793353
vn 0.000000 0.608761 0.793353
vn -0.039815 0.607458 0.793353
vn -0.079459 0.603553 0.793353
vn -0.118763 0.597064 0.793353
vn -0.157559 0.588018 0.793353
vn -0.195680 0.576455 0.793353
vn -0.232963 0.562422 0.793353
vn -0.269248 0.545982 0.793353
vn -0.304381 0.527203 0.793353
vn -0.338210 0.506167 0.793353
vn -0.370590 0.482963 0.793353
vn -0.401384 0.457691 0.793353
vn -0.430459 0.430459 0.793353
vn -0.457691 0.401384 0.793353
vn -0.482963 0.370590 0.793353
vn -0.506167 0.338210 0.793353
vn -0.527203 0.304381 0.793353
vn -0.545982 0.269248 0.793353
vn -0.562422 0.232963 0.793353
vn -0.576455 0.195680 0.793353
vn -0.588018 0.157559 0.793353
vn -0.597064 0.118763 0.793353
vn -0.603553 0.079459 0.793353
vn -0.607458 0.039815 0.793353
vn -0.608761 0.000000 0.793353
vn -0.555570 -0.000000 0.831470
vn -0.554381 -0.036336 0.831470
vn -0.550817 -0.072516 0.831470
vn -0.544895 -0.108386 0.831470
vn -0.536640 -0.143792 0.831470
vn -0.526086 -0.178582 0.831470
vn -0.513280 -0.212608 0.831470
vn -0.498276 -0.245722 0.831470
vn -0.481138 -0.277785 0.831470
vn -0.461940 -0.308658 0.831470
vn -0.440764 -0.338210 0.831470
vn -0.417700 -0.366313 0.831470
vn -0.392847 -0.392847 0.831470
vn -0.366313 -0.417700 0.831470
vn -0.338210 -0.440764 0.831470
vn -0.308658 -0.461940 0.831470
vn -0.277785 -0.481138 0.831470
vn -0.245722 -0.498276 0.831470
vn -0.212608 -0.513280 0.831470
vn -0.178582 -0.526086 0.831470
vn -0.143792 -0.536640 0.831470
vn -0.108386 -0.544895 0.831470
vn -0.072516 -0.550817 0.831470
vn -0.036336 -0.554381 0.831470
vn 0.000000 -0.555570 0.831470
vn 0.036336 -0.554381 0.831470
vn 0.072516 -0.550817 0.831470
vn 0.108386 -0.544895 0.831470
vn 0.143792 -0.536640 0.831470
vn 0.178582 -0.526086 0.831470
vn 0.212608 -0.513280 0.831470
vn 0.245722 -0.498276 0.831470
vn 0.277785 -0.481138 0.831470
vn 0.308658 -0.461940 0.831470
vn 0.338210 -0.440764 0.831470
vn 0.366313 -0.417700 0.831470
vn 0.392847 -0.392847 0.831470
vn 0.417700 -0.366313 0.831470
vn 0.440764 -0.338210 0.831470
vn 0.461940 -0.308658 0.831470
vn 0.481138 -0.277785 0.831470
vn 0.498276 -0.245722 0.831470
vn 0.513280 -0.212608 0.831470
vn 0.526086 -0.178582 0.831470
vn 0.536640 -0.143792 0.831470
vn 0.544895 -0.108386 0.831470
vn 0.550817 -0.072516 0.831470
vn 0.554381 -0.036336 0.831470
vn 0.555570 0.000000 0.831470
vn 0.554381 0.036336 0.831470
vn 0.550817 0.072516 0.831470
vn 0.544895 0.108386 0.831470
vn 0.536640 0.143792 0.831470
vn 0.526086 0.178582 0.831470
vn 0.513280 0.212608 0.831470
vn 0.498276 0.245722 0.831470
vn 0.481138 0.277785 0.831470
vn 0.461940 0.308658 0.831470
vn 0.440764 0.338210 0.831470
vn 0.417700 0.366313 0.831470
vn 0.392847 0.392847 0.831470
vn 0.366313 0.417700 0.831470
vn 0.338210 0.440764 0.831470
vn 0.308658 0.461940 0.831470
vn 0.277785 0.481138 0.831470
vn 0.245722 0.498276 0.831470
vn 0.212608 0.513280 0.831470
vn 0.178582 0.526086 0.831470
vn 0.143792 0.536640 0.831470
vn 0.108386 0.544895 0.831470
vn 0.072516 0.550817 0.831470
vn 0.036336 0.554381 0.831470
vn 0.000000 0.555570 0.831470
vn -0.036336 0.554381 0.831470
vn -0.072516 0.550817 0.831470
vn -0.108386 0.544895 0.831470
vn -0.143792 0.536640 0.831470
vn -0.178582 0.526086 0.831470
vn -0.212608 0.513280 0.831470
vn -0.245722 0.498276 0.831470
vn -0.277785 0.481138 0.831470
vn -0.308658 0.461940 0.831470
vn -0.338210 0.440764 0.831470
vn -0.366313 0.417700 0.831470
vn -0.392847 0.392847 0.831470
vn -0.417700 0.366313 0.831470
vn -0.440764 0.338210 0.831470
vn -0.461940 0.308658 0.831470
vn -0.481138 0.277785 0.831470
vn -0.498276 0.245722 0.831470
vn -0.513280 0.212608 0.831470
vn -0.526086 0.178582 0.831470
vn -0.536640 0.143792 0.831470
vn -0.544895 0.108386 0.831470
vn -0.550817 0.072516 0.831470
vn -0.554381 0.036336 0.831470
vn -0.555570 0.000000 0.831470
vn -0.500000 -0.000000 0.866025
vn -0.498929 -0.032702 0.866025
vn -0.495722 -0.065263 0.866025
vn -0.490393 -0.097545 0.866025
vn -0.482963 -0.129410 0.866025
vn -0.473465 -0.160720 0.866025
vn -0.461940 -0.191342 0.866025
vn -0.448436 -0.221144 0.866025
vn -0.433013 -0.250000 0.866025
vn -0.415735 -0.277785 0.866025
vn -0.396677 -0.304381 0.866025
vn -0.375920 -0.329673 0.866025
vn -0.353553 -0.353553 0.866025
vn -0.329673 -0.375920 0.866025
vn -0.304381 -0.396677 0.866025
vn -0.277785 -0.415735 0.866025
vn -0.250000 -0.433013 0.866025
vn -0.221144 -0.448436 0.866025
vn -0.191342 -0.461940 0.866025
vn -0.160720 -0.473465 0.866025
vn -0.129410 -0.482963 0.866025
vn -0.097545 -0.490393 0.866025
vn -0.065263 -0.495722 0.866025
vn -0.032702 -0.498929 0.866025
vn 0.000000 -0.500000 0.866025
vn 0.032702 -0.498929 0.866025
vn 0.065263 -0.495722 0.866025
vn 0.097545 -0.490393 0.866025
vn 0.129410 -0.482963 0.866025
vn 0.160720 -0.473465 0.866025
vn 0.191342 -0.461940 0.866025
vn 0.221144 -0.448436 0.866025
vn 0.250000 -0.433013 0.866025
vn 0.277785 -0.415735 0.866025
vn 0.304381 -0.396677 0.866025
vn 0.329673 -0.375920 0.866025
vn 0.353553 -0.353553 0.866025
vn 0.375920 -0.329673 0.866025
vn 0.396677 -0.304381 0.866025
vn 0.415735 -0.277785 0.866025
vn 0.433013 -0.250000 0.866025
vn 0.448436 -0.221144 0.866025
vn 0.461940 -0.191342 0.866025
vn 0.473465 -0.160720 0.866025
vn 0.482963 -0.129410 0.866025
vn 0.490393 -0.097545 0.866025
vn 0.495722 -0.065263 0.866025
vn 0.498929 -0.032702 0.866025
vn 0.500000 0.000000 0.866025
vn 0.498929 0.032702 0.866025
vn 0.495722 0.065263 0.866025
vn 0.490393 0.097545 0.866025
vn 0.482963 0.129410 0.866025
vn 0.473465 0.160720 0.866025
vn 0.461940 0.191342 0.866025
vn 0.448436 0.221144 0.866025
vn 0.433013 0.250000 0.866025
vn 0.415735 0.277785 0.866025
vn 0.396677 0.304381 0.866025
vn 0.375920 0.329673 0.866025
vn 0.353553 0.353553 0.866025
vn 0.329673 0.375920 0.866025
vn 0.304381 0.396677 0.866025
vn 0.277785 0.415735 0.866025
vn 0.250000 0.433013 0.866025
vn 0.221144 0.448436 0.866025
vn 0.191342 0.461940 0.866025
vn 0.160720 0.473465 0.866025
vn 0.129410 0.482963 0.866025
vn 0.097545 0.490393 0.866025
vn 0.065263 0.495722 0.866025
vn 0.032702 0.498929 0.866025
vn 0.000000 0.500000 0.866025
vn -0.032702 0.498929 0.866025
vn -0.065263 0.495722 0.866025
vn -0.097545 0.490393 0.866025
vn -0.129410 0.482963 0.866025
vn -0.160720 0.473465 0.866025
vn -0.191342 0.461940 0.866025
vn -0.221144 0.448436 0.866025
vn -0.250000 0.433013 0.866025
vn -0.277785 0.415735 0.866025
vn -0.304381 0.396677 0.866025
vn -0.329673 0.375920 0.866025
vn -0.353553 0.353553 0.866025
vn -0.375920 0.329673 0.866025
vn -0.396677 0.304381 0.866025
vn -0.415735 0.277785 0.866025
vn -0.433013 0.250000 0.866025
vn -0.448436 0.221144 0.866025
vn -0.461940 0.191342 0.866025
vn -0.473465 0.160720 0.866025
vn -0.482963 0.129410 0.866025
vn -0.490393 0.097545 0.866025
vn -0.495722 0.065263 0.866025
vn -0.498929 0.032702 0.866025
vn -0.500000 0.000000 0.866025
vn -0.442289 -0.000000 0.896873
vn -0.441342 -0.028927 0.896873
vn -0.438505 -0.057730 0.896873
vn -0.433790 -0.086286 0.896873
vn -0.427218 -0.114473 0.896873
vn -0.418816 -0.142169 0.896873
vn -0.408621 -0.169257 0.896873
vn -0.396677 -0.195619 0.896873
vn -0.383033 -0.221144 0.896873
vn -0.367750 -0.245722 0.896873
vn -0.350891 -0.269248 0.896873
vn -0.332530 -0.291621 0.896873
vn -0.312745 -0.312745 0.896873
vn -0.291621 -0.332530 0.896873
vn -0.269248 -0.350891 0.896873
vn -0.245722 -0.367750 0.896873
vn -0.221144 -0.383033 0.896873
vn -0.195619 -0.396677 0.896873
vn -0.169257 -0.408621 0.896873
vn -0.142169 -0.418816 0.896873
vn -0.114473 -0.427218 0.896873
vn -0.086286 -0.433790 0.896873
vn -0.057730 -0.438505 0.896873
vn -0.028927 -0.441342 0.896873
vn 0.000000 -0.442289 0.896873
vn 0.028927 -0.441342 0.896873
vn 0.057730 -0.438505 0.896873
vn 0.086286 -0.433790 0.896873
vn 0.114473 -0.427218 0.896873
vn 0.142169 -0.418816 0.896873
vn 0.169257 -0.408621 0.896873
vn 0.195619 -0.396677 0.896873
vn 0.221144 -0.383033 0.896873
vn 0.245722 -0.367750 0.896873
vn 0.269248 -0.350891 0.896873
vn 0.291621 -0.332530 0.896873
vn 0.312745 -0.312745 0.896873
vn 0.332530 -0.291621 0.896873
vn 0.350891 -0.269248 0.896873
vn 0.367750 -0.245722 0.896873
vn 0.383033 -0.221144 0.896873
vn 0.396677 -0.195619 0.896873
vn 0.408621 -0.169257 0.896873
vn 0.418816 -0.142169 0.896873
vn 0.427218 -0.114473 0.896873
vn 0.433790 -0.086286 0.896873
vn 0.438505 -0.057730 0.896873
vn 0.441342 -0.028927 0.896873
vn 0.442289 0.000000 0.896873
vn 0.441342 0.028927 0.896873
vn 0.438505 0.057730 0.896873
vn 0.433790 0.086286 0.896873
vn 0.427218 0.114473 0.896873
vn 0.418816 0.142169 0.896873
vn 0.408621 0.169257 0.896873
vn 0.396677 0.195619 0.896873
vn 0.383033 0.221144 0.896873
vn 0.367750 0.245722 0.896873
vn 0.350891 0.269248 0.896873
vn 0.332530 0.291621 0.896873
vn 0.312745 0.312745 0.896873
vn 0.291621 0.332530 0.896873
vn 0.269248 0.350891 0.896873
vn 0.245722 0.367750 0.896873
vn 0.221144 0.383033 0.896873
vn 0.195619 0.396677 0.896873
vn 0.169257 0.408621 0.896873
vn 0.142169 0.418816 0.896873
vn 0.114473 0.427218 0.896873
vn 0.086286 0.433790 0.896873
vn 0.057730 0.438505 0.896873
vn 0.028927 0.441342 0.896873
vn 0.000000 0.442289 0.896873
vn -0.028927 0.441342 0.896873
vn -0.057730 0.438505 0.896873
vn -0.086286 0.433790 0.896873
vn -0.114473 0.427218 0.896873
vn -0.142169 0.418816 0.896873
vn -0.169257 0.408621 0.896873
vn -0.195619 0.396677 0.896873
vn -0.221144 0.383033 0.896873
vn -0.245722 0.367750 0.896873
vn -0.269248 0.350891 0.896873
vn -0.291621 0.332530 0.896873
vn -0.312745 0.312745 0.896873
vn -0.332530 0.291621 0.896873
vn -0.350891 0.269248 0.896873
vn -0.367750 0.245722 0.896873
vn -0.383033 0.221144 0.896873
vn -0.396677 0.195619 0.896873
vn -0.408621 0.169257 0.896873
vn -0.418816 0.142169 0.896873
vn -0.427218 0.114473 0.896873
vn -0.433790 0.086286 0.896873
vn -0.438505 0.057730 0.896873
vn -0.441342 0.028927 0.896873
vn -0.442289 0.000000 0.896873
vn -0.382683 -0.000000 0.923880
vn -0.381864 -0.025029 0.923880
vn -0.379410 -0.049950 0.923880
vn -0.375330 -0.074658 0.923880
vn -0.369644 -0.099046 0.923880
vn -0.362374 -0.123010 0.923880
vn -0.353553 -0.146447 0.923880
vn -0.343218 -0.169257 0.923880
vn -0.331414 -0.191342 0.923880
vn -0.318190 -0.212608 0.923880
vn -0.303603 -0.232963 0.923880
vn -0.287717 -0.252321 0.923880
vn -0.270598 -0.270598 0.923880
vn -0.252321 -0.287717 0.923880
vn -0.232963 -0.303603 0.923880
vn -0.212608 -0.318190 0.923880
vn -0.191342 -0.331414 0.923880
vn -0.169257 -0.343218 0.923880
vn -0.146447 -0.353553 0.923880
vn -0.123010 -0.362374 0.923880
vn -0.099046 -0.369644 0.923880
vn -0.074658 -0.375330 0.923880
vn -0.049950 -0.379410 0.923880
vn -0.025029 -0.381864 0.923880
vn 0.000000 -0.382683 0.923880
vn 0.025029 -0.381864 0.923880
vn 0.049950 -0.379410 0.923880
vn 0.074658 -0.375330 0.923880
vn 0.099046 -0.369644 0.923880
vn 0.123010 -0.362374 0.923880
vn 0.146447 -0.353553 0.923880
vn 0.169257 -0.343218 0.923880
vn 0.191342 -0.331414 0.923880
vn 0.212608 -0.318190 0.923880
vn 0.232963 -0.303603 0.923880
vn 0.252321 -0.287717 0.923880
vn 0.270598 -0.270598 0.923880
vn 0.287717 -0.252321 0.923880
vn 0.303603 -0.232963 0.923880
vn 0.318190 -0.212608 0.923880
vn 0.331414 -0.191342 0.923880
vn 0.343218 -0.169257 0.923880
vn 0.353553 -0.146447 0.923880
vn 0.362374 -0.123010 0.923880
vn 0.369644 -0.099046 0.923880
vn 0.375330 -0.074658 0.923880
vn 0.379410 -0.049950 0.923880
vn 0.381864 -0.025029 0.923880
vn 0.382683 0.000000 0.923880
vn 0.381864 0.025029 0.923880
vn 0.379410 0.049950 0.923880
vn 0.375330 0.074658 0.923880
vn 0.369644 0.099046 0.923880
vn 0.362374 0.123010 0.923880
vn 0.353553 0.146447 0.923880
vn 0.343218 0.169257 0.923880
vn 0.331414 0.191342 0.923880
vn 0.318190 0.212608 0.923880
vn 0.303603 0.232963 0.923880
vn 0.287717 0.252321 0.923880
vn 0.270598 0.270598 0.923880
vn 0.252321 0.287717 0.923880
vn 0.232963 0.303603 0.923880
vn 0.212608 0.318190 0.923880
vn 0.191342 0.331414 0.923880
vn 0.169257 0.343218 0.923880
vn 0.146447 0.353553 0.923880
vn 0.123010 0.362374 0.923880
vn 0.099046 0.369644 0.923880
vn 0.074658 0.375330 0.923880
vn 0.049950 0.379410 0.923880
vn 0.025029 0.381864 0.923880
vn 0.000000 0.382683 0.923880
vn -0.025029 0.381864 0.923880
vn -0.049950 0.379410 0.923880
vn -0.074658 0.375330 0.923880
vn -0.099046 0.369644 0.923880
vn -0.123010 0.362374 0.923880
vn -0.146447 0.353553 0.923880
vn -0.169257 0.343218 0.923880
vn -0.191342 0.331414 0.923880
vn -0.212608 0.318190 0.923880
vn -0.232963 0.303603 0.923880
vn -0.252321 0.287717 0.923880
vn -0.270598 0.270598 0.923880
vn -0.287717 0.252321 0.923880
vn -0.303603 0.232963 0.923880
vn -0.318190 0.212608 0.923880
vn -0.331414 0.191342 0.923880
vn -0.343218 0.169257 0.923880
vn -0.353553 0.146447 0.923880
vn -0.362374 0.123010 0.923880
vn -0.369644 0.099046 0.923880
vn -0.375330 0.074658 0.923880
vn -0.379410 0.049950 0.923880
vn -0.381864 0.025029 0.923880
vn -0.382683 0.000000 0.923880
vn -0.321439 -0.000000 0.946930
vn -0.320751 -0.021023 0.946930
vn -0.318690 -0.041956 0.946930
vn -0.315263 -0.062710 0.946930
vn -0.310487 -0.083195 0.946930
vn -0.304381 -0.103323 0.946930
vn -0.296971 -0.123010 0.946930
vn -0.288290 -0.142169 0.946930
vn -0.278375 -0.160720 0.946930
vn -0.267267 -0.178582 0.946930
vn -0.255015 -0.195680 0.946930
vn -0.241671 -0.211940 0.946930
vn -0.227292 -0.227292 0.946930
vn -0.211940 -0.241671 0.946930
vn -0.195680 -0.255015 0.946930
vn -0.178582 -0.267267 0.946930
vn -0.160720 -0.278375 0.946930
vn -0.142169 -0.288290 0.946930
vn -0.123010 -0.296971 0.946930
vn -0.103323 -0.304381 0.946930
vn -0.083195 -0.310487 0.946930
vn -0.062710 -0.315263 0.946930
vn -0.041956 -0.318690 0.946930
vn -0.021023 -0.320751 0.946930
vn 0.000000 -0.321439 0.946930
vn 0.021023 -0.320751 0.946930
vn 0.041956 -0.318690 0.946930
vn 0.062710 -0.315263 0.946930
vn 0.083195 -0.310487 0.946930
vn 0.103323 -0.304381 0.946930
vn 0.123010 -0.296971 0.946930
vn 0.142169 -0.288290 0.946930
vn 0.160720 -0.278375 0.946930
vn 0.178582 -0.267267 0.946930
vn 0.195680 -0.255015 0.946930
vn 0.211940 -0.241671 0.946930
vn 0.227292 -0.227292 0.946930
vn 0.241671 -0.211940 0.946930
vn 0.255015 -0.195680 0.946930
vn 0.267267 -0.178582 0.946930
vn 0.278375 -0.160720 0.946930
vn 0.288290 -0.142169 0.946930
vn 0.296971 -0.123010 0.946930
vn 0.304381 -0.103323 0.946930
vn 0.310487 -0.083195 0.946930
vn 0.315263 -0.062710 0.946930
vn 0.318690 -0.041956 0.946930
vn 0.320751 -0.021023 0.946930
vn 0.321439 0.000000 0.946930
vn 0.320751 0.021023 0.946930
vn 0.318690 0.041956 0.946930
vn 0.315263 0.062710 0.946930
vn 0.310487 0.083195 0.946930
vn 0.304381 0.103323 0.946930
vn 0.296971 0.123010 0.946930
vn 0.288290 0.142169 0.946930
vn 0.278375 0.160720 0.946930
vn 0.267267 0.178582 0.946930
vn 0.255015 0.195680 0.946930
vn 0.241671 0.211940 0.946930
vn 0.227292 0.227292 0.946930
vn 0.211940 0.241671 0.946930
vn 0.195680 0.255015 0.946930
vn 0.178582 0.267267 0.946930
vn 0.160720 0.278375 0.946930
vn 0.142169 0.288290 0.946930
vn 0.123010 0.296971 0.946930
vn 0.103323 0.304381 0.946930
vn 0.083195 0.310487 0.946930
vn 0.062710 0.315263 0.946930
vn 0.041956 0.318690 0.946930
vn 0.021023 0.320751 0.946930
vn 0.000000 0.321439 0.946930
vn -0.021023 0.320751 0.946930
vn -0.041956 0.318690 0.946930
vn -0.062710 0.315263 0.946930
vn -0.083195 0.310487 0.946930
vn -0.103323 0.304381 0.946930
vn -0.123010 0.296971 0.946930
vn -0.142169 0.288290 0.946930
vn -0.160720 0.278375 0.946930
vn -0.178582 0.267267 0.946930
vn -0.195680 0.255015 0.946930
vn -0.211940 0.241671 0.946930
vn -0.227292 0.227292 0.946930
vn -0.241671 0.211940 0.946930
vn -0.255015 0.195680 0.946930
vn -0.267267 0.178582 0.946930
vn -0.278375 0.160720 0.946930
vn -0.288290 0.142169 0.946930
vn -0.296971 0.123010 0.946930
vn -0.304381 0.103323 0.946930
vn -0.310487 0.083195 0.946930
vn -0.315263 0.062710 0.946930
vn -0.318690 0.041956 0.946930
vn -0.320751 0.021023 0.946930
vn -0.321439 0.000000 0.946930
vn -0.258819 -0.000000 0.965926
vn -0.258265 -0.016928 0.965926
vn -0.256605 -0.033783 0.965926
vn -0.253846 -0.050493 0.965926
vn -0.250000 -0.066987 0.965926
vn -0.245084 -0.083195 0.965926
vn -0.239118 -0.099046 0.965926
vn -0.232128 -0.114473 0.965926
vn -0.224144 -0.129410 0.965926
vn -0.215200 -0.143792 0.965926
vn -0.205335 -0.157559 0.965926
vn -0.194590 -0.170651 0.965926
vn -0.183013 -0.183013 0.965926
vn -0.170651 -0.194590 0.965926
vn -0.157559 -0.205335 0.965926
vn -0.143792 -0.215200 0.965926
vn -0.129410 -0.224144 0.965926
vn -0.114473 -0.232128 0.965926
vn -0.099046 -0.239118 0.965926
vn -0.083195 -0.245084 0.965926
vn -0.066987 -0.250000 0.965926
vn -0.050493 -0.253846 0.965926
vn -0.033783 -0.256605 0.965926
vn -0.016928 -0.258265 0.965926
vn 0.000000 -0.258819 0.965926
vn 0.016928 -0.258265 0.965926
vn 0.033783 -0.256605 0.965926
vn 0.050493 -0.253846 0.965926
vn 0.066987 -0.250000 0.965926
vn 0.083195 -0.245084 0.965926
vn 0.099046 -0.239118 0.965926
vn 0.114473 -0.232128 0.965926
vn 0.129410 -0.224144 0.965926
vn 0.143792 -0.215200 0.965926
vn 0.157559 -0.205335 0.965926
vn 0.170651 -0.194590 0.965926
vn 0.183013 -0.183013 0.965926
vn 0.194590 -0.170651 0.965926
vn 0.205335 -0.157559 0.965926
vn 0.215200 -0.143792 0.965926
vn 0.224144 -0.129410 0.965926
vn 0.232128 -0.114473 0.965926
vn 0.239118 -0.099046 0.965926
vn 0.245084 -0.083195 0.965926
vn 0.250000 -0.066987 0.965926
vn 0.253846 -0.050493 0.965926
vn 0.256605 -0.033783 0.965926
vn 0.258265 -0.016928 0.965926
vn 0.258819 0.000000 0.965926
vn 0.258265 0.016928 0.965926
vn 0.256605 0.033783 0.965926
vn 0.253846 0.050493 0.965926
vn 0.250000 0.066987 0.965926
vn 0.245084 0.083195 0.965926
vn 0.239118 0.099046 0.965926
vn 0.232128 0.114473 0.965926
vn 0.224144 0.129410 0.965926
vn 0.215200 0.143792 0.965926
vn 0.205335 0.157559 0.965926
vn 0.194590 0.170651 0.965926
vn 0.183013 0.183013 0.965926
vn 0.170651 0.194590 0.965926
vn 0.157559 0.205335 0.965926
vn 0.143792 0.215200 0.965926
vn 0.129410 0.224144 0.965926
vn 0.114473 0.232128 0.965926
vn 0.099046 0.239118 0.965926
vn 0.083195 0.245084 0.965926
vn 0.066987 0.250000 0.965926
vn 0.050493 0.253846 0.965926
vn 0.033783 0.256605 0.965926
vn 0.016928 0.258265 0.965926
vn 0.000000 0.258819 0.965926
vn -0.016928 0.258265 0.965926
vn -0.033783 0.256605 0.965926
vn -0.050493 0.253846 0.965926
vn -0.066987 0.250000 0.965926
vn -0.083195 0.245084 0.965926
vn -0.099046 0.239118 0.965926
vn -0.114473 0.232128 0.965926
vn -0.129410 0.224144 0.965926
vn -0.143792 0.215200 0.965926
vn -0.157559 0.205335 0.965926
vn -0.170651 0.194590 0.965926
vn -0.183013 0.183013 0.965926
vn -0.194590 0.170651 0.965926
vn -0.205335 0.157559 0.965926
vn -0.215200 0.143792 0.965926
vn -0.224144 0.129410 0.965926
vn -0.232128 0.114473 0.965926
vn -0.239118 0.099046 0.965926
vn -0.245084 0.083195 0.965926
vn -0.250000 0.066987 0.965926
vn -0.253846 0.050493 0.965926
vn -0.256605 0.033783 0.965926
vn -0.258265 0.016928 0.965926
vn -0.258819 0.000000 0.965926
vn -0.195090 -0.000000 0.980785
vn -0.194673 -0.012760 0.980785
vn -0.193421 -0.025464 0.980785
vn -0.191342 -0.038060 0.980785
vn -0.188443 -0.050493 0.980785
vn -0.184737 -0.062710 0.980785
vn -0.180240 -0.074658 0.980785
vn -0.174971 -0.086286 0.980785
vn -0.168953 -0.097545 0.980785
vn -0.162212 -0.108386 0.980785
vn -0.154776 -0.118763 0.980785
vn -0.146677 -0.128632 0.980785
vn -0.137950 -0.137950 0.980785
vn -0.128632 -0.146677 0.980785
vn -0.118763 -0.154776 0.980785
vn -0.108386 -0.162212 0.980785
vn -0.097545 -0.168953 0.980785
vn -0.086286 -0.174971 0.980785
vn -0.074658 -0.180240 0.980785
vn -0.062710 -0.184737 0.980785
vn -0.050493 -0.188443 0.980785
vn -0.038060 -0.191342 0.980785
vn -0.025464 -0.193421 0.980785
vn -0.012760 -0.194673 0.980785
vn 0.000000 -0.195090 0.980785
vn 0.012760 -0.194673 0.980785
vn 0.025464 -0.193421 0.980785
vn 0.038060 -0.191342 0.980785
vn 0.050493 -0.188443 0.980785
vn 0.062710 -0.184737 0.980785
vn 0.074658 -0.180240 0.980785
vn 0.086286 -0.174971 0.980785
vn 0.097545 -0.168953 0.980785
vn 0.108386 -0.162212 0.980785
vn 0.118763 -0.154776 0.980785
vn 0.128632 -0.146677 0.980785
vn 0.137950 -0.137950 0.980785
vn 0.146677 -0.128632 0.980785
vn 0.154776 -0.118763 0.980785
vn 0.162212 -0.108386 0.980785
vn 0.168953 -0.097545 0.980785
vn 0.174971 -0.086286 0.980785
vn 0.180240 -0.074658 0.980785
vn 0.184737 -0.062710 0.980785
vn 0.188443 -0.050493 0.980785
vn 0.191342 -0.038060 0.980785
vn 0.193421 -0.025464 0.980785
vn 0.194673 -0.012760 0.980785
vn 0.195090 0.000000 0.980785
vn 0.194673 0.012760 0.980785
vn 0.193421 0.025464 0.980785
vn 0.191342 0.038060 0.980785
vn 0.188443 0.050493 0.980785
vn 0.184737 0.062710 0.980785
vn 0.180240 0.074658 0.980785
vn 0.174971 0.086286 0.980785
vn 0.168953 0.097545 0.980785
vn 0.162212 0.108386 0.980785
vn 0.154776 0.118763 0.980785
vn 0.146677 0.128632 0.980785
vn 0.137950 0.137950 0.980785
vn 0.128632 0.146677 0.980785
vn 0.118763 0.154776 0.980785
vn 0.108386 0.162212 0.980785
vn 0.097545 0.168953 0.980785
vn 0.086286 0.174971 0.980785
vn 0.074658 0.180240 0.980785
vn 0.062710 0.184737 0.980785
vn 0.050493 0.188443 0.980785
vn 0.038060 0.191342 0.980785
vn 0.025464 0.193421 0.980785
vn 0.012760 0.194673 0.980785
vn 0.000000 0.195090 0.980785
vn -0.012760 0.194673 0.980785
vn -0.025464 0.193421 0.980785
vn -0.038060 0.191342 0.980785
vn -0.050493 0.188443 0.980785
vn -0.062710 0.184737 0.980785
vn -0.074658 0.180240 0.980785
vn -0.086286 0.174971 0.980785
vn -0.097545 0.168953 0.980785
vn -0.108386 0.162212 0.980785
vn -0.118763 0.154776 0.980785
vn -0.128632 0.146677 0.980785
vn -0.137950 0.137950 0.980785
vn -0.146677 0.128632 0.980785
vn -0.154776 0.118763 0.980785
vn -0.162212 0.108386 0.980785
vn -0.168953 0.097545 0.980785
vn -0.174971 0.086286 0.980785
vn -0.180240 0.074658 0.980785
vn -0.184737 0.062710 0.980785
vn -0.188443 0.050493 0.980785
vn -0.191342 0.038060 0.980785
vn -0.193421 0.025464 0.980785
vn -0.194673 0.012760 0.980785
vn -0.195090 0.000000 0.980785
vn -0.130526 -0.000000 0.991445
vn -0.130247 -0.008537 0.991445
vn -0.129410 -0.017037 0.991445
vn -0.128018 -0.025464 0.991445
vn -0.126079 -0.033783 0.991445
vn -0.123599 -0.041956 0.991445
vn -0.120590 -0.049950 0.991445
vn -0.117065 -0.057730 0.991445
vn -0.113039 -0.065263 0.991445
vn -0.108529 -0.072516 0.991445
vn -0.103553 -0.079459 0.991445
vn -0.098135 -0.086062 0.991445
vn -0.092296 -0.092296 0.991445
vn -0.086062 -0.098135 0.991445
vn -0.079459 -0.103553 0.991445
vn -0.072516 -0.108529 0.991445
vn -0.065263 -0.113039 0.991445
vn -0.057730 -0.117065 0.991445
vn -0.049950 -0.120590 0.991445
vn -0.041956 -0.123599 0.991445
vn -0.033783 -0.126079 0.991445
vn -0.025464 -0.128018 0.991445
vn -0.017037 -0.129410 0.991445
vn -0.008537 -0.130247 0.991445
vn 0.000000 -0.130526 0.991445
vn 0.008537 -0.130247 0.991445
vn 0.017037 -0.129410 0.991445
vn 0.025464 -0.128018 0.991445
vn 0.033783 -0.126079 0.991445
vn 0.041956 -0.123599 0.991445
vn 0.049950 -0.120590 0.991445
vn 0.057730 -0.117065 0.991445
vn 0.065263 -0.113039 0.991445
vn 0.072516 -0.108529 0.991445
vn 0.079459 -0.103553 0.991445
vn 0.086062 -0.098135 0.991445
vn 0.092296 -0.092296 0.991445
vn 0.098135 -0.086062 0.991445
vn 0.103553 -0.079459 0.991445
vn 0.108529 -0.072516 0.991445
vn 0.113039 -0.065263 0.991445
vn 0.117065 -0.057730 0.991445
vn 0.120590 -0.049950 0.991445
vn 0.123599 -0.041956 0.991445
vn 0.126079 -0.033783 0.991445
vn 0.128018 -0.025464 0.991445
vn 0.129410 -0.017037 0.991445
vn 0.130247 -0.008537 0.991445
vn 0.130526 0.000000 0.991445
vn 0.130247 0.008537 0.991445
vn 0.129410 0.017037 0.991445
vn 0.128018 0.025464 0.991445
vn 0.126079 0.033783 0.991445
vn 0.123599 0.041956 0.991445
vn 0.120590 0.049950 0.991445
vn 0.117065 0.057730 0.991445
vn 0.113039 0.065263 0.991445
vn 0.108529 0.072516 0.991445
vn 0.103553 0.079459 0.991445
vn 0.098135 0.086062 0.991445
vn 0.092296 0.092296 0.991445
vn 0.086062 0.098135 0.991445
vn 0.079459 0.103553 0.991445
vn 0.072516 0.108529 0.991445
vn 0.065263 0.113039 0.991445
vn 0.057730 0.117065 0.991445
vn 0.049950 0.120590 0.991445
vn 0.041956 0.123599 0.991445
vn 0.033783 0.126079 0.991445
vn 0.025464 0.128018 0.991445
vn 0.017037 0.129410 0.991445
vn 0.008537 0.130247 0.991445
vn 0.000000 0.130526 0.991445
vn -0.008537 0.130247 0.991445
vn -0.017037 0.129410 0.991445
vn -0.025464 0.128018 0.991445
vn -0.033783 0.126079 0.991445
vn -0.041956 0.123599 0.991445
vn -0.049950 0.120590 0.991445
vn -0.057730 0.117065 0.991445
vn -0.065263 0.113039 0.991445
vn -0.072516 0.108529 0.991445
vn -0.079459 0.103553 0.991445
vn -0.086062 0.098135 0.991445
vn -0.092296 0.092296 0.991445
vn -0.098135 0.086062 0.991445
vn -0.103553 0.079459 0.991445
vn -0.108529 0.072516 0.991445
vn -0.113039 0.065263 0.991445
vn -0.117065 0.057730 0.991445
vn -0.120590 0.049950 0.991445
vn -0.123599 0.041956 0.991445
vn -0.126079 0.033783 0.991445
vn -0.128018 0.025464 0.991445
vn -0.129410 0.017037 0.991445
vn -0.130247 0.008537 0.991445
vn -0.130526 0.000000 0.991445
vn -0.065403 -0.000000 0.997859
vn -0.065263 -0.004278 0.997859
vn -0.064844 -0.008537 0.997859
vn -0.064146 -0.012760 0.997859
vn -0.063175 -0.016928 0.997859
vn -0.061932 -0.021023 0.997859
vn -0.060425 -0.025029 0.997859
vn -0.058658 -0.028927 0.997859
vn -0.056641 -0.032702 0.997859
vn -0.054381 -0.036336 0.997859
vn -0.051888 -0.039815 0.997859
vn -0.049173 -0.043123 0.997859
vn -0.046247 -0.046247 0.997859
vn -0.043123 -0.049173 0.997859
vn -0.039815 -0.051888 0.997859
vn -0.036336 -0.054381 0.997859
vn -0.032702 -0.056641 0.997859
vn -0.028927 -0.058658 0.997859
vn -0.025029 -0.060425 0.997859
vn -0.021023 -0.061932 0.997859
vn -0.016928 -0.063175 0.997859
vn -0.012760 -0.064146 0.997859
vn -0.008537 -0.064844 0.997859
vn -0.004278 -0.065263 0.997859
vn 0.000000 -0.065403 0.997859
vn 0.004278 -0.065263 0.997859
vn 0.008537 -0.064844 0.997859
vn 0.012760 -0.064146 0.997859
vn 0.016928 -0.063175 0.997859
vn 0.021023 -0.061932 0.997859
vn 0.025029 -0.060425 0.997859
vn 0.028927 -0.058658 0.997859
vn 0.032702 -0.056641 0.997859
vn 0.036336 -0.054381 0.997859
vn 0.039815 -0.051888 0.997859
vn 0.043123 -0.049173 0.997859
vn 0.046247 -0.046247 0.997859
vn 0.049173 -0.043123 0.997859
vn 0.051888 -0.039815 0.997859
vn 0.054381 -0.036336 0.997859
vn 0.056641 -0.032702 0.997859
vn 0.058658 -0.028927 0.997859
vn 0.060425 -0.025029 0.997859
vn 0.061932 -0.021023 0.997859
vn 0.063175 -0.016928 0.997859
vn 0.064146 -0.012760 0.997859
vn 0.064844 -0.008537 0.997859
vn 0.065263 -0.004278 0.997859
vn 0.065403 0.000000 0.997859
vn 0.065263 0.004278 0.997859
vn 0.064844 0.008537 0.997859
vn 0.064146 0.012760 0.997859
vn 0.063175 0.016928 0.997859
vn 0.061932 0.021023 0.997859
vn 0.060425 0.025029 0.997859
vn 0.058658 0.028927 0.997859
vn 0.056641 0.032702 0.997859
vn 0.054381 0.036336 0.997859
vn 0.051888 0.039815 0.997859
vn 0.049173 0.043123 0.997859
vn 0.046247 0.046247 0.997859
vn 0.043123 0.049173 0.997859
vn 0.039815 0.051888 0.997859
vn 0.036336 0.054381 0.997859
vn 0.032702 0.056641 0.997859
vn 0.028927 0.058658 0.997859
vn 0.025029 0.060425 0.997859
vn 0.021023 0.061932 0.997859
vn 0.016928 0.063175 0.997859
vn 0.012760 0.064146 0.997859
vn 0.008537 0.064844 0.997859
vn 0.004278 0.065263 0.997859
vn 0.000000 0.065403 0.997859
vn -0.004278 0.065263 0.997859
vn -0.008537 0.064844 0.997859
vn -0.012760 0.064146 0.997859
vn -0.016928 0.063175 0.997859
vn -0.021023 0.061932 0.997859
vn -0.025029 0.060425 0.997859
vn -0.028927 0.058658 0.997859
vn -0.032702 0.056641 0.997859
vn -0.036336 0.054381 0.997859
vn -0.039815 0.051888 0.997859
vn -0.043123 0.049173 0.997859
vn -0.046247 0.046247 0.997859
vn -0.049173 0.043123 0.997859
vn -0.051888 0.039815 0.997859
vn -0.054381 0.036336 0.997859
vn -0.056641 0.032702 0.997859
vn -0.058658 0.028927 0.997859
vn -0.060425 0.025029 0.997859
vn -0.061932 0.021023 0.997859
vn -0.063175 0.016928 0.997859
vn -0.064146 0.012760 0.997859
vn -0.064844 0.008537 0.997859
vn -0.065263 0.004278 0.997859
vn -0.065403 0.000000 0.997859
vn -0.000000 -0.000000 1.000000
vn -0.000000 -0.000000 1.000000
vn -0.000000 -0.000000 1.000000
vn -0.000000 -0.000000 1.000000
vn -0.000000 -0.000000 1.000000
vn -0.000000 -0.000000 1.000000
vn -0.000000 -0.000000 1.000000
vn -0.000000 -0.000000 1.000000
vn -0.000000 -0.000000 1.000000
vn -0.000000 -0.000000 1.000000
vn -0.000000 -0.000000 1.000000
vn -0.000000 -0.000000 1.000000
vn -0.000000 -0.000000 1.000000
vn -0.000000 -0.000000 1.000000
vn -0.000000 -0.000000 1.000000
vn -0.000000 -0.000000 1.000000
vn -0.000000 -0.000000 1.000000
vn -0.000000 -0.000000 1.000000
vn -0.000000 -0.000000 1.000000
vn -0.000000 -0.000000 1.000000
vn -0.000000 -0.000000 1.000000
vn -0.000000 -0.000000 1.000000
vn -0.000000 -0.000000 1.000000
vn -0.000000 -0.000000 1.000000
vn 0.000000 -0.000000 1.000000
vn 0.000000 -0.000000 1.000000
vn 0.000000 -0.000000 1.000000
vn 0.000000 -0.000000 1.000000
vn 0.000000 -0.000000 1.000000
vn 0.000000 -0.000000 1.000000
vn 0.000000 -0.000000 1.000000
vn 0.000000 -0.000000 1.000000
vn 0.000000 -0.000000 1.000000
vn 0.000000 -0.000000 1.000000
vn 0.000000 -0.000000 1.000000
vn 0.000000 -0.000000 1.000000
vn 0.000000 -0.000000 1.000000
vn 0.000000 -0.000000 1.000000
vn 0.000000 -0.000000 1.000000
vn 0.000000 -0.000000 1.000000
vn 0.000000 -0.000000 1.000000
vn 0.000000 -0.000000 1.000000
vn 0.000000 -0.000000 1.000000
vn 0.000000 -0.000000 1.000000
vn 0.000000 -0.000000 1.000000
vn 0.000000 -0.000000 1.000000
vn 0.000000 -0.000000 1.000000
vn 0.000000 -0.000000 1.000000
vn 0.000000 0.000000 1.000000
vn 0.000000 0.000000 1.000000
vn 0.000000 0.000000 1.000000
vn 0.000000 0.000000 1.000000
vn 0.000000 0.000000 1.000000
vn 0.000000 0.000000 1.000000
vn 0.000000 0.000000 1.000000
vn 0.000000 0.000000 1.000000
vn 0.000000 0.000000 1.000000
vn 0.000000 0.000000 1.000000
vn 0.000000 0.000000 1.000000
vn 0.000000 0.000000 1.000000
vn 0.000000 0.000000 1.000000
vn 0.000000 0.000000 1.000000
vn 0.000000 0.000000 1.000000
vn 0.000000 0.000000 1.000000
vn 0.000000 0.000000 1.000000
vn 0.000000 0.000000 1.000000
vn 0.000000 0.000000 1.000000
vn 0.000000 0.000000 1.000000
vn 0.000000 0.000000 1.000000
vn 0.000000 0.000000 1.000000
vn 0.000000 0.000000 1.000000
vn 0.000000 0.000000 1.000000
vn 0.000000 0.000000 1.000000
vn -0.000000 0.000000 1.000000
vn -0.000000 0.000000 1.000000
vn -0.000000 0.000000 1.000000
vn -0.000000 0.000000 1.000000
vn -0.000000 0.000000 1.000000
vn -0.000000 0.000000 1.000000
vn -0.000000 0.000000 1.000000
vn -0.000000 0.000000 1.000000
vn -0.000000 0.000000 1.000000
vn -0.000000 0.000000 1.000000
vn -0.000000 0.000000 1.000000
vn -0.000000 0.000000 1.000000
vn -0.000000 0.000000 1.000000
vn -0.000000 0.000000 1.000000
vn -0.000000 0.000000 1.000000
vn -0.000000 0.000000 1.000000
vn -0.000000 0.000000 1.000000
vn -0.000000 0.000000 1.000000
vn -0.000000 0.000000 1.000000
vn -0.000000 0.000000 1.000000
vn -0.000000 0.000000 1.000000
vn -0.000000 0.000000 1.000000
vn -0.000000 0.000000 1.000000
vn -0.000000 0.000000 1.000000
vt 0.500000 1.000000
vt 0.500000 0.000000
f 1/4754/1 99/4754/99 98/4754/98
f 2/4754/2 100/4754/100 99/4754/99
f 3/4754/3 101/4754/101 100/4754/100
f 4/4754/4 102/4754/102 101/4754/101
f 5/4754/5 103/4754/103 102/4754/102
f 6/4754/6 104/4754/104 103/4754/103
f 7/4754/7 105/4754/105 104/4754/104
f 8/4754/8 106/4754/106 105/4754/105
f 9/4754/9 107/4754/107 106/4754/106
f 10/4754/10 108/4754/108 107/4754/107
f 11/4754/11 109/4754/109 108/4754/108
f 12/4754/12 110/4754/110 109/4754/109
f 13/4754/13 111/4754/111 110/4754/110
f 14/4754/14 112/4754/112 111/4754/111
f 15/4754/15 113/4754/113 112/4754/112
f 16/4754/16 114/4754/114 113/4754/113
f 17/4754/17 115/4754/115 114/4754/114
f 18/4754/18 116/4754/116 115/4754/115
f 19/4754/19 117/4754/117 116/4754/116
f 20/4754/20 118/4754/118 117/4754/117
f 21/4754/21 119/4754/119 118/4754/118
f 22/4754/22 120/4754/120 119/4754/119
f 23/4754/23 121/4754/121 120/4754/120
f 24/4754/24 122/4754/122 121/4754/121
f 25/4754/25 123/4754/123 122/4754/122
f 26/4754/26 124/4754/124 123/4754/123
f 27/4754/27 125/4754/125 124/4754/124
f 28/4754/28 126/4754/126 125/4754/125
f 29/4754/29 127/4754/127 126/4754/126
f 30/4754/30 128/4754/128 127/4754/127
f 31/4754/31 129/4754/129 128/4754/128
f 32/4754/32 130/4754/130 129/4754/129
f 33/4754/33 131/4754/131 130/4754/130
f 34/4754/34 132/4754/132 131/4754/131
f 35/4754/35 133/4754/133 132/4754/132
f 36/4754/36 134/4754/134 133/4754/133
f 37/4754/37 135/4754/135 134/4754/134
f 38/4754/38 136/4754/136 135/4754/135
f 39/4754/39 137/4754/137 136/4754/136
f 40/4754/40 138/4754/138 137/4754/137
f 41/4754/41 139/4754/139 138/4754/138
f 42/4754/42 140/4754/140 139/4754/139
f 43/4754/43 141/4754/141 140/4754/140
f 44/4754/44 142/4754/142 141/4754/141
f 45/4754/45 143/4754/143 142/4754/142
f 46/4754/46 144/4754/144 143/4754/143
f 47/4754/47 145/4754/145 144/4754/144
f 48/4754/48 146/4754/146 145/4754/145
f 49/4754/49 147/4754/147 146/4754/146
f 50/4754/50 148/4754/148 147/4754/147
f 51/4754/51 149/4754/149 148/4754/148
f 52/4754/52 150/4754/150 149/4754/149
f 53/4754/53 151/4754/151 150/4754/150
f 54/4754/54 152/4754/152 151/4754/151
f 55/4754/55 153/4754/153 152/4754/152
f 56/4754/56 154/4754/154 153/4754/153
f 57/4754/57 155/4754/155 154/4754/154
f 58/4754/58 156/4754/156 155/4754/155
f 59/4754/59 157/4754/157 156/4754/156
f 60/4754/60 158/4754/158 157/4754/157
f 61/4754/61 159/4754/159 158/4754/158
f 62/4754/62 160/4754/160 159/4754/159
f 63/4754/63 161/4754/161 160/4754/160
f 64/4754/64 162/4754/162 161/4754/161
f 65/4754/65 163/4754/163 162/4754/162
f 66/4754/66 164/4754/164 163/4754/163
f 67/4754/67 165/4754/165 164/4754/164
f 68/4754/68 166/4754/166 165/4754/165
f 69/4754/69 167/4754/167 166/4754/166
f 70/4754/70 168/4754/168 167/4754/167
f 71/4754/71 169/4754/169 168/4754/168
f 72/4754/72 170/4754/170 169/4754/169
f 73/4754/73 171/4754/171 170/4754/170
f 74/4754/74 172/4754/172 171/4754/171
f 75/4754/75 173/4754/173 172/4754/172
f 76/4754/76 174/4754/174 173/4754/173
f 77/4754/77 175/4754/175 174/4754/174
f 78/4754/78 176/4754/176 175/4754/175
f 79/4754/79 177/4754/177 176/4754/176
f 80/4754/80 178/4754/178 177/4754/177
f 81/4754/81 179/4754/179 178/4754/178
f 82/4754/82 180/4754/180 179/4754/179
f 83/4754/83 181/4754/181 180/4754/180
f 84/4754/84 182/4754/182 181/4754/181
f 85/4754/85 183/4754/183 182/4754/182
f 86/4754/86 184/4754/184 183/4754/183
f 87/4754/87 185/4754/185 184/4754/184
f 88/4754/88 186/4754/186 185/4754/185
f 89/4754/89 187/4754/187 186/4754/186
f 90/4754/90 188/4754/188 187/4754/187
f 91/4754/91 189/4754/189 188/4754/188
f 92/4754/92 190/4754/190 189/4754/189
f 93/4754/93 191/4754/191 190/4754/190
f 94/4754/94 192/4754/192 191/4754/191
f 95/4754/95 193/4754/193 192/4754/192
f 96/4754/96 194/4754/194 193/4754/193
f 98/98/98 99/99/99 196/196/196
f 98/98/98 196/196/196 195/195/195
f 99/99/99 100/100/100 197/197/197
f 99/99/99 197/197/197 196/196/196
f 100/100/100 101/101/101 198/198/198
f 100/100/100 198/198/198 197/197/197
f 101/101/101 102/102/102 199/199/199
f 101/101/101 199/199/199 198/198/198
f 102/102/102 103/103/103 200/200/200
f 102/102/102 200/200/200 199/199/199
f 103/103/103 104/104/104 201/201/201
f 103/103/103 201/201/201 200/200/200
f 104/104/104 105/105/105 202/202/202
f 104/104/104 202/202/202 201/201/201
f 105/105/105 106/106/106 203/203/203
f 105/105/105 203/203/203 202/202/202
f 106/106/106 107/107/107 204/204/204
f 106/106/106 204/204/204 203/203/203
f 107/107/107 108/108/108 205/205/205
f 107/107/107 205/205/205 204/204/204
f 108/108/108 109/109/109 206/206/206
f 108/108/108 206/206/206 205/205/205
f 109/109/109 110/110/110 207/207/207
f 109/109/109 207/207/207 206/206/206
f 110/110/110 111/111/111 208/208/208
f 110/110/110 208/208/208 207/207/207
f 111/111/111 112/112/112 209/209/209
f 111/111/111 209/209/209 208/208/208
f 112/112/112 113/113/113 210/210/210
f 112/112/112 210/210/210 209/209/209
f 113/113/113 114/114/114 211/211/211
f 113/113/113 211/211/211 210/210/210
f 114/114/114 115/115/115 212/212/212
f 114/114/114 212/212/212 211/211/211
f 115/115/115 116/116/116 213/213/213
f 115/115/115 213/213/213 212/212/212
f 116/116/116 117/117/117 214/214/214
f 116/116/116 214/214/214 213/213/213
f 117/117/117 118/118/118 215/215/215
f 117/117/117 215/215/215 214/214/214
f 118/118/118 119/119/119 216/216/216
f 118/118/118 216/216/216 215/215/215
f 119/119/119 120/120/120 217/217/217
f 119/119/119 217/217/217 216/216/216
f 120/120/120 121/121/121 218/218/218
f 120/120/120 218/218/218 217/217/217
f 121/121/121 122/122/122 219/219/219
f 121/121/121 219/219/219 218/218/218
f 122/122/122 123/123/123 220/220/220
f 122/122/122 220/220/220 219/219/219
f 123/123/123 124/124/124 221/221/221
f 123/123/123 221/221/221 220/220/220
f 124/124/124 125/125/125 222/222/222
f 124/124/124 222/222/222 221/221/221
f 125/125/125 126/126/126 223/223/223
f 125/125/125 223/223/223 222/222/222
f 126/126/126 127/127/127 224/224/224
f 126/126/126 224/224/224 223/223/223
f 127/127/127 128/128/128 225/225/225
f 127/127/127 225/225/225 224/224/224
f 128/128/128 129/129/129 226/226/226
f 128/128/128 226/226/226 225/225/225
f 129/129/129 130/130/130 227/227/227
f 129/129/129 227/227/227 226/226/226
f 130/130/130 131/131/131 228/228/228
f 130/130/130 228/228/228 227/227/227
f 131/131/131 132/132/132 229/229/229
f 131/131/131 229/229/229 228/228/228
f 132/132/132 133/133/133 230/230/230
f 132/132/132 230/230/230 229/229/229
f 133/133/133 134/134/134 231/231/231
f 133/133/133 231/231/231 230/230/230
f 134/134/134 135/135/135 232/232/232
f 134/134/134 232/232/232 231/231/231
f 135/135/135 136/136/136 233/233/233
f 135/135/135 233/233/233 232/232/232
f 136/136/136 137/137/137 234/234/234
f 136/136/136 234/234/234 233/233/233
f 137/137/137 138/138/138 235/235/235
f 137/137/137 235/235/235 234/234/234
f 138/138/138 139/139/139 236/236/236
f 138/138/138 236/236/236 235/235/235
f 139/139/139 140/140/140 237/237/237
f 139/139/139 237/237/237 236/236/236
f 140/140/140 141/141/141 238/238/238
f 140/140/140 238/238/238 237/237/237
f 141/141/141 142/142/142 239/239/239
f 141/141/141 239/239/239 238/238/238
f 142/142/142 143/143/143 240/240/240
f 142/142/142 240/240/240 239/239/239
f 143/143/143 144/144/144 241/241/241
f 143/143/143 241/241/241 240/240/240
f 144/144/144 145/145/145 242/242/242
f 144/144/144 242/242/242 241/241/241
f 145/145/145 146/146/146 243/243/243
f 145/145/145 243/243/243 242/242/242
f 146/146/146 147/147/147 244/244/244
f 146/146/146 244/244/244 243/243/243
f 147/147/147 148/148/148 245/245/245
f 147/147/147 245/245/245 244/244/244
f 148/148/148 149/149/149 246/246/246
f 148/148/148 246/246/246 245/245/245
f 149/149/149 150/150/150 247/247/247
f 149/149/149 247/247/247 246/246/246
f 150/150/150 151/151/151 248/248/248
f 150/150/150 248/248/248 247/247/247
f 151/151/151 152/152/152 249/249/249
f 151/151/151 249/249/249 248/248/248
f 152/152/152 153/153/153 250/250/250
f 152/152/152 250/250/250 249/249/249
f 153/153/153 154/154/154 251/251/251
f 153/153/153 251/251/251 250/250/250
f 154/154/154 155/155/155 252/252/252
f 154/154/154 252/252/252 251/251/251
f 155/155/155 156/156/156 253/253/253
f 155/155/155 253/253/253 252/252/252
f 156/156/156 157/157/157 254/254/254
f 156/156/156 254/254/254 253/253/253
f 157/157/157 158/158/158 255/255/255
f 157/157/157 255/255/255 254/254/254
f 158/158/158 159/159/159 256/256/256
f 158/158/158 256/256/256 255/255/255
f 159/159/159 160/160/160 257/257/257
f 159/159/159 257/257/257 256/256/256
f 160/160/160 161/161/161 258/258/258
f 160/160/160 258/258/258 257/257/257
f 161/161/161 162/162/162 259/259/259
f 161/161/161 259/259/259 258/258/258
f 162/162/162 163/163/163 260/260/260
f 162/162/162 260/260/260 259/259/259
f 163/163/163 164/164/164 261/261/261
f 163/163/163 261/261/261 260/260/260
f 164/164/164 165/165/165 262/262/262
f 164/164/164 262/262/262 261/261/261
f 165/165/165 166/166/166 263/263/263
f 165/165/165 263/263/263 262/262/262
f 166/166/166 167/167/167 264/264/264
f 166/166/166 264/264/264 263/263/263
f 167/167/167 168/168/168 265/265/265
f 167/167/167 265/265/265 264/264/264
f 168/168/168 169/169/169 266/266/266
f 168/168/168 266/266/266 265/265/265
f 169/169/169 170/170/170 267/267/267
f 169/169/169 267/267/267 266/266/266
f 170/170/170 171/171/171 268/268/268
f 170/170/170 268/268/268 267/267/267
f 171/171/171 172/172/172 269/269/269
f 171/171/171 269/269/269 268/268/268
f 172/172/172 173/173/173 270/270/270
f 172/172/172 270/270/270 269/269/269
f 173/173/173 174/174/174 271/271/271
f 173/173/173 271/271/271 270/270/270
f 174/174/174 175/175/175 272/272/272
f 174/174/174 272/272/272 271/271/271
f 175/175/175 176/176/176 273/273/273
f 175/175/175 273/273/273 272/272/272
f 176/176/176 177/177/177 274/274/274
f 176/176/176 274/274/274 273/273/273
f 177/177/177 178/178/178 275/275/275
f 177/177/177 275/275/275 274/274/274
f 178/178/178 179/179/179 276/276/276
f 178/178/178 276/276/276 275/275/275
f 179/179/179 180/180/180 277/277/277
f 179/179/179 277/277/277 276/276/276
f 180/180/180 181/181/181 278/278/278
f 180/180/180 278/278/278 277/277/277
f 181/181/181 182/182/182 279/279/279
f 181/181/181 279/279/279 278/278/278
f 182/182/182 183/183/183 280/280/280
f 182/182/182 280/280/280 279/279/279
f 183/183/183 184/184/184 281/281/281
f 183/183/183 281/281/281 280/280/280
f 184/184/184 185/185/185 282/282/282
f 184/184/184 282/282/282 281/281/281
f 185/185/185 186/186/186 283/283/283
f 185/185/185 283/283/283 282/282/282
f 186/186/186 187/187/187 284/284/284
f 186/186/186 284/284/284 283/283/283
f 187/187/187 188/188/188 285/285/285
f 187/187/187 285/285/285 284/284/284
f 188/188/188 189/189/189 286/286/286
f 188/188/188 286/286/286 285/285/285
f 189/189/189 190/190/190 287/287/287
f 189/189/189 287/287/287 286/286/286
f 190/190/190 191/191/191 288/288/288
f 190/190/190 288/288/288 287/287/287
f 191/191/191 192/192/192 289/289/289
f 191/191/191 289/289/289 288/288/288
f 192/192/192 193/193/193 290/290/290
f 192/192/192 290/290/290 289/289/289
f 193/193/193 194/194/194 291/291/291
f 193/193/193 291/291/291 290/290/290
f 195/195/195 196/196/196 293/293/293
f 195/195/195 293/293/293 292/292/292
f 196/196/196 197/197/197 294/294/294
f 196/196/196 294/294/294 293/293/293
f 197/197/197 198/198/198 295/295/295
f 197/197/197 295/295/295 294/294/294
f 198/198/198 199/199/199 296/296/296
f 198/198/198 296/296/296 295/295/295
f 199/199/199 200/200/200 297/297/297
f 199/199/199 297/297/297 296/296/296
f 200/200/200 201/201/201 298/298/298
f 200/200/200 298/298/298 297/297/297
f 201/201/201 202/202/202 299/299/299
f 201/201/201 299/299/299 298/298/298
f 202/202/202 203/203/203 300/300/300
f 202/202/202 300/300/300 299/299/299
f 203/203/203 204/204/204 301/301/301
f 203/203/203 301/301/301 300/300/300
f 204/204/204 205/205/205 302/302/302
f 204/204/204 302/302/302 301/301/301
f 205/205/205 206/206/206 303/303/303
f 205/205/205 303/303/303 302/302/302
f 206/206/206 207/207/207 304/304/304
f 206/206/206 304/304/304 303/303/303
f 207/207/207 208/208/208 305/305/305
f 207/207/207 305/305/305 304/304/304
f 208/208/208 209/209/209 306/306/306
f 208/208/208 306/306/306 305/305/305
f 209/209/209 210/210/210 307/307/307
f 209/209/209 307/307/307 306/306/306
f 210/210/210 211/211/211 308/308/308
f 210/210/210 308/308/308 307/307/307
f 211/211/211 212/212/212 309/309/309
f 211/211/211 309/309/309 308/308/308
f 212/212/212 213/213/213 310/310/310
f 212/212/212 310/310/310 309/309/309
f 213/213/213 214/214/214 311/311/311
f 213/213/213 311/311/311 310/310/310
f 214/214/214 215/215/215 312/312/312
f 214/214/214 312/312/312 311/311/311
f 215/215/215 216/216/216 313/313/313
f 215/215/215 313/313/313 312/312/312
f 216/216/216 217/217/217 314/314/314
f 216/216/216 314/314/314 313/313/313
f 217/217/217 218/218/218 315/315/315
f 217/217/217 315/315/315 314/314/314
f 218/218/218 219/219/219 316/316/316
f 218/218/218 316/316/316 315/315/315
f 219/219/219 220/220/220 317/317/317
f 219/219/219 317/317/317 316/316/316
f 220/220/220 221/221/221 318/318/318
f 220/220/220 318/318/318 317/317/317
f 221/221/221 222/222/222 319/319/319
f 221/221/221 319/319/319 318/318/318
f 222/222/222 223/223/223 320/320/320
f 222/222/222 320/320/320 319/319/319
f 223/223/223 224/224/224 321/321/321
f 223/223/223 321/321/321 320/320/320
f 224/224/224 225/225/225 322/322/322
f 224/224/224 322/322/322 321/321/321
f 225/225/225 226/226/226 323/323/323
f 225/225/225 323/323/323 322/322/322
f 226/226/226 227/227/227 324/324/324
f 226/226/226 324/324/324 323/323/323
f 227/227/227 228/228/228 325/325/325
f 227/227/227 325/325/325 324/324/324
f 228/228/228 229/229/229 326/326/326
f 228/228/228 326/326/326 325/325/325
f 229/229/229 230/230/230 327/327/327
f 229/229/229 327/327/327 326/326/326
f 230/230/230 231/231/231 328/328/328
f 230/230/230 328/328/328 327/327/327
f 231/231/231 232/232/232 329/329/329
f 231/231/231 329/329/329 328/328/328
f 232/232/232 233/233/233 330/330/330
f 232/232/232 330/330/330 329/329/329
f 233/233/233 234/234/234 331/331/331
f 233/233/233 331/331/331 330/330/330
f 234/234/234 235/235/235 332/332/332
f 234/234/234 332/332/332 331/331/331
f 235/235/235 236/236/236 333/333/333
f 235/235/235 333/333/333 332/332/332
f 236/236/236 237/237/237 334/334/334
f 236/236/236 334/334/334 333/333/333
f 237/237/237 238/238/238 335/335/335
f 237/237/237 335/335/335 334/334/334
f 238/238/238 239/239/239 336/336/336
f 238/238/238 336/336/336 335/335/335
f 239/239/239 240/240/240 337/337/337
f 239/239/239 337/337/337 336/336/336
f 240/240/240 241/241/241 338/338/338
f 240/240/240 338/338/338 337/337/337
f 241/241/241 242/242/242 339/339/339
f 241/241/241 339/339/339 338/338/338
f 242/242/242 243/243/243 340/340/340
f 242/242/242 340/340/340 339/339/339
f 243/243/243 244/244/244 341/341/341
f 243/243/243 341/341/341 340/340/340
f 244/244/244 245/245/245 342/342/342
f 244/244/244 342/342/342 341/341/341
f 245/245/245 246/246/246 343/343/343
f 245/245/245 343/343/343 342/342/342
f 246/246/246 247/247/247 344/344/344
f 246/246/246 344/344/344 343/343/343
f 247/247/247 248/248/248 345/345/345
f 247/247/247 345/345/345 344/344/344
f 248/248/248 249/249/249 346/346/346
f 248/248/248 346/346/346 345/345/345
f 249/249/249 250/250/250 347/347/347
f 249/249/249 347/347/347 346/346/346
f 250/250/250 251/251/251 348/348/348
f 250/250/250 348/348/348 347/347/347
f 251/251/251 252/252/252 349/349/349
f 251/251/251 349/349/349 348/348/348
f 252/252/252 253/253/253 350/350/350
f 252/252/252 350/350/350 349/349/349
f 253/253/253 254/254/254 351/351/351
f 253/253/253 351/351/351 350/350/350
f 254/254/254 255/255/255 352/352/352
f 254/254/254 352/352/352 351/351/351
f 255/255/255 256/256/256 353/353/353
f 255/255/255 353/353/353 352/352/352
f 256/256/256 257/257/257 354/354/354
f 256/256/256 354/354/354 353/353/353
f 257/257/257 258/258/258 355/355/355
f 257/257/257 355/355/355 354/354/354
f 258/258/258 259/259/259 356/356/356
f 258/258/258 356/356/356 355/355/355
f 259/259/259 260/260/260 357/357/357
f 259/259/259 357/357/357 356/356/356
f 260/260/260 261/261/261 358/358/358
f 260/260/260 358/358/358 357/357/357
f 261/261/261 262/262/262 359/359/359
f 261/261/261 359/359/359 358/358/358
f 262/262/262 263/263/263 360/360/360
f 262/262/262 360/360/360 359/359/359
f 263/263/263 264/264/264 361/361/361
f 263/263/263 361/361/361 360/360/360
f 264/264/264 265/265/265 362/362/362
f 264/264/264 362/362/362 361/361/361
f 265/265/265 266/266/266 363/363/363
f 265/265/265 363/363/363 362/362/362
f 266/266/266 267/267/267 364/364/364
f 266/266/266 364/364/364 363/363/363
f 267/267/267 268/268/268 365/365/365
f 267/267/267 365/365/365 364/364/364
f 268/268/268 269/269/269 366/366/366
f 268/268/268 366/366/366 365/365/365
f 269/269/269 270/270/270 367/367/367
f 269/269/269 367/367/367 366/366/366
f 270/270/270 271/271/271 368/368/368
f 270/270/270 368/368/368 367/367/367
f 271/271/271 272/272/272 369/369/369
f 271/271/271 369/369/369 368/368/368
f 272/272/272 273/273/273 370/370/370
f 272/272/272 370/370/370 369/369/369
f 273/273/273 274/274/274 371/371/371
f 273/273/273 371/371/371 370/370/370
f 274/274/274 275/275/275 372/372/372
f 274/274/274 372/372/372 371/371/371
f 275/275/275 276/276/276 373/373/373
f 275/275/275 373/373/373 372/372/372
f 276/276/276 277/277/277 374/374/374
f 276/276/276 374/374/374 373/373/373
f 277/277/277 278/278/278 375/375/375
f 277/277/277 375/375/375 374/374/374
f 278/278/278 279/279/279 376/376/376
f 278/278/278 376/376/376 375/375/375
f 279/279/279 280/280/280 377/377/377
f 279/279/279 377/377/377 376/376/376
f 280/280/280 281/281/281 378/378/378
f 280/280/280 378/378/378 377/377/377
f 281/281/281 282/282/282 379/379/379
f 281/281/281 379/379/379 378/378/378
f 282/282/282 283/283/283 380/380/380
f 282/282/282 380/380/380 379/379/379
f 283/283/283 284/284/284 381/381/381
f 283/283/283 381/381/381 380/380/380
f 284/284/284 285/285/285 382/382/382
f 284/284/284 382/382/382 381/381/381
f 285/285/285 286/286/286 383/383/383
f 285/285/285 383/383/383 382/382/382
f 286/286/286 287/287/287 384/384/384
f 286/286/286 384/384/384 383/383/383
f 287/287/287 288/288/288 385/385/385
f 287/287/287 385/385/385 384/384/384
f 288/288/288 289/289/289 386/386/386
f 288/288/288 386/386/386 385/385/385
f 289/289/289 290/290/290 387/387/387
f 289/289/289 387/387/387 386/386/386
f 290/290/290 291/291/291 388/388/388
f 290/290/290 388/388/388 387/387/387
f 292/292/292 293/293/293 390/390/390
f 292/292/292 390/390/390 389/389/389
f 293/293/293 294/294/294 391/391/391
f 293/293/293 391/391/391 390/390/390
f 294/294/294 295/295/295 392/392/392
f 294/294/294 392/392/392 391/391/391
f 295/295/295 296/296/296 393/393/393
f 295/295/295 393/393/393 392/392/392
f 296/296/296 297/297/297 394/394/394
f 296/296/296 394/394/394 393/393/393
f 297/297/297 298/298/298 395/395/395
f 297/297/297 395/395/395 394/394/394
f 298/298/298 299/299/299 396/396/396
f 298/298/298 396/396/396 395/395/395
f 299/299/299 300/300/300 397/397/397
f 299/299/299 397/397/397 396/396/396
f 300/300/300 301/301/301 398/398/398
f 300/300/300 398/398/398 397/397/397
f 301/301/301 302/302/302 399/399/399
f 301/301/301 399/399/399 398/398/398
f 302/302/302 303/303/303 400/400/400
f 302/302/302 400/400/400 399/399/399
f 303/303/303 304/304/304 401/401/401
f 303/303/303 401/401/401 400/400/400
f 304/304/304 305/305/305 402/402/402
f 304/304/304 402/402/402 401/401/401
f 305/305/305 306/306/306 403/403/403
f 305/305/305 403/403/403 402/402/402
f 306/306/306 307/307/307 404/404/404
f 306/306/306 404/404/404 403/403/403
f 307/307/307 308/308/308 405/405/405
f 307/307/307 405/405/405 404/404/404
f 308/308/308 309/309/309 406/406/406
f 308/308/308 406/406/406 405/405/405
f 309/309/309 310/310/310 407/407/407
f 309/309/309 407/407/407 406/406/406
f 310/310/310 311/311/311 408/408/408
f 310/310/310 408/408/408 407/407/407
f 311/311/311 312/312/312 409/409/409
f 311/311/311 409/409/409 408/408/408
f 312/312/312 313/313/313 410/410/410
f 312/312/312 410/410/410 409/409/409
f 313/313/313 314/314/314 411/411/411
f 313/313/313 411/411/411 410/410/410
f 314/314/314 315/315/315 412/412/412
f 314/314/314 412/412/412 411/411/411
f 315/315/315 316/316/316 413/413/413
f 315/315/315 413/413/413 412/412/412
f 316/316/316 317/317/317 414/414/414
f 316/316/316 414/414/414 413/413/413
f 317/317/317 318/318/318 415/415/415
f 317/317/317 415/415/415 414/414/414
f 318/318/318 319/319/319 416/416/416
f 318/318/318 416/416/416 415/415/415
f 319/319/319 320/320/320 417/417/417
f 319/319/319 417/417/417 416/416/416
f 320/320/320 321/321/321 418/418/418
f 320/320/320 418/418/418 417/417/417
f 321/321/321 322/322/322 419/419/419
f 321/321/321 419/419/419 418/418/418
f 322/322/322 323/323/323 420/420/420
f 322/322/322 420/420/420 419/419/419
f 323/323/323 324/324/324 421/421/421
f 323/323/323 421/421/421 420/420/420
f 324/324/324 325/325/325 422/422/422
f 324/324/324 422/422/422 421/421/421
f 325/325/325 326/326/326 423/423/423
f 325/325/325 423/423/423 422/422/422
f 326/326/326 327/327/327 424/424/424
f 326/326/326 424/424/424 423/423/423
f 327/327/327 328/328/328 425/425/425
f 327/327/327 425/425/425 424/424/424
f 328/328/328 329/329/329 426/426/426
f 328/328/328 426/426/426 425/425/425
f 329/329/329 330/330/330 427/427/427
f 329/329/329 427/427/427 426/426/426
f 330/330/330 331/331/331 428/428/428
f 330/330/330 428/428/428 427/427/427
f 331/331/331 332/332/332 429/429/429
f 331/331/331 429/429/429 428/428/428
f 332/332/332 333/333/333 430/430/430
f 332/332/332 430/430/430 429/429/429
f 333/333/333 334/334/334 431/431/431
f 333/333/333 431/431/431 430/430/430
f 334/334/334 335/335/335 432/432/432
f 334/334/334 432/432/432 431/431/431
f 335/335/335 336/336/336 433/433/433
f 335/335/335 433/433/433 432/432/432
f 336/336/336 337/337/337 434/434/434
f 336/336/336 434/434/434 433/433/433
f 337/337/337 338/338/338 435/435/435
f 337/337/337 435/435/435 434/434/434
f 338/338/338 339/339/339 436/436/436
f 338/338/338 436/436/436 435/435/435
f 339/339/339 340/340/340 437/437/437
f 339/339/339 437/437/437 436/436/436
f 340/340/340 341/341/341 438/438/438
f 340/340/340 438/438/438 437/437/437
f 341/341/341 342/342/342 439/439/439
f 341/341/341 439/439/439 438/438/438
f 342/342/342 343/343/343 440/440/440
f 342/342/342 440/440/440 439/439/439
f 343/343/343 344/344/344 441/441/441
f 343/343/343 441/441/441 440/440/440
f 344/344/344 345/345/345 442/442/442
f 344/344/344 442/442/442 441/441/441
f 345/345/345 346/346/346 443/443/443
f 345/345/345 443/443/443 442/442/442
f 346/346/346 347/347/347 444/444/444
f 346/346/346 444/444/444 443/443/443
f 347/347/347 348/348/348 445/445/445
f 347/347/347 445/445/445 444/444/444
f 348/348/348 349/349/349 446/446/446
f 348/348/348 446/446/446 445/445/445
f 349/349/349 350/350/350 447/447/447
f 349/349/349 447/447/447 446/446/446
f 350/350/350 351/351/351 448/448/448
f 350/350/350 448/448/448 447/447/447
f 351/351/351 352/352/352 449/449/449
f 351/351/351 449/449/449 448/448/448
f 352/352/352 353/353/353 450/450/450
f 352/352/352 450/450/450 449/449/449
f 353/353/353 354/354/354 451/451/451
f 353/353/353 451/451/451 450/450/450
f 354/354/354 355/355/355 452/452/452
f 354/354/354 452/452/452 451/451/451
f 355/355/355 356/356/356 453/453/453
f 355/355/355 453/453/453 452/452/452
f 356/356/356 357/357/357 454/454/454
f 356/356/356 454/454/454 453/453/453
f 357/357/357 358/358/358 455/455/455
f 357/357/357 455/455/455 454/454/454
f 358/358/358 359/359/359 456/456/456
f 358/358/358 456/456/456 455/455/455
f 359/359/359 360/360/360 457/457/457
f 359/359/359 457/457/457 456/456/456
f 360/360/360 361/361/361 458/458/458
f 360/360/360 458/458/458 457/457/457
f 361/361/361 362/362/362 459/459/459
f 361/361/361 459/459/459 458/458/458
f 362/362/362 363/363/363 460/460/460
f 362/362/362 460/460/460 459/459/459
f 363/363/363 364/364/364 461/461/461
f 363/363/363 461/461/461 460/460/460
f 364/364/364 365/365/365 462/462/462
f 364/364/364 462/462/462 461/461/461
f 365/365/365 366/366/366 463/463/463
f 365/365/365 463/463/463 462/462/462
f 366/366/366 367/367/367 464/464/464
f 366/366/366 464/464/464 463/463/463
f 367/367/367 368/368/368 465/465/465
f 367/367/367 465/465/465 464/464/464
f 368/368/368 369/369/369 466/466/466
f 368/368/368 466/466/466 465/465/465
f 369/369/369 370/370/370 467/467/467
f 369/369/369 467/467/467 466/466/466
f 370/370/370 371/371/371 468/468/468
f 370/370/370 468/468/468 467/467/467
f 371/371/371 372/372/372 469/469/469
f 371/371/371 469/469/469 468/468/468
f 372/372/372 373/373/373 470/470/470
f 372/372/372 470/470/470 469/469/469
f 373/373/373 374/374/374 471/471/471
f 373/373/373 471/471/471 470/470/470
f 374/374/374 375/375/375 472/472/472
f 374/374/374 472/472/472 471/471/471
f 375/375/375 376/376/376 473/473/473
f 375/375/375 473/473/473 472/472/472
f 376/376/376 377/377/377 474/474/474
f 376/376/376 474/474/474 473/473/473
f 377/377/377 378/378/378 475/475/475
f 377/377/377 475/475/475 474/474/474
f 378/378/378 379/379/379 476/476/476
f 378/378/378 476/476/476 475/475/475
f 379/379/379 380/380/380 477/477/477
f 379/379/379 477/477/477 476/476/476
f 380/380/380 381/381/381 478/478/478
f 380/380/380 478/478/478 477/477/477
f 381/381/381 382/382/382 479/479/479
f 381/381/381 479/479/479 478/478/478
f 382/382/382 383/383/383 480/480/480
f 382/382/382 480/480/480 479/479/479
f 383/383/383 384/384/384 481/481/481
f 383/383/383 481/481/481 480/480/480
f 384/384/384 385/385/385 482/482/482
f 384/384/384 482/482/482 481/481/481
f 385/385/385 386/386/386 483/483/483
f 385/385/385 483/483/483 482/482/482
f 386/386/386 387/387/387 484/484/484
f 386/386/386 484/484/484 483/483/483
f 387/387/387 388/388/388 485/485/485
f 387/387/387 485/485/485 484/484/484
f 389/389/389 390/390/390 487/487/487
f 389/389/389 487/487/487 486/486/486
f 390/390/390 391/391/391 488/488/488
f 390/390/390 488/488/488 487/487/487
f 391/391/391 392/392/392 489/489/489
f 391/391/391 489/489/489 488/488/488
f 392/392/392 393/393/393 490/490/490
f 392/392/392 490/490/490 489/489/489
f 393/393/393 394/394/394 491/491/491
f 393/393/393 491/491/491 490/490/490
f 394/394/394 395/395/395 492/492/492
f 394/394/394 492/492/492 491/491/491
f 395/395/395 396/396/396 493/493/493
f 395/395/395 493/493/493 492/492/492
f 396/396/396 397/397/397 494/494/494
f 396/396/396 494/494/494 493/493/493
f 397/397/397 398/398/398 495/495/495
f 397/397/397 495/495/495 494/494/494
f 398/398/398 399/399/399 496/496/496
f 398/398/398 496/496/496 495/495/495
f 399/399/399 400/400/400 497/497/497
f 399/399/399 497/497/497 496/496/496
f 400/400/400 401/401/401 498/498/498
f 400/400/400 498/498/498 497/497/497
f 401/401/401 402/402/402 499/499/499
f 401/401/401 499/499/499 498/498/498
f 402/402/402 403/403/403 500/500/500
f 402/402/402 500/500/500 499/499/499
f 403/403/403 404/404/404 501/501/501
f 403/403/403 501/501/501 500/500/500
f 404/404/404 405/405/405 502/502/502
f 404/404/404 502/502/502 501/501/501
f 405/405/405 406/406/406 503/503/503
f 405/405/405 503/503/503 502/502/502
f 406/406/406 407/407/407 504/504/504
f 406/406/406 504/504/504 503/503/503
f 407/407/407 408/408/408 505/505/505
f 407/407/407 505/505/505 504/504/504
f 408/408/408 409/409/409 506/506/506
f 408/408/408 506/506/506 505/505/505
f 409/409/409 410/410/410 507/507/507
f 409/409/409 507/507/507 506/506/506
f 410/410/410 411/411/411 508/508/508
f 410/410/410 508/508/508 507/507/507
f 411/411/411 412/412/412 509/509/509
f 411/411/411 509/509/509 508/508/508
f 412/412/412 413/413/413 510/510/510
f 412/412/412 510/510/510 509/509/509
f 413/413/413 414/414/414 511/511/511
f 413/413/413 511/511/511 510/510/510
f 414/414/414 415/415/415 512/512/512
f 414/414/414 512/512/512 511/511/511
f 415/415/415 416/416/416 513/513/513
f 415/415/415 513/513/513 512/512/512
f 416/416/416 417/417/417 514/514/514
f 416/416/416 514/514/514 513/513/513
f 417/417/417 418/418/418 515/515/515
f 417/417/417 515/515/515 514/514/514
f 418/418/418 419/419/419 516/516/516
f 418/418/418 516/516/516 515/515/515
f 419/419/419 420/420/420 517/517/517
f 419/419/419 517/517/517 516/516/516
f 420/420/420 421/421/421 518/518/518
f 420/420/420 518/518/518 517/517/517
f 421/421/421 422/422/422 519/519/519
f 421/421/421 519/519/519 518/518/518
f 422/422/422 423/423/423 520/520/520
f 422/422/422 520/520/520 519/519/519
f 423/423/423 424/424/424 521/521/521
f 423/423/423 521/521/521 520/520/520
f 424/424/424 425/425/425 522/522/522
f 424/424/424 522/522/522 521/521/521
f 425/425/425 426/426/426 523/523/523
f 425/425/425 523/523/523 522/522/522
f 426/426/426 427/427/427 524/524/524
f 426/426/426 524/524/524 523/523/523
f 427/427/427 428/428/428 525/525/525
f 427/427/427 525/525/525 524/524/524
f 428/428/428 429/429/429 526/526/526
f 428/428/428 526/526/526 525/525/525
f 429/429/429 430/430/430 527/527/527
f 429/429/429 527/527/527 526/526/526
f 430/430/430 431/431/431 528/528/528
f 430/430/430 528/528/528 527/527/527
f 431/431/431 432/432/432 529/529/529
f 431/431/431 529/529/529 528/528/528
f 432/432/432 433/433/433 530/530/530
f 432/432/432 530/530/530 529/529/529
f 433/433/433 434/434/434 531/531/531
f 433/433/433 531/531/531 530/530/530
f 434/434/434 435/435/435 532/532/532
f 434/434/434 532/532/532 531/531/531
f 435/435/435 436/436/436 533/533/533
f 435/435/435 533/533/533 532/532/532
f 436/436/436 437/437/437 534/534/534
f 436/436/436 534/534/534 533/533/533
f 437/437/437 438/438/438 535/535/535
f 437/437/437 535/535/535 534/534/534
f 438/438/438 439/439/439 536/536/536
f 438/438/438 536/536/536 535/535/535
f 439/439/439 440/440/440 537/537/537
f 439/439/439 537/537/537 536/536/536
f 440/440/440 441/441/441 538/538/538
f 440/440/440 538/538/538 537/537/537
f 441/441/441 442/442/442 539/539/539
f 441/441/441 539/539/539 538/538/538
f 442/442/442 443/443/443 540/540/540
f 442/442/442 540/540/540 539/539/539
f 443/443/443 444/444/444 541/541/541
f 443/443/443 541/541/541 540/540/540
f 444/444/444 445/445/445 542/542/542
f 444/444/444 542/542/542 541/541/541
f 445/445/445 446/446/446 543/543/543
f 445/445/445 543/543/543 542/542/542
f 446/446/446 447/447/447 544/544/544
f 446/446/446 544/544/544 543/543/543
f 447/447/447 448/448/448 545/545/545
f 447/447/447 545/545/545 544/544/544
f 448/448/448 449/449/449 546/546/546
f 448/448/448 546/546/546 545/545/545
f 449/449/449 450/450/450 547/547/547
f 449/449/449 547/547/547 546/546/546
f 450/450/450 451/451/451 548/548/548
f 450/450/450 548/548/548 547/547/547
f 451/451/451 452/452/452 549/549/549
f 451/451/451 549/549/549 548/548/548
f 452/452/452 453/453/453 550/550/550
f 452/452/452 550/550/550 549/549/549
f 453/453/453 454/454/454 551/551/551
f 453/453/453 551/551/551 550/550/550
f 454/454/454 455/455/455 552/552/552
f 454/454/454 552/552/552 551/551/551
f 455/455/455 456/456/456 553/553/553
f 455/455/455 553/553/553 552/552/552
f 456/456/456 457/457/457 554/554/554
f 456/456/456 554/554/554 553/553/553
f 457/457/457 458/458/458 555/555/555
f 457/457/457 555/555/555 554/554/554
f 458/458/458 459/459/459 556/556/556
f 458/458/458 556/556/556 555/555/555
f 459/459/459 460/460/460 557/557/557
f 459/459/459 557/557/557 556/556/556
f 460/460/460 461/461/461 558/558/558
f 460/460/460 558/558/558 557/557/557
f 461/461/461 462/462/462 559/559/559
f 461/461/461 559/559/559 558/558/558
f 462/462/462 463/463/463 560/560/560
f 462/462/462 560/560/560 559/559/559
f 463/463/463 464/464/464 561/561/561
f 463/463/463 561/561/561 560/560/560
f 464/464/464 465/465/465 562/562/562
f 464/464/464 562/562/562 561/561/561
f 465/465/465 466/466/466 563/563/563
f 465/465/465 563/563/563 562/562/562
f 466/466/466 467/467/467 564/564/564
f 466/466/466 564/564/564 563/563/563
f 467/467/467 468/468/468 565/565/565
f 467/467/467 565/565/565 564/564/564
f 468/468/468 469/469/469 566/566/566
f 468/468/468 566/566/566 565/565/565
f 469/469/469 470/470/470 567/567/567
f 469/469/469 567/567/567 566/566/566
f 470/470/470 471/471/471 568/568/568
f 470/470/470 568/568/568 567/567/567
f 471/471/471 472/472/472 569/569/569
f 471/471/471 569/569/569 568/568/568
f 472/472/472 473/473/473 570/570/570
f 472/472/472 570/570/570 569/569/569
f 473/473/473 474/474/474 571/571/571
f 473/473/473 571/571/571 570/570/570
f 474/474/474 475/475/475 572/572/572
f 474/474/474 572/572/572 571/571/571
f 475/475/475 476/476/476 573/573/573
f 475/475/475 573/573/573 572/572/572
f 476/476/476 477/477/477 574/574/574
f 476/476/476 574/574/574 573/573/573
f 477/477/477 478/478/478 575/575/575
f 477/477/477 575/575/575 574/574/574
f 478/478/478 479/479/479 576/576/576
f 478/478/478 576/576/576 575/575/575
f 479/479/479 480/480/480 577/577/577
f 479/479/479 577/577/577 576/576/576
f 480/480/480 481/481/481 578/578/578
f 480/480/480 578/578/578 577/577/577
f 481/481/481 482/482/482 579/579/579
f 481/481/481 579/579/579 578/578/578
f 482/482/482 483/483/483 580/580/580
f 482/482/482 580/580/580 579/579/579
f 483/483/483 484/484/484 581/581/581
f 483/483/483 581/581/581 580/580/580
f 484/484/484 485/485/485 582/582/582
f 484/484/484 582/582/582 581/581/581
f 486/486/486 487/487/487 584/584/584
f 486/486/486 584/584/584 583/583/583
f 487/487/487 488/488/488 585/585/585
f 487/487/487 585/585/585 584/584/584
f 488/488/488 489/489/489 586/586/586
f 488/488/488 586/586/586 585/585/585
f 489/489/489 490/490/490 587/587/587
f 489/489/489 587/587/587 586/586/586
f 490/490/490 491/491/491 588/588/588
f 490/490/490 588/588/588 587/587/587
f 491/491/491 492/492/492 589/589/589
f 491/491/491 589/589/589 588/588/588
f 492/492/492 493/493/493 590/590/590
f 492/492/492 590/590/590 589/589/589
f 493/493/493 494/494/494 591/591/591
f 493/493/493 591/591/591 590/590/590
f 494/494/494 495/495/495 592/592/592
f 494/494/494 592/592/592 591/591/591
f 495/495/495 496/496/496 593/593/593
f 495/495/495 593/593/593 592/592/592
f 496/496/496 497/497/497 594/594/594
f 496/496/496 594/594/594 593/593/593
f 497/497/497 498/498/498 595/595/595
f 497/497/497 595/595/595 594/594/594
f 498/498/498 499/499/499 596/596/596
f 498/498/498 596/596/596 595/595/595
f 499/499/499 500/500/500 597/597/597
f 499/499/499 597/597/597 596/596/596
f 500/500/500 501/501/501 598/598/598
f 500/500/500 598/598/598 597/597/597
f 501/501/501 502/502/502 599/599/599
f 501/501/501 599/599/599 598/598/598
f 502/502/502 503/503/503 600/600/600
f 502/502/502 600/600/600 599/599/599
f 503/503/503 504/504/504 601/601/601
f 503/503/503 601/601/601 600/600/600
f 504/504/504 505/505/505 602/602/602
f 504/504/504 602/602/602 601/601/601
f 505/505/505 506/506/506 603/603/603
f 505/505/505 603/603/603 602/602/602
f 506/506/506 507/507/507 604/604/604
f 506/506/506 604/604/604 603/603/603
f 507/507/507 508/508/508 605/605/605
f 507/507/507 605/605/605 604/604/604
f 508/508/508 509/509/509 606/606/606
f 508/508/508 606/606/606 605/605/605
f 509/509/509 510/510/510 607/607/607
f 509/509/509 607/607/607 606/606/606
f 510/510/510 511/511/511 608/608/608
f 510/510/510 608/608/608 607/607/607
f 511/511/511 512/512/512 609/609/609
f 511/511/511 609/609/609 608/608/608
f 512/512/512 513/513/513 610/610/610
f 512/512/512 610/610/610 609/609/609
f 513/513/513 514/514/514 611/611/611
f 513/513/513 611/611/611 610/610/610
f 514/514/514 515/515/515 612/612/612
f 514/514/514 612/612/612 611/611/611
f 515/515/515 516/516/516 613/613/613
f 515/515/515 613/613/613 612/612/612
f 516/516/516 517/517/517 614/614/614
f 516/516/516 614/614/614 613/613/613
f 517/517/517 518/518/518 615/615/615
f 517/517/517 615/615/615 614/614/614
f 518/518/518 519/519/519 616/616/616
f 518/518/518 616/616/616 615/615/615
f 519/519/519 520/520/520 617/617/617
f 519/519/519 617/617/617 616/616/616
f 520/520/520 521/521/521 618/618/618
f 520/520/520 618/618/618 617/617/617
f 521/521/521 522/522/522 619/619/619
f 521/521/521 619/619/619 618/618/618
f 522/522/522 523/523/523 620/620/620
f 522/522/522 620/620/620 619/619/619
f 523/523/523 524/524/524 621/621/621
f 523/523/523 621/621/621 620/620/620
f 524/524/524 525/525/525 622/622/622
f 524/524/524 622/622/622 621/621/621
f 525/525/525 526/526/526 623/623/623
f 525/525/525 623/623/623 622/622/622
f 526/526/526 527/527/527 624/624/624
f 526/526/526 624/624/624 623/623/623
f 527/527/527 528/528/528 625/625/625
f 527/527/527 625/625/625 624/624/624
f 528/528/528 529/529/529 626/626/626
f 528/528/528 626/626/626 625/625/625
f 529/529/529 530/530/530 627/627/627
f 529/529/529 627/627/627 626/626/626
f 530/530/530 531/531/531 628/628/628
f 530/530/530 628/628/628 627/627/627
f 531/531/531 532/532/532 629/629/629
f 531/531/531 629/629/629 628/628/628
f 532/532/532 533/533/533 630/630/630
f 532/532/532 630/630/630 629/629/629
f 533/533/533 534/534/534 631/631/631
f 533/533/533 631/631/631 630/630/630
f 534/534/534 535/535/535 632/632/632
f 534/534/534 632/632/632 631/631/631
f 535/535/535 536/536/536 633/633/633
f 535/535/535 633/633/633 632/632/632
f 536/536/536 537/537/537 634/634/634
f 536/536/536 634/634/634 633/633/633
f 537/537/537 538/538/538 635/635/635
f 537/537/537 635/635/635 634/634/634
f 538/538/538 539/539/539 636/636/636
f 538/538/538 636/636/636 635/635/635
f 539/539/539 540/540/540 637/637/637
f 539/539/539 637/637/637 636/636/636
f 540/540/540 541/541/541 638/638/638
f 540/540/540 638/638/638 637/637/637
f 541/541/541 542/542/542 639/639/639
f 541/541/541 639/639/639 638/638/638
f 542/542/542 543/543/543 640/640/640
f 542/542/542 640/640/640 639/639/639
f 543/543/543 544/544/544 641/641/641
f 543/543/543 641/641/641 640/640/640
f 544/544/544 545/545/545 642/642/642
f 544/544/544 642/642/642 641/641/641
f 545/545/545 546/546/546 643/643/643
f 545/545/545 643/643/643 642/642/642
f 546/546/546 547/547/547 644/644/644
f 546/546/546 644/644/644 643/643/643
f 547/547/547 548/548/548 645/645/645
f 547/547/547 645/645/645 644/644/644
f 548/548/548 549/549/549 646/646/646
f 548/548/548 646/646/646 645/645/645
f 549/549/549 550/550/550 647/647/647
f 549/549/549 647/647/647 646/646/646
f 550/550/550 551/551/551 648/648/648
f 550/550/550 648/648/648 647/647/647
f 551/551/551 552/552/552 649/649/649
f 551/551/551 649/649/649 648/648/648
f 552/552/552 553/553/553 650/650/650
f 552/552/552 650/650/650 649/649/649
f 553/553/553 554/554/554 651/651/651
f 553/553/553 651/651/651 650/650/650
f 554/554/554 555/555/555 652/652/652
f 554/554/554 652/652/652 651/651/651
f 555/555/555 556/556/556 653/653/653
f 555/555/555 653/653/653 652/652/652
f 556/556/556 557/557/557 654/654/654
f 556/556/556 654/654/654 653/653/653
f 557/557/557 558/558/558 655/655/655
f 557/557/557 655/655/655 654/654/654
f 558/558/558 559/559/559 656/656/656
f 558/558/558 656/656/656 655/655/655
f 559/559/559 560/560/560 657/657/657
f 559/559/559 657/657/657 656/656/656
f 560/560/560 561/561/561 658/658/658
f 560/560/560 658/658/658 657/657/657
f 561/561/561 562/562/562 659/659/659
f 561/561/561 659/659/659 658/658/658
f 562/562/562 563/563/563 660/660/660
f 562/562/562 660/660/660 659/659/659
f 563/563/563 564/564/564 661/661/661
f 563/563/563 661/661/661 660/660/660
f 564/564/564 565/565/565 662/662/662
f 564/564/564 662/662/662 661/661/661
f 565/565/565 566/566/566 663/663/663
f 565/565/565 663/663/663 662/662/662
f 566/566/566 567/567/567 664/664/664
f 566/566/566 664/664/664 663/663/663
f 567/567/567 568/568/568 665/665/665
f 567/567/567 665/665/665 664/664/664
f 568/568/568 569/569/569 666/666/666
f 568/568/568 666/666/666 665/665/665
f 569/569/569 570/570/570 667/667/667
f 569/569/569 667/667/667 666/666/666
f 570/570/570 571/571/571 668/668/668
f 570/570/570 668/668/668 667/667/667
f 571/571/571 572/572/572 669/669/669
f 571/571/571 669/669/669 668/668/668
f 572/572/572 573/573/573 670/670/670
f 572/572/572 670/670/670 669/669/669
f 573/573/573 574/574/574 671/671/671
f 573/573/573 671/671/671 670/670/670
f 574/574/574 575/575/575 672/672/672
f 574/574/574 672/672/672 671/671/671
f 575/575/575 576/576/576 673/673/673
f 575/575/575 673/673/673 672/672/672
f 576/576/576 577/577/577 674/674/674
f 576/576/576 674/674/674 673/673/673
f 577/577/577 578/578/578 675/675/675
f 577/577/577 675/675/675 674/674/674
f 578/578/578 579/579/579 676/676/676
f 578/578/578 676/676/676 675/675/675
f 579/579/579 580/580/580 677/677/677
f 579/579/579 677/677/677 676/676/676
f 580/580/580 581/581/581 678/678/678
f 580/580/580 678/678/678 677/677/677
f 581/581/581 582/582/582 679/679/679
f 581/581/581 679/679/679 678/678/678
f 583/583/583 584/584/584 681/681/681
f 583/583/583 681/681/681 680/680/680
f 584/584/584 585/585/585 682/682/682
f 584/584/584 682/682/682 681/681/681
f 585/585/585 586/586/586 683/683/683
f 585/585/585 683/683/683 682/682/682
f 586/586/586 587/587/587 684/684/684
f 586/586/586 684/684/684 683/683/683
f 587/587/587 588/588/588 685/685/685
f 587/587/587 685/685/685 684/684/684
f 588/588/588 589/589/589 686/686/686
f 588/588/588 686/686/686 685/685/685
f 589/589/589 590/590/590 687/687/687
f 589/589/589 687/687/687 686/686/686
f 590/590/590 591/591/591 688/688/688
f 590/590/590 688/688/688 687/687/687
f 591/591/591 592/592/592 689/689/689
f 591/591/591 689/689/689 688/688/688
f 592/592/592 593/593/593 690/690/690
f 592/592/592 690/690/690 689/689/689
f 593/593/593 594/594/594 691/691/691
f 593/593/593 691/691/691 690/690/690
f 594/594/594 595/595/595 692/692/692
f 594/594/594 692/692/692 691/691/691
f 595/595/595 596/596/596 693/693/693
f 595/595/595 693/693/693 692/692/692
f 596/596/596 597/597/597 694/694/694
f 596/596/596 694/694/694 693/693/693
f 597/597/597 598/598/598 695/695/695
f 597/597/597 695/695/695 694/694/694
f 598/598/598 599/599/599 696/696/696
f 598/598/598 696/696/696 695/695/695
f 599/599/599 600/600/600 697/697/697
f 599/599/599 697/697/697 696/696/696
f 600/600/600 601/601/601 698/698/698
f 600/600/600 698/698/698 697/697/697
f 601/601/601 602/602/602 699/699/699
f 601/601/601 699/699/699 698/698/698
f 602/602/602 603/603/603 700/700/700
f 602/602/602 700/700/700 699/699/699
f 603/603/603 604/604/604 701/701/701
f 603/603/603 701/701/701 700/700/700
f 604/604/604 605/605/605 702/702/702
f 604/604/604 702/702/702 701/701/701
f 605/605/605 606/606/606 703/703/703
f 605/605/605 703/703/703 702/702/702
f 606/606/606 607/607/607 704/704/704
f 606/606/606 704/704/704 703/703/703
f 607/607/607 608/608/608 705/705/705
f 607/607/607 705/705/705 704/704/704
f 608/608/608 609/609/609 706/706/706
f 608/608/608 706/706/706 705/705/705
f 609/609/609 610/610/610 707/707/707
f 609/609/609 707/707/707 706/706/706
f 610/610/610 611/611/611 708/708/708
f 610/610/610 708/708/708 707/707/707
f 611/611/611 612/612/612 709/709/709
f 611/611/611 709/709/709 708/708/708
f 612/612/612 613/613/613 710/710/710
f 612/612/612 710/710/710 709/709/709
f 613/613/613 614/614/614 711/711/711
f 613/613/613 711/711/711 710/710/710
f 614/614/614 615/615/615 712/712/712
f 614/614/614 712/712/712 711/711/711
f 615/615/615 616/616/616 713/713/713
f 615/615/615 713/713/713 712/712/712
f 616/616/616 617/617/617 714/714/714
f 616/616/616 714/714/714 713/713/713
f 617/617/617 618/618/618 715/715/715
f 617/617/617 715/715/715 714/714/714
f 618/618/618 619/619/619 716/716/716
f 618/618/618 716/716/716 715/715/715
f 619/619/619 620/620/620 717/717/717
f 619/619/619 717/717/717 716/716/716
f 620/620/620 621/621/621 718/718/718
f 620/620/620 718/718/718 717/717/717
f 621/621/621 622/622/622 719/719/719
f 621/621/621 719/719/719 718/718/718
f 622/622/622 623/623/623 720/720/720
f 622/622/622 720/720/720 719/719/719
f 623/623/623 624/624/624 721/721/721
f 623/623/623 721/721/721 720/720/720
f 624/624/624 625/625/625 722/722/722
f 624/624/624 722/722/722 721/721/721
f 625/625/625 626/626/626 723/723/723
f 625/625/625 723/723/723 722/722/722
f 626/626/626 627/627/627 724/724/724
f 626/626/626 724/724/724 723/723/723
f 627/627/627 628/628/628 725/725/725
f 627/627/627 725/725/725 724/724/724
f 628/628/628 629/629/629 726/726/726
f 628/628/628 726/726/726 725/725/725
f 629/629/629 630/630/630 727/727/727
f 629/629/629 727/727/727 726/726/726
f 630/630/630 631/631/631 728/728/728
f 630/630/630 728/728/728 727/727/727
f 631/631/631 632/632/632 729/729/729
f 631/631/631 729/729/729 728/728/728
f 632/632/632 633/633/633 730/730/730
f 632/632/632 730/730/730 729/729/729
f 633/633/633 634/634/634 731/731/731
f 633/633/633 731/731/731 730/730/730
f 634/634/634 635/635/635 732/732/732
f 634/634/634 732/732/732 731/731/731
f 635/635/635 636/636/636 733/733/733
f 635/635/635 733/733/733 732/732/732
f 636/636/636 637/637/637 734/734/734
f 636/636/636 734/734/734 733/733/733
f 637/637/637 638/638/638 735/735/735
f 637/637/637 735/735/735 734/734/734
f 638/638/638 639/639/639 736/736/736
f 638/638/638 736/736/736 735/735/735
f 639/639/639 640/640/640 737/737/737
f 639/639/639 737/737/737 736/736/736
f 640/640/640 641/641/641 738/738/738
f 640/640/640 738/738/738 737/737/737
f 641/641/641 642/642/642 739/739/739
f 641/641/641 739/739/739 738/738/738
f 642/642/642 643/643/643 740/740/740
f 642/642/642 740/740/740 739/739/739
f 643/643/643 644/644/644 741/741/741
f 643/643/643 741/741/741 740/740/740
f 644/644/644 645/645/645 742/742/742
f 644/644/644 742/742/742 741/741/741
f 645/645/645 646/646/646 743/743/743
f 645/645/645 743/743/743 742/742/742
f 646/646/646 647/647/647 744/744/744
f 646/646/646 744/744/744 743/743/743
f 647/647/647 648/648/648 745/745/745
f 647/647/647 745/745/745 744/744/744
f 648/648/648 649/649/649 746/746/746
f 648/648/648 746/746/746 745/745/745
f 649/649/649 650/650/650 747/747/747
f 649/649/649 747/747/747 746/746/746
f 650/650/650 651/651/651 748/748/748
f 650/650/650 748/748/748 747/747/747
f 651/651/651 652/652/652 749/749/749
f 651/651/651 749/749/749 748/748/748
f 652/652/652 653/653/653 750/750/750
f 652/652/652 750/750/750 749/749/749
f 653/653/653 654/654/654 751/751/751
f 653/653/653 751/751/751 750/750/750
f 654/654/654 655/655/655 752/752/752
f 654/654/654 752/752/752 751/751/751
f 655/655/655 656/656/656 753/753/753
f 655/655/655 753/753/753 752/752/752
f 656/656/656 657/657/657 754/754/754
f 656/656/656 754/754/754 753/753/753
f 657/657/657 658/658/658 755/755/755
f 657/657/657 755/755/755 754/754/754
f 658/658/658 659/659/659 756/756/756
f 658/658/658 756/756/756 755/755/755
f 659/659/659 660/660/660 757/757/757
f 659/659/659 757/757/757 756/756/756
f 660/660/660 661/661/661 758/758/758
f 660/660/660 758/758/758 757/757/757
f 661/661/661 662/662/662 759/759/759
f 661/661/661 759/759/759 758/758/758
f 662/662/662 663/663/663 760/760/760
f 662/662/662 760/760/760 759/759/759
f 663/663/663 664/664/664 761/761/761
f 663/663/663 761/761/761 760/760/760
f 664/664/664 665/665/665 762/762/762
f 664/664/664 762/762/762 761/761/761
f 665/665/665 666/666/666 763/763/763
f 665/665/665 763/763/763 762/762/762
f 666/666/666 667/667/667 764/764/764
f 666/666/666 764/764/764 763/763/763
f 667/667/667 668/668/668 765/765/765
f 667/667/667 765/765/765 764/764/764
f 668/668/668 669/669/669 766/766/766
f 668/668/668 766/766/766 765/765/765
f 669/669/669 670/670/670 767/767/767
f 669/669/669 767/767/767 766/766/766
f 670/670/670 671/671/671 768/768/768
f 670/670/670 768/768/768 767/767/767
f 671/671/671 672/672/672 769/769/769
f 671/671/671 769/769/769 768/768/768
f 672/672/672 673/673/673 770/770/770
f 672/672/672 770/770/770 769/769/769
f 673/673/673 674/674/674 771/771/771
f 673/673/673 771/771/771 770/770/770
f 674/674/674 675/675/675 772/772/772
f 674/674/674 772/772/772 771/771/771
f 675/675/675 676/676/676 773/773/773
f 675/675/675 773/773/773 772/772/772
f 676/676/676 677/677/677 774/774/774
f 676/676/676 774/774/774 773/773/773
f 677/677/677 678/678/678 775/775/775
f 677/677/677 775/775/775 774/774/774
f 678/678/678 679/679/679 776/776/776
f 678/678/678 776/776/776 775/775/775
f 680/680/680 681/681/681 778/778/778
f 680/680/680 778/778/778 777/777/777
f 681/681/681 682/682/682 779/779/779
f 681/681/681 779/779/779 778/778/778
f 682/682/682 683/683/683 780/780/780
f 682/682/682 780/780/780 779/779/779
f 683/683/683 684/684/684 781/781/781
f 683/683/683 781/781/781 780/780/780
f 684/684/684 685/685/685 782/782/782
f 684/684/684 782/782/782 781/781/781
f 685/685/685 686/686/686 783/783/783
f 685/685/685 783/783/783 782/782/782
f 686/686/686 687/687/687 784/784/784
f 686/686/686 784/784/784 783/783/783
f 687/687/687 688/688/688 785/785/785
f 687/687/687 785/785/785 784/784/784
f 688/688/688 689/689/689 786/786/786
f 688/688/688 786/786/786 785/785/785
f 689/689/689 690/690/690 787/787/787
f 689/689/689 787/787/787 786/786/786
f 690/690/690 691/691/691 788/788/788
f 690/690/690 788/788/788 787/787/787
f 691/691/691 692/692/692 789/789/789
f 691/691/691 789/789/789 788/788/788
f 692/692/692 693/693/693 790/790/790
f 692/692/692 790/790/790 789/789/789
f 693/693/693 694/694/694 791/791/791
f 693/693/693 791/791/791 790/790/790
f 694/694/694 695/695/695 792/792/792
f 694/694/694 792/792/792 791/791/791
f 695/695/695 696/696/696 793/793/793
f 695/695/695 793/793/793 792/792/792
f 696/696/696 697/697/697 794/794/794
f 696/696/696 794/794/794 793/793/793
f 697/697/697 698/698/698 795/795/795
f 697/697/697 795/795/795 794/794/794
f 698/698/698 699/699/699 796/796/796
f 698/698/698 796/796/796 795/795/795
f 699/699/699 700/700/700 797/797/797
f 699/699/699 797/797/797 796/796/796
f 700/700/700 701/701/701 798/798/798
f 700/700/700 798/798/798 797/797/797
f 701/701/701 702/702/702 799/799/799
f 701/701/701 799/799/799 798/798/798
f 702/702/702 703/703/703 800/800/800
f 702/702/702 800/800/800 799/799/799
f 703/703/703 704/704/704 801/801/801
f 703/703/703 801/801/801 800/800/800
f 704/704/704 705/705/705 802/802/802
f 704/704/704 802/802/802 801/801/801
f 705/705/705 706/706/706 803/803/803
f 705/705/705 803/803/803 802/802/802
f 706/706/706 707/707/707 804/804/804
f 706/706/706 804/804/804 803/803/803
f 707/707/707 708/708/708 805/805/805
f 707/707/707 805/805/805 804/804/804
f 708/708/708 709/709/709 806/806/806
f 708/708/708 806/806/806 805/805/805
f 709/709/709 710/710/710 807/807/807
f 709/709/709 807/807/807 806/806/806
f 710/710/710 711/711/711 808/808/808
f 710/710/710 808/808/808 807/807/807
f 711/711/711 712/712/712 809/809/809
f 711/711/711 809/809/809 808/808/808
f 712/712/712 713/713/713 810/810/810
f 712/712/712 810/810/810 809/809/809
f 713/713/713 714/714/714 811/811/811
f 713/713/713 811/811/811 810/810/810
f 714/714/714 715/715/715 812/812/812
f 714/714/714 812/812/812 811/811/811
f 715/715/715 716/716/716 813/813/813
f 715/715/715 813/813/813 812/812/812
f 716/716/716 717/717/717 814/814/814
f 716/716/716 814/814/814 813/813/813
f 717/717/717 718/718/718 815/815/815
f 717/717/717 815/815/815 814/814/814
f 718/718/718 719/719/719 816/816/816
f 718/718/718 816/816/816 815/815/815
f 719/719/719 720/720/720 817/817/817
f 719/719/719 817/817/817 816/816/816
f 720/720/720 721/721/721 818/818/818
f 720/720/720 818/818/818 817/817/817
f 721/721/721 722/722/722 819/819/819
f 721/721/721 819/819/819 818/818/818
f 722/722/722 723/723/723 820/820/820
f 722/722/722 820/820/820 819/819/819
f 723/723/723 724/724/724 821/821/821
f 723/723/723 821/821/821 820/820/820
f 724/724/724 725/725/725 822/822/822
f 724/724/724 822/822/822 821/821/821
f 725/725/725 726/726/726 823/823/823
f 725/725/725 823/823/823 822/822/822
f 726/726/726 727/727/727 824/824/824
f 726/726/726 824/824/824 823/823/823
f 727/727/727 728/728/728 825/825/825
f 727/727/727 825/825/825 824/824/824
f 728/728/728 729/729/729 826/826/826
f 728/728/728 826/826/826 825/825/825
f 729/729/729 730/730/730 827/827/827
f 729/729/729 827/827/827 826/826/826
f 730/730/730 731/731/731 828/828/828
f 730/730/730 828/828/828 827/827/827
f 731/731/731 732/732/732 829/829/829
f 731/731/731 829/829/829 828/828/828
f 732/732/732 733/733/733 830/830/830
f 732/732/732 830/830/830 829/829/829
f 733/733/733 734/734/734 831/831/831
f 733/733/733 831/831/831 830/830/830
f 734/734/734 735/735/735 832/832/832
f 734/734/734 832/832/832 831/831/831
f 735/735/735 736/736/736 833/833/833
f 735/735/735 833/833/833 832/832/832
f 736/736/736 737/737/737 834/834/834
f 736/736/736 834/834/834 833/833/833
f 737/737/737 738/738/738 835/835/835
f 737/737/737 835/835/835 834/834/834
f 738/738/738 739/739/739 836/836/836
f 738/738/738 836/836/836 835/835/835
f 739/739/739 740/740/740 837/837/837
f 739/739/739 837/837/837 836/836/836
f 740/740/740 741/741/741 838/838/838
f 740/740/740 838/838/838 837/837/837
f 741/741/741 742/742/742 839/839/839
f 741/741/741 839/839/839 838/838/838
f 742/742/742 743/743/743 840/840/840
f 742/742/742 840/840/840 839/839/839
f 743/743/743 744/744/744 841/841/841
f 743/743/743 841/841/841 840/840/840
f 744/744/744 745/745/745 842/842/842
f 744/744/744 842/842/842 841/841/841
f 745/745/745 746/746/746 843/843/843
f 745/745/745 843/843/843 842/842/842
f 746/746/746 747/747/747 844/844/844
f 746/746/746 844/844/844 843/843/843
f 747/747/747 748/748/748 845/845/845
f 747/747/747 845/845/845 844/844/844
f 748/748/748 749/749/749 846/846/846
f 748/748/748 846/846/846 845/845/845
f 749/749/749 750/750/750 847/847/847
f 749/749/749 847/847/847 846/846/846
f 750/750/750 751/751/751 848/848/848
f 750/750/750 848/848/848 847/847/847
f 751/751/751 752/752/752 849/849/849
f 751/751/751 849/849/849 848/848/848
f 752/752/752 753/753/753 850/850/850
f 752/752/752 850/850/850 849/849/849
f 753/753/753 754/754/754 851/851/851
f 753/753/753 851/851/851 850/850/850
f 754/754/754 755/755/755 852/852/852
f 754/754/754 852/852/852 851/851/851
f 755/755/755 756/756/756 853/853/853
f 755/755/755 853/853/853 852/852/852
f 756/756/756 757/757/757 854/854/854
f 756/756/756 854/854/854 853/853/853
f 757/757/757 758/758/758 855/855/855
f 757/757/757 855/855/855 854/854/854
f 758/758/758 759/759/759 856/856/856
f 758/758/758 856/856/856 855/855/855
f 759/759/759 760/760/760 857/857/857
f 759/759/759 857/857/857 856/856/856
f 760/760/760 761/761/761 858/858/858
f 760/760/760 858/858/858 857/857/857
f 761/761/761 762/762/762 859/859/859
f 761/761/761 859/859/859 858/858/858
f 762/762/762 763/763/763 860/860/860
f 762/762/762 860/860/860 859/859/859
f 763/763/763 764/764/764 861/861/861
f 763/763/763 861/861/861 860/860/860
f 764/764/764 765/765/765 862/862/862
f 764/764/764 862/862/862 861/861/861
f 765/765/765 766/766/766 863/863/863
f 765/765/765 863/863/863 862/862/862
f 766/766/766 767/767/767 864/864/864
f 766/766/766 864/864/864 863/863/863
f 767/767/767 768/768/768 865/865/865
f 767/767/767 865/865/865 864/864/864
f 768/768/768 769/769/769 866/866/866
f 768/768/768 866/866/866 865/865/865
f 769/769/769 770/770/770 867/867/867
f 769/769/769 867/867/867 866/866/866
f 770/770/770 771/771/771 868/868/868
f 770/770/770 868/868/868 867/867/867
f 771/771/771 772/772/772 869/869/869
f 771/771/771 869/869/869 868/868/868
f 772/772/772 773/773/773 870/870/870
f 772/772/772 870/870/870 869/869/869
f 773/773/773 774/774/774 871/871/871
f 773/773/773 871/871/871 870/870/870
f 774/774/774 775/775/775 872/872/872
f 774/774/774 872/872/872 871/871/871
f 775/775/775 776/776/776 873/873/873
f 775/775/775 873/873/873 872/872/872
f 777/777/777 778/778/778 875/875/875
f 777/777/777 875/875/875 874/874/874
f 778/778/778 779/779/779 876/876/876
f 778/778/778 876/876/876 875/875/875
f 779/779/779 780/780/780 877/877/877
f 779/779/779 877/877/877 876/876/876
f 780/780/780 781/781/781 878/878/878
f 780/780/780 878/878/878 877/877/877
f 781/781/781 782/782/782 879/879/879
f 781/781/781 879/879/879 878/878/878
f 782/782/782 783/783/783 880/880/880
f 782/782/782 880/880/880 879/879/879
f 783/783/783 784/784/784 881/881/881
f 783/783/783 881/881/881 880/880/880
f 784/784/784 785/785/785 882/882/882
f 784/784/784 882/882/882 881/881/881
f 785/785/785 786/786/786 883/883/883
f 785/785/785 883/883/883 882/882/882
f 786/786/786 787/787/787 884/884/884
f 786/786/786 884/884/884 883/883/883
f 787/787/787 788/788/788 885/885/885
f 787/787/787 885/885/885 884/884/884
f 788/788/788 789/789/789 886/886/886
f 788/788/788 886/886/886 885/885/885
f 789/789/789 790/790/790 887/887/887
f 789/789/789 887/887/887 886/886/886
f 790/790/790 791/791/791 888/888/888
f 790/790/790 888/888/888 887/887/887
f 791/791/791 792/792/792 889/889/889
f 791/791/791 889/889/889 888/888/888
f 792/792/792 793/793/793 890/890/890
f 792/792/792 890/890/890 889/889/889
f 793/793/793 794/794/794 891/891/891
f 793/793/793 891/891/891 890/890/890
f 794/794/794 795/795/795 892/892/892
f 794/794/794 892/892/892 891/891/891
f 795/795/795 796/796/796 893/893/893
f 795/795/795 893/893/893 892/892/892
f 796/796/796 797/797/797 894/894/894
f 796/796/796 894/894/894 893/893/893
f 797/797/797 798/798/798 895/895/895
f 797/797/797 895/895/895 894/894/894
f 798/798/798 799/799/799 896/896/896
f 798/798/798 896/896/896 895/895/895
f 799/799/799 800/800/800 897/897/897
f 799/799/799 897/897/897 896/896/896
f 800/800/800 801/801/801 898/898/898
f 800/800/800 898/898/898 897/897/897
f 801/801/801 802/802/802 899/899/899
f 801/801/801 899/899/899 898/898/898
f 802/802/802 803/803/803 900/900/900
f 802/802/802 900/900/900 899/899/899
f 803/803/803 804/804/804 901/901/901
f 803/803/803 901/901/901 900/900/900
f 804/804/804 805/805/805 902/902/902
f 804/804/804 902/902/902 901/901/901
f 805/805/805 806/806/806 903/903/903
f 805/805/805 903/903/903 902/902/902
f 806/806/806 807/807/807 904/904/904
f 806/806/806 904/904/904 903/903/903
f 807/807/807 808/808/808 905/905/905
f 807/807/807 905/905/905 904/904/904
f 808/808/808 809/809/809 906/906/906
f 808/808/808 906/906/906 905/905/905
f 809/809/809 810/810/810 907/907/907
f 809/809/809 907/907/907 906/906/906
f 810/810/810 811/811/811 908/908/908
f 810/810/810 908/908/908 907/907/907
f 811/811/811 812/812/812 909/909/909
f 811/811/811 909/909/909 908/908/908
f 812/812/812 813/813/813 910/910/910
f 812/812/812 910/910/910 909/909/909
f 813/813/813 814/814/814 911/911/911
f 813/813/813 911/911/911 910/910/910
f 814/814/814 815/815/815 912/912/912
f 814/814/814 912/912/912 911/911/911
f 815/815/815 816/816/816 913/913/913
f 815/815/815 913/913/913 912/912/912
f 816/816/816 817/817/817 914/914/914
f 816/816/816 914/914/914 913/913/913
f 817/817/817 818/818/818 915/915/915
f 817/817/817 915/915/915 914/914/914
f 818/818/818 819/819/819 916/916/916
f 818/818/818 916/916/916 915/915/915
f 819/819/819 820/820/820 917/917/917
f 819/819/819 917/917/917 916/916/916
f 820/820/820 821/821/821 918/918/918
f 820/820/820 918/918/918 917/917/917
f 821/821/821 822/822/822 919/919/919
f 821/821/821 919/919/919 918/918/918
f 822/822/822 823/823/823 920/920/920
f 822/822/822 920/920/920 919/919/919
f 823/823/823 824/824/824 921/921/921
f 823/823/823 921/921/921 920/920/920
f 824/824/824 825/825/825 922/922/922
f 824/824/824 922/922/922 921/921/921
f 825/825/825 826/826/826 923/923/923
f 825/825/825 923/923/923 922/922/922
f 826/826/826 827/827/827 924/924/924
f 826/826/826 924/924/924 923/923/923
f 827/827/827 828/828/828 925/925/925
f 827/827/827 925/925/925 924/924/924
f 828/828/828 829/829/829 926/926/926
f 828/828/828 926/926/926 925/925/925
f 829/829/829 830/830/830 927/927/927
f 829/829/829 927/927/927 926/926/926
f 830/830/830 831/831/831 928/928/928
f 830/830/830 928/928/928 927/927/927
f 831/831/831 832/832/832 929/929/929
f 831/831/831 929/929/929 928/928/928
f 832/832/832 833/833/833 930/930/930
f 832/832/832 930/930/930 929/929/929
f 833/833/833 834/834/834 931/931/931
f 833/833/833 931/931/931 930/930/930
f 834/834/834 835/835/835 932/932/932
f 834/834/834 932/932/932 931/931/931
f 835/835/835 836/836/836 933/933/933
f 835/835/835 933/933/933 932/932/932
f 836/836/836 837/837/837 934/934/934
f 836/836/836 934/934/934 933/933/933
f 837/837/837 838/838/838 935/935/935
f 837/837/837 935/935/935 934/934/934
f 838/838/838 839/839/839 936/936/936
f 838/838/838 936/936/936 935/935/935
f 839/839/839 840/840/840 937/937/937
f 839/839/839 937/937/937 936/936/936
f 840/840/840 841/841/841 938/938/938
f 840/840/840 938/938/938 937/937/937
f 841/841/841 842/842/842 939/939/939
f 841/841/841 939/939/939 938/938/938
f 842/842/842 843/843/843 940/940/940
f 842/842/842 940/940/940 939/939/939
f 843/843/843 844/844/844 941/941/941
f 843/843/843 941/941/941 940/940/940
f 844/844/844 845/845/845 942/942/942
f 844/844/844 942/942/942 941/941/941
f 845/845/845 846/846/846 943/943/943
f 845/845/845 943/943/943 942/942/942
f 846/846/846 847/847/847 944/944/944
f 846/846/846 944/944/944 943/943/943
f 847/847/847 848/848/848 945/945/945
f 847/847/847 945/945/945 944/944/944
f 848/848/848 849/849/849 946/946/946
f 848/848/848 946/946/946 945/945/945
f 849/849/849 850/850/850 947/947/947
f 849/849/849 947/947/947 946/946/946
f 850/850/850 851/851/851 948/948/948
f 850/850/850 948/948/948 947/947/947
f 851/851/851 852/852/852 949/949/949
f 851/851/851 949/949/949 948/948/948
f 852/852/852 853/853/853 950/950/950
f 852/852/852 950/950/950 949/949/949
f 853/853/853 854/854/854 951/951/951
f 853/853/853 951/951/951 950/950/950
f 854/854/854 855/855/855 952/952/952
f 854/854/854 952/952/952 951/951/951
f 855/855/855 856/856/856 953/953/953
f 855/855/855 953/953/953 952/952/952
f 856/856/856 857/857/857 954/954/954
f 856/856/856 954/954/954 953/953/953
f 857/857/857 858/858/858 955/955/955
f 857/857/857 955/955/955 954/954/954
f 858/858/858 859/859/859 956/956/956
f 858/858/858 956/956/956 955/955/955
f 859/859/859 860/860/860 957/957/957
f 859/859/859 957/957/957 956/956/956
f 860/860/860 861/861/861 958/958/958
f 860/860/860 958/958/958 957/957/957
f 861/861/861 862/862/862 959/959/959
f 861/861/861 959/959/959 958/958/958
f 862/862/862 863/863/863 960/960/960
f 862/862/862 960/960/960 959/959/959
f 863/863/863 864/864/864 961/961/961
f 863/863/863 961/961/961 960/960/960
f 864/864/864 865/865/865 962/962/962
f 864/864/864 962/962/962 961/961/961
f 865/865/865 866/866/866 963/963/963
f 865/865/865 963/963/963 962/962/962
f 866/866/866 867/867/867 964/964/964
f 866/866/866 964/964/964 963/963/963
f 867/867/867 868/868/868 965/965/965
f 867/867/867 965/965/965 964/964/964
f 868/868/868 869/869/869 966/966/966
f 868/868/868 966/966/966 965/965/965
f 869/869/869 870/870/870 967/967/967
f 869/869/869 967/967/967 966/966/966
f 870/870/870 871/871/871 968/968/968
f 870/870/870 968/968/968 967/967/967
f 871/871/871 872/872/872 969/969/969
f 871/871/871 969/969/969 968/968/968
f 872/872/872 873/873/873 970/970/970
f 872/872/872 970/970/970 969/969/969
f 874/874/874 875/875/875 972/972/972
f 874/874/874 972/972/972 971/971/971
f 875/875/875 876/876/876 973/973/973
f 875/875/875 973/973/973 972/972/972
f 876/876/876 877/877/877 974/974/974
f 876/876/876 974/974/974 973/973/973
f 877/877/877 878/878/878 975/975/975
f 877/877/877 975/975/975 974/974/974
f 878/878/878 879/879/879 976/976/976
f 878/878/878 976/976/976 975/975/975
f 879/879/879 880/880/880 977/977/977
f 879/879/879 977/977/977 976/976/976
f 880/880/880 881/881/881 978/978/978
f 880/880/880 978/978/978 977/977/977
f 881/881/881 882/882/882 979/979/979
f 881/881/881 979/979/979 978/978/978
f 882/882/882 883/883/883 980/980/980
f 882/882/882 980/980/980 979/979/979
f 883/883/883 884/884/884 981/981/981
f 883/883/883 981/981/981 980/980/980
f 884/884/884 885/885/885 982/982/982
f 884/884/884 982/982/982 981/981/981
f 885/885/885 886/886/886 983/983/983
f 885/885/885 983/983/983 982/982/982
f 886/886/886 887/887/887 984/984/984
f 886/886/886 984/984/984 983/983/983
f 887/887/887 888/888/888 985/985/985
f 887/887/887 985/985/985 984/984/984
f 888/888/888 889/889/889 986/986/986
f 888/888/888 986/986/986 985/985/985
f 889/889/889 890/890/890 987/987/987
f 889/889/889 987/987/987 986/986/986
f 890/890/890 891/891/891 988/988/988
f 890/890/890 988/988/988 987/987/987
f 891/891/891 892/892/892 989/989/989
f 891/891/891 989/989/989 988/988/988
f 892/892/892 893/893/893 990/990/990
f 892/892/892 990/990/990 989/989/989
f 893/893/893 894/894/894 991/991/991
f 893/893/893 991/991/991 990/990/990
f 894/894/894 895/895/895 992/992/992
f 894/894/894 992/992/992 991/991/991
f 895/895/895 896/896/896 993/993/993
f 895/895/895 993/993/993 992/992/992
f 896/896/896 897/897/897 994/994/994
f 896/896/896 994/994/994 993/993/993
f 897/897/897 898/898/898 995/995/995
f 897/897/897 995/995/995 994/994/994
f 898/898/898 899/899/899 996/996/996
f 898/898/898 996/996/996 995/995/995
f 899/899/899 900/900/900 997/997/997
f 899/899/899 997/997/997 996/996/996
f 900/900/900 901/901/901 998/998/998
f 900/900/900 998/998/998 997/997/997
f 901/901/901 902/902/902 999/999/999
f 901/901/901 999/999/999 998/998/998
f 902/902/902 903/903/903 1000/1000/1000
f 902/902/902 1000/1000/1000 999/999/999
f 903/903/903 904/904/904 1001/1001/1001
f 903/903/903 1001/1001/1001 1000/1000/1000
f 904/904/904 905/905/905 1002/1002/1002
f 904/904/904 1002/1002/1002 1001/1001/1001
f 905/905/905 906/906/906 1003/1003/1003
f 905/905/905 1003/1003/1003 1002/1002/1002
f 906/906/906 907/907/907 1004/1004/1004
f 906/906/906 1004/1004/1004 1003/1003/1003
f 907/907/907 908/908/908 1005/1005/1005
f 907/907/907 1005/1005/1005 1004/1004/1004
f 908/908/908 909/909/909 1006/1006/1006
f 908/908/908 1006/1006/1006 1005/1005/1005
f 909/909/909 910/910/910 1007/1007/1007
f 909/909/909 1007/1007/1007 1006/1006/1006
f 910/910/910 911/911/911 1008/1008/1008
f 910/910/910 1008/1008/1008 1007/1007/1007
f 911/911/911 912/912/912 1009/1009/1009
f 911/911/911 1009/1009/1009 1008/1008/1008
f 912/912/912 913/913/913 1010/1010/1010
f 912/912/912 1010/1010/1010 1009/1009/1009
f 913/913/913 914/914/914 1011/1011/1011
f 913/913/913 1011/1011/1011 1010/1010/1010
f 914/914/914 915/915/915 1012/1012/1012
f 914/914/914 1012/1012/1012 1011/1011/1011
f 915/915/915 916/916/916 1013/1013/1013
f 915/915/915 1013/1013/1013 1012/1012/1012
f 916/916/916 917/917/917 1014/1014/1014
f 916/916/916 1014/1014/1014 1013/1013/1013
f 917/917/917 918/918/918 1015/1015/1015
f 917/917/917 1015/1015/1015 1014/1014/1014
f 918/918/918 919/919/919 1016/1016/1016
f 918/918/918 1016/1016/1016 1015/1015/1015
f 919/919/919 920/920/920 1017/1017/1017
f 919/919/919 1017/1017/1017 1016/1016/1016
f 920/920/920 921/921/921 1018/1018/1018
f 920/920/920 1018/1018/1018 1017/1017/1017
f 921/921/921 922/922/922 1019/1019/1019
f 921/921/921 1019/1019/1019 1018/1018/1018
f 922/922/922 923/923/923 1020/1020/1020
f 922/922/922 1020/1020/1020 1019/1019/1019
f 923/923/923 924/924/924 1021/1021/1021
f 923/923/923 1021/1021/1021 1020/1020/1020
f 924/924/924 925/925/925 1022/1022/1022
f 924/924/924 1022/1022/1022 1021/1021/1021
f 925/925/925 926/926/926 1023/1023/1023
f 925/925/925 1023/1023/1023 1022/1022/1022
f 926/926/926 927/927/927 1024/1024/1024
f 926/926/926 1024/1024/1024 1023/1023/1023
f 927/927/927 928/928/928 1025/1025/1025
f 927/927/927 1025/1025/1025 1024/1024/1024
f 928/928/928 929/929/929 1026/1026/1026
f 928/928/928 1026/1026/1026 1025/1025/1025
f 929/929/929 930/930/930 1027/1027/1027
f 929/929/929 1027/1027/1027 1026/1026/1026
f 930/930/930 931/931/931 1028/1028/1028
f 930/930/930 1028/1028/1028 1027/1027/1027
f 931/931/931 932/932/932 1029/1029/1029
f 931/931/931 1029/1029/1029 1028/1028/1028
f 932/932/932 933/933/933 1030/1030/1030
f 932/932/932 1030/1030/1030 1029/1029/1029
f 933/933/933 934/934/934 1031/1031/1031
f 933/933/933 1031/1031/1031 1030/1030/1030
f 934/934/934 935/935/935 1032/1032/1032
f 934/934/934 1032/1032/1032 1031/1031/1031
f 935/935/935 936/936/936 1033/1033/1033
f 935/935/935 1033/1033/1033 1032/1032/1032
f 936/936/936 937/937/937 1034/1034/1034
f 936/936/936 1034/1034/1034 1033/1033/1033
f 937/937/937 938/938/938 1035/1035/1035
f 937/937/937 1035/1035/1035 1034/1034/1034
f 938/938/938 939/939/939 1036/1036/1036
f 938/938/938 1036/1036/1036 1035/1035/1035
f 939/939/939 940/940/940 1037/1037/1037
f 939/939/939 1037/1037/1037 1036/1036/1036
f 940/940/940 941/941/941 1038/1038/1038
f 940/940/940 1038/1038/1038 1037/1037/1037
f 941/941/941 942/942/942 1039/1039/1039
f 941/941/941 1039/1039/1039 1038/1038/1038
f 942/942/942 943/943/943 1040/1040/1040
f 942/942/942 1040/1040/1040 1039/1039/1039
f 943/943/943 944/944/944 1041/1041/1041
f 943/943/943 1041/1041/1041 1040/1040/1040
f 944/944/944 945/945/945 1042/1042/1042
f 944/944/944 1042/1042/1042 1041/1041/1041
f 945/945/945 946/946/946 1043/1043/1043
f 945/945/945 1043/1043/1043 1042/1042/1042
f 946/946/946 947/947/947 1044/1044/1044
f 946/946/946 1044/1044/1044 1043/1043/1043
f 947/947/947 948/948/948 1045/1045/1045
f 947/947/947 1045/1045/1045 1044/1044/1044
f 948/948/948 949/949/949 1046/1046/1046
f 948/948/948 1046/1046/1046 1045/1045/1045
f 949/949/949 950/950/950 1047/1047/1047
f 949/949/949 1047/1047/1047 1046/1046/1046
f 950/950/950 951/951/951 1048/1048/1048
f 950/950/950 1048/1048/1048 1047/1047/1047
f 951/951/951 952/952/952 1049/1049/1049
f 951/951/951 1049/1049/1049 1048/1048/1048
f 952/952/952 953/953/953 1050/1050/1050
f 952/952/952 1050/1050/1050 1049/1049/1049
f 953/953/953 954/954/954 1051/1051/1051
f 953/953/953 1051/1051/1051 1050/1050/1050
f 954/954/954 955/955/955 1052/1052/1052
f 954/954/954 1052/1052/1052 1051/1051/1051
f 955/955/955 956/956/956 1053/1053/1053
f 955/955/955 1053/1053/1053 1052/1052/1052
f 956/956/956 957/957/957 1054/1054/1054
f 956/956/956 1054/1054/1054 1053/1053/1053
f 957/957/957 958/958/958 1055/1055/1055
f 957/957/957 1055/1055/1055 1054/1054/1054
f 958/958/958 959/959/959 1056/1056/1056
f 958/958/958 1056/1056/1056 1055/1055/1055
f 959/959/959 960/960/960 1057/1057/1057
f 959/959/959 1057/1057/1057 1056/1056/1056
f 960/960/960 961/961/961 1058/1058/1058
f 960/960/960 1058/1058/1058 1057/1057/1057
f 961/961/961 962/962/962 1059/1059/1059
f 961/961/961 1059/1059/1059 1058/1058/1058
f 962/962/962 963/963/963 1060/1060/1060
f 962/962/962 1060/1060/1060 1059/1059/1059
f 963/963/963 964/964/964 1061/1061/1061
f 963/963/963 1061/1061/1061 1060/1060/1060
f 964/964/964 965/965/965 1062/1062/1062
f 964/964/964 1062/1062/1062 1061/1061/1061
f 965/965/965 966/966/966 1063/1063/1063
f 965/965/965 1063/1063/1063 1062/1062/1062
f 966/966/966 967/967/967 1064/1064/1064
f 966/966/966 1064/1064/1064 1063/1063/1063
f 967/967/967 968/968/968 1065/1065/1065
f 967/967/967 1065/1065/1065 1064/1064/1064
f 968/968/968 969/969/969 1066/1066/1066
f 968/968/968 1066/1066/1066 1065/1065/1065
f 969/969/969 970/970/970 1067/1067/1067
f 969/969/969 1067/1067/1067 1066/1066/1066
f 971/971/971 972/972/972 1069/1069/1069
f 971/971/971 1069/1069/1069 1068/1068/1068
f 972/972/972 973/973/973 1070/1070/1070
f 972/972/972 1070/1070/1070 1069/1069/1069
f 973/973/973 974/974/974 1071/1071/1071
f 973/973/973 1071/1071/1071 1070/1070/1070
f 974/974/974 975/975/975 1072/1072/1072
f 974/974/974 1072/1072/1072 1071/1071/1071
f 975/975/975 976/976/976 1073/1073/1073
f 975/975/975 1073/1073/1073 1072/1072/1072
f 976/976/976 977/977/977 1074/1074/1074
f 976/976/976 1074/1074/1074 1073/1073/1073
f 977/977/977 978/978/978 1075/1075/1075
f 977/977/977 1075/1075/1075 1074/1074/1074
f 978/978/978 979/979/979 1076/1076/1076
f 978/978/978 1076/1076/1076 1075/1075/1075
f 979/979/979 980/980/980 1077/1077/1077
f 979/979/979 1077/1077/1077 1076/1076/1076
f 980/980/980 981/981/981 1078/1078/1078
f 980/980/980 1078/1078/1078 1077/1077/1077
f 981/981/981 982/982/982 1079/1079/1079
f 981/981/981 1079/1079/1079 1078/1078/1078
f 982/982/982 983/983/983 1080/1080/1080
f 982/982/982 1080/1080/1080 1079/1079/1079
f 983/983/983 984/984/984 1081/1081/1081
f 983/983/983 1081/1081/1081 1080/1080/1080
f 984/984/984 985/985/985 1082/1082/1082
f 984/984/984 1082/1082/1082 1081/1081/1081
f 985/985/985 986/986/986 1083/1083/1083
f 985/985/985 1083/1083/1083 1082/1082/1082
f 986/986/986 987/987/987 1084/1084/1084
f 986/986/986 1084/1084/1084 1083/1083/1083
f 987/987/987 988/988/988 1085/1085/1085
f 987/987/987 1085/1085/1085 1084/1084/1084
f 988/988/988 989/989/989 1086/1086/1086
f 988/988/988 1086/1086/1086 1085/1085/1085
f 989/989/989 990/990/990 1087/1087/1087
f 989/989/989 1087/1087/1087 1086/1086/1086
f 990/990/990 991/991/991 1088/1088/1088
f 990/990/990 1088/1088/1088 1087/1087/1087
f 991/991/991 992/992/992 1089/1089/1089
f 991/991/991 1089/1089/1089 1088/1088/1088
f 992/992/992 993/993/993 1090/1090/1090
f 992/992/992 1090/1090/1090 1089/1089/1089
f 993/993/993 994/994/994 1091/1091/1091
f 993/993/993 1091/1091/1091 1090/1090/1090
f 994/994/994 995/995/995 1092/1092/1092
f 994/994/994 1092/1092/1092 1091/1091/1091
f 995/995/995 996/996/996 1093/1093/1093
f 995/995/995 1093/1093/1093 1092/1092/1092
f 996/996/996 997/997/997 1094/1094/1094
f 996/996/996 1094/1094/1094 1093/1093/1093
f 997/997/997 998/998/998 1095/1095/1095
f 997/997/997 1095/1095/1095 1094/1094/1094
f 998/998/998 999/999/999 1096/1096/1096
f 998/998/998 1096/1096/1096 1095/1095/1095
f 999/999/999 1000/1000/1000 1097/1097/1097
f 999/999/999 1097/1097/1097 1096/1096/1096
f 1000/1000/1000 1001/1001/1001 1098/1098/1098
f 1000/1000/1000 1098/1098/1098 1097/1097/1097
f 1001/1001/1001 1002/1002/1002 1099/1099/1099
f 1001/1001/1001 1099/1099/1099 1098/1098/1098
f 1002/1002/1002 1003/1003/1003 1100/1100/1100
f 1002/1002/1002 1100/1100/1100 1099/1099/1099
f 1003/1003/1003 1004/1004/1004 1101/1101/1101
f 1003/1003/1003 1101/1101/1101 1100/1100/1100
f 1004/1004/1004 1005/1005/1005 1102/1102/1102
f 1004/1004/1004 1102/1102/1102 1101/1101/1101
f 1005/1005/1005 1006/1006/1006 1103/1103/1103
f 1005/1005/1005 1103/1103/1103 1102/1102/1102
f 1006/1006/1006 1007/1007/1007 1104/1104/1104
f 1006/1006/1006 1104/1104/1104 1103/1103/1103
f 1007/1007/1007 1008/1008/1008 1105/1105/1105
f 1007/1007/1007 1105/1105/1105 1104/1104/1104
f 1008/1008/1008 1009/1009/1009 1106/1106/1106
f 1008/1008/1008 1106/1106/1106 1105/1105/1105
f 1009/1009/1009 1010/1010/1010 1107/1107/1107
f 1009/1009/1009 1107/1107/1107 1106/1106/1106
f 1010/1010/1010 1011/1011/1011 1108/1108/1108
f 1010/1010/1010 1108/1108/1108 1107/1107/1107
f 1011/1011/1011 1012/1012/1012 1109/1109/1109
f 1011/1011/1011 1109/1109/1109 1108/1108/1108
f 1012/1012/1012 1013/1013/1013 1110/1110/1110
f 1012/1012/1012 1110/1110/1110 1109/1109/1109
f 1013/1013/1013 1014/1014/1014 1111/1111/1111
f 1013/1013/1013 1111/1111/1111 1110/1110/1110
f 1014/1014/1014 1015/1015/1015 1112/1112/1112
f 1014/1014/1014 1112/1112/1112 1111/1111/1111
f 1015/1015/1015 1016/1016/1016 1113/1113/1113
f 1015/1015/1015 1113/1113/1113 1112/1112/1112
f 1016/1016/1016 1017/1017/1017 1114/1114/1114
f 1016/1016/1016 1114/1114/1114 1113/1113/1113
f 1017/1017/1017 1018/1018/1018 1115/1115/1115
f 1017/1017/1017 1115/1115/1115 1114/1114/1114
f 1018/1018/1018 1019/1019/1019 1116/1116/1116
f 1018/1018/1018 1116/1116/1116 1115/1115/1115
f 1019/1019/1019 1020/1020/1020 1117/1117/1117
f 1019/1019/1019 1117/1117/1117 1116/1116/1116
f 1020/1020/1020 1021/1021/1021 1118/1118/1118
f 1020/1020/1020 1118/1118/1118 1117/1117/1117
f 1021/1021/1021 1022/1022/1022 1119/1119/1119
f 1021/1021/1021 1119/1119/1119 1118/1118/1118
f 1022/1022/1022 1023/1023/1023 1120/1120/1120
f 1022/1022/1022 1120/1120/1120 1119/1119/1119
f 1023/1023/1023 1024/1024/1024 1121/1121/1121
f 1023/1023/1023 1121/1121/1121 1120/1120/1120
f 1024/1024/1024 1025/1025/1025 1122/1122/1122
f 1024/1024/1024 1122/1122/1122 1121/1121/1121
f 1025/1025/1025 1026/1026/1026 1123/1123/1123
f 1025/1025/1025 1123/1123/1123 1122/1122/1122
f 1026/1026/1026 1027/1027/1027 1124/1124/1124
f 1026/1026/1026 1124/1124/1124 1123/1123/1123
f 1027/1027/1027 1028/1028/1028 1125/1125/1125
f 1027/1027/1027 1125/1125/1125 1124/1124/1124
f 1028/1028/1028 1029/1029/1029 1126/1126/1126
f 1028/1028/1028 1126/1126/1126 1125/1125/1125
f 1029/1029/1029 1030/1030/1030 1127/1127/1127
f 1029/1029/1029 1127/1127/1127 1126/1126/1126
f 1030/1030/1030 1031/1031/1031 1128/1128/1128
f 1030/1030/1030 1128/1128/1128 1127/1127/1127
f 1031/1031/1031 1032/1032/1032 1129/1129/1129
f 1031/1031/1031 1129/1129/1129 1128/1128/1128
f 1032/1032/1032 1033/1033/1033 1130/1130/1130
f 1032/1032/1032 1130/1130/1130 1129/1129/1129
f 1033/1033/1033 1034/1034/1034 1131/1131/1131
f 1033/1033/1033 1131/1131/1131 1130/1130/1130
f 1034/1034/1034 1035/1035/1035 1132/1132/1132
f 1034/1034/1034 1132/1132/1132 1131/1131/1131
f 1035/1035/1035 1036/1036/1036 1133/1133/1133
f 1035/1035/1035 1133/1133/1133 1132/1132/1132
f 1036/1036/1036 1037/1037/1037 1134/1134/1134
f 1036/1036/1036 1134/1134/1134 1133/1133/1133
f 1037/1037/1037 1038/1038/1038 1135/1135/1135
f 1037/1037/1037 1135/1135/1135 1134/1134/1134
f 1038/1038/1038 1039/1039/1039 1136/1136/1136
f 1038/1038/1038 1136/1136/1136 1135/1135/1135
f 1039/1039/1039 1040/1040/1040 1137/1137/1137
f 1039/1039/1039 1137/1137/1137 1136/1136/1136
f 1040/1040/1040 1041/1041/1041 1138/1138/1138
f 1040/1040/1040 1138/1138/1138 1137/1137/1137
f 1041/1041/1041 1042/1042/1042 1139/1139/1139
f 1041/1041/1041 1139/1139/1139 1138/1138/1138
f 1042/1042/1042 1043/1043/1043 1140/1140/1140
f 1042/1042/1042 1140/1140/1140 1139/1139/1139
f 1043/1043/1043 1044/1044/1044 1141/1141/1141
f 1043/1043/1043 1141/1141/1141 1140/1140/1140
f 1044/1044/1044 1045/1045/1045 1142/1142/1142
f 1044/1044/1044 1142/1142/1142 1141/1141/1141
f 1045/1045/1045 1046/1046/1046 1143/1143/1143
f 1045/1045/1045 1143/1143/1143 1142/1142/1142
f 1046/1046/1046 1047/1047/1047 1144/1144/1144
f 1046/1046/1046 1144/1144/1144 1143/1143/1143
f 1047/1047/1047 1048/1048/1048 1145/1145/1145
f 1047/1047/1047 1145/1145/1145 1144/1144/1144
f 1048/1048/1048 1049/1049/1049 1146/1146/1146
f 1048/1048/1048 1146/1146/1146 1145/1145/1145
f 1049/1049/1049 1050/1050/1050 1147/1147/1147
f 1049/1049/1049 1147/1147/1147 1146/1146/1146
f 1050/1050/1050 1051/1051/1051 1148/1148/1148
f 1050/1050/1050 1148/1148/1148 1147/1147/1147
f 1051/1051/1051 1052/1052/1052 1149/1149/1149
f 1051/1051/1051 1149/1149/1149 1148/1148/1148
f 1052/1052/1052 1053/1053/1053 1150/1150/1150
f 1052/1052/1052 1150/1150/1150 1149/1149/1149
f 1053/1053/1053 1054/1054/1054 1151/1151/1151
f 1053/1053/1053 1151/1151/1151 1150/1150/1150
f 1054/1054/1054 1055/1055/1055 1152/1152/1152
f 1054/1054/1054 1152/1152/1152 1151/1151/1151
f 1055/1055/1055 1056/1056/1056 1153/1153/1153
f 1055/1055/1055 1153/1153/1153 1152/1152/1152
f 1056/1056/1056 1057/1057/1057 1154/1154/1154
f 1056/1056/1056 1154/1154/1154 1153/1153/1153
f 1057/1057/1057 1058/1058/1058 1155/1155/1155
f 1057/1057/1057 1155/1155/1155 1154/1154/1154
f 1058/1058/1058 1059/1059/1059 1156/1156/1156
f 1058/1058/1058 1156/1156/1156 1155/1155/1155
f 1059/1059/1059 1060/1060/1060 1157/1157/1157
f 1059/1059/1059 1157/1157/1157 1156/1156/1156
f 1060/1060/1060 1061/1061/1061 1158/1158/1158
f 1060/1060/1060 1158/1158/1158 1157/1157/1157
f 1061/1061/1061 1062/1062/1062 1159/1159/1159
f 1061/1061/1061 1159/1159/1159 1158/1158/1158
f 1062/1062/1062 1063/1063/1063 1160/1160/1160
f 1062/1062/1062 1160/1160/1160 1159/1159/1159
f 1063/1063/1063 1064/1064/1064 1161/1161/1161
f 1063/1063/1063 1161/1161/1161 1160/1160/1160
f 1064/1064/1064 1065/1065/1065 1162/1162/1162
f 1064/1064/1064 1162/1162/1162 1161/1161/1161
f 1065/1065/1065 1066/1066/1066 1163/1163/1163
f 1065/1065/1065 1163/1163/1163 1162/1162/1162
f 1066/1066/1066 1067/1067/1067 1164/1164/1164
f 1066/1066/1066 1164/1164/1164 1163/1163/1163
f 1068/1068/1068 1069/1069/1069 1166/1166/1166
f 1068/1068/1068 1166/1166/1166 1165/1165/1165
f 1069/1069/1069 1070/1070/1070 1167/1167/1167
f 1069/1069/1069 1167/1167/1167 1166/1166/1166
f 1070/1070/1070 1071/1071/1071 1168/1168/1168
f 1070/1070/1070 1168/1168/1168 1167/1167/1167
f 1071/1071/1071 1072/1072/1072 1169/1169/1169
f 1071/1071/1071 1169/1169/1169 1168/1168/1168
f 1072/1072/1072 1073/1073/1073 1170/1170/1170
f 1072/1072/1072 1170/1170/1170 1169/1169/1169
f 1073/1073/1073 1074/1074/1074 1171/1171/1171
f 1073/1073/1073 1171/1171/1171 1170/1170/1170
f 1074/1074/1074 1075/1075/1075 1172/1172/1172
f 1074/1074/1074 1172/1172/1172 1171/1171/1171
f 1075/1075/1075 1076/1076/1076 1173/1173/1173
f 1075/1075/1075 1173/1173/1173 1172/1172/1172
f 1076/1076/1076 1077/1077/1077 1174/1174/1174
f 1076/1076/1076 1174/1174/1174 1173/1173/1173
f 1077/1077/1077 1078/1078/1078 1175/1175/1175
f 1077/1077/1077 1175/1175/1175 1174/1174/1174
f 1078/1078/1078 1079/1079/1079 1176/1176/1176
f 1078/1078/1078 1176/1176/1176 1175/1175/1175
f 1079/1079/1079 1080/1080/1080 1177/1177/1177
f 1079/1079/1079 1177/1177/1177 1176/1176/1176
f 1080/1080/1080 1081/1081/1081 1178/1178/1178
f 1080/1080/1080 1178/1178/1178 1177/1177/1177
f 1081/1081/1081 1082/1082/1082 1179/1179/1179
f 1081/1081/1081 1179/1179/1179 1178/1178/1178
f 1082/1082/1082 1083/1083/1083 1180/1180/1180
f 1082/1082/1082 1180/1180/1180 1179/1179/1179
f 1083/1083/1083 1084/1084/1084 1181/1181/1181
f 1083/1083/1083 1181/1181/1181 1180/1180/1180
f 1084/1084/1084 1085/1085/1085 1182/1182/1182
f 1084/1084/1084 1182/1182/1182 1181/1181/1181
f 1085/1085/1085 1086/1086/1086 1183/1183/1183
f 1085/1085/1085 1183/1183/1183 1182/1182/1182
f 1086/1086/1086 1087/1087/1087 1184/1184/1184
f 1086/1086/1086 1184/1184/1184 1183/1183/1183
f 1087/1087/1087 1088/1088/1088 1185/1185/1185
f 1087/1087/1087 1185/1185/1185 1184/1184/1184
f 1088/1088/1088 1089/1089/1089 1186/1186/1186
f 1088/1088/1088 1186/1186/1186 1185/1185/1185
f 1089/1089/1089 1090/1090/1090 1187/1187/1187
f 1089/1089/1089 1187/1187/1187 1186/1186/1186
f 1090/1090/1090 1091/1091/1091 1188/1188/1188
f 1090/1090/1090 1188/1188/1188 1187/1187/1187
f 1091/1091/1091 1092/1092/1092 1189/1189/1189
f 1091/1091/1091 1189/1189/1189 1188/1188/1188
f 1092/1092/1092 1093/1093/1093 1190/1190/1190
f 1092/1092/1092 1190/1190/1190 1189/1189/1189
f 1093/1093/1093 1094/1094/1094 1191/1191/1191
f 1093/1093/1093 1191/1191/1191 1190/1190/1190
f 1094/1094/1094 1095/1095/1095 1192/1192/1192
f 1094/1094/1094 1192/1192/1192 1191/1191/1191
f 1095/1095/1095 1096/1096/1096 1193/1193/1193
f 1095/1095/1095 1193/1193/1193 1192/1192/1192
f 1096/1096/1096 1097/1097/1097 1194/1194/1194
f 1096/1096/1096 1194/1194/1194 1193/1193/1193
f 1097/1097/1097 1098/1098/1098 1195/1195/1195
f 1097/1097/1097 1195/1195/1195 1194/1194/1194
f 1098/1098/1098 1099/1099/1099 1196/1196/1196
f 1098/1098/1098 1196/1196/1196 1195/1195/1195
f 1099/1099/1099 1100/1100/1100 1197/1197/1197
f 1099/1099/1099 1197/1197/1197 1196/1196/1196
f 1100/1100/1100 1101/1101/1101 1198/1198/1198
f 1100/1100/1100 1198/1198/1198 1197/1197/1197
f 1101/1101/1101 1102/1102/1102 1199/1199/1199
f 1101/1101/1101 1199/1199/1199 1198/1198/1198
f 1102/1102/1102 1103/1103/1103 1200/1200/1200
f 1102/1102/1102 1200/1200/1200 1199/1199/1199
f 1103/1103/1103 1104/1104/1104 1201/1201/1201
f 1103/1103/1103 1201/1201/1201 1200/1200/1200
f 1104/1104/1104 1105/1105/1105 1202/1202/1202
f 1104/1104/1104 1202/1202/1202 1201/1201/1201
f 1105/1105/1105 1106/1106/1106 1203/1203/1203
f 1105/1105/1105 1203/1203/1203 1202/1202/1202
f 1106/1106/1106 1107/1107/1107 1204/1204/1204
f 1106/1106/1106 1204/1204/1204 1203/1203/1203
f 1107/1107/1107 1108/1108/1108 1205/1205/1205
f 1107/1107/1107 1205/1205/1205 1204/1204/1204
f 1108/1108/1108 1109/1109/1109 1206/1206/1206
f 1108/1108/1108 1206/1206/1206 1205/1205/1205
f 1109/1109/1109 1110/1110/1110 1207/1207/1207
f 1109/1109/1109 1207/1207/1207 1206/1206/1206
f 1110/1110/1110 1111/1111/1111 1208/1208/1208
f 1110/1110/1110 1208/1208/1208 1207/1207/1207
f 1111/1111/1111 1112/1112/1112 1209/1209/1209
f 1111/1111/1111 1209/1209/1209 1208/1208/1208
f 1112/1112/1112 1113/1113/1113 1210/1210/1210
f 1112/1112/1112 1210/1210/1210 1209/1209/1209
f 1113/1113/1113 1114/1114/1114 1211/1211/1211
f 1113/1113/1113 1211/1211/1211 1210/1210/1210
f 1114/1114/1114 1115/1115/1115 1212/1212/1212
f 1114/1114/1114 1212/1212/1212 1211/1211/1211
f 1115/1115/1115 1116/1116/1116 1213/1213/1213
f 1115/1115/1115 1213/1213/1213 1212/1212/1212
f 1116/1116/1116 1117/1117/1117 1214/1214/1214
f 1116/1116/1116 1214/1214/1214 1213/1213/1213
f 1117/1117/1117 1118/1118/1118 1215/1215/1215
f 1117/1117/1117 1215/1215/1215 1214/1214/1214
f 1118/1118/1118 1119/1119/1119 1216/1216/1216
f 1118/1118/1118 1216/1216/1216 1215/1215/1215
f 1119/1119/1119 1120/1120/1120 1217/1217/1217
f 1119/1119/1119 1217/1217/1217 1216/1216/1216
f 1120/1120/1120 1121/1121/1121 1218/1218/1218
f 1120/1120/1120 1218/1218/1218 1217/1217/1217
f 1121/1121/1121 1122/1122/1122 1219/1219/1219
f 1121/1121/1121 1219/1219/1219 1218/1218/1218
f 1122/1122/1122 1123/1123/1123 1220/1220/1220
f 1122/1122/1122 1220/1220/1220 1219/1219/1219
f 1123/1123/1123 1124/1124/1124 1221/1221/1221
f 1123/1123/1123 1221/1221/1221 1220/1220/1220
f 1124/1124/1124 1125/1125/1125 1222/1222/1222
f 1124/1124/1124 1222/1222/1222 1221/1221/1221
f 1125/1125/1125 1126/1126/1126 1223/1223/1223
f 1125/1125/1125 1223/1223/1223 1222/1222/1222
f 1126/1126/1126 1127/1127/1127 1224/1224/1224
f 1126/1126/1126 1224/1224/1224 1223/1223/1223
f 1127/1127/1127 1128/1128/1128 1225/1225/1225
f 1127/1127/1127 1225/1225/1225 1224/1224/1224
f 1128/1128/1128 1129/1129/1129 1226/1226/1226
f 1128/1128/1128 1226/1226/1226 1225/1225/1225
f 1129/1129/1129 1130/1130/1130 1227/1227/1227
f 1129/1129/1129 1227/1227/1227 1226/1226/1226
f 1130/1130/1130 1131/1131/1131 1228/1228/1228
f 1130/1130/1130 1228/1228/1228 1227/1227/1227
f 1131/1131/1131 1132/1132/1132 1229/1229/1229
f 1131/1131/1131 1229/1229/1229 1228/1228/1228
f 1132/1132/1132 1133/1133/1133 1230/1230/1230
f 1132/1132/1132 1230/1230/1230 1229/1229/1229
f 1133/1133/1133 1134/1134/1134 1231/1231/1231
f 1133/1133/1133 1231/1231/1231 1230/1230/1230
f 1134/1134/1134 1135/1135/1135 1232/1232/1232
f 1134/1134/1134 1232/1232/1232 1231/1231/1231
f 1135/1135/1135 1136/1136/1136 1233/1233/1233
f 1135/1135/1135 1233/1233/1233 1232/1232/1232
f 1136/1136/1136 1137/1137/1137 1234/1234/1234
f 1136/1136/1136 1234/1234/1234 1233/1233/1233
f 1137/1137/1137 1138/1138/1138 1235/1235/1235
f 1137/1137/1137 1235/1235/1235 1234/1234/1234
f 1138/1138/1138 1139/1139/1139 1236/1236/1236
f 1138/1138/1138 1236/1236/1236 1235/1235/1235
f 1139/1139/1139 1140/1140/1140 1237/1237/1237
f 1139/1139/1139 1237/1237/1237 1236/1236/1236
f 1140/1140/1140 1141/1141/1141 1238/1238/1238
f 1140/1140/1140 1238/1238/1238 1237/1237/1237
f 1141/1141/1141 1142/1142/1142 1239/1239/1239
f 1141/1141/1141 1239/1239/1239 1238/1238/1238
f 1142/1142/1142 1143/1143/1143 1240/1240/1240
f 1142/1142/1142 1240/1240/1240 1239/1239/1239
f 1143/1143/1143 1144/1144/1144 1241/1241/1241
f 1143/1143/1143 1241/1241/1241 1240/1240/1240
f 1144/1144/1144 1145/1145/1145 1242/1242/1242
f 1144/1144/1144 1242/1242/1242 1241/1241/1241
f 1145/1145/1145 1146/1146/1146 1243/1243/1243
f 1145/1145/1145 1243/1243/1243 1242/1242/1242
f 1146/1146/1146 1147/1147/1147 1244/1244/1244
f 1146/1146/1146 1244/1244/1244 1243/1243/1243
f 1147/1147/1147 1148/1148/1148 1245/1245/1245
f 1147/1147/1147 1245/1245/1245 1244/1244/1244
f 1148/1148/1148 1149/1149/1149 1246/1246/1246
f 1148/1148/1148 1246/1246/1246 1245/1245/1245
f 1149/1149/1149 1150/1150/1150 1247/1247/1247
f 1149/1149/1149 1247/1247/1247 1246/1246/1246
f 1150/1150/1150 1151/1151/1151 1248/1248/1248
f 1150/1150/1150 1248/1248/1248 1247/1247/1247
f 1151/1151/1151 1152/1152/1152 1249/1249/1249
f 1151/1151/1151 1249/1249/1249 1248/1248/1248
f 1152/1152/1152 1153/1153/1153 1250/1250/1250
f 1152/1152/1152 1250/1250/1250 1249/1249/1249
f 1153/1153/1153 1154/1154/1154 1251/1251/1251
f 1153/1153/1153 1251/1251/1251 1250/1250/1250
f 1154/1154/1154 1155/1155/1155 1252/1252/1252
f 1154/1154/1154 1252/1252/1252 1251/1251/1251
f 1155/1155/1155 1156/1156/1156 1253/1253/1253
f 1155/1155/1155 1253/1253/1253 1252/1252/1252
f 1156/1156/1156 1157/1157/1157 1254/1254/1254
f 1156/1156/1156 1254/1254/1254 1253/1253/1253
f 1157/1157/1157 1158/1158/1158 1255/1255/1255
f 1157/1157/1157 1255/1255/1255 1254/1254/1254
f 1158/1158/1158 1159/1159/1159 1256/1256/1256
f 1158/1158/1158 1256/1256/1256 1255/1255/1255
f 1159/1159/1159 1160/1160/1160 1257/1257/1257
f 1159/1159/1159 1257/1257/1257 1256/1256/1256
f 1160/1160/1160 1161/1161/1161 1258/1258/1258
f 1160/1160/1160 1258/1258/1258 1257/1257/1257
f 1161/1161/1161 1162/1162/1162 1259/1259/1259
f 1161/1161/1161 1259/1259/1259 1258/1258/1258
f 1162/1162/1162 1163/1163/1163 1260/1260/1260
f 1162/1162/1162 1260/1260/1260 1259/1259/1259
f 1163/1163/1163 1164/1164/1164 1261/1261/1261
f 1163/1163/1163 1261/1261/1261 1260/1260/1260
f 1165/1165/1165 1166/1166/1166 1263/1263/1263
f 1165/1165/1165 1263/1263/1263 1262/1262/1262
f 1166/1166/1166 1167/1167/1167 1264/1264/1264
f 1166/1166/1166 1264/1264/1264 1263/1263/1263
f 1167/1167/1167 1168/1168/1168 1265/1265/1265
f 1167/1167/1167 1265/1265/1265 1264/1264/1264
f 1168/1168/1168 1169/1169/1169 1266/1266/1266
f 1168/1168/1168 1266/1266/1266 1265/1265/1265
f 1169/1169/1169 1170/1170/1170 1267/1267/1267
f 1169/1169/1169 1267/1267/1267 1266/1266/1266
f 1170/1170/1170 1171/1171/1171 1268/1268/1268
f 1170/1170/1170 1268/1268/1268 1267/1267/1267
f 1171/1171/1171 1172/1172/1172 1269/1269/1269
f 1171/1171/1171 1269/1269/1269 1268/1268/1268
f 1172/1172/1172 1173/1173/1173 1270/1270/1270
f 1172/1172/1172 1270/1270/1270 1269/1269/1269
f 1173/1173/1173 1174/1174/1174 1271/1271/1271
f 1173/1173/1173 1271/1271/1271 1270/1270/1270
f 1174/1174/1174 1175/1175/1175 1272/1272/1272
f 1174/1174/1174 1272/1272/1272 1271/1271/1271
f 1175/1175/1175 1176/1176/1176 1273/1273/1273
f 1175/1175/1175 1273/1273/1273 1272/1272/1272
f 1176/1176/1176 1177/1177/1177 1274/1274/1274
f 1176/1176/1176 1274/1274/1274 1273/1273/1273
f 1177/1177/1177 1178/1178/1178 1275/1275/1275
f 1177/1177/1177 1275/1275/1275 1274/1274/1274
f 1178/1178/1178 1179/1179/1179 1276/1276/1276
f 1178/1178/1178 1276/1276/1276 1275/1275/1275
f 1179/1179/1179 1180/1180/1180 1277/1277/1277
f 1179/1179/1179 1277/1277/1277 1276/1276/1276
f 1180/1180/1180 1181/1181/1181 1278/1278/1278
f 1180/1180/1180 1278/1278/1278 1277/1277/1277
f 1181/1181/1181 1182/1182/1182 1279/1279/1279
f 1181/1181/1181 1279/1279/1279 1278/1278/1278
f 1182/1182/1182 1183/1183/1183 1280/1280/1280
f 1182/1182/1182 1280/1280/1280 1279/1279/1279
f 1183/1183/1183 1184/1184/1184 1281/1281/1281
f 1183/1183/1183 1281/1281/1281 1280/1280/1280
f 1184/1184/1184 1185/1185/1185 1282/1282/1282
f 1184/1184/1184 1282/1282/1282 1281/1281/1281
f 1185/1185/1185 1186/1186/1186 1283/1283/1283
f 1185/1185/1185 1283/1283/1283 1282/1282/1282
f 1186/1186/1186 1187/1187/1187 1284/1284/1284
f 1186/1186/1186 1284/1284/1284 1283/1283/1283
f 1187/1187/1187 1188/1188/1188 1285/1285/1285
f 1187/1187/1187 1285/1285/1285 1284/1284/1284
f 1188/1188/1188 1189/1189/1189 1286/1286/1286
f 1188/1188/1188 1286/1286/1286 1285/1285/1285
f 1189/1189/1189 1190/1190/1190 1287/1287/1287
f 1189/1189/1189 1287/1287/1287 1286/1286/1286
f 1190/1190/1190 1191/1191/1191 1288/1288/1288
f 1190/1190/1190 1288/1288/1288 1287/1287/1287
f 1191/1191/1191 1192/1192/1192 1289/1289/1289
f 1191/1191/1191 1289/1289/1289 1288/1288/1288
f 1192/1192/1192 1193/1193/1193 1290/1290/1290
f 1192/1192/1192 1290/1290/1290 1289/1289/1289
f 1193/1193/1193 1194/1194/1194 1291/1291/1291
f 1193/1193/1193 1291/1291/1291 1290/1290/1290
f 1194/1194/1194 1195/1195/1195 1292/1292/1292
f 1194/1194/1194 1292/1292/1292 1291/1291/1291
f 1195/1195/1195 1196/1196/1196 1293/1293/1293
f 1195/1195/1195 1293/1293/1293 1292/1292/1292
f 1196/1196/1196 1197/1197/1197 1294/1294/1294
f 1196/1196/1196 1294/1294/1294 1293/1293/1293
f 1197/1197/1197 1198/1198/1198 1295/1295/1295
f 1197/1197/1197 1295/1295/1295 1294/1294/1294
f 1198/1198/1198 1199/1199/1199 1296/1296/1296
f 1198/1198/1198 1296/1296/1296 1295/1295/1295
f 1199/1199/1199 1200/1200/1200 1297/1297/1297
f 1199/1199/1199 1297/1297/1297 1296/1296/1296
f 1200/1200/1200 1201/1201/1201 1298/1298/1298
f 1200/1200/1200 1298/1298/1298 1297/1297/1297
f 1201/1201/1201 1202/1202/1202 1299/1299/1299
f 1201/1201/1201 1299/1299/1299 1298/1298/1298
f 1202/1202/1202 1203/1203/1203 1300/1300/1300
f 1202/1202/1202 1300/1300/1300 1299/1299/1299
f 1203/1203/1203 1204/1204/1204 1301/1301/1301
f 1203/1203/1203 1301/1301/1301 1300/1300/1300
f 1204/1204/1204 1205/1205/1205 1302/1302/1302
f 1204/1204/1204 1302/1302/1302 1301/1301/1301
f 1205/1205/1205 1206/1206/1206 1303/1303/1303
f 1205/1205/1205 1303/1303/1303 1302/1302/1302
f 1206/1206/1206 1207/1207/1207 1304/1304/1304
f 1206/1206/1206 1304/1304/1304 1303/1303/1303
f 1207/1207/1207 1208/1208/1208 1305/1305/1305
f 1207/1207/1207 1305/1305/1305 1304/1304/1304
f 1208/1208/1208 1209/1209/1209 1306/1306/1306
f 1208/1208/1208 1306/1306/1306 1305/1305/1305
f 1209/1209/1209 1210/1210/1210 1307/1307/1307
f 1209/1209/1209 1307/1307/1307 1306/1306/1306
f 1210/1210/1210 1211/1211/1211 1308/1308/1308
f 1210/1210/1210 1308/1308/1308 1307/1307/1307
f 1211/1211/1211 1212/1212/1212 1309/1309/1309
f 1211/1211/1211 1309/1309/1309 1308/1308/1308
f 1212/1212/1212 1213/1213/1213 1310/1310/1310
f 1212/1212/1212 1310/1310/1310 1309/1309/1309
f 1213/1213/1213 1214/1214/1214 1311/1311/1311
f 1213/1213/1213 1311/1311/1311 1310/1310/1310
f 1214/1214/1214 1215/1215/1215 1312/1312/1312
f 1214/1214/1214 1312/1312/1312 1311/1311/1311
f 1215/1215/1215 1216/1216/1216 1313/1313/1313
f 1215/1215/1215 1313/1313/1313 1312/1312/1312
f 1216/1216/1216 1217/1217/1217 1314/1314/1314
f 1216/1216/1216 1314/1314/1314 1313/1313/1313
f 1217/1217/1217 1218/1218/1218 1315/1315/1315
f 1217/1217/1217 1315/1315/1315 1314/1314/1314
f 1218/1218/1218 1219/1219/1219 1316/1316/1316
f 1218/1218/1218 1316/1316/1316 1315/1315/1315
f 1219/1219/1219 1220/1220/1220 1317/1317/1317
f 1219/1219/1219 1317/1317/1317 1316/1316/1316
f 1220/1220/1220 1221/1221/1221 1318/1318/1318
f 1220/1220/1220 1318/1318/1318 1317/1317/1317
f 1221/1221/1221 1222/1222/1222 1319/1319/1319
f 1221/1221/1221 1319/1319/1319 1318/1318/1318
f 1222/1222/1222 1223/1223/1223 1320/1320/1320
f 1222/1222/1222 1320/1320/1320 1319/1319/1319
f 1223/1223/1223 1224/1224/1224 1321/1321/1321
f 1223/1223/1223 1321/1321/1321 1320/1320/1320
f 1224/1224/1224 1225/1225/1225 1322/1322/1322
f 1224/1224/1224 1322/1322/1322 1321/1321/1321
f 1225/1225/1225 1226/1226/1226 1323/1323/1323
f 1225/1225/1225 1323/1323/1323 1322/1322/1322
f 1226/1226/1226 1227/1227/1227 1324/1324/1324
f 1226/1226/1226 1324/1324/1324 1323/1323/1323
f 1227/1227/1227 1228/1228/1228 1325/1325/1325
f 1227/1227/1227 1325/1325/1325 1324/1324/1324
f 1228/1228/1228 1229/1229/1229 1326/1326/1326
f 1228/1228/1228 1326/1326/1326 1325/1325/1325
f 1229/1229/1229 1230/1230/1230 1327/1327/1327
f 1229/1229/1229 1327/1327/1327 1326/1326/1326
f 1230/1230/1230 1231/1231/1231 1328/1328/1328
f 1230/1230/1230 1328/1328/1328 1327/1327/1327
f 1231/1231/1231 1232/1232/1232 1329/1329/1329
f 1231/1231/1231 1329/1329/1329 1328/1328/1328
f 1232/1232/1232 1233/1233/1233 1330/1330/1330
f 1232/1232/1232 1330/1330/1330 1329/1329/1329
f 1233/1233/1233 1234/1234/1234 1331/1331/1331
f 1233/1233/1233 1331/1331/1331 1330/1330/1330
f 1234/1234/1234 1235/1235/1235 1332/1332/1332
f 1234/1234/1234 1332/1332/1332 1331/1331/1331
f 1235/1235/1235 1236/1236/1236 1333/1333/1333
f 1235/1235/1235 1333/1333/1333 1332/1332/1332
f 1236/1236/1236 1237/1237/1237 1334/1334/1334
f 1236/1236/1236 1334/1334/1334 1333/1333/1333
f 1237/1237/1237 1238/1238/1238 1335/1335/1335
f 1237/1237/1237 1335/1335/1335 1334/1334/1334
f 1238/1238/1238 1239/1239/1239 1336/1336/1336
f 1238/1238/1238 1336/1336/1336 1335/1335/1335
f 1239/1239/1239 1240/1240/1240 1337/1337/1337
f 1239/1239/1239 1337/1337/1337 1336/1336/1336
f 1240/1240/1240 1241/1241/1241 1338/1338/1338
f 1240/1240/1240 1338/1338/1338 1337/1337/1337
f 1241/1241/1241 1242/1242/1242 1339/1339/1339
f 1241/1241/1241 1339/1339/1339 1338/1338/1338
f 1242/1242/1242 1243/1243/1243 1340/1340/1340
f 1242/1242/1242 1340/1340/1340 1339/1339/1339
f 1243/1243/1243 1244/1244/1244 1341/1341/1341
f 1243/1243/1243 1341/1341/1341 1340/1340/1340
f 1244/1244/1244 1245/1245/1245 1342/1342/1342
f 1244/1244/1244 1342/1342/1342 1341/1341/1341
f 1245/1245/1245 1246/1246/1246 1343/1343/1343
f 1245/1245/1245 1343/1343/1343 1342/1342/1342
f 1246/1246/1246 1247/1247/1247 1344/1344/1344
f 1246/1246/1246 1344/1344/1344 1343/1343/1343
f 1247/1247/1247 1248/1248/1248 1345/1345/1345
f 1247/1247/1247 1345/1345/1345 1344/1344/1344
f 1248/1248/1248 1249/1249/1249 1346/1346/1346
f 1248/1248/1248 1346/1346/1346 1345/1345/1345
f 1249/1249/1249 1250/1250/1250 1347/1347/1347
f 1249/1249/1249 1347/1347/1347 1346/1346/1346
f 1250/1250/1250 1251/1251/1251 1348/1348/1348
f 1250/1250/1250 1348/1348/1348 1347/1347/1347
f 1251/1251/1251 1252/1252/1252 1349/1349/1349
f 1251/1251/1251 1349/1349/1349 1348/1348/1348
f 1252/1252/1252 1253/1253/1253 1350/1350/1350
f 1252/1252/1252 1350/1350/1350 1349/1349/1349
f 1253/1253/1253 1254/1254/1254 1351/1351/1351
f 1253/1253/1253 1351/1351/1351 1350/1350/1350
f 1254/1254/1254 1255/1255/1255 1352/1352/1352
f 1254/1254/1254 1352/1352/1352 1351/1351/1351
f 1255/1255/1255 1256/1256/1256 1353/1353/1353
f 1255/1255/1255 1353/1353/1353 1352/1352/1352
f 1256/1256/1256 1257/1257/1257 1354/1354/1354
f 1256/1256/1256 1354/1354/1354 1353/1353/1353
f 1257/1257/1257 1258/1258/1258 1355/1355/1355
f 1257/1257/1257 1355/1355/1355 1354/1354/1354
f 1258/1258/1258 1259/1259/1259 1356/1356/1356
f 1258/1258/1258 1356/1356/1356 1355/1355/1355
f 1259/1259/1259 1260/1260/1260 1357/1357/1357
f 1259/1259/1259 1357/1357/1357 1356/1356/1356
f 1260/1260/1260 1261/1261/1261 1358/1358/1358
f 1260/1260/1260 1358/1358/1358 1357/1357/1357
f 1262/1262/1262 1263/1263/1263 1360/1360/1360
f 1262/1262/1262 1360/1360/1360 1359/1359/1359
f 1263/1263/1263 1264/1264/1264 1361/1361/1361
f 1263/1263/1263 1361/1361/1361 1360/1360/1360
f 1264/1264/1264 1265/1265/1265 1362/1362/1362
f 1264/1264/1264 1362/1362/1362 1361/1361/1361
f 1265/1265/1265 1266/1266/1266 1363/1363/1363
f 1265/1265/1265 1363/1363/1363 1362/1362/1362
f 1266/1266/1266 1267/1267/1267 1364/1364/1364
f 1266/1266/1266 1364/1364/1364 1363/1363/1363
f 1267/1267/1267 1268/1268/1268 1365/1365/1365
f 1267/1267/1267 1365/1365/1365 1364/1364/1364
f 1268/1268/1268 1269/1269/1269 1366/1366/1366
f 1268/1268/1268 1366/1366/1366 1365/1365/1365
f 1269/1269/1269 1270/1270/1270 1367/1367/1367
f 1269/1269/1269 1367/1367/1367 1366/1366/1366
f 1270/1270/1270 1271/1271/1271 1368/1368/1368
f 1270/1270/1270 1368/1368/1368 1367/1367/1367
f 1271/1271/1271 1272/1272/1272 1369/1369/1369
f 1271/1271/1271 1369/1369/1369 1368/1368/1368
f 1272/1272/1272 1273/1273/1273 1370/1370/1370
f 1272/1272/1272 1370/1370/1370 1369/1369/1369
f 1273/1273/1273 1274/1274/1274 1371/1371/1371
f 1273/1273/1273 1371/1371/1371 1370/1370/1370
f 1274/1274/1274 1275/1275/1275 1372/1372/1372
f 1274/1274/1274 1372/1372/1372 1371/1371/1371
f 1275/1275/1275 1276/1276/1276 1373/1373/1373
f 1275/1275/1275 1373/1373/1373 1372/1372/1372
f 1276/1276/1276 1277/1277/1277 1374/1374/1374
f 1276/1276/1276 1374/1374/1374 1373/1373/1373
f 1277/1277/1277 1278/1278/1278 1375/1375/1375
f 1277/1277/1277 1375/1375/1375 1374/1374/1374
f 1278/1278/1278 1279/1279/1279 1376/1376/1376
f 1278/1278/1278 1376/1376/1376 1375/1375/1375
f 1279/1279/1279 1280/1280/1280 1377/1377/1377
f 1279/1279/1279 1377/1377/1377 1376/1376/1376
f 1280/1280/1280 1281/1281/1281 1378/1378/1378
f 1280/1280/1280 1378/1378/1378 1377/1377/1377
f 1281/1281/1281 1282/1282/1282 1379/1379/1379
f 1281/1281/1281 1379/1379/1379 1378/1378/1378
f 1282/1282/1282 1283/1283/1283 1380/1380/1380
f 1282/1282/1282 1380/1380/1380 1379/1379/1379
f 1283/1283/1283 1284/1284/1284 1381/1381/1381
f 1283/1283/1283 1381/1381/1381 1380/1380/1380
f 1284/1284/1284 1285/1285/1285 1382/1382/1382
f 1284/1284/1284 1382/1382/1382 1381/1381/1381
f 1285/1285/1285 1286/1286/1286 1383/1383/1383
f 1285/1285/1285 1383/1383/1383 1382/1382/1382
f 1286/1286/1286 1287/1287/1287 1384/1384/1384
f 1286/1286/1286 1384/1384/1384 1383/1383/1383
f 1287/1287/1287 1288/1288/1288 1385/1385/1385
f 1287/1287/1287 1385/1385/1385 1384/1384/1384
f 1288/1288/1288 1289/1289/1289 1386/1386/1386
f 1288/1288/1288 1386/1386/1386 1385/1385/1385
f 1289/1289/1289 1290/1290/1290 1387/1387/1387
f 1289/1289/1289 1387/1387/1387 1386/1386/1386
f 1290/1290/1290 1291/1291/1291 1388/1388/1388
f 1290/1290/1290 1388/1388/1388 1387/1387/1387
f 1291/1291/1291 1292/1292/1292 1389/1389/1389
f 1291/1291/1291 1389/1389/1389 1388/1388/1388
f 1292/1292/1292 1293/1293/1293 1390/1390/1390
f 1292/1292/1292 1390/1390/1390 1389/1389/1389
f 1293/1293/1293 1294/1294/1294 1391/1391/1391
f 1293/1293/1293 1391/1391/1391 1390/1390/1390
f 1294/1294/1294 1295/1295/1295 1392/1392/1392
f 1294/1294/1294 1392/1392/1392 1391/1391/1391
f 1295/1295/1295 1296/1296/1296 1393/1393/1393
f 1295/1295/1295 1393/1393/1393 1392/1392/1392
f 1296/1296/1296 1297/1297/1297 1394/1394/1394
f 1296/1296/1296 1394/1394/1394 1393/1393/1393
f 1297/1297/1297 1298/1298/1298 1395/1395/1395
f 1297/1297/1297 1395/1395/1395 1394/1394/1394
f 1298/1298/1298 1299/1299/1299 1396/1396/1396
f 1298/1298/1298 1396/1396/1396 1395/1395/1395
f 1299/1299/1299 1300/1300/1300 1397/1397/1397
f 1299/1299/1299 1397/1397/1397 1396/1396/1396
f 1300/1300/1300 1301/1301/1301 1398/1398/1398
f 1300/1300/1300 1398/1398/1398 1397/1397/1397
f 1301/1301/1301 1302/1302/1302 1399/1399/1399
f 1301/1301/1301 1399/1399/1399 1398/1398/1398
f 1302/1302/1302 1303/1303/1303 1400/1400/1400
f 1302/1302/1302 1400/1400/1400 1399/1399/1399
f 1303/1303/1303 1304/1304/1304 1401/1401/1401
f 1303/1303/1303 1401/1401/1401 1400/1400/1400
f 1304/1304/1304 1305/1305/1305 1402/1402/1402
f 1304/1304/1304 1402/1402/1402 1401/1401/1401
f 1305/1305/1305 1306/1306/1306 1403/1403/1403
f 1305/1305/1305 1403/1403/1403 1402/1402/1402
f 1306/1306/1306 1307/1307/1307 1404/1404/1404
f 1306/1306/1306 1404/1404/1404 1403/1403/1403
f 1307/1307/1307 1308/1308/1308 1405/1405/1405
f 1307/1307/1307 1405/1405/1405 1404/1404/1404
f 1308/1308/1308 1309/1309/1309 1406/1406/1406
f 1308/1308/1308 1406/1406/1406 1405/1405/1405
f 1309/1309/1309 1310/1310/1310 1407/1407/1407
f 1309/1309/1309 1407/1407/1407 1406/1406/1406
f 1310/1310/1310 1311/1311/1311 1408/1408/1408
f 1310/1310/1310 1408/1408/1408 1407/1407/1407
f 1311/1311/1311 1312/1312/1312 1409/1409/1409
f 1311/1311/1311 1409/1409/1409 1408/1408/1408
f 1312/1312/1312 1313/1313/1313 1410/1410/1410
f 1312/1312/1312 1410/1410/1410 1409/1409/1409
f 1313/1313/1313 1314/1314/1314 1411/1411/1411
f 1313/1313/1313 1411/1411/1411 1410/1410/1410
f 1314/1314/1314 1315/1315/1315 1412/1412/1412
f 1314/1314/1314 1412/1412/1412 1411/1411/1411
f 1315/1315/1315 1316/1316/1316 1413/1413/1413
f 1315/1315/1315 1413/1413/1413 1412/1412/1412
f 1316/1316/1316 1317/1317/1317 1414/1414/1414
f 1316/1316/1316 1414/1414/1414 1413/1413/1413
f 1317/1317/1317 1318/1318/1318 1415/1415/1415
f 1317/1317/1317 1415/1415/1415 1414/1414/1414
f 1318/1318/1318 1319/1319/1319 1416/1416/1416
f 1318/1318/1318 1416/1416/1416 1415/1415/1415
f 1319/1319/1319 1320/1320/1320 1417/1417/1417
f 1319/1319/1319 1417/1417/1417 1416/1416/1416
f 1320/1320/1320 1321/1321/1321 1418/1418/1418
f 1320/1320/1320 1418/1418/1418 1417/1417/1417
f 1321/1321/1321 1322/1322/1322 1419/1419/1419
f 1321/1321/1321 1419/1419/1419 1418/1418/1418
f 1322/1322/1322 1323/1323/1323 1420/1420/1420
f 1322/1322/1322 1420/1420/1420 1419/1419/1419
f 1323/1323/1323 1324/1324/1324 1421/1421/1421
f 1323/1323/1323 1421/1421/1421 1420/1420/1420
f 1324/1324/1324 1325/1325/1325 1422/1422/1422
f 1324/1324/1324 1422/1422/1422 1421/1421/1421
f 1325/1325/1325 1326/1326/1326 1423/1423/1423
f 1325/1325/1325 1423/1423/1423 1422/1422/1422
f 1326/1326/1326 1327/1327/1327 1424/1424/1424
f 1326/1326/1326 1424/1424/1424 1423/1423/1423
f 1327/1327/1327 1328/1328/1328 1425/1425/1425
f 1327/1327/1327 1425/1425/1425 1424/1424/1424
f 1328/1328/1328 1329/1329/1329 1426/1426/1426
f 1328/1328/1328 1426/1426/1426 1425/1425/1425
f 1329/1329/1329 1330/1330/1330 1427/1427/1427
f 1329/1329/1329 1427/1427/1427 1426/1426/1426
f 1330/1330/1330 1331/1331/1331 1428/1428/1428
f 1330/1330/1330 1428/1428/1428 1427/1427/1427
f 1331/1331/1331 1332/1332/1332 1429/1429/1429
f 1331/1331/1331 1429/1429/1429 1428/1428/1428
f 1332/1332/1332 1333/1333/1333 1430/1430/1430
f 1332/1332/1332 1430/1430/1430 1429/1429/1429
f 1333/1333/1333 1334/1334/1334 1431/1431/1431
f 1333/1333/1333 1431/1431/1431 1430/1430/1430
f 1334/1334/1334 1335/1335/1335 1432/1432/1432
f 1334/1334/1334 1432/1432/1432 1431/1431/1431
f 1335/1335/1335 1336/1336/1336 1433/1433/1433
f 1335/1335/1335 1433/1433/1433 1432/1432/1432
f 1336/1336/1336 1337/1337/1337 1434/1434/1434
f 1336/1336/1336 1434/1434/1434 1433/1433/1433
f 1337/1337/1337 1338/1338/1338 1435/1435/1435
f 1337/1337/1337 1435/1435/1435 1434/1434/1434
f 1338/1338/1338 1339/1339/1339 1436/1436/1436
f 1338/1338/1338 1436/1436/1436 1435/1435/1435
f 1339/1339/1339 1340/1340/1340 1437/1437/1437
f 1339/1339/1339 1437/1437/1437 1436/1436/1436
f 1340/1340/1340 1341/1341/1341 1438/1438/1438
f 1340/1340/1340 1438/1438/1438 1437/1437/1437
f 1341/1341/1341 1342/1342/1342 1439/1439/1439
f 1341/1341/1341 1439/1439/1439 1438/1438/1438
f 1342/1342/1342 1343/1343/1343 1440/1440/1440
f 1342/1342/1342 1440/1440/1440 1439/1439/1439
f 1343/1343/1343 1344/1344/1344 1441/1441/1441
f 1343/1343/1343 1441/1441/1441 1440/1440/1440
f 1344/1344/1344 1345/1345/1345 1442/1442/1442
f 1344/1344/1344 1442/1442/1442 1441/1441/1441
f 1345/1345/1345 1346/1346/1346 1443/1443/1443
f 1345/1345/1345 1443/1443/1443 1442/1442/1442
f 1346/1346/1346 1347/1347/1347 1444/1444/1444
f 1346/1346/1346 1444/1444/1444 1443/1443/1443
f 1347/1347/1347 1348/1348/1348 1445/1445/1445
f 1347/1347/1347 1445/1445/1445 1444/1444/1444
f 1348/1348/1348 1349/1349/1349 1446/1446/1446
f 1348/1348/1348 1446/1446/1446 1445/1445/1445
f 1349/1349/1349 1350/1350/1350 1447/1447/1447
f 1349/1349/1349 1447/1447/1447 1446/1446/1446
f 1350/1350/1350 1351/1351/1351 1448/1448/1448
f 1350/1350/1350 1448/1448/1448 1447/1447/1447
f 1351/1351/1351 1352/1352/1352 1449/1449/1449
f 1351/1351/1351 1449/1449/1449 1448/1448/1448
f 1352/1352/1352 1353/1353/1353 1450/1450/1450
f 1352/1352/1352 1450/1450/1450 1449/1449/1449
f 1353/1353/1353 1354/1354/1354 1451/1451/1451
f 1353/1353/1353 1451/1451/1451 1450/1450/1450
f 1354/1354/1354 1355/1355/1355 1452/1452/1452
f 1354/1354/1354 1452/1452/1452 1451/1451/1451
f 1355/1355/1355 1356/1356/1356 1453/1453/1453
f 1355/1355/1355 1453/1453/1453 1452/1452/1452
f 1356/1356/1356 1357/1357/1357 1454/1454/1454
f 1356/1356/1356 1454/1454/1454 1453/1453/1453
f 1357/1357/1357 1358/1358/1358 1455/1455/1455
f 1357/1357/1357 1455/1455/1455 1454/1454/1454
f 1359/1359/1359 1360/1360/1360 1457/1457/1457
f 1359/1359/1359 1457/1457/1457 1456/1456/1456
f 1360/1360/1360 1361/1361/1361 1458/1458/1458
f 1360/1360/1360 1458/1458/1458 1457/1457/1457
f 1361/1361/1361 1362/1362/1362 1459/1459/1459
f 1361/1361/1361 1459/1459/1459 1458/1458/1458
f 1362/1362/1362 1363/1363/1363 1460/1460/1460
f 1362/1362/1362 1460/1460/1460 1459/1459/1459
f 1363/1363/1363 1364/1364/1364 1461/1461/1461
f 1363/1363/1363 1461/1461/1461 1460/1460/1460
f 1364/1364/1364 1365/1365/1365 1462/1462/1462
f 1364/1364/1364 1462/1462/1462 1461/1461/1461
f 1365/1365/1365 1366/1366/1366 1463/1463/1463
f 1365/1365/1365 1463/1463/1463 1462/1462/1462
f 1366/1366/1366 1367/1367/1367 1464/1464/1464
f 1366/1366/1366 1464/1464/1464 1463/1463/1463
f 1367/1367/1367 1368/1368/1368 1465/1465/1465
f 1367/1367/1367 1465/1465/1465 1464/1464/1464
f 1368/1368/1368 1369/1369/1369 1466/1466/1466
f 1368/1368/1368 1466/1466/1466 1465/1465/1465
f 1369/1369/1369 1370/1370/1370 1467/1467/1467
f 1369/1369/1369 1467/1467/1467 1466/1466/1466
f 1370/1370/1370 1371/1371/1371 1468/1468/1468
f 1370/1370/1370 1468/1468/1468 1467/1467/1467
f 1371/1371/1371 1372/1372/1372 1469/1469/1469
f 1371/1371/1371 1469/1469/1469 1468/1468/1468
f 1372/1372/1372 1373/1373/1373 1470/1470/1470
f 1372/1372/1372 1470/1470/1470 1469/1469/1469
f 1373/1373/1373 1374/1374/1374 1471/1471/1471
f 1373/1373/1373 1471/1471/1471 1470/1470/1470
f 1374/1374/1374 1375/1375/1375 1472/1472/1472
f 1374/1374/1374 1472/1472/1472 1471/1471/1471
f 1375/1375/1375 1376/1376/1376 1473/1473/1473
f 1375/1375/1375 1473/1473/1473 1472/1472/1472
f 1376/1376/1376 1377/1377/1377 1474/1474/1474
f 1376/1376/1376 1474/1474/1474 1473/1473/1473
f 1377/1377/1377 1378/1378/1378 1475/1475/1475
f 1377/1377/1377 1475/1475/1475 1474/1474/1474
f 1378/1378/1378 1379/1379/1379 1476/1476/1476
f 1378/1378/1378 1476/1476/1476 1475/1475/1475
f 1379/1379/1379 1380/1380/1380 1477/1477/1477
f 1379/1379/1379 1477/1477/1477 1476/1476/1476
f 1380/1380/1380 1381/1381/1381 1478/1478/1478
f 1380/1380/1380 1478/1478/1478 1477/1477/1477
f 1381/1381/1381 1382/1382/1382 1479/1479/1479
f 1381/1381/1381 1479/1479/1479 1478/1478/1478
f 1382/1382/1382 1383/1383/1383 1480/1480/1480
f 1382/1382/1382 1480/1480/1480 1479/1479/1479
f 1383/1383/1383 1384/1384/1384 1481/1481/1481
f 1383/1383/1383 1481/1481/1481 1480/1480/1480
f 1384/1384/1384 1385/1385/1385 1482/1482/1482
f 1384/1384/1384 1482/1482/1482 1481/1481/1481
f 1385/1385/1385 1386/1386/1386 1483/1483/1483
f 1385/1385/1385 1483/1483/1483 1482/1482/1482
f 1386/1386/1386 1387/1387/1387 1484/1484/1484
f 1386/1386/1386 1484/1484/1484 1483/1483/1483
f 1387/1387/1387 1388/1388/1388 1485/1485/1485
f 1387/1387/1387 1485/1485/1485 1484/1484/1484
f 1388/1388/1388 1389/1389/1389 1486/1486/1486
f 1388/1388/1388 1486/1486/1486 1485/1485/1485
f 1389/1389/1389 1390/1390/1390 1487/1487/1487
f 1389/1389/1389 1487/1487/1487 1486/1486/1486
f 1390/1390/1390 1391/1391/1391 1488/1488/1488
f 1390/1390/1390 1488/1488/1488 1487/1487/1487
f 1391/1391/1391 1392/1392/1392 1489/1489/1489
f 1391/1391/1391 1489/1489/1489 1488/1488/1488
f 1392/1392/1392 1393/1393/1393 1490/1490/1490
f 1392/1392/1392 1490/1490/1490 1489/1489/1489
f 1393/1393/1393 1394/1394/1394 1491/1491/1491
f 1393/1393/1393 1491/1491/1491 1490/1490/1490
f 1394/1394/1394 1395/1395/1395 1492/1492/1492
f 1394/1394/1394 1492/1492/1492 1491/1491/1491
f 1395/1395/1395 1396/1396/1396 1493/1493/1493
f 1395/1395/1395 1493/1493/1493 1492/1492/1492
f 1396/1396/1396 1397/1397/1397 1494/1494/1494
f 1396/1396/1396 1494/1494/1494 1493/1493/1493
f 1397/1397/1397 1398/1398/1398 1495/1495/1495
f 1397/1397/1397 1495/1495/1495 1494/1494/1494
f 1398/1398/1398 1399/1399/1399 1496/1496/1496
f 1398/1398/1398 1496/1496/1496 1495/1495/1495
f 1399/1399/1399 1400/1400/1400 1497/1497/1497
f 1399/1399/1399 1497/1497/1497 1496/1496/1496
f 1400/1400/1400 1401/1401/1401 1498/1498/1498
f 1400/1400/1400 1498/1498/1498 1497/1497/1497
f 1401/1401/1401 1402/1402/1402 1499/1499/1499
f 1401/1401/1401 1499/1499/1499 1498/1498/1498
f 1402/1402/1402 1403/1403/1403 1500/1500/1500
f 1402/1402/1402 1500/1500/1500 1499/1499/1499
f 1403/1403/1403 1404/1404/1404 1501/1501/1501
f 1403/1403/1403 1501/1501/1501 1500/1500/1500
f 1404/1404/1404 1405/1405/1405 1502/1502/1502
f 1404/1404/1404 1502/1502/1502 1501/1501/1501
f 1405/1405/1405 1406/1406/1406 1503/1503/1503
f 1405/1405/1405 1503/1503/1503 1502/1502/1502
f 1406/1406/1406 1407/1407/1407 1504/1504/1504
f 1406/1406/1406 1504/1504/1504 1503/1503/1503
f 1407/1407/1407 1408/1408/1408 1505/1505/1505
f 1407/1407/1407 1505/1505/1505 1504/1504/1504
f 1408/1408/1408 1409/1409/1409 1506/1506/1506
f 1408/1408/1408 1506/1506/1506 1505/1505/1505
f 1409/1409/1409 1410/1410/1410 1507/1507/1507
f 1409/1409/1409 1507/1507/1507 1506/1506/1506
f 1410/1410/1410 1411/1411/1411 1508/1508/1508
f 1410/1410/1410 1508/1508/1508 1507/1507/1507
f 1411/1411/1411 1412/1412/1412 1509/1509/1509
f 1411/1411/1411 1509/1509/1509 1508/1508/1508
f 1412/1412/1412 1413/1413/1413 1510/1510/1510
f 1412/1412/1412 1510/1510/1510 1509/1509/1509
f 1413/1413/1413 1414/1414/1414 1511/1511/1511
f 1413/1413/1413 1511/1511/1511 1510/1510/1510
f 1414/1414/1414 1415/1415/1415 1512/1512/1512
f 1414/1414/1414 1512/1512/1512 1511/1511/1511
f 1415/1415/1415 1416/1416/1416 1513/1513/1513
f 1415/1415/1415 1513/1513/1513 1512/1512/1512
f 1416/1416/1416 1417/1417/1417 1514/1514/1514
f 1416/1416/1416 1514/1514/1514 1513/1513/1513
f 1417/1417/1417 1418/1418/1418 1515/1515/1515
f 1417/1417/1417 1515/1515/1515 1514/1514/1514
f 1418/1418/1418 1419/1419/1419 1516/1516/1516
f 1418/1418/1418 1516/1516/1516 1515/1515/1515
f 1419/1419/1419 1420/1420/1420 1517/1517/1517
f 1419/1419/1419 1517/1517/1517 1516/1516/1516
f 1420/1420/1420 1421/1421/1421 1518/1518/1518
f 1420/1420/1420 1518/1518/1518 1517/1517/1517
f 1421/1421/1421 1422/1422/1422 1519/1519/1519
f 1421/1421/1421 1519/1519/1519 1518/1518/1518
f 1422/1422/1422 1423/1423/1423 1520/1520/1520
f 1422/1422/1422 1520/1520/1520 1519/1519/1519
f 1423/1423/1423 1424/1424/1424 1521/1521/1521
f 1423/1423/1423 1521/1521/1521 1520/1520/1520
f 1424/1424/1424 1425/1425/1425 1522/1522/1522
f 1424/1424/1424 1522/1522/1522 1521/1521/1521
f 1425/1425/1425 1426/1426/1426 1523/1523/1523
f 1425/1425/1425 1523/1523/1523 1522/1522/1522
f 1426/1426/1426 1427/1427/1427 1524/1524/1524
f 1426/1426/1426 1524/1524/1524 1523/1523/1523
f 1427/1427/1427 1428/1428/1428 1525/1525/1525
f 1427/1427/1427 1525/1525/1525 1524/1524/1524
f 1428/1428/1428 1429/1429/1429 1526/1526/1526
f 1428/1428/1428 1526/1526/1526 1525/1525/1525
f 1429/1429/1429 1430/1430/1430 1527/1527/1527
f 1429/1429/1429 1527/1527/1527 1526/1526/1526
f 1430/1430/1430 1431/1431/1431 1528/1528/1528
f 1430/1430/1430 1528/1528/1528 1527/1527/1527
f 1431/1431/1431 1432/1432/1432 1529/1529/1529
f 1431/1431/1431 1529/1529/1529 1528/1528/1528
f 1432/1432/1432 1433/1433/1433 1530/1530/1530
f 1432/1432/1432 1530/1530/1530 1529/1529/1529
f 1433/1433/1433 1434/1434/1434 1531/1531/1531
f 1433/1433/1433 1531/1531/1531 1530/1530/1530
f 1434/1434/1434 1435/1435/1435 1532/1532/1532
f 1434/1434/1434 1532/1532/1532 1531/1531/1531
f 1435/1435/1435 1436/1436/1436 1533/1533/1533
f 1435/1435/1435 1533/1533/1533 1532/1532/1532
f 1436/1436/1436 1437/1437/1437 1534/1534/1534
f 1436/1436/1436 1534/1534/1534 1533/1533/1533
f 1437/1437/1437 1438/1438/1438 1535/1535/1535
f 1437/1437/1437 1535/1535/1535 1534/1534/1534
f 1438/1438/1438 1439/1439/1439 1536/1536/1536
f 1438/1438/1438 1536/1536/1536 1535/1535/1535
f 1439/1439/1439 1440/1440/1440 1537/1537/1537
f 1439/1439/1439 1537/1537/1537 1536/1536/1536
f 1440/1440/1440 1441/1441/1441 1538/1538/1538
f 1440/1440/1440 1538/1538/1538 1537/1537/1537
f 1441/1441/1441 1442/1442/1442 1539/1539/1539
f 1441/1441/1441 1539/1539/1539 1538/1538/1538
f 1442/1442/1442 1443/1443/1443 1540/1540/1540
f 1442/1442/1442 1540/1540/1540 1539/1539/1539
f 1443/1443/1443 1444/1444/1444 1541/1541/1541
f 1443/1443/1443 1541/1541/1541 1540/1540/1540
f 1444/1444/1444 1445/1445/1445 1542/1542/1542
f 1444/1444/1444 1542/1542/1542 1541/1541/1541
f 1445/1445/1445 1446/1446/1446 1543/1543/1543
f 1445/1445/1445 1543/1543/1543 1542/1542/1542
f 1446/1446/1446 1447/1447/1447 1544/1544/1544
f 1446/1446/1446 1544/1544/1544 1543/1543/1543
f 1447/1447/1447 1448/1448/1448 1545/1545/1545
f 1447/1447/1447 1545/1545/1545 1544/1544/1544
f 1448/1448/1448 1449/1449/1449 1546/1546/1546
f 1448/1448/1448 1546/1546/1546 1545/1545/1545
f 1449/1449/1449 1450/1450/1450 1547/1547/1547
f 1449/1449/1449 1547/1547/1547 1546/1546/1546
f 1450/1450/1450 1451/1451/1451 1548/1548/1548
f 1450/1450/1450 1548/1548/1548 1547/1547/1547
f 1451/1451/1451 1452/1452/1452 1549/1549/1549
f 1451/1451/1451 1549/1549/1549 1548/1548/1548
f 1452/1452/1452 1453/1453/1453 1550/1550/1550
f 1452/1452/1452 1550/1550/1550 1549/1549/1549
f 1453/1453/1453 1454/1454/1454 1551/1551/1551
f 1453/1453/1453 1551/1551/1551 1550/1550/1550
f 1454/1454/1454 1455/1455/1455 1552/1552/1552
f 1454/1454/1454 1552/1552/1552 1551/1551/1551
f 1456/1456/1456 1457/1457/1457 1554/1554/1554
f 1456/1456/1456 1554/1554/1554 1553/1553/1553
f 1457/1457/1457 1458/1458/1458 1555/1555/1555
f 1457/1457/1457 1555/1555/1555 1554/1554/1554
f 1458/1458/1458 1459/1459/1459 1556/1556/1556
f 1458/1458/1458 1556/1556/1556 1555/1555/1555
f 1459/1459/1459 1460/1460/1460 1557/1557/1557
f 1459/1459/1459 1557/1557/1557 1556/1556/1556
f 1460/1460/1460 1461/1461/1461 1558/1558/1558
f 1460/1460/1460 1558/1558/1558 1557/1557/1557
f 1461/1461/1461 1462/1462/1462 1559/1559/1559
f 1461/1461/1461 1559/1559/1559 1558/1558/1558
f 1462/1462/1462 1463/1463/1463 1560/1560/1560
f 1462/1462/1462 1560/1560/1560 1559/1559/1559
f 1463/1463/1463 1464/1464/1464 1561/1561/1561
f 1463/1463/1463 1561/1561/1561 1560/1560/1560
f 1464/1464/1464 1465/1465/1465 1562/1562/1562
f 1464/1464/1464 1562/1562/1562 1561/1561/1561
f 1465/1465/1465 1466/1466/1466 1563/1563/1563
f 1465/1465/1465 1563/1563/1563 1562/1562/1562
f 1466/1466/1466 1467/1467/1467 1564/1564/1564
f 1466/1466/1466 1564/1564/1564 1563/1563/1563
f 1467/1467/1467 1468/1468/1468 1565/1565/1565
f 1467/1467/1467 1565/1565/1565 1564/1564/1564
f 1468/1468/1468 1469/1469/1469 1566/1566/1566
f 1468/1468/1468 1566/1566/1566 1565/1565/1565
f 1469/1469/1469 1470/1470/1470 1567/1567/1567
f 1469/1469/1469 1567/1567/1567 1566/1566/1566
f 1470/1470/1470 1471/1471/1471 1568/1568/1568
f 1470/1470/1470 1568/1568/1568 1567/1567/1567
f 1471/1471/1471 1472/1472/1472 1569/1569/1569
f 1471/1471/1471 1569/1569/1569 1568/1568/1568
f 1472/1472/1472 1473/1473/1473 1570/1570/1570
f 1472/1472/1472 1570/1570/1570 1569/1569/1569
f 1473/1473/1473 1474/1474/1474 1571/1571/1571
f 1473/1473/1473 1571/1571/1571 1570/1570/1570
f 1474/1474/1474 1475/1475/1475 1572/1572/1572
f 1474/1474/1474 1572/1572/1572 1571/1571/1571
f 1475/1475/1475 1476/1476/1476 1573/1573/1573
f 1475/1475/1475 1573/1573/1573 1572/1572/1572
f 1476/1476/1476 1477/1477/1477 1574/1574/1574
f 1476/1476/1476 1574/1574/1574 1573/1573/1573
f 1477/1477/1477 1478/1478/1478 1575/1575/1575
f 1477/1477/1477 1575/1575/1575 1574/1574/1574
f 1478/1478/1478 1479/1479/1479 1576/1576/1576
f 1478/1478/1478 1576/1576/1576 1575/1575/1575
f 1479/1479/1479 1480/1480/1480 1577/1577/1577
f 1479/1479/1479 1577/1577/1577 1576/1576/1576
f 1480/1480/1480 1481/1481/1481 1578/1578/1578
f 1480/1480/1480 1578/1578/1578 1577/1577/1577
f 1481/1481/1481 1482/1482/1482 1579/1579/1579
f 1481/1481/1481 1579/1579/1579 1578/1578/1578
f 1482/1482/1482 1483/1483/1483 1580/1580/1580
f 1482/1482/1482 1580/1580/1580 1579/1579/1579
f 1483/1483/1483 1484/1484/1484 1581/1581/1581
f 1483/1483/1483 1581/1581/1581 1580/1580/1580
f 1484/1484/1484 1485/1485/1485 1582/1582/1582
f 1484/1484/1484 1582/1582/1582 1581/1581/1581
f 1485/1485/1485 1486/1486/1486 1583/1583/1583
f 1485/1485/1485 1583/1583/1583 1582/1582/1582
f 1486/1486/1486 1487/1487/1487 1584/1584/1584
f 1486/1486/1486 1584/1584/1584 1583/1583/1583
f 1487/1487/1487 1488/1488/1488 1585/1585/1585
f 1487/1487/1487 1585/1585/1585 1584/1584/1584
f 1488/1488/1488 1489/1489/1489 1586/1586/1586
f 1488/1488/1488 1586/1586/1586 1585/1585/1585
f 1489/1489/1489 1490/1490/1490 1587/1587/1587
f 1489/1489/1489 1587/1587/1587 1586/1586/1586
f 1490/1490/1490 1491/1491/1491 1588/1588/1588
f 1490/1490/1490 1588/1588/1588 1587/1587/1587
f 1491/1491/1491 1492/1492/1492 1589/1589/1589
f 1491/1491/1491 1589/1589/1589 1588/1588/1588
f 1492/1492/1492 1493/1493/1493 1590/1590/1590
f 1492/1492/1492 1590/1590/1590 1589/1589/1589
f 1493/1493/1493 1494/1494/1494 1591/1591/1591
f 1493/1493/1493 1591/1591/1591 1590/1590/1590
f 1494/1494/1494 1495/1495/1495 1592/1592/1592
f 1494/1494/1494 1592/1592/1592 1591/1591/1591
f 1495/1495/1495 1496/1496/1496 1593/1593/1593
f 1495/1495/1495 1593/1593/1593 1592/1592/1592
f 1496/1496/1496 1497/1497/1497 1594/1594/1594
f 1496/1496/1496 1594/1594/1594 1593/1593/1593
f 1497/1497/1497 1498/1498/1498 1595/1595/1595
f 1497/1497/1497 1595/1595/1595 1594/1594/1594
f 1498/1498/1498 1499/1499/1499 1596/1596/1596
f 1498/1498/1498 1596/1596/1596 1595/1595/1595
f 1499/1499/1499 1500/1500/1500 1597/1597/1597
f 1499/1499/1499 1597/1597/1597 1596/1596/1596
f 1500/1500/1500 1501/1501/1501 1598/1598/1598
f 1500/1500/1500 1598/1598/1598 1597/1597/1597
f 1501/1501/1501 1502/1502/1502 1599/1599/1599
f 1501/1501/1501 1599/1599/1599 1598/1598/1598
f 1502/1502/1502 1503/1503/1503 1600/1600/1600
f 1502/1502/1502 1600/1600/1600 1599/1599/1599
f 1503/1503/1503 1504/1504/1504 1601/1601/1601
f 1503/1503/1503 1601/1601/1601 1600/1600/1600
f 1504/1504/1504 1505/1505/1505 1602/1602/1602
f 1504/1504/1504 1602/1602/1602 1601/1601/1601
f 1505/1505/1505 1506/1506/1506 1603/1603/1603
f 1505/1505/1505 1603/1603/1603 1602/1602/1602
f 1506/1506/1506 1507/1507/1507 1604/1604/1604
f 1506/1506/1506 1604/1604/1604 1603/1603/1603
f 1507/1507/1507 1508/1508/1508 1605/1605/1605
f 1507/1507/1507 1605/1605/1605 1604/1604/1604
f 1508/1508/1508 1509/1509/1509 1606/1606/1606
f 1508/1508/1508 1606/1606/1606 1605/1605/1605
f 1509/1509/1509 1510/1510/1510 1607/1607/1607
f 1509/1509/1509 1607/1607/1607 1606/1606/1606
f 1510/1510/1510 1511/1511/1511 1608/1608/1608
f 1510/1510/1510 1608/1608/1608 1607/1607/1607
f 1511/1511/1511 1512/1512/1512 1609/1609/1609
f 1511/1511/1511 1609/1609/1609 1608/1608/1608
f 1512/1512/1512 1513/1513/1513 1610/1610/1610
f 1512/1512/1512 1610/1610/1610 1609/1609/1609
f 1513/1513/1513 1514/1514/1514 1611/1611/1611
f 1513/1513/1513 1611/1611/1611 1610/1610/1610
f 1514/1514/1514 1515/1515/1515 1612/1612/1612
f 1514/1514/1514 1612/1612/1612 1611/1611/1611
f 1515/1515/1515 1516/1516/1516 1613/1613/1613
f 1515/1515/1515 1613/1613/1613 1612/1612/1612
f 1516/1516/1516 1517/1517/1517 1614/1614/1614
f 1516/1516/1516 1614/1614/1614 1613/1613/1613
f 1517/1517/1517 1518/1518/1518 1615/1615/1615
f 1517/1517/1517 1615/1615/1615 1614/1614/1614
f 1518/1518/1518 1519/1519/1519 1616/1616/1616
f 1518/1518/1518 1616/1616/1616 1615/1615/1615
f 1519/1519/1519 1520/1520/1520 1617/1617/1617
f 1519/1519/1519 1617/1617/1617 1616/1616/1616
f 1520/1520/1520 1521/1521/1521 1618/1618/1618
f 1520/1520/1520 1618/1618/1618 1617/1617/1617
f 1521/1521/1521 1522/1522/1522 1619/1619/1619
f 1521/1521/1521 1619/1619/1619 1618/1618/1618
f 1522/1522/1522 1523/1523/1523 1620/1620/1620
f 1522/1522/1522 1620/1620/1620 1619/1619/1619
f 1523/1523/1523 1524/1524/1524 1621/1621/1621
f 1523/1523/1523 1621/1621/1621 1620/1620/1620
f 1524/1524/1524 1525/1525/1525 1622/1622/1622
f 1524/1524/1524 1622/1622/1622 1621/1621/1621
f 1525/1525/1525 1526/1526/1526 1623/1623/1623
f 1525/1525/1525 1623/1623/1623 1622/1622/1622
f 1526/1526/1526 1527/1527/1527 1624/1624/1624
f 1526/1526/1526 1624/1624/1624 1623/1623/1623
f 1527/1527/1527 1528/1528/1528 1625/1625/1625
f 1527/1527/1527 1625/1625/1625 1624/1624/1624
f 1528/1528/1528 1529/1529/1529 1626/1626/1626
f 1528/1528/1528 1626/1626/1626 1625/1625/1625
f 1529/1529/1529 1530/1530/1530 1627/1627/1627
f 1529/1529/1529 1627/1627/1627 1626/1626/1626
f 1530/1530/1530 1531/1531/1531 1628/1628/1628
f 1530/1530/1530 1628/1628/1628 1627/1627/1627
f 1531/1531/1531 1532/1532/1532 1629/1629/1629
f 1531/1531/1531 1629/1629/1629 1628/1628/1628
f 1532/1532/1532 1533/1533/1533 1630/1630/1630
f 1532/1532/1532 1630/1630/1630 1629/1629/1629
f 1533/1533/1533 1534/1534/1534 1631/1631/1631
f 1533/1533/1533 1631/1631/1631 1630/1630/1630
f 1534/1534/1534 1535/1535/1535 1632/1632/1632
f 1534/1534/1534 1632/1632/1632 1631/1631/1631
f 1535/1535/1535 1536/1536/1536 1633/1633/1633
f 1535/1535/1535 1633/1633/1633 1632/1632/1632
f 1536/1536/1536 1537/1537/1537 1634/1634/1634
f 1536/1536/1536 1634/1634/1634 1633/1633/1633
f 1537/1537/1537 1538/1538/1538 1635/1635/1635
f 1537/1537/1537 1635/1635/1635 1634/1634/1634
f 1538/1538/1538 1539/1539/1539 1636/1636/1636
f 1538/1538/1538 1636/1636/1636 1635/1635/1635
f 1539/1539/1539 1540/1540/1540 1637/1637/1637
f 1539/1539/1539 1637/1637/1637 1636/1636/1636
f 1540/1540/1540 1541/1541/1541 1638/1638/1638
f 1540/1540/1540 1638/1638/1638 1637/1637/1637
f 1541/1541/1541 1542/1542/1542 1639/1639/1639
f 1541/1541/1541 1639/1639/1639 1638/1638/1638
f 1542/1542/1542 1543/1543/1543 1640/1640/1640
f 1542/1542/1542 1640/1640/1640 1639/1639/1639
f 1543/1543/1543 1544/1544/1544 1641/1641/1641
f 1543/1543/1543 1641/1641/1641 1640/1640/1640
f 1544/1544/1544 1545/1545/1545 1642/1642/1642
f 1544/1544/1544 1642/1642/1642 1641/1641/1641
f 1545/1545/1545 1546/1546/1546 1643/1643/1643
f 1545/1545/1545 1643/1643/1643 1642/1642/1642
f 1546/1546/1546 1547/1547/1547 1644/1644/1644
f 1546/1546/1546 1644/1644/1644 1643/1643/1643
f 1547/1547/1547 1548/1548/1548 1645/1645/1645
f 1547/1547/1547 1645/1645/1645 1644/1644/1644
f 1548/1548/1548 1549/1549/1549 1646/1646/1646
f 1548/1548/1548 1646/1646/1646 1645/1645/1645
f 1549/1549/1549 1550/1550/1550 1647/1647/1647
f 1549/1549/1549 1647/1647/1647 1646/1646/1646
f 1550/1550/1550 1551/1551/1551 1648/1648/1648
f 1550/1550/1550 1648/1648/1648 1647/1647/1647
f 1551/1551/1551 1552/1552/1552 1649/1649/1649
f 1551/1551/1551 1649/1649/1649 1648/1648/1648
f 1553/1553/1553 1554/1554/1554 1651/1651/1651
f 1553/1553/1553 1651/1651/1651 1650/1650/1650
f 1554/1554/1554 1555/1555/1555 1652/1652/1652
f 1554/1554/1554 1652/1652/1652 1651/1651/1651
f 1555/1555/1555 1556/1556/1556 1653/1653/1653
f 1555/1555/1555 1653/1653/1653 1652/1652/1652
f 1556/1556/1556 1557/1557/1557 1654/1654/1654
f 1556/1556/1556 1654/1654/1654 1653/1653/1653
f 1557/1557/1557 1558/1558/1558 1655/1655/1655
f 1557/1557/1557 1655/1655/1655 1654/1654/1654
f 1558/1558/1558 1559/1559/1559 1656/1656/1656
f 1558/1558/1558 1656/1656/1656 1655/1655/1655
f 1559/1559/1559 1560/1560/1560 1657/1657/1657
f 1559/1559/1559 1657/1657/1657 1656/1656/1656
f 1560/1560/1560 1561/1561/1561 1658/1658/1658
f 1560/1560/1560 1658/1658/1658 1657/1657/1657
f 1561/1561/1561 1562/1562/1562 1659/1659/1659
f 1561/1561/1561 1659/1659/1659 1658/1658/1658
f 1562/1562/1562 1563/1563/1563 1660/1660/1660
f 1562/1562/1562 1660/1660/1660 1659/1659/1659
f 1563/1563/1563 1564/1564/1564 1661/1661/1661
f 1563/1563/1563 1661/1661/1661 1660/1660/1660
f 1564/1564/1564 1565/1565/1565 1662/1662/1662
f 1564/1564/1564 1662/1662/1662 1661/1661/1661
f 1565/1565/1565 1566/1566/1566 1663/1663/1663
f 1565/1565/1565 1663/1663/1663 1662/1662/1662
f 1566/1566/1566 1567/1567/1567 1664/1664/1664
f 1566/1566/1566 1664/1664/1664 1663/1663/1663
f 1567/1567/1567 1568/1568/1568 1665/1665/1665
f 1567/1567/1567 1665/1665/1665 1664/1664/1664
f 1568/1568/1568 1569/1569/1569 1666/1666/1666
f 1568/1568/1568 1666/1666/1666 1665/1665/1665
f 1569/1569/1569 1570/1570/1570 1667/1667/1667
f 1569/1569/1569 1667/1667/1667 1666/1666/1666
f 1570/1570/1570 1571/1571/1571 1668/1668/1668
f 1570/1570/1570 1668/1668/1668 1667/1667/1667
f 1571/1571/1571 1572/1572/1572 1669/1669/1669
f 1571/1571/1571 1669/1669/1669 1668/1668/1668
f 1572/1572/1572 1573/1573/1573 1670/1670/1670
f 1572/1572/1572 1670/1670/1670 1669/1669/1669
f 1573/1573/1573 1574/1574/1574 1671/1671/1671
f 1573/1573/1573 1671/1671/1671 1670/1670/1670
f 1574/1574/1574 1575/1575/1575 1672/1672/1672
f 1574/1574/1574 1672/1672/1672 1671/1671/1671
f 1575/1575/1575 1576/1576/1576 1673/1673/1673
f 1575/1575/1575 1673/1673/1673 1672/1672/1672
f 1576/1576/1576 1577/1577/1577 1674/1674/1674
f 1576/1576/1576 1674/1674/1674 1673/1673/1673
f 1577/1577/1577 1578/1578/1578 1675/1675/1675
f 1577/1577/1577 1675/1675/1675 1674/1674/1674
f 1578/1578/1578 1579/1579/1579 1676/1676/1676
f 1578/1578/1578 1676/1676/1676 1675/1675/1675
f 1579/1579/1579 1580/1580/1580 1677/1677/1677
f 1579/1579/1579 1677/1677/1677 1676/1676/1676
f 1580/1580/1580 1581/1581/1581 1678/1678/1678
f 1580/1580/1580 1678/1678/1678 1677/1677/1677
f 1581/1581/1581 1582/1582/1582 1679/1679/1679
f 1581/1581/1581 1679/1679/1679 1678/1678/1678
f 1582/1582/1582 1583/1583/1583 1680/1680/1680
f 1582/1582/1582 1680/1680/1680 1679/1679/1679
f 1583/1583/1583 1584/1584/1584 1681/1681/1681
f 1583/1583/1583 1681/1681/1681 1680/1680/1680
f 1584/1584/1584 1585/1585/1585 1682/1682/1682
f 1584/1584/1584 1682/1682/1682 1681/1681/1681
f 1585/1585/1585 1586/1586/1586 1683/1683/1683
f 1585/1585/1585 1683/1683/1683 1682/1682/1682
f 1586/1586/1586 1587/1587/1587 1684/1684/1684
f 1586/1586/1586 1684/1684/1684 1683/1683/1683
f 1587/1587/1587 1588/1588/1588 1685/1685/1685
f 1587/1587/1587 1685/1685/1685 1684/1684/1684
f 1588/1588/1588 1589/1589/1589 1686/1686/1686
f 1588/1588/1588 1686/1686/1686 1685/1685/1685
f 1589/1589/1589 1590/1590/1590 1687/1687/1687
f 1589/1589/1589 1687/1687/1687 1686/1686/1686
f 1590/1590/1590 1591/1591/1591 1688/1688/1688
f 1590/1590/1590 1688/1688/1688 1687/1687/1687
f 1591/1591/1591 1592/1592/1592 1689/1689/1689
f 1591/1591/1591 1689/1689/1689 1688/1688/1688
f 1592/1592/1592 1593/1593/1593 1690/1690/1690
f 1592/1592/1592 1690/1690/1690 1689/1689/1689
f 1593/1593/1593 1594/1594/1594 1691/1691/1691
f 1593/1593/1593 1691/1691/1691 1690/1690/1690
f 1594/1594/1594 1595/1595/1595 1692/1692/1692
f 1594/1594/1594 1692/1692/1692 1691/1691/1691
f 1595/1595/1595 1596/1596/1596 1693/1693/1693
f 1595/1595/1595 1693/1693/1693 1692/1692/1692
f 1596/1596/1596 1597/1597/1597 1694/1694/1694
f 1596/1596/1596 1694/1694/1694 1693/1693/1693
f 1597/1597/1597 1598/1598/1598 1695/1695/1695
f 1597/1597/1597 1695/1695/1695 1694/1694/1694
f 1598/1598/1598 1599/1599/1599 1696/1696/1696
f 1598/1598/1598 1696/1696/1696 1695/1695/1695
f 1599/1599/1599 1600/1600/1600 1697/1697/1697
f 1599/1599/1599 1697/1697/1697 1696/1696/1696
f 1600/1600/1600 1601/1601/1601 1698/1698/1698
f 1600/1600/1600 1698/1698/1698 1697/1697/1697
f 1601/1601/1601 1602/1602/1602 1699/1699/1699
f 1601/1601/1601 1699/1699/1699 1698/1698/1698
f 1602/1602/1602 1603/1603/1603 1700/1700/1700
f 1602/1602/1602 1700/1700/1700 1699/1699/1699
f 1603/1603/1603 1604/1604/1604 1701/1701/1701
f 1603/1603/1603 1701/1701/1701 1700/1700/1700
f 1604/1604/1604 1605/1605/1605 1702/1702/1702
f 1604/1604/1604 1702/1702/1702 1701/1701/1701
f 1605/1605/1605 1606/1606/1606 1703/1703/1703
f 1605/1605/1605 1703/1703/1703 1702/1702/1702
f 1606/1606/1606 1607/1607/1607 1704/1704/1704
f 1606/1606/1606 1704/1704/1704 1703/1703/1703
f 1607/1607/1607 1608/1608/1608 1705/1705/1705
f 1607/1607/1607 1705/1705/1705 1704/1704/1704
f 1608/1608/1608 1609/1609/1609 1706/1706/1706
f 1608/1608/1608 1706/1706/1706 1705/1705/1705
f 1609/1609/1609 1610/1610/1610 1707/1707/1707
f 1609/1609/1609 1707/1707/1707 1706/1706/1706
f 1610/1610/1610 1611/1611/1611 1708/1708/1708
f 1610/1610/1610 1708/1708/1708 1707/1707/1707
f 1611/1611/1611 1612/1612/1612 1709/1709/1709
f 1611/1611/1611 1709/1709/1709 1708/1708/1708
f 1612/1612/1612 1613/1613/1613 1710/1710/1710
f 1612/1612/1612 1710/1710/1710 1709/1709/1709
f 1613/1613/1613 1614/1614/1614 1711/1711/1711
f 1613/1613/1613 1711/1711/1711 1710/1710/1710
f 1614/1614/1614 1615/1615/1615 1712/1712/1712
f 1614/1614/1614 1712/1712/1712 1711/1711/1711
f 1615/1615/1615 1616/1616/1616 1713/1713/1713
f 1615/1615/1615 1713/1713/1713 1712/1712/1712
f 1616/1616/1616 1617/1617/1617 1714/1714/1714
f 1616/1616/1616 1714/1714/1714 1713/1713/1713
f 1617/1617/1617 1618/1618/1618 1715/1715/1715
f 1617/1617/1617 1715/1715/1715 1714/1714/1714
f 1618/1618/1618 1619/1619/1619 1716/1716/1716
f 1618/1618/1618 1716/1716/1716 1715/1715/1715
f 1619/1619/1619 1620/1620/1620 1717/1717/1717
f 1619/1619/1619 1717/1717/1717 1716/1716/1716
f 1620/1620/1620 1621/1621/1621 1718/1718/1718
f 1620/1620/1620 1718/1718/1718 1717/1717/1717
f 1621/1621/1621 1622/1622/1622 1719/1719/1719
f 1621/1621/1621 1719/1719/1719 1718/1718/1718
f 1622/1622/1622 1623/1623/1623 1720/1720/1720
f 1622/1622/1622 1720/1720/1720 1719/1719/1719
f 1623/1623/1623 1624/1624/1624 1721/1721/1721
f 1623/1623/1623 1721/1721/1721 1720/1720/1720
f 1624/1624/1624 1625/1625/1625 1722/1722/1722
f 1624/1624/1624 1722/1722/1722 1721/1721/1721
f 1625/1625/1625 1626/1626/1626 1723/1723/1723
f 1625/1625/1625 1723/1723/1723 1722/1722/1722
f 1626/1626/1626 1627/1627/1627 1724/1724/1724
f 1626/1626/1626 1724/1724/1724 1723/1723/1723
f 1627/1627/1627 1628/1628/1628 1725/1725/1725
f 1627/1627/1627 1725/1725/1725 1724/1724/1724
f 1628/1628/1628 1629/1629/1629 1726/1726/1726
f 1628/1628/1628 1726/1726/1726 1725/1725/1725
f 1629/1629/1629 1630/1630/1630 1727/1727/1727
f 1629/1629/1629 1727/1727/1727 1726/1726/1726
f 1630/1630/1630 1631/1631/1631 1728/1728/1728
f 1630/1630/1630 1728/1728/1728 1727/1727/1727
f 1631/1631/1631 1632/1632/1632 1729/1729/1729
f 1631/1631/1631 1729/1729/1729 1728/1728/1728
f 1632/1632/1632 1633/1633/1633 1730/1730/1730
f 1632/1632/1632 1730/1730/1730 1729/1729/1729
f 1633/1633/1633 1634/1634/1634 1731/1731/1731
f 1633/1633/1633 1731/1731/1731 1730/1730/1730
f 1634/1634/1634 1635/1635/1635 1732/1732/1732
f 1634/1634/1634 1732/1732/1732 1731/1731/1731
f 1635/1635/1635 1636/1636/1636 1733/1733/1733
f 1635/1635/1635 1733/1733/1733 1732/1732/1732
f 1636/1636/1636 1637/1637/1637 1734/1734/1734
f 1636/1636/1636 1734/1734/1734 1733/1733/1733
f 1637/1637/1637 1638/1638/1638 1735/1735/1735
f 1637/1637/1637 1735/1735/1735 1734/1734/1734
f 1638/1638/1638 1639/1639/1639 1736/1736/1736
f 1638/1638/1638 1736/1736/1736 1735/1735/1735
f 1639/1639/1639 1640/1640/1640 1737/1737/1737
f 1639/1639/1639 1737/1737/1737 1736/1736/1736
f 1640/1640/1640 1641/1641/1641 1738/1738/1738
f 1640/1640/1640 1738/1738/1738 1737/1737/1737
f 1641/1641/1641 1642/1642/1642 1739/1739/1739
f 1641/1641/1641 1739/1739/1739 1738/1738/1738
f 1642/1642/1642 1643/1643/1643 1740/1740/1740
f 1642/1642/1642 1740/1740/1740 1739/1739/1739
f 1643/1643/1643 1644/1644/1644 1741/1741/1741
f 1643/1643/1643 1741/1741/1741 1740/1740/1740
f 1644/1644/1644 1645/1645/1645 1742/1742/1742
f 1644/1644/1644 1742/1742/1742 1741/1741/1741
f 1645/1645/1645 1646/1646/1646 1743/1743/1743
f 1645/1645/1645 1743/1743/1743 1742/1742/1742
f 1646/1646/1646 1647/1647/1647 1744/1744/1744
f 1646/1646/1646 1744/1744/1744 1743/1743/1743
f 1647/1647/1647 1648/1648/1648 1745/1745/1745
f 1647/1647/1647 1745/1745/1745 1744/1744/1744
f 1648/1648/1648 1649/1649/1649 1746/1746/1746
f 1648/1648/1648 1746/1746/1746 1745/1745/1745
f 1650/1650/1650 1651/1651/1651 1748/1748/1748
f 1650/1650/1650 1748/1748/1748 1747/1747/1747
f 1651/1651/1651 1652/1652/1652 1749/1749/1749
f 1651/1651/1651 1749/1749/1749 1748/1748/1748
f 1652/1652/1652 1653/1653/1653 1750/1750/1750
f 1652/1652/1652 1750/1750/1750 1749/1749/1749
f 1653/1653/1653 1654/1654/1654 1751/1751/1751
f 1653/1653/1653 1751/1751/1751 1750/1750/1750
f 1654/1654/1654 1655/1655/1655 1752/1752/1752
f 1654/1654/1654 1752/1752/1752 1751/1751/1751
f 1655/1655/1655 1656/1656/1656 1753/1753/1753
f 1655/1655/1655 1753/1753/1753 1752/1752/1752
f 1656/1656/1656 1657/1657/1657 1754/1754/1754
f 1656/1656/1656 1754/1754/1754 1753/1753/1753
f 1657/1657/1657 1658/1658/1658 1755/1755/1755
f 1657/1657/1657 1755/1755/1755 1754/1754/1754
f 1658/1658/1658 1659/1659/1659 1756/1756/1756
f 1658/1658/1658 1756/1756/1756 1755/1755/1755
f 1659/1659/1659 1660/1660/1660 1757/1757/1757
f 1659/1659/1659 1757/1757/1757 1756/1756/1756
f 1660/1660/1660 1661/1661/1661 1758/1758/1758
f 1660/1660/1660 1758/1758/1758 1757/1757/1757
f 1661/1661/1661 1662/1662/1662 1759/1759/1759
f 1661/1661/1661 1759/1759/1759 1758/1758/1758
f 1662/1662/1662 1663/1663/1663 1760/1760/1760
f 1662/1662/1662 1760/1760/1760 1759/1759/1759
f 1663/1663/1663 1664/1664/1664 1761/1761/1761
f 1663/1663/1663 1761/1761/1761 1760/1760/1760
f 1664/1664/1664 1665/1665/1665 1762/1762/1762
f 1664/1664/1664 1762/1762/1762 1761/1761/1761
f 1665/1665/1665 1666/1666/1666 1763/1763/1763
f 1665/1665/1665 1763/1763/1763 1762/1762/1762
f 1666/1666/1666 1667/1667/1667 1764/1764/1764
f 1666/1666/1666 1764/1764/1764 1763/1763/1763
f 1667/1667/1667 1668/1668/1668 1765/1765/1765
f 1667/1667/1667 1765/1765/1765 1764/1764/1764
f 1668/1668/1668 1669/1669/1669 1766/1766/1766
f 1668/1668/1668 1766/1766/1766 1765/1765/1765
f 1669/1669/1669 1670/1670/1670 1767/1767/1767
f 1669/1669/1669 1767/1767/1767 1766/1766/1766
f 1670/1670/1670 1671/1671/1671 1768/1768/1768
f 1670/1670/1670 1768/1768/1768 1767/1767/1767
f 1671/1671/1671 1672/1672/1672 1769/1769/1769
f 1671/1671/1671 1769/1769/1769 1768/1768/1768
f 1672/1672/1672 1673/1673/1673 1770/1770/1770
f 1672/1672/1672 1770/1770/1770 1769/1769/1769
f 1673/1673/1673 1674/1674/1674 1771/1771/1771
f 1673/1673/1673 1771/1771/1771 1770/1770/1770
f 1674/1674/1674 1675/1675/1675 1772/1772/1772
f 1674/1674/1674 1772/1772/1772 1771/1771/1771
f 1675/1675/1675 1676/1676/1676 1773/1773/1773
f 1675/1675/1675 1773/1773/1773 1772/1772/1772
f 1676/1676/1676 1677/1677/1677 1774/1774/1774
f 1676/1676/1676 1774/1774/1774 1773/1773/1773
f 1677/1677/1677 1678/1678/1678 1775/1775/1775
f 1677/1677/1677 1775/1775/1775 1774/1774/1774
f 1678/1678/1678 1679/1679/1679 1776/1776/1776
f 1678/1678/1678 1776/1776/1776 1775/1775/1775
f 1679/1679/1679 1680/1680/1680 1777/1777/1777
f 1679/1679/1679 1777/1777/1777 1776/1776/1776
f 1680/1680/1680 1681/1681/1681 1778/1778/1778
f 1680/1680/1680 1778/1778/1778 1777/1777/1777
f 1681/1681/1681 1682/1682/1682 1779/1779/1779
f 1681/1681/1681 1779/1779/1779 1778/1778/1778
f 1682/1682/1682 1683/1683/1683 1780/1780/1780
f 1682/1682/1682 1780/1780/1780 1779/1779/1779
f 1683/1683/1683 1684/1684/1684 1781/1781/1781
f 1683/1683/1683 1781/1781/1781 1780/1780/1780
f 1684/1684/1684 1685/1685/1685 1782/1782/1782
f 1684/1684/1684 1782/1782/1782 1781/1781/1781
f 1685/1685/1685 1686/1686/1686 1783/1783/1783
f 1685/1685/1685 1783/1783/1783 1782/1782/1782
f 1686/1686/1686 1687/1687/1687 1784/1784/1784
f 1686/1686/1686 1784/1784/1784 1783/1783/1783
f 1687/1687/1687 1688/1688/1688 1785/1785/1785
f 1687/1687/1687 1785/1785/1785 1784/1784/1784
f 1688/1688/1688 1689/1689/1689 1786/1786/1786
f 1688/1688/1688 1786/1786/1786 1785/1785/1785
f 1689/1689/1689 1690/1690/1690 1787/1787/1787
f 1689/1689/1689 1787/1787/1787 1786/1786/1786
f 1690/1690/1690 1691/1691/1691 1788/1788/1788
f 1690/1690/1690 1788/1788/1788 1787/1787/1787
f 1691/1691/1691 1692/1692/1692 1789/1789/1789
f 1691/1691/1691 1789/1789/1789 1788/1788/1788
f 1692/1692/1692 1693/1693/1693 1790/1790/1790
f 1692/1692/1692 1790/1790/1790 1789/1789/1789
f 1693/1693/1693 1694/1694/1694 1791/1791/1791
f 1693/1693/1693 1791/1791/1791 1790/1790/1790
f 1694/1694/1694 1695/1695/1695 1792/1792/1792
f 1694/1694/1694 1792/1792/1792 1791/1791/1791
f 1695/1695/1695 1696/1696/1696 1793/1793/1793
f 1695/1695/1695 1793/1793/1793 1792/1792/1792
f 1696/1696/1696 1697/1697/1697 1794/1794/1794
f 1696/1696/1696 1794/1794/1794 1793/1793/1793
f 1697/1697/1697 1698/1698/1698 1795/1795/1795
f 1697/1697/1697 1795/1795/1795 1794/1794/1794
f 1698/1698/1698 1699/1699/1699 1796/1796/1796
f 1698/1698/1698 1796/1796/1796 1795/1795/1795
f 1699/1699/1699 1700/1700/1700 1797/1797/1797
f 1699/1699/1699 1797/1797/1797 1796/1796/1796
f 1700/1700/1700 1701/1701/1701 1798/1798/1798
f 1700/1700/1700 1798/1798/1798 1797/1797/1797
f 1701/1701/1701 1702/1702/1702 1799/1799/1799
f 1701/1701/1701 1799/1799/1799 1798/1798/1798
f 1702/1702/1702 1703/1703/1703 1800/1800/1800
f 1702/1702/1702 1800/1800/1800 1799/1799/1799
f 1703/1703/1703 1704/1704/1704 1801/1801/1801
f 1703/1703/1703 1801/1801/1801 1800/1800/1800
f 1704/1704/1704 1705/1705/1705 1802/1802/1802
f 1704/1704/1704 1802/1802/1802 1801/1801/1801
f 1705/1705/1705 1706/1706/1706 1803/1803/1803
f 1705/1705/1705 1803/1803/1803 1802/1802/1802
f 1706/1706/1706 1707/1707/1707 1804/1804/1804
f 1706/1706/1706 1804/1804/1804 1803/1803/1803
f 1707/1707/1707 1708/1708/1708 1805/1805/1805
f 1707/1707/1707 1805/1805/1805 1804/1804/1804
f 1708/1708/1708 1709/1709/1709 1806/1806/1806
f 1708/1708/1708 1806/1806/1806 1805/1805/1805
f 1709/1709/1709 1710/1710/1710 1807/1807/1807
f 1709/1709/1709 1807/1807/1807 1806/1806/1806
f 1710/1710/1710 1711/1711/1711 1808/1808/1808
f 1710/1710/1710 1808/1808/1808 1807/1807/1807
f 1711/1711/1711 1712/1712/1712 1809/1809/1809
f 1711/1711/1711 1809/1809/1809 1808/1808/1808
f 1712/1712/1712 1713/1713/1713 1810/1810/1810
f 1712/1712/1712 1810/1810/1810 1809/1809/1809
f 1713/1713/1713 1714/1714/1714 1811/1811/1811
f 1713/1713/1713 1811/1811/1811 1810/1810/1810
f 1714/1714/1714 1715/1715/1715 1812/1812/1812
f 1714/1714/1714 1812/1812/1812 1811/1811/1811
f 1715/1715/1715 1716/1716/1716 1813/1813/1813
f 1715/1715/1715 1813/1813/1813 1812/1812/1812
f 1716/1716/1716 1717/1717/1717 1814/1814/1814
f 1716/1716/1716 1814/1814/1814 1813/1813/1813
f 1717/1717/1717 1718/1718/1718 1815/1815/1815
f 1717/1717/1717 1815/1815/1815 1814/1814/1814
f 1718/1718/1718 1719/1719/1719 1816/1816/1816
f 1718/1718/1718 1816/1816/1816 1815/1815/1815
f 1719/1719/1719 1720/1720/1720 1817/1817/1817
f 1719/1719/1719 1817/1817/1817 1816/1816/1816
f 1720/1720/1720 1721/1721/1721 1818/1818/1818
f 1720/1720/1720 1818/1818/1818 1817/1817/1817
f 1721/1721/1721 1722/1722/1722 1819/1819/1819
f 1721/1721/1721 1819/1819/1819 1818/1818/1818
f 1722/1722/1722 1723/1723/1723 1820/1820/1820
f 1722/1722/1722 1820/1820/1820 1819/1819/1819
f 1723/1723/1723 1724/1724/1724 1821/1821/1821
f 1723/1723/1723 1821/1821/1821 1820/1820/1820
f 1724/1724/1724 1725/1725/1725 1822/1822/1822
f 1724/1724/1724 1822/1822/1822 1821/1821/1821
f 1725/1725/1725 1726/1726/1726 1823/1823/1823
f 1725/1725/1725 1823/1823/1823 1822/1822/1822
f 1726/1726/1726 1727/1727/1727 1824/1824/1824
f 1726/1726/1726 1824/1824/1824 1823/1823/1823
f 1727/1727/1727 1728/1728/1728 1825/1825/1825
f 1727/1727/1727 1825/1825/1825 1824/1824/1824
f 1728/1728/1728 1729/1729/1729 1826/1826/1826
f 1728/1728/1728 1826/1826/1826 1825/1825/1825
f 1729/1729/1729 1730/1730/1730 1827/1827/1827
f 1729/1729/1729 1827/1827/1827 1826/1826/1826
f 1730/1730/1730 1731/1731/1731 1828/1828/1828
f 1730/1730/1730 1828/1828/1828 1827/1827/1827
f 1731/1731/1731 1732/1732/1732 1829/1829/1829
f 1731/1731/1731 1829/1829/1829 1828/1828/1828
f 1732/1732/1732 1733/1733/1733 1830/1830/1830
f 1732/1732/1732 1830/1830/1830 1829/1829/1829
f 1733/1733/1733 1734/1734/1734 1831/1831/1831
f 1733/1733/1733 1831/1831/1831 1830/1830/1830
f 1734/1734/1734 1735/1735/1735 1832/1832/1832
f 1734/1734/1734 1832/1832/1832 1831/1831/1831
f 1735/1735/1735 1736/1736/1736 1833/1833/1833
f 1735/1735/1735 1833/1833/1833 1832/1832/1832
f 1736/1736/1736 1737/1737/1737 1834/1834/1834
f 1736/1736/1736 1834/1834/1834 1833/1833/1833
f 1737/1737/1737 1738/1738/1738 1835/1835/1835
f 1737/1737/1737 1835/1835/1835 1834/1834/1834
f 1738/1738/1738 1739/1739/1739 1836/1836/1836
f 1738/1738/1738 1836/1836/1836 1835/1835/1835
f 1739/1739/1739 1740/1740/1740 1837/1837/1837
f 1739/1739/1739 1837/1837/1837 1836/1836/1836
f 1740/1740/1740 1741/1741/1741 1838/1838/1838
f 1740/1740/1740 1838/1838/1838 1837/1837/1837
f 1741/1741/1741 1742/1742/1742 1839/1839/1839
f 1741/1741/1741 1839/1839/1839 1838/1838/1838
f 1742/1742/1742 1743/1743/1743 1840/1840/1840
f 1742/1742/1742 1840/1840/1840 1839/1839/1839
f 1743/1743/1743 1744/1744/1744 1841/1841/1841
f 1743/1743/1743 1841/1841/1841 1840/1840/1840
f 1744/1744/1744 1745/1745/1745 1842/1842/1842
f 1744/1744/1744 1842/1842/1842 1841/1841/1841
f 1745/1745/1745 1746/1746/1746 1843/1843/1843
f 1745/1745/1745 1843/1843/1843 1842/1842/1842
f 1747/1747/1747 1748/1748/1748 1845/1845/1845
f 1747/1747/1747 1845/1845/1845 1844/1844/1844
f 1748/1748/1748 1749/1749/1749 1846/1846/1846
f 1748/1748/1748 1846/1846/1846 1845/1845/1845
f 1749/1749/1749 1750/1750/1750 1847/1847/1847
f 1749/1749/1749 1847/1847/1847 1846/1846/1846
f 1750/1750/1750 1751/1751/1751 1848/1848/1848
f 1750/1750/1750 1848/1848/1848 1847/1847/1847
f 1751/1751/1751 1752/1752/1752 1849/1849/1849
f 1751/1751/1751 1849/1849/1849 1848/1848/1848
f 1752/1752/1752 1753/1753/1753 1850/1850/1850
f 1752/1752/1752 1850/1850/1850 1849/1849/1849
f 1753/1753/1753 1754/1754/1754 1851/1851/1851
f 1753/1753/1753 1851/1851/1851 1850/1850/1850
f 1754/1754/1754 1755/1755/1755 1852/1852/1852
f 1754/1754/1754 1852/1852/1852 1851/1851/1851
f 1755/1755/1755 1756/1756/1756 1853/1853/1853
f 1755/1755/1755 1853/1853/1853 1852/1852/1852
f 1756/1756/1756 1757/1757/1757 1854/1854/1854
f 1756/1756/1756 1854/1854/1854 1853/1853/1853
f 1757/1757/1757 1758/1758/1758 1855/1855/1855
f 1757/1757/1757 1855/1855/1855 1854/1854/1854
f 1758/1758/1758 1759/1759/1759 1856/1856/1856
f 1758/1758/1758 1856/1856/1856 1855/1855/1855
f 1759/1759/1759 1760/1760/1760 1857/1857/1857
f 1759/1759/1759 1857/1857/1857 1856/1856/1856
f 1760/1760/1760 1761/1761/1761 1858/1858/1858
f 1760/1760/1760 1858/1858/1858 1857/1857/1857
f 1761/1761/1761 1762/1762/1762 1859/1859/1859
f 1761/1761/1761 1859/1859/1859 1858/1858/1858
f 1762/1762/1762 1763/1763/1763 1860/1860/1860
f 1762/1762/1762 1860/1860/1860 1859/1859/1859
f 1763/1763/1763 1764/1764/1764 1861/1861/1861
f 1763/1763/1763 1861/1861/1861 1860/1860/1860
f 1764/1764/1764 1765/1765/1765 1862/1862/1862
f 1764/1764/1764 1862/1862/1862 1861/1861/1861
f 1765/1765/1765 1766/1766/1766 1863/1863/1863
f 1765/1765/1765 1863/1863/1863 1862/1862/1862
f 1766/1766/1766 1767/1767/1767 1864/1864/1864
f 1766/1766/1766 1864/1864/1864 1863/1863/1863
f 1767/1767/1767 1768/1768/1768 1865/1865/1865
f 1767/1767/1767 1865/1865/1865 1864/1864/1864
f 1768/1768/1768 1769/1769/1769 1866/1866/1866
f 1768/1768/1768 1866/1866/1866 1865/1865/1865
f 1769/1769/1769 1770/1770/1770 1867/1867/1867
f 1769/1769/1769 1867/1867/1867 1866/1866/1866
f 1770/1770/1770 1771/1771/1771 1868/1868/1868
f 1770/1770/1770 1868/1868/1868 1867/1867/1867
f 1771/1771/1771 1772/1772/1772 1869/1869/1869
f 1771/1771/1771 1869/1869/1869 1868/1868/1868
f 1772/1772/1772 1773/1773/1773 1870/1870/1870
f 1772/1772/1772 1870/1870/1870 1869/1869/1869
f 1773/1773/1773 1774/1774/1774 1871/1871/1871
f 1773/1773/1773 1871/1871/1871 1870/1870/1870
f 1774/1774/1774 1775/1775/1775 1872/1872/1872
f 1774/1774/1774 1872/1872/1872 1871/1871/1871
f 1775/1775/1775 1776/1776/1776 1873/1873/1873
f 1775/1775/1775 1873/1873/1873 1872/1872/1872
f 1776/1776/1776 1777/1777/1777 1874/1874/1874
f 1776/1776/1776 1874/1874/1874 1873/1873/1873
f 1777/1777/1777 1778/1778/1778 1875/1875/1875
f 1777/1777/1777 1875/1875/1875 1874/1874/1874
f 1778/1778/1778 1779/1779/1779 1876/1876/1876
f 1778/1778/1778 1876/1876/1876 1875/1875/1875
f 1779/1779/1779 1780/1780/1780 1877/1877/1877
f 1779/1779/1779 1877/1877/1877 1876/1876/1876
f 1780/1780/1780 1781/1781/1781 1878/1878/1878
f 1780/1780/1780 1878/1878/1878 1877/1877/1877
f 1781/1781/1781 1782/1782/1782 1879/1879/1879
f 1781/1781/1781 1879/1879/1879 1878/1878/1878
f 1782/1782/1782 1783/1783/1783 1880/1880/1880
f 1782/1782/1782 1880/1880/1880 1879/1879/1879
f 1783/1783/1783 1784/1784/1784 1881/1881/1881
f 1783/1783/1783 1881/1881/1881 1880/1880/1880
f 1784/1784/1784 1785/1785/1785 1882/1882/1882
f 1784/1784/1784 1882/1882/1882 1881/1881/1881
f 1785/1785/1785 1786/1786/1786 1883/1883/1883
f 1785/1785/1785 1883/1883/1883 1882/1882/1882
f 1786/1786/1786 1787/1787/1787 1884/1884/1884
f 1786/1786/1786 1884/1884/1884 1883/1883/1883
f 1787/1787/1787 1788/1788/1788 1885/1885/1885
f 1787/1787/1787 1885/1885/1885 1884/1884/1884
f 1788/1788/1788 1789/1789/1789 1886/1886/1886
f 1788/1788/1788 1886/1886/1886 1885/1885/1885
f 1789/1789/1789 1790/1790/1790 1887/1887/1887
f 1789/1789/1789 1887/1887/1887 1886/1886/1886
f 1790/1790/1790 1791/1791/1791 1888/1888/1888
f 1790/1790/1790 1888/1888/1888 1887/1887/1887
f 1791/1791/1791 1792/1792/1792 1889/1889/1889
f 1791/1791/1791 1889/1889/1889 1888/1888/1888
f 1792/1792/1792 1793/1793/1793 1890/1890/1890
f 1792/1792/1792 1890/1890/1890 1889/1889/1889
f 1793/1793/1793 1794/1794/1794 1891/1891/1891
f 1793/1793/1793 1891/1891/1891 1890/1890/1890
f 1794/1794/1794 1795/1795/1795 1892/1892/1892
f 1794/1794/1794 1892/1892/1892 1891/1891/1891
f 1795/1795/1795 1796/1796/1796 1893/1893/1893
f 1795/1795/1795 1893/1893/1893 1892/1892/1892
f 1796/1796/1796 1797/1797/1797 1894/1894/1894
f 1796/1796/1796 1894/1894/1894 1893/1893/1893
f 1797/1797/1797 1798/1798/1798 1895/1895/1895
f 1797/1797/1797 1895/1895/1895 1894/1894/1894
f 1798/1798/1798 1799/1799/1799 1896/1896/1896
f 1798/1798/1798 1896/1896/1896 1895/1895/1895
f 1799/1799/1799 1800/1800/1800 1897/1897/1897
f 1799/1799/1799 1897/1897/1897 1896/1896/1896
f 1800/1800/1800 1801/1801/1801 1898/1898/1898
f 1800/1800/1800 1898/1898/1898 1897/1897/1897
f 1801/1801/1801 1802/1802/1802 1899/1899/1899
f 1801/1801/1801 1899/1899/1899 1898/1898/1898
f 1802/1802/1802 1803/1803/1803 1900/1900/1900
f 1802/1802/1802 1900/1900/1900 1899/1899/1899
f 1803/1803/1803 1804/1804/1804 1901/1901/1901
f 1803/1803/1803 1901/1901/1901 1900/1900/1900
f 1804/1804/1804 1805/1805/1805 1902/1902/1902
f 1804/1804/1804 1902/1902/1902 1901/1901/1901
f 1805/1805/1805 1806/1806/1806 1903/1903/1903
f 1805/1805/1805 1903/1903/1903 1902/1902/1902
f 1806/1806/1806 1807/1807/1807 1904/1904/1904
f 1806/1806/1806 1904/1904/1904 1903/1903/1903
f 1807/1807/1807 1808/1808/1808 1905/1905/1905
f 1807/1807/1807 1905/1905/1905 1904/1904/1904
f 1808/1808/1808 1809/1809/1809 1906/1906/1906
f 1808/1808/1808 1906/1906/1906 1905/1905/1905
f 1809/1809/1809 1810/1810/1810 1907/1907/1907
f 1809/1809/1809 1907/1907/1907 1906/1906/1906
f 1810/1810/1810 1811/1811/1811 1908/1908/1908
f 1810/1810/1810 1908/1908/1908 1907/1907/1907
f 1811/1811/1811 1812/1812/1812 1909/1909/1909
f 1811/1811/1811 1909/1909/1909 1908/1908/1908
f 1812/1812/1812 1813/1813/1813 1910/1910/1910
f 1812/1812/1812 1910/1910/1910 1909/1909/1909
f 1813/1813/1813 1814/1814/1814 1911/1911/1911
f 1813/1813/1813 1911/1911/1911 1910/1910/1910
f 1814/1814/1814 1815/1815/1815 1912/1912/1912
f 1814/1814/1814 1912/1912/1912 1911/1911/1911
f 1815/1815/1815 1816/1816/1816 1913/1913/1913
f 1815/1815/1815 1913/1913/1913 1912/1912/1912
f 1816/1816/1816 1817/1817/1817 1914/1914/1914
f 1816/1816/1816 1914/1914/1914 1913/1913/1913
f 1817/1817/1817 1818/1818/1818 1915/1915/1915
f 1817/1817/1817 1915/1915/1915 1914/1914/1914
f 1818/1818/1818 1819/1819/1819 1916/1916/1916
f 1818/1818/1818 1916/1916/1916 1915/1915/1915
f 1819/1819/1819 1820/1820/1820 1917/1917/1917
f 1819/1819/1819 1917/1917/1917 1916/1916/1916
f 1820/1820/1820 1821/1821/1821 1918/1918/1918
f 1820/1820/1820 1918/1918/1918 1917/1917/1917
f 1821/1821/1821 1822/1822/1822 1919/1919/1919
f 1821/1821/1821 1919/1919/1919 1918/1918/1918
f 1822/1822/1822 1823/1823/1823 1920/1920/1920
f 1822/1822/1822 1920/1920/1920 1919/1919/1919
f 1823/1823/1823 1824/1824/1824 1921/1921/1921
f 1823/1823/1823 1921/1921/1921 1920/1920/1920
f 1824/1824/1824 1825/1825/1825 1922/1922/1922
f 1824/1824/1824 1922/1922/1922 1921/1921/1921
f 1825/1825/1825 1826/1826/1826 1923/1923/1923
f 1825/1825/1825 1923/1923/1923 1922/1922/1922
f 1826/1826/1826 1827/1827/1827 1924/1924/1924
f 1826/1826/1826 1924/1924/1924 1923/1923/1923
f 1827/1827/1827 1828/1828/1828 1925/1925/1925
f 1827/1827/1827 1925/1925/1925 1924/1924/1924
f 1828/1828/1828 1829/1829/1829 1926/1926/1926
f 1828/1828/1828 1926/1926/1926 1925/1925/1925
f 1829/1829/1829 1830/1830/1830 1927/1927/1927
f 1829/1829/1829 1927/1927/1927 1926/1926/1926
f 1830/1830/1830 1831/1831/1831 1928/1928/1928
f 1830/1830/1830 1928/1928/1928 1927/1927/1927
f 1831/1831/1831 1832/1832/1832 1929/1929/1929
f 1831/1831/1831 1929/1929/1929 1928/1928/1928
f 1832/1832/1832 1833/1833/1833 1930/1930/1930
f 1832/1832/1832 1930/1930/1930 1929/1929/1929
f 1833/1833/1833 1834/1834/1834 1931/1931/1931
f 1833/1833/1833 1931/1931/1931 1930/1930/1930
f 1834/1834/1834 1835/1835/1835 1932/1932/1932
f 1834/1834/1834 1932/1932/1932 1931/1931/1931
f 1835/1835/1835 1836/1836/1836 1933/1933/1933
f 1835/1835/1835 1933/1933/1933 1932/1932/1932
f 1836/1836/1836 1837/1837/1837 1934/1934/1934
f 1836/1836/1836 1934/1934/1934 1933/1933/1933
f 1837/1837/1837 1838/1838/1838 1935/1935/1935
f 1837/1837/1837 1935/1935/1935 1934/1934/1934
f 1838/1838/1838 1839/1839/1839 1936/1936/1936
f 1838/1838/1838 1936/1936/1936 1935/1935/1935
f 1839/1839/1839 1840/1840/1840 1937/1937/1937
f 1839/1839/1839 1937/1937/1937 1936/1936/1936
f 1840/1840/1840 1841/1841/1841 1938/1938/1938
f 1840/1840/1840 1938/1938/1938 1937/1937/1937
f 1841/1841/1841 1842/1842/1842 1939/1939/1939
f 1841/1841/1841 1939/1939/1939 1938/1938/1938
f 1842/1842/1842 1843/1843/1843 1940/1940/1940
f 1842/1842/1842 1940/1940/1940 1939/1939/1939
f 1844/1844/1844 1845/1845/1845 1942/1942/1942
f 1844/1844/1844 1942/1942/1942 1941/1941/1941
f 1845/1845/1845 1846/1846/1846 1943/1943/1943
f 1845/1845/1845 1943/1943/1943 1942/1942/1942
f 1846/1846/1846 1847/1847/1847 1944/1944/1944
f 1846/1846/1846 1944/1944/1944 1943/1943/1943
f 1847/1847/1847 1848/1848/1848 1945/1945/1945
f 1847/1847/1847 1945/1945/1945 1944/1944/1944
f 1848/1848/1848 1849/1849/1849 1946/1946/1946
f 1848/1848/1848 1946/1946/1946 1945/1945/1945
f 1849/1849/1849 1850/1850/1850 1947/1947/1947
f 1849/1849/1849 1947/1947/1947 1946/1946/1946
f 1850/1850/1850 1851/1851/1851 1948/1948/1948
f 1850/1850/1850 1948/1948/1948 1947/1947/1947
f 1851/1851/1851 1852/1852/1852 1949/1949/1949
f 1851/1851/1851 1949/1949/1949 1948/1948/1948
f 1852/1852/1852 1853/1853/1853 1950/1950/1950
f 1852/1852/1852 1950/1950/1950 1949/1949/1949
f 1853/1853/1853 1854/1854/1854 1951/1951/1951
f 1853/1853/1853 1951/1951/1951 1950/1950/1950
f 1854/1854/1854 1855/1855/1855 1952/1952/1952
f 1854/1854/1854 1952/1952/1952 1951/1951/1951
f 1855/1855/1855 1856/1856/1856 1953/1953/1953
f 1855/1855/1855 1953/1953/1953 1952/1952/1952
f 1856/1856/1856 1857/1857/1857 1954/1954/1954
f 1856/1856/1856 1954/1954/1954 1953/1953/1953
f 1857/1857/1857 1858/1858/1858 1955/1955/1955
f 1857/1857/1857 1955/1955/1955 1954/1954/1954
f 1858/1858/1858 1859/1859/1859 1956/1956/1956
f 1858/1858/1858 1956/1956/1956 1955/1955/1955
f 1859/1859/1859 1860/1860/1860 1957/1957/1957
f 1859/1859/1859 1957/1957/1957 1956/1956/1956
f 1860/1860/1860 1861/1861/1861 1958/1958/1958
f 1860/1860/1860 1958/1958/1958 1957/1957/1957
f 1861/1861/1861 1862/1862/1862 1959/1959/1959
f 1861/1861/1861 1959/1959/1959 1958/1958/1958
f 1862/1862/1862 1863/1863/1863 1960/1960/1960
f 1862/1862/1862 1960/1960/1960 1959/1959/1959
f 1863/1863/1863 1864/1864/1864 1961/1961/1961
f 1863/1863/1863 1961/1961/1961 1960/1960/1960
f 1864/1864/1864 1865/1865/1865 1962/1962/1962
f 1864/1864/1864 1962/1962/1962 1961/1961/1961
f 1865/1865/1865 1866/1866/1866 1963/1963/1963
f 1865/1865/1865 1963/1963/1963 1962/1962/1962
f 1866/1866/1866 1867/1867/1867 1964/1964/1964
f 1866/1866/1866 1964/1964/1964 1963/1963/1963
f 1867/1867/1867 1868/1868/1868 1965/1965/1965
f 1867/1867/1867 1965/1965/1965 1964/1964/1964
f 1868/1868/1868 1869/1869/1869 1966/1966/1966
f 1868/1868/1868 1966/1966/1966 1965/1965/1965
f 1869/1869/1869 1870/1870/1870 1967/1967/1967
f 1869/1869/1869 1967/1967/1967 1966/1966/1966
f 1870/1870/1870 1871/1871/1871 1968/1968/1968
f 1870/1870/1870 1968/1968/1968 1967/1967/1967
f 1871/1871/1871 1872/1872/1872 1969/1969/1969
f 1871/1871/1871 1969/1969/1969 1968/1968/1968
f 1872/1872/1872 1873/1873/1873 1970/1970/1970
f 1872/1872/1872 1970/1970/1970 1969/1969/1969
f 1873/1873/1873 1874/1874/1874 1971/1971/1971
f 1873/1873/1873 1971/1971/1971 1970/1970/1970
f 1874/1874/1874 1875/1875/1875 1972/1972/1972
f 1874/1874/1874 1972/1972/1972 1971/1971/1971
f 1875/1875/1875 1876/1876/1876 1973/1973/1973
f 1875/1875/1875 1973/1973/1973 1972/1972/1972
f 1876/1876/1876 1877/1877/1877 1974/1974/1974
f 1876/1876/1876 1974/1974/1974 1973/1973/1973
f 1877/1877/1877 1878/1878/1878 1975/1975/1975
f 1877/1877/1877 1975/1975/1975 1974/1974/1974
f 1878/1878/1878 1879/1879/1879 1976/1976/1976
f 1878/1878/1878 1976/1976/1976 1975/1975/1975
f 1879/1879/1879 1880/1880/1880 1977/1977/1977
f 1879/1879/1879 1977/1977/1977 1976/1976/1976
f 1880/1880/1880 1881/1881/1881 1978/1978/1978
f 1880/1880/1880 1978/1978/1978 1977/1977/1977
f 1881/1881/1881 1882/1882/1882 1979/1979/1979
f 1881/1881/1881 1979/1979/1979 1978/1978/1978
f 1882/1882/1882 1883/1883/1883 1980/1980/1980
f 1882/1882/1882 1980/1980/1980 1979/1979/1979
f 1883/1883/1883 1884/1884/1884 1981/1981/1981
f 1883/1883/1883 1981/1981/1981 1980/1980/1980
f 1884/1884/1884 1885/1885/1885 1982/1982/1982
f 1884/1884/1884 1982/1982/1982 1981/1981/1981
f 1885/1885/1885 1886/1886/1886 1983/1983/1983
f 1885/1885/1885 1983/1983/1983 1982/1982/1982
f 1886/1886/1886 1887/1887/1887 1984/1984/1984
f 1886/1886/1886 1984/1984/1984 1983/1983/1983
f 1887/1887/1887 1888/1888/1888 1985/1985/1985
f 1887/1887/1887 1985/1985/1985 1984/1984/1984
f 1888/1888/1888 1889/1889/1889 1986/1986/1986
f 1888/1888/1888 1986/1986/1986 1985/1985/1985
f 1889/1889/1889 1890/1890/1890 1987/1987/1987
f 1889/1889/1889 1987/1987/1987 1986/1986/1986
f 1890/1890/1890 1891/1891/1891 1988/1988/1988
f 1890/1890/1890 1988/1988/1988 1987/1987/1987
f 1891/1891/1891 1892/1892/1892 1989/1989/1989
f 1891/1891/1891 1989/1989/1989 1988/1988/1988
f 1892/1892/1892 1893/1893/1893 1990/1990/1990
f 1892/1892/1892 1990/1990/1990 1989/1989/1989
f 1893/1893/1893 1894/1894/1894 1991/1991/1991
f 1893/1893/1893 1991/1991/1991 1990/1990/1990
f 1894/1894/1894 1895/1895/1895 1992/1992/1992
f 1894/1894/1894 1992/1992/1992 1991/1991/1991
f 1895/1895/1895 1896/1896/1896 1993/1993/1993
f 1895/1895/1895 1993/1993/1993 1992/1992/1992
f 1896/1896/1896 1897/1897/1897 1994/1994/1994
f 1896/1896/1896 1994/1994/1994 1993/1993/1993
f 1897/1897/1897 1898/1898/1898 1995/1995/1995
f 1897/1897/1897 1995/1995/1995 1994/1994/1994
f 1898/1898/1898 1899/1899/1899 1996/1996/1996
f 1898/1898/1898 1996/1996/1996 1995/1995/1995
f 1899/1899/1899 1900/1900/1900 1997/1997/1997
f 1899/1899/1899 1997/1997/1997 1996/1996/1996
f 1900/1900/1900 1901/1901/1901 1998/1998/1998
f 1900/1900/1900 1998/1998/1998 1997/1997/1997
f 1901/1901/1901 1902/1902/1902 1999/1999/1999
f 1901/1901/1901 1999/1999/1999 1998/1998/1998
f 1902/1902/1902 1903/1903/1903 2000/2000/2000
f 1902/1902/1902 2000/2000/2000 1999/1999/1999
f 1903/1903/1903 1904/1904/1904 2001/2001/2001
f 1903/1903/1903 2001/2001/2001 2000/2000/2000
f 1904/1904/1904 1905/1905/1905 2002/2002/2002
f 1904/1904/1904 2002/2002/2002 2001/2001/2001
f 1905/1905/1905 1906/1906/1906 2003/2003/2003
f 1905/1905/1905 2003/2003/2003 2002/2002/2002
f 1906/1906/1906 1907/1907/1907 2004/2004/2004
f 1906/1906/1906 2004/2004/2004 2003/2003/2003
f 1907/1907/1907 1908/1908/1908 2005/2005/2005
f 1907/1907/1907 2005/2005/2005 2004/2004/2004
f 1908/1908/1908 1909/1909/1909 2006/2006/2006
f 1908/1908/1908 2006/2006/2006 2005/2005/2005
f 1909/1909/1909 1910/1910/1910 2007/2007/2007
f 1909/1909/1909 2007/2007/2007 2006/2006/2006
f 1910/1910/1910 1911/1911/1911 2008/2008/2008
f 1910/1910/1910 2008/2008/2008 2007/2007/2007
f 1911/1911/1911 1912/1912/1912 2009/2009/2009
f 1911/1911/1911 2009/2009/2009 2008/2008/2008
f 1912/1912/1912 1913/1913/1913 2010/2010/2010
f 1912/1912/1912 2010/2010/2010 2009/2009/2009
f 1913/1913/1913 1914/1914/1914 2011/2011/2011
f 1913/1913/1913 2011/2011/2011 2010/2010/2010
f 1914/1914/1914 1915/1915/1915 2012/2012/2012
f 1914/1914/1914 2012/2012/2012 2011/2011/2011
f 1915/1915/1915 1916/1916/1916 2013/2013/2013
f 1915/1915/1915 2013/2013/2013 2012/2012/2012
f 1916/1916/1916 1917/1917/1917 2014/2014/2014
f 1916/1916/1916 2014/2014/2014 2013/2013/2013
f 1917/1917/1917 1918/1918/1918 2015/2015/2015
f 1917/1917/1917 2015/2015/2015 2014/2014/2014
f 1918/1918/1918 1919/1919/1919 2016/2016/2016
f 1918/1918/1918 2016/2016/2016 2015/2015/2015
f 1919/1919/1919 1920/1920/1920 2017/2017/2017
f 1919/1919/1919 2017/2017/2017 2016/2016/2016
f 1920/1920/1920 1921/1921/1921 2018/2018/2018
f 1920/1920/1920 2018/2018/2018 2017/2017/2017
f 1921/1921/1921 1922/1922/1922 2019/2019/2019
f 1921/1921/1921 2019/2019/2019 2018/2018/2018
f 1922/1922/1922 1923/1923/1923 2020/2020/2020
f 1922/1922/1922 2020/2020/2020 2019/2019/2019
f 1923/1923/1923 1924/1924/1924 2021/2021/2021
f 1923/1923/1923 2021/2021/2021 2020/2020/2020
f 1924/1924/1924 1925/1925/1925 2022/2022/2022
f 1924/1924/1924 2022/2022/2022 2021/2021/2021
f 1925/1925/1925 1926/1926/1926 2023/2023/2023
f 1925/1925/1925 2023/2023/2023 2022/2022/2022
f 1926/1926/1926 1927/1927/1927 2024/2024/2024
f 1926/1926/1926 2024/2024/2024 2023/2023/2023
f 1927/1927/1927 1928/1928/1928 2025/2025/2025
f 1927/1927/1927 2025/2025/2025 2024/2024/2024
f 1928/1928/1928 1929/1929/1929 2026/2026/2026
f 1928/1928/1928 2026/2026/2026 2025/2025/2025
f 1929/1929/1929 1930/1930/1930 2027/2027/2027
f 1929/1929/1929 2027/2027/2027 2026/2026/2026
f 1930/1930/1930 1931/1931/1931 2028/2028/2028
f 1930/1930/1930 2028/2028/2028 2027/2027/2027
f 1931/1931/1931 1932/1932/1932 2029/2029/2029
f 1931/1931/1931 2029/2029/2029 2028/2028/2028
f 1932/1932/1932 1933/1933/1933 2030/2030/2030
f 1932/1932/1932 2030/2030/2030 2029/2029/2029
f 1933/1933/1933 1934/1934/1934 2031/2031/2031
f 1933/1933/1933 2031/2031/2031 2030/2030/2030
f 1934/1934/1934 1935/1935/1935 2032/2032/2032
f 1934/1934/1934 2032/2032/2032 2031/2031/2031
f 1935/1935/1935 1936/1936/1936 2033/2033/2033
f 1935/1935/1935 2033/2033/2033 2032/2032/2032
f 1936/1936/1936 1937/1937/1937 2034/2034/2034
f 1936/1936/1936 2034/2034/2034 2033/2033/2033
f 1937/1937/1937 1938/1938/1938 2035/2035/2035
f 1937/1937/1937 2035/2035/2035 2034/2034/2034
f 1938/1938/1938 1939/1939/1939 2036/2036/2036
f 1938/1938/1938 2036/2036/2036 2035/2035/2035
f 1939/1939/1939 1940/1940/1940 2037/2037/2037
f 1939/1939/1939 2037/2037/2037 2036/2036/2036
f 1941/1941/1941 1942/1942/1942 2039/2039/2039
f 1941/1941/1941 2039/2039/2039 2038/2038/2038
f 1942/1942/1942 1943/1943/1943 2040/2040/2040
f 1942/1942/1942 2040/2040/2040 2039/2039/2039
f 1943/1943/1943 1944/1944/1944 2041/2041/2041
f 1943/1943/1943 2041/2041/2041 2040/2040/2040
f 1944/1944/1944 1945/1945/1945 2042/2042/2042
f 1944/1944/1944 2042/2042/2042 2041/2041/2041
f 1945/1945/1945 1946/1946/1946 2043/2043/2043
f 1945/1945/1945 2043/2043/2043 2042/2042/2042
f 1946/1946/1946 1947/1947/1947 2044/2044/2044
f 1946/1946/1946 2044/2044/2044 2043/2043/2043
f 1947/1947/1947 1948/1948/1948 2045/2045/2045
f 1947/1947/1947 2045/2045/2045 2044/2044/2044
f 1948/1948/1948 1949/1949/1949 2046/2046/2046
f 1948/1948/1948 2046/2046/2046 2045/2045/2045
f 1949/1949/1949 1950/1950/1950 2047/2047/2047
f 1949/1949/1949 2047/2047/2047 2046/2046/2046
f 1950/1950/1950 1951/1951/1951 2048/2048/2048
f 1950/1950/1950 2048/2048/2048 2047/2047/2047
f 1951/1951/1951 1952/1952/1952 2049/2049/2049
f 1951/1951/1951 2049/2049/2049 2048/2048/2048
f 1952/1952/1952 1953/1953/1953 2050/2050/2050
f 1952/1952/1952 2050/2050/2050 2049/2049/2049
f 1953/1953/1953 1954/1954/1954 2051/2051/2051
f 1953/1953/1953 2051/2051/2051 2050/2050/2050
f 1954/1954/1954 1955/1955/1955 2052/2052/2052
f 1954/1954/1954 2052/2052/2052 2051/2051/2051
f 1955/1955/1955 1956/1956/1956 2053/2053/2053
f 1955/1955/1955 2053/2053/2053 2052/2052/2052
f 1956/1956/1956 1957/1957/1957 2054/2054/2054
f 1956/1956/1956 2054/2054/2054 2053/2053/2053
f 1957/1957/1957 1958/1958/1958 2055/2055/2055
f 1957/1957/1957 2055/2055/2055 2054/2054/2054
f 1958/1958/1958 1959/1959/1959 2056/2056/2056
f 1958/1958/1958 2056/2056/2056 2055/2055/2055
f 1959/1959/1959 1960/1960/1960 2057/2057/2057
f 1959/1959/1959 2057/2057/2057 2056/2056/2056
f 1960/1960/1960 1961/1961/1961 2058/2058/2058
f 1960/1960/1960 2058/2058/2058 2057/2057/2057
f 1961/1961/1961 1962/1962/1962 2059/2059/2059
f 1961/1961/1961 2059/2059/2059 2058/2058/2058
f 1962/1962/1962 1963/1963/1963 2060/2060/2060
f 1962/1962/1962 2060/2060/2060 2059/2059/2059
f 1963/1963/1963 1964/1964/1964 2061/2061/2061
f 1963/1963/1963 2061/2061/2061 2060/2060/2060
f 1964/1964/1964 1965/1965/1965 2062/2062/2062
f 1964/1964/1964 2062/2062/2062 2061/2061/2061
f 1965/1965/1965 1966/1966/1966 2063/2063/2063
f 1965/1965/1965 2063/2063/2063 2062/2062/2062
f 1966/1966/1966 1967/1967/1967 2064/2064/2064
f 1966/1966/1966 2064/2064/2064 2063/2063/2063
f 1967/1967/1967 1968/1968/1968 2065/2065/2065
f 1967/1967/1967 2065/2065/2065 2064/2064/2064
f 1968/1968/1968 1969/1969/1969 2066/2066/2066
f 1968/1968/1968 2066/2066/2066 2065/2065/2065
f 1969/1969/1969 1970/1970/1970 2067/2067/2067
f 1969/1969/1969 2067/2067/2067 2066/2066/2066
f 1970/1970/1970 1971/1971/1971 2068/2068/2068
f 1970/1970/1970 2068/2068/2068 2067/2067/2067
f 1971/1971/1971 1972/1972/1972 2069/2069/2069
f 1971/1971/1971 2069/2069/2069 2068/2068/2068
f 1972/1972/1972 1973/1973/1973 2070/2070/2070
f 1972/1972/1972 2070/2070/2070 2069/2069/2069
f 1973/1973/1973 1974/1974/1974 2071/2071/2071
f 1973/1973/1973 2071/2071/2071 2070/2070/2070
f 1974/1974/1974 1975/1975/1975 2072/2072/2072
f 1974/1974/1974 2072/2072/2072 2071/2071/2071
f 1975/1975/1975 1976/1976/1976 2073/2073/2073
f 1975/1975/1975 2073/2073/2073 2072/2072/2072
f 1976/1976/1976 1977/1977/1977 2074/2074/2074
f 1976/1976/1976 2074/2074/2074 2073/2073/2073
f 1977/1977/1977 1978/1978/1978 2075/2075/2075
f 1977/1977/1977 2075/2075/2075 2074/2074/2074
f 1978/1978/1978 1979/1979/1979 2076/2076/2076
f 1978/1978/1978 2076/2076/2076 2075/2075/2075
f 1979/1979/1979 1980/1980/1980 2077/2077/2077
f 1979/1979/1979 2077/2077/2077 2076/2076/2076
f 1980/1980/1980 1981/1981/1981 2078/2078/2078
f 1980/1980/1980 2078/2078/2078 2077/2077/2077
f 1981/1981/1981 1982/1982/1982 2079/2079/2079
f 1981/1981/1981 2079/2079/2079 2078/2078/2078
f 1982/1982/1982 1983/1983/1983 2080/2080/2080
f 1982/1982/1982 2080/2080/2080 2079/2079/2079
f 1983/1983/1983 1984/1984/1984 2081/2081/2081
f 1983/1983/1983 2081/2081/2081 2080/2080/2080
f 1984/1984/1984 1985/1985/1985 2082/2082/2082
f 1984/1984/1984 2082/2082/2082 2081/2081/2081
f 1985/1985/1985 1986/1986/1986 2083/2083/2083
f 1985/1985/1985 2083/2083/2083 2082/2082/2082
f 1986/1986/1986 1987/1987/1987 2084/2084/2084
f 1986/1986/1986 2084/2084/2084 2083/2083/2083
f 1987/1987/1987 1988/1988/1988 2085/2085/2085
f 1987/1987/1987 2085/2085/2085 2084/2084/2084
f 1988/1988/1988 1989/1989/1989 2086/2086/2086
f 1988/1988/1988 2086/2086/2086 2085/2085/2085
f 1989/1989/1989 1990/1990/1990 2087/2087/2087
f 1989/1989/1989 2087/2087/2087 2086/2086/2086
f 1990/1990/1990 1991/1991/1991 2088/2088/2088
f 1990/1990/1990 2088/2088/2088 2087/2087/2087
f 1991/1991/1991 1992/1992/1992 2089/2089/2089
f 1991/1991/1991 2089/2089/2089 2088/2088/2088
f 1992/1992/1992 1993/1993/1993 2090/2090/2090
f 1992/1992/1992 2090/2090/2090 2089/2089/2089
f 1993/1993/1993 1994/1994/1994 2091/2091/2091
f 1993/1993/1993 2091/2091/2091 2090/2090/2090
f 1994/1994/1994 1995/1995/1995 2092/2092/2092
f 1994/1994/1994 2092/2092/2092 2091/2091/2091
f 1995/1995/1995 1996/1996/1996 2093/2093/2093
f 1995/1995/1995 2093/2093/2093 2092/2092/2092
f 1996/1996/1996 1997/1997/1997 2094/2094/2094
f 1996/1996/1996 2094/2094/2094 2093/2093/2093
f 1997/1997/1997 1998/1998/1998 2095/2095/2095
f 1997/1997/1997 2095/2095/2095 2094/2094/2094
f 1998/1998/1998 1999/1999/1999 2096/2096/2096
f 1998/1998/1998 2096/2096/2096 2095/2095/2095
f 1999/1999/1999 2000/2000/2000 2097/2097/2097
f 1999/1999/1999 2097/2097/2097 2096/2096/2096
f 2000/2000/2000 2001/2001/2001 2098/2098/2098
f 2000/2000/2000 2098/2098/2098 2097/2097/2097
f 2001/2001/2001 2002/2002/2002 2099/2099/2099
f 2001/2001/2001 2099/2099/2099 2098/2098/2098
f 2002/2002/2002 2003/2003/2003 2100/2100/2100
f 2002/2002/2002 2100/2100/2100 2099/2099/2099
f 2003/2003/2003 2004/2004/2004 2101/2101/2101
f 2003/2003/2003 2101/2101/2101 2100/2100/2100
f 2004/2004/2004 2005/2005/2005 2102/2102/2102
f 2004/2004/2004 2102/2102/2102 2101/2101/2101
f 2005/2005/2005 2006/2006/2006 2103/2103/2103
f 2005/2005/2005 2103/2103/2103 2102/2102/2102
f 2006/2006/2006 2007/2007/2007 2104/2104/2104
f 2006/2006/2006 2104/2104/2104 2103/2103/2103
f 2007/2007/2007 2008/2008/2008 2105/2105/2105
f 2007/2007/2007 2105/2105/2105 2104/2104/2104
f 2008/2008/2008 2009/2009/2009 2106/2106/2106
f 2008/2008/2008 2106/2106/2106 2105/2105/2105
f 2009/2009/2009 2010/2010/2010 2107/2107/2107
f 2009/2009/2009 2107/2107/2107 2106/2106/2106
f 2010/2010/2010 2011/2011/2011 2108/2108/2108
f 2010/2010/2010 2108/2108/2108 2107/2107/2107
f 2011/2011/2011 2012/2012/2012 2109/2109/2109
f 2011/2011/2011 2109/2109/2109 2108/2108/2108
f 2012/2012/2012 2013/2013/2013 2110/2110/2110
f 2012/2012/2012 2110/2110/2110 2109/2109/2109
f 2013/2013/2013 2014/2014/2014 2111/2111/2111
f 2013/2013/2013 2111/2111/2111 2110/2110/2110
f 2014/2014/2014 2015/2015/2015 2112/2112/2112
f 2014/2014/2014 2112/2112/2112 2111/2111/2111
f 2015/2015/2015 2016/2016/2016 2113/2113/2113
f 2015/2015/2015 2113/2113/2113 2112/2112/2112
f 2016/2016/2016 2017/2017/2017 2114/2114/2114
f 2016/2016/2016 2114/2114/2114 2113/2113/2113
f 2017/2017/2017 2018/2018/2018 2115/2115/2115
f 2017/2017/2017 2115/2115/2115 2114/2114/2114
f 2018/2018/2018 2019/2019/2019 2116/2116/2116
f 2018/2018/2018 2116/2116/2116 2115/2115/2115
f 2019/2019/2019 2020/2020/2020 2117/2117/2117
f 2019/2019/2019 2117/2117/2117 2116/2116/2116
f 2020/2020/2020 2021/2021/2021 2118/2118/2118
f 2020/2020/2020 2118/2118/2118 2117/2117/2117
f 2021/2021/2021 2022/2022/2022 2119/2119/2119
f 2021/2021/2021 2119/2119/2119 2118/2118/2118
f 2022/2022/2022 2023/2023/2023 2120/2120/2120
f 2022/2022/2022 2120/2120/2120 2119/2119/2119
f 2023/2023/2023 2024/2024/2024 2121/2121/2121
f 2023/2023/2023 2121/2121/2121 2120/2120/2120
f 2024/2024/2024 2025/2025/2025 2122/2122/2122
f 2024/2024/2024 2122/2122/2122 2121/2121/2121
f 2025/2025/2025 2026/2026/2026 2123/2123/2123
f 2025/2025/2025 2123/2123/2123 2122/2122/2122
f 2026/2026/2026 2027/2027/2027 2124/2124/2124
f 2026/2026/2026 2124/2124/2124 2123/2123/2123
f 2027/2027/2027 2028/2028/2028 2125/2125/2125
f 2027/2027/2027 2125/2125/2125 2124/2124/2124
f 2028/2028/2028 2029/2029/2029 2126/2126/2126
f 2028/2028/2028 2126/2126/2126 2125/2125/2125
f 2029/2029/2029 2030/2030/2030 2127/2127/2127
f 2029/2029/2029 2127/2127/2127 2126/2126/2126
f 2030/2030/2030 2031/2031/2031 2128/2128/2128
f 2030/2030/2030 2128/2128/2128 2127/2127/2127
f 2031/2031/2031 2032/2032/2032 2129/2129/2129
f 2031/2031/2031 2129/2129/2129 2128/2128/2128
f 2032/2032/2032 2033/2033/2033 2130/2130/2130
f 2032/2032/2032 2130/2130/2130 2129/2129/2129
f 2033/2033/2033 2034/2034/2034 2131/2131/2131
f 2033/2033/2033 2131/2131/2131 2130/2130/2130
f 2034/2034/2034 2035/2035/2035 2132/2132/2132
f 2034/2034/2034 2132/2132/2132 2131/2131/2131
f 2035/2035/2035 2036/2036/2036 2133/2133/2133
f 2035/2035/2035 2133/2133/2133 2132/2132/2132
f 2036/2036/2036 2037/2037/2037 2134/2134/2134
f 2036/2036/2036 2134/2134/2134 2133/2133/2133
f 2038/2038/2038 2039/2039/2039 2136/2136/2136
f 2038/2038/2038 2136/2136/2136 2135/2135/2135
f 2039/2039/2039 2040/2040/2040 2137/2137/2137
f 2039/2039/2039 2137/2137/2137 2136/2136/2136
f 2040/2040/2040 2041/2041/2041 2138/2138/2138
f 2040/2040/2040 2138/2138/2138 2137/2137/2137
f 2041/2041/2041 2042/2042/2042 2139/2139/2139
f 2041/2041/2041 2139/2139/2139 2138/2138/2138
f 2042/2042/2042 2043/2043/2043 2140/2140/2140
f 2042/2042/2042 2140/2140/2140 2139/2139/2139
f 2043/2043/2043 2044/2044/2044 2141/2141/2141
f 2043/2043/2043 2141/2141/2141 2140/2140/2140
f 2044/2044/2044 2045/2045/2045 2142/2142/2142
f 2044/2044/2044 2142/2142/2142 2141/2141/2141
f 2045/2045/2045 2046/2046/2046 2143/2143/2143
f 2045/2045/2045 2143/2143/2143 2142/2142/2142
f 2046/2046/2046 2047/2047/2047 2144/2144/2144
f 2046/2046/2046 2144/2144/2144 2143/2143/2143
f 2047/2047/2047 2048/2048/2048 2145/2145/2145
f 2047/2047/2047 2145/2145/2145 2144/2144/2144
f 2048/2048/2048 2049/2049/2049 2146/2146/2146
f 2048/2048/2048 2146/2146/2146 2145/2145/2145
f 2049/2049/2049 2050/2050/2050 2147/2147/2147
f 2049/2049/2049 2147/2147/2147 2146/2146/2146
f 2050/2050/2050 2051/2051/2051 2148/2148/2148
f 2050/2050/2050 2148/2148/2148 2147/2147/2147
f 2051/2051/2051 2052/2052/2052 2149/2149/2149
f 2051/2051/2051 2149/2149/2149 2148/2148/2148
f 2052/2052/2052 2053/2053/2053 2150/2150/2150
f 2052/2052/2052 2150/2150/2150 2149/2149/2149
f 2053/2053/2053 2054/2054/2054 2151/2151/2151
f 2053/2053/2053 2151/2151/2151 2150/2150/2150
f 2054/2054/2054 2055/2055/2055 2152/2152/2152
f 2054/2054/2054 2152/2152/2152 2151/2151/2151
f 2055/2055/2055 2056/2056/2056 2153/2153/2153
f 2055/2055/2055 2153/2153/2153 2152/2152/2152
f 2056/2056/2056 2057/2057/2057 2154/2154/2154
f 2056/2056/2056 2154/2154/2154 2153/2153/2153
f 2057/2057/2057 2058/2058/2058 2155/2155/2155
f 2057/2057/2057 2155/2155/2155 2154/2154/2154
f 2058/2058/2058 2059/2059/2059 2156/2156/2156
f 2058/2058/2058 2156/2156/2156 2155/2155/2155
f 2059/2059/2059 2060/2060/2060 2157/2157/2157
f 2059/2059/2059 2157/2157/2157 2156/2156/2156
f 2060/2060/2060 2061/2061/2061 2158/2158/2158
f 2060/2060/2060 2158/2158/2158 2157/2157/2157
f 2061/2061/2061 2062/2062/2062 2159/2159/2159
f 2061/2061/2061 2159/2159/2159 2158/2158/2158
f 2062/2062/2062 2063/2063/2063 2160/2160/2160
f 2062/2062/2062 2160/2160/2160 2159/2159/2159
f 2063/2063/2063 2064/2064/2064 2161/2161/2161
f 2063/2063/2063 2161/2161/2161 2160/2160/2160
f 2064/2064/2064 2065/2065/2065 2162/2162/2162
f 2064/2064/2064 2162/2162/2162 2161/2161/2161
f 2065/2065/2065 2066/2066/2066 2163/2163/2163
f 2065/2065/2065 2163/2163/2163 2162/2162/2162
f 2066/2066/2066 2067/2067/2067 2164/2164/2164
f 2066/2066/2066 2164/2164/2164 2163/2163/2163
f 2067/2067/2067 2068/2068/2068 2165/2165/2165
f 2067/2067/2067 2165/2165/2165 2164/2164/2164
f 2068/2068/2068 2069/2069/2069 2166/2166/2166
f 2068/2068/2068 2166/2166/2166 2165/2165/2165
f 2069/2069/2069 2070/2070/2070 2167/2167/2167
f 2069/2069/2069 2167/2167/2167 2166/2166/2166
f 2070/2070/2070 2071/2071/2071 2168/2168/2168
f 2070/2070/2070 2168/2168/2168 2167/2167/2167
f 2071/2071/2071 2072/2072/2072 2169/2169/2169
f 2071/2071/2071 2169/2169/2169 2168/2168/2168
f 2072/2072/2072 2073/2073/2073 2170/2170/2170
f 2072/2072/2072 2170/2170/2170 2169/2169/2169
f 2073/2073/2073 2074/2074/2074 2171/2171/2171
f 2073/2073/2073 2171/2171/2171 2170/2170/2170
f 2074/2074/2074 2075/2075/2075 2172/2172/2172
f 2074/2074/2074 2172/2172/2172 2171/2171/2171
f 2075/2075/2075 2076/2076/2076 2173/2173/2173
f 2075/2075/2075 2173/2173/2173 2172/2172/2172
f 2076/2076/2076 2077/2077/2077 2174/2174/2174
f 2076/2076/2076 2174/2174/2174 2173/2173/2173
f 2077/2077/2077 2078/2078/2078 2175/2175/2175
f 2077/2077/2077 2175/2175/2175 2174/2174/2174
f 2078/2078/2078 2079/2079/2079 2176/2176/2176
f 2078/2078/2078 2176/2176/2176 2175/2175/2175
f 2079/2079/2079 2080/2080/2080 2177/2177/2177
f 2079/2079/2079 2177/2177/2177 2176/2176/2176
f 2080/2080/2080 2081/2081/2081 2178/2178/2178
f 2080/2080/2080 2178/2178/2178 2177/2177/2177
f 2081/2081/2081 2082/2082/2082 2179/2179/2179
f 2081/2081/2081 2179/2179/2179 2178/2178/2178
f 2082/2082/2082 2083/2083/2083 2180/2180/2180
f 2082/2082/2082 2180/2180/2180 2179/2179/2179
f 2083/2083/2083 2084/2084/2084 2181/2181/2181
f 2083/2083/2083 2181/2181/2181 2180/2180/2180
f 2084/2084/2084 2085/2085/2085 2182/2182/2182
f 2084/2084/2084 2182/2182/2182 2181/2181/2181
f 2085/2085/2085 2086/2086/2086 2183/2183/2183
f 2085/2085/2085 2183/2183/2183 2182/2182/2182
f 2086/2086/2086 2087/2087/2087 2184/2184/2184
f 2086/2086/2086 2184/2184/2184 2183/2183/2183
f 2087/2087/2087 2088/2088/2088 2185/2185/2185
f 2087/2087/2087 2185/2185/2185 2184/2184/2184
f 2088/2088/2088 2089/2089/2089 2186/2186/2186
f 2088/2088/2088 2186/2186/2186 2185/2185/2185
f 2089/2089/2089 2090/2090/2090 2187/2187/2187
f 2089/2089/2089 2187/2187/2187 2186/2186/2186
f 2090/2090/2090 2091/2091/2091 2188/2188/2188
f 2090/2090/2090 2188/2188/2188 2187/2187/2187
f 2091/2091/2091 2092/2092/2092 2189/2189/2189
f 2091/2091/2091 2189/2189/2189 2188/2188/2188
f 2092/2092/2092 2093/2093/2093 2190/2190/2190
f 2092/2092/2092 2190/2190/2190 2189/2189/2189
f 2093/2093/2093 2094/2094/2094 2191/2191/2191
f 2093/2093/2093 2191/2191/2191 2190/2190/2190
f 2094/2094/2094 2095/2095/2095 2192/2192/2192
f 2094/2094/2094 2192/2192/2192 2191/2191/2191
f 2095/2095/2095 2096/2096/2096 2193/2193/2193
f 2095/2095/2095 2193/2193/2193 2192/2192/2192
f 2096/2096/2096 2097/2097/2097 2194/2194/2194
f 2096/2096/2096 2194/2194/2194 2193/2193/2193
f 2097/2097/2097 2098/2098/2098 2195/2195/2195
f 2097/2097/2097 2195/2195/2195 2194/2194/2194
f 2098/2098/2098 2099/2099/2099 2196/2196/2196
f 2098/2098/2098 2196/2196/2196 2195/2195/2195
f 2099/2099/2099 2100/2100/2100 2197/2197/2197
f 2099/2099/2099 2197/2197/2197 2196/2196/2196
f 2100/2100/2100 2101/2101/2101 2198/2198/2198
f 2100/2100/2100 2198/2198/2198 2197/2197/2197
f 2101/2101/2101 2102/2102/2102 2199/2199/2199
f 2101/2101/2101 2199/2199/2199 2198/2198/2198
f 2102/2102/2102 2103/2103/2103 2200/2200/2200
f 2102/2102/2102 2200/2200/2200 2199/2199/2199
f 2103/2103/2103 2104/2104/2104 2201/2201/2201
f 2103/2103/2103 2201/2201/2201 2200/2200/2200
f 2104/2104/2104 2105/2105/2105 2202/2202/2202
f 2104/2104/2104 2202/2202/2202 2201/2201/2201
f 2105/2105/2105 2106/2106/2106 2203/2203/2203
f 2105/2105/2105 2203/2203/2203 2202/2202/2202
f 2106/2106/2106 2107/2107/2107 2204/2204/2204
f 2106/2106/2106 2204/2204/2204 2203/2203/2203
f 2107/2107/2107 2108/2108/2108 2205/2205/2205
f 2107/2107/2107 2205/2205/2205 2204/2204/2204
f 2108/2108/2108 2109/2109/2109 2206/2206/2206
f 2108/2108/2108 2206/2206/2206 2205/2205/2205
f 2109/2109/2109 2110/2110/2110 2207/2207/2207
f 2109/2109/2109 2207/2207/2207 2206/2206/2206
f 2110/2110/2110 2111/2111/2111 2208/2208/2208
f 2110/2110/2110 2208/2208/2208 2207/2207/2207
f 2111/2111/2111 2112/2112/2112 2209/2209/2209
f 2111/2111/2111 2209/2209/2209 2208/2208/2208
f 2112/2112/2112 2113/2113/2113 2210/2210/2210
f 2112/2112/2112 2210/2210/2210 2209/2209/2209
f 2113/2113/2113 2114/2114/2114 2211/2211/2211
f 2113/2113/2113 2211/2211/2211 2210/2210/2210
f 2114/2114/2114 2115/2115/2115 2212/2212/2212
f 2114/2114/2114 2212/2212/2212 2211/2211/2211
f 2115/2115/2115 2116/2116/2116 2213/2213/2213
f 2115/2115/2115 2213/2213/2213 2212/2212/2212
f 2116/2116/2116 2117/2117/2117 2214/2214/2214
f 2116/2116/2116 2214/2214/2214 2213/2213/2213
f 2117/2117/2117 2118/2118/2118 2215/2215/2215
f 2117/2117/2117 2215/2215/2215 2214/2214/2214
f 2118/2118/2118 2119/2119/2119 2216/2216/2216
f 2118/2118/2118 2216/2216/2216 2215/2215/2215
f 2119/2119/2119 2120/2120/2120 2217/2217/2217
f 2119/2119/2119 2217/2217/2217 2216/2216/2216
f 2120/2120/2120 2121/2121/2121 2218/2218/2218
f 2120/2120/2120 2218/2218/2218 2217/2217/2217
f 2121/2121/2121 2122/2122/2122 2219/2219/2219
f 2121/2121/2121 2219/2219/2219 2218/2218/2218
f 2122/2122/2122 2123/2123/2123 2220/2220/2220
f 2122/2122/2122 2220/2220/2220 2219/2219/2219
f 2123/2123/2123 2124/2124/2124 2221/2221/2221
f 2123/2123/2123 2221/2221/2221 2220/2220/2220
f 2124/2124/2124 2125/2125/2125 2222/2222/2222
f 2124/2124/2124 2222/2222/2222 2221/2221/2221
f 2125/2125/2125 2126/2126/2126 2223/2223/2223
f 2125/2125/2125 2223/2223/2223 2222/2222/2222
f 2126/2126/2126 2127/2127/2127 2224/2224/2224
f 2126/2126/2126 2224/2224/2224 2223/2223/2223
f 2127/2127/2127 2128/2128/2128 2225/2225/2225
f 2127/2127/2127 2225/2225/2225 2224/2224/2224
f 2128/2128/2128 2129/2129/2129 2226/2226/2226
f 2128/2128/2128 2226/2226/2226 2225/2225/2225
f 2129/2129/2129 2130/2130/2130 2227/2227/2227
f 2129/2129/2129 2227/2227/2227 2226/2226/2226
f 2130/2130/2130 2131/2131/2131 2228/2228/2228
f 2130/2130/2130 2228/2228/2228 2227/2227/2227
f 2131/2131/2131 2132/2132/2132 2229/2229/2229
f 2131/2131/2131 2229/2229/2229 2228/2228/2228
f 2132/2132/2132 2133/2133/2133 2230/2230/2230
f 2132/2132/2132 2230/2230/2230 2229/2229/2229
f 2133/2133/2133 2134/2134/2134 2231/2231/2231
f 2133/2133/2133 2231/2231/2231 2230/2230/2230
f 2135/2135/2135 2136/2136/2136 2233/2233/2233
f 2135/2135/2135 2233/2233/2233 2232/2232/2232
f 2136/2136/2136 2137/2137/2137 2234/2234/2234
f 2136/2136/2136 2234/2234/2234 2233/2233/2233
f 2137/2137/2137 2138/2138/2138 2235/2235/2235
f 2137/2137/2137 2235/2235/2235 2234/2234/2234
f 2138/2138/2138 2139/2139/2139 2236/2236/2236
f 2138/2138/2138 2236/2236/2236 2235/2235/2235
f 2139/2139/2139 2140/2140/2140 2237/2237/2237
f 2139/2139/2139 2237/2237/2237 2236/2236/2236
f 2140/2140/2140 2141/2141/2141 2238/2238/2238
f 2140/2140/2140 2238/2238/2238 2237/2237/2237
f 2141/2141/2141 2142/2142/2142 2239/2239/2239
f 2141/2141/2141 2239/2239/2239 2238/2238/2238
f 2142/2142/2142 2143/2143/2143 2240/2240/2240
f 2142/2142/2142 2240/2240/2240 2239/2239/2239
f 2143/2143/2143 2144/2144/2144 2241/2241/2241
f 2143/2143/2143 2241/2241/2241 2240/2240/2240
f 2144/2144/2144 2145/2145/2145 2242/2242/2242
f 2144/2144/2144 2242/2242/2242 2241/2241/2241
f 2145/2145/2145 2146/2146/2146 2243/2243/2243
f 2145/2145/2145 2243/2243/2243 2242/2242/2242
f 2146/2146/2146 2147/2147/2147 2244/2244/2244
f 2146/2146/2146 2244/2244/2244 2243/2243/2243
f 2147/2147/2147 2148/2148/2148 2245/2245/2245
f 2147/2147/2147 2245/2245/2245 2244/2244/2244
f 2148/2148/2148 2149/2149/2149 2246/2246/2246
f 2148/2148/2148 2246/2246/2246 2245/2245/2245
f 2149/2149/2149 2150/2150/2150 2247/2247/2247
f 2149/2149/2149 2247/2247/2247 2246/2246/2246
f 2150/2150/2150 2151/2151/2151 2248/2248/2248
f 2150/2150/2150 2248/2248/2248 2247/2247/2247
f 2151/2151/2151 2152/2152/2152 2249/2249/2249
f 2151/2151/2151 2249/2249/2249 2248/2248/2248
f 2152/2152/2152 2153/2153/2153 2250/2250/2250
f 2152/2152/2152 2250/2250/2250 2249/2249/2249
f 2153/2153/2153 2154/2154/2154 2251/2251/2251
f 2153/2153/2153 2251/2251/2251 2250/2250/2250
f 2154/2154/2154 2155/2155/2155 2252/2252/2252
f 2154/2154/2154 2252/2252/2252 2251/2251/2251
f 2155/2155/2155 2156/2156/2156 2253/2253/2253
f 2155/2155/2155 2253/2253/2253 2252/2252/2252
f 2156/2156/2156 2157/2157/2157 2254/2254/2254
f 2156/2156/2156 2254/2254/2254 2253/2253/2253
f 2157/2157/2157 2158/2158/2158 2255/2255/2255
f 2157/2157/2157 2255/2255/2255 2254/2254/2254
f 2158/2158/2158 2159/2159/2159 2256/2256/2256
f 2158/2158/2158 2256/2256/2256 2255/2255/2255
f 2159/2159/2159 2160/2160/2160 2257/2257/2257
f 2159/2159/2159 2257/2257/2257 2256/2256/2256
f 2160/2160/2160 2161/2161/2161 2258/2258/2258
f 2160/2160/2160 2258/2258/2258 2257/2257/2257
f 2161/2161/2161 2162/2162/2162 2259/2259/2259
f 2161/2161/2161 2259/2259/2259 2258/2258/2258
f 2162/2162/2162 2163/2163/2163 2260/2260/2260
f 2162/2162/2162 2260/2260/2260 2259/2259/2259
f 2163/2163/2163 2164/2164/2164 2261/2261/2261
f 2163/2163/2163 2261/2261/2261 2260/2260/2260
f 2164/2164/2164 2165/2165/2165 2262/2262/2262
f 2164/2164/2164 2262/2262/2262 2261/2261/2261
f 2165/2165/2165 2166/2166/2166 2263/2263/2263
f 2165/2165/2165 2263/2263/2263 2262/2262/2262
f 2166/2166/2166 2167/2167/2167 2264/2264/2264
f 2166/2166/2166 2264/2264/2264 2263/2263/2263
f 2167/2167/2167 2168/2168/2168 2265/2265/2265
f 2167/2167/2167 2265/2265/2265 2264/2264/2264
f 2168/2168/2168 2169/2169/2169 2266/2266/2266
f 2168/2168/2168 2266/2266/2266 2265/2265/2265
f 2169/2169/2169 2170/2170/2170 2267/2267/2267
f 2169/2169/2169 2267/2267/2267 2266/2266/2266
f 2170/2170/2170 2171/2171/2171 2268/2268/2268
f 2170/2170/2170 2268/2268/2268 2267/2267/2267
f 2171/2171/2171 2172/2172/2172 2269/2269/2269
f 2171/2171/2171 2269/2269/2269 2268/2268/2268
f 2172/2172/2172 2173/2173/2173 2270/2270/2270
f 2172/2172/2172 2270/2270/2270 2269/2269/2269
f 2173/2173/2173 2174/2174/2174 2271/2271/2271
f 2173/2173/2173 2271/2271/2271 2270/2270/2270
f 2174/2174/2174 2175/2175/2175 2272/2272/2272
f 2174/2174/2174 2272/2272/2272 2271/2271/2271
f 2175/2175/2175 2176/2176/2176 2273/2273/2273
f 2175/2175/2175 2273/2273/2273 2272/2272/2272
f 2176/2176/2176 2177/2177/2177 2274/2274/2274
f 2176/2176/2176 2274/2274/2274 2273/2273/2273
f 2177/2177/2177 2178/2178/2178 2275/2275/2275
f 2177/2177/2177 2275/2275/2275 2274/2274/2274
f 2178/2178/2178 2179/2179/2179 2276/2276/2276
f 2178/2178/2178 2276/2276/2276 2275/2275/2275
f 2179/2179/2179 2180/2180/2180 2277/2277/2277
f 2179/2179/2179 2277/2277/2277 2276/2276/2276
f 2180/2180/2180 2181/2181/2181 2278/2278/2278
f 2180/2180/2180 2278/2278/2278 2277/2277/2277
f 2181/2181/2181 2182/2182/2182 2279/2279/2279
f 2181/2181/2181 2279/2279/2279 2278/2278/2278
f 2182/2182/2182 2183/2183/2183 2280/2280/2280
f 2182/2182/2182 2280/2280/2280 2279/2279/2279
f 2183/2183/2183 2184/2184/2184 2281/2281/2281
f 2183/2183/2183 2281/2281/2281 2280/2280/2280
f 2184/2184/2184 2185/2185/2185 2282/2282/2282
f 2184/2184/2184 2282/2282/2282 2281/2281/2281
f 2185/2185/2185 2186/2186/2186 2283/2283/2283
f 2185/2185/2185 2283/2283/2283 2282/2282/2282
f 2186/2186/2186 2187/2187/2187 2284/2284/2284
f 2186/2186/2186 2284/2284/2284 2283/2283/2283
f 2187/2187/2187 2188/2188/2188 2285/2285/2285
f 2187/2187/2187 2285/2285/2285 2284/2284/2284
f 2188/2188/2188 2189/2189/2189 2286/2286/2286
f 2188/2188/2188 2286/2286/2286 2285/2285/2285
f 2189/2189/2189 2190/2190/2190 2287/2287/2287
f 2189/2189/2189 2287/2287/2287 2286/2286/2286
f 2190/2190/2190 2191/2191/2191 2288/2288/2288
f 2190/2190/2190 2288/2288/2288 2287/2287/2287
f 2191/2191/2191 2192/2192/2192 2289/2289/2289
f 2191/2191/2191 2289/2289/2289 2288/2288/2288
f 2192/2192/2192 2193/2193/2193 2290/2290/2290
f 2192/2192/2192 2290/2290/2290 2289/2289/2289
f 2193/2193/2193 2194/2194/2194 2291/2291/2291
f 2193/2193/2193 2291/2291/2291 2290/2290/2290
f 2194/2194/2194 2195/2195/2195 2292/2292/2292
f 2194/2194/2194 2292/2292/2292 2291/2291/2291
f 2195/2195/2195 2196/2196/2196 2293/2293/2293
f 2195/2195/2195 2293/2293/2293 2292/2292/2292
f 2196/2196/2196 2197/2197/2197 2294/2294/2294
f 2196/2196/2196 2294/2294/2294 2293/2293/2293
f 2197/2197/2197 2198/2198/2198 2295/2295/2295
f 2197/2197/2197 2295/2295/2295 2294/2294/2294
f 2198/2198/2198 2199/2199/2199 2296/2296/2296
f 2198/2198/2198 2296/2296/2296 2295/2295/2295
f 2199/2199/2199 2200/2200/2200 2297/2297/2297
f 2199/2199/2199 2297/2297/2297 2296/2296/2296
f 2200/2200/2200 2201/2201/2201 2298/2298/2298
f 2200/2200/2200 2298/2298/2298 2297/2297/2297
f 2201/2201/2201 2202/2202/2202 2299/2299/2299
f 2201/2201/2201 2299/2299/2299 2298/2298/2298
f 2202/2202/2202 2203/2203/2203 2300/2300/2300
f 2202/2202/2202 2300/2300/2300 2299/2299/2299
f 2203/2203/2203 2204/2204/2204 2301/2301/2301
f 2203/2203/2203 2301/2301/2301 2300/2300/2300
f 2204/2204/2204 2205/2205/2205 2302/2302/2302
f 2204/2204/2204 2302/2302/2302 2301/2301/2301
f 2205/2205/2205 2206/2206/2206 2303/2303/2303
f 2205/2205/2205 2303/2303/2303 2302/2302/2302
f 2206/2206/2206 2207/2207/2207 2304/2304/2304
f 2206/2206/2206 2304/2304/2304 2303/2303/2303
f 2207/2207/2207 2208/2208/2208 2305/2305/2305
f 2207/2207/2207 2305/2305/2305 2304/2304/2304
f 2208/2208/2208 2209/2209/2209 2306/2306/2306
f 2208/2208/2208 2306/2306/2306 2305/2305/2305
f 2209/2209/2209 2210/2210/2210 2307/2307/2307
f 2209/2209/2209 2307/2307/2307 2306/2306/2306
f 2210/2210/2210 2211/2211/2211 2308/2308/2308
f 2210/2210/2210 2308/2308/2308 2307/2307/2307
f 2211/2211/2211 2212/2212/2212 2309/2309/2309
f 2211/2211/2211 2309/2309/2309 2308/2308/2308
f 2212/2212/2212 2213/2213/2213 2310/2310/2310
f 2212/2212/2212 2310/2310/2310 2309/2309/2309
f 2213/2213/2213 2214/2214/2214 2311/2311/2311
f 2213/2213/2213 2311/2311/2311 2310/2310/2310
f 2214/2214/2214 2215/2215/2215 2312/2312/2312
f 2214/2214/2214 2312/2312/2312 2311/2311/2311
f 2215/2215/2215 2216/2216/2216 2313/2313/2313
f 2215/2215/2215 2313/2313/2313 2312/2312/2312
f 2216/2216/2216 2217/2217/2217 2314/2314/2314
f 2216/2216/2216 2314/2314/2314 2313/2313/2313
f 2217/2217/2217 2218/2218/2218 2315/2315/2315
f 2217/2217/2217 2315/2315/2315 2314/2314/2314
f 2218/2218/2218 2219/2219/2219 2316/2316/2316
f 2218/2218/2218 2316/2316/2316 2315/2315/2315
f 2219/2219/2219 2220/2220/2220 2317/2317/2317
f 2219/2219/2219 2317/2317/2317 2316/2316/2316
f 2220/2220/2220 2221/2221/2221 2318/2318/2318
f 2220/2220/2220 2318/2318/2318 2317/2317/2317
f 2221/2221/2221 2222/2222/2222 2319/2319/2319
f 2221/2221/2221 2319/2319/2319 2318/2318/2318
f 2222/2222/2222 2223/2223/2223 2320/2320/2320
f 2222/2222/2222 2320/2320/2320 2319/2319/2319
f 2223/2223/2223 2224/2224/2224 2321/2321/2321
f 2223/2223/2223 2321/2321/2321 2320/2320/2320
f 2224/2224/2224 2225/2225/2225 2322/2322/2322
f 2224/2224/2224 2322/2322/2322 2321/2321/2321
f 2225/2225/2225 2226/2226/2226 2323/2323/2323
f 2225/2225/2225 2323/2323/2323 2322/2322/2322
f 2226/2226/2226 2227/2227/2227 2324/2324/2324
f 2226/2226/2226 2324/2324/2324 2323/2323/2323
f 2227/2227/2227 2228/2228/2228 2325/2325/2325
f 2227/2227/2227 2325/2325/2325 2324/2324/2324
f 2228/2228/2228 2229/2229/2229 2326/2326/2326
f 2228/2228/2228 2326/2326/2326 2325/2325/2325
f 2229/2229/2229 2230/2230/2230 2327/2327/2327
f 2229/2229/2229 2327/2327/2327 2326/2326/2326
f 2230/2230/2230 2231/2231/2231 2328/2328/2328
f 2230/2230/2230 2328/2328/2328 2327/2327/2327
f 2232/2232/2232 2233/2233/2233 2330/2330/2330
f 2232/2232/2232 2330/2330/2330 2329/2329/2329
f 2233/2233/2233 2234/2234/2234 2331/2331/2331
f 2233/2233/2233 2331/2331/2331 2330/2330/2330
f 2234/2234/2234 2235/2235/2235 2332/2332/2332
f 2234/2234/2234 2332/2332/2332 2331/2331/2331
f 2235/2235/2235 2236/2236/2236 2333/2333/2333
f 2235/2235/2235 2333/2333/2333 2332/2332/2332
f 2236/2236/2236 2237/2237/2237 2334/2334/2334
f 2236/2236/2236 2334/2334/2334 2333/2333/2333
f 2237/2237/2237 2238/2238/2238 2335/2335/2335
f 2237/2237/2237 2335/2335/2335 2334/2334/2334
f 2238/2238/2238 2239/2239/2239 2336/2336/2336
f 2238/2238/2238 2336/2336/2336 2335/2335/2335
f 2239/2239/2239 2240/2240/2240 2337/2337/2337
f 2239/2239/2239 2337/2337/2337 2336/2336/2336
f 2240/2240/2240 2241/2241/2241 2338/2338/2338
f 2240/2240/2240 2338/2338/2338 2337/2337/2337
f 2241/2241/2241 2242/2242/2242 2339/2339/2339
f 2241/2241/2241 2339/2339/2339 2338/2338/2338
f 2242/2242/2242 2243/2243/2243 2340/2340/2340
f 2242/2242/2242 2340/2340/2340 2339/2339/2339
f 2243/2243/2243 2244/2244/2244 2341/2341/2341
f 2243/2243/2243 2341/2341/2341 2340/2340/2340
f 2244/2244/2244 2245/2245/2245 2342/2342/2342
f 2244/2244/2244 2342/2342/2342 2341/2341/2341
f 2245/2245/2245 2246/2246/2246 2343/2343/2343
f 2245/2245/2245 2343/2343/2343 2342/2342/2342
f 2246/2246/2246 2247/2247/2247 2344/2344/2344
f 2246/2246/2246 2344/2344/2344 2343/2343/2343
f 2247/2247/2247 2248/2248/2248 2345/2345/2345
f 2247/2247/2247 2345/2345/2345 2344/2344/2344
f 2248/2248/2248 2249/2249/2249 2346/2346/2346
f 2248/2248/2248 2346/2346/2346 2345/2345/2345
f 2249/2249/2249 2250/2250/2250 2347/2347/2347
f 2249/2249/2249 2347/2347/2347 2346/2346/2346
f 2250/2250/2250 2251/2251/2251 2348/2348/2348
f 2250/2250/2250 2348/2348/2348 2347/2347/2347
f 2251/2251/2251 2252/2252/2252 2349/2349/2349
f 2251/2251/2251 2349/2349/2349 2348/2348/2348
f 2252/2252/2252 2253/2253/2253 2350/2350/2350
f 2252/2252/2252 2350/2350/2350 2349/2349/2349
f 2253/2253/2253 2254/2254/2254 2351/2351/2351
f 2253/2253/2253 2351/2351/2351 2350/2350/2350
f 2254/2254/2254 2255/2255/2255 2352/2352/2352
f 2254/2254/2254 2352/2352/2352 2351/2351/2351
f 2255/2255/2255 2256/2256/2256 2353/2353/2353
f 2255/2255/2255 2353/2353/2353 2352/2352/2352
f 2256/2256/2256 2257/2257/2257 2354/2354/2354
f 2256/2256/2256 2354/2354/2354 2353/2353/2353
f 2257/2257/2257 2258/2258/2258 2355/2355/2355
f 2257/2257/2257 2355/2355/2355 2354/2354/2354
f 2258/2258/2258 2259/2259/2259 2356/2356/2356
f 2258/2258/2258 2356/2356/2356 2355/2355/2355
f 2259/2259/2259 2260/2260/2260 2357/2357/2357
f 2259/2259/2259 2357/2357/2357 2356/2356/2356
f 2260/2260/2260 2261/2261/2261 2358/2358/2358
f 2260/2260/2260 2358/2358/2358 2357/2357/2357
f 2261/2261/2261 2262/2262/2262 2359/2359/2359
f 2261/2261/2261 2359/2359/2359 2358/2358/2358
f 2262/2262/2262 2263/2263/2263 2360/2360/2360
f 2262/2262/2262 2360/2360/2360 2359/2359/2359
f 2263/2263/2263 2264/2264/2264 2361/2361/2361
f 2263/2263/2263 2361/2361/2361 2360/2360/2360
f 2264/2264/2264 2265/2265/2265 2362/2362/2362
f 2264/2264/2264 2362/2362/2362 2361/2361/2361
f 2265/2265/2265 2266/2266/2266 2363/2363/2363
f 2265/2265/2265 2363/2363/2363 2362/2362/2362
f 2266/2266/2266 2267/2267/2267 2364/2364/2364
f 2266/2266/2266 2364/2364/2364 2363/2363/2363
f 2267/2267/2267 2268/2268/2268 2365/2365/2365
f 2267/2267/2267 2365/2365/2365 2364/2364/2364
f 2268/2268/2268 2269/2269/2269 2366/2366/2366
f 2268/2268/2268 2366/2366/2366 2365/2365/2365
f 2269/2269/2269 2270/2270/2270 2367/2367/2367
f 2269/2269/2269 2367/2367/2367 2366/2366/2366
f 2270/2270/2270 2271/2271/2271 2368/2368/2368
f 2270/2270/2270 2368/2368/2368 2367/2367/2367
f 2271/2271/2271 2272/2272/2272 2369/2369/2369
f 2271/2271/2271 2369/2369/2369 2368/2368/2368
f 2272/2272/2272 2273/2273/2273 2370/2370/2370
f 2272/2272/2272 2370/2370/2370 2369/2369/2369
f 2273/2273/2273 2274/2274/2274 2371/2371/2371
f 2273/2273/2273 2371/2371/2371 2370/2370/2370
f 2274/2274/2274 2275/2275/2275 2372/2372/2372
f 2274/2274/2274 2372/2372/2372 2371/2371/2371
f 2275/2275/2275 2276/2276/2276 2373/2373/2373
f 2275/2275/2275 2373/2373/2373 2372/2372/2372
f 2276/2276/2276 2277/2277/2277 2374/2374/2374
f 2276/2276/2276 2374/2374/2374 2373/2373/2373
f 2277/2277/2277 2278/2278/2278 2375/2375/2375
f 2277/2277/2277 2375/2375/2375 2374/2374/2374
f 2278/2278/2278 2279/2279/2279 2376/2376/2376
f 2278/2278/2278 2376/2376/2376 2375/2375/2375
f 2279/2279/2279 2280/2280/2280 2377/2377/2377
f 2279/2279/2279 2377/2377/2377 2376/2376/2376
f 2280/2280/2280 2281/2281/2281 2378/2378/2378
f 2280/2280/2280 2378/2378/2378 2377/2377/2377
f 2281/2281/2281 2282/2282/2282 2379/2379/2379
f 2281/2281/2281 2379/2379/2379 2378/2378/2378
f 2282/2282/2282 2283/2283/2283 2380/2380/2380
f 2282/2282/2282 2380/2380/2380 2379/2379/2379
f 2283/2283/2283 2284/2284/2284 2381/2381/2381
f 2283/2283/2283 2381/2381/2381 2380/2380/2380
f 2284/2284/2284 2285/2285/2285 2382/2382/2382
f 2284/2284/2284 2382/2382/2382 2381/2381/2381
f 2285/2285/2285 2286/2286/2286 2383/2383/2383
f 2285/2285/2285 2383/2383/2383 2382/2382/2382
f 2286/2286/2286 2287/2287/2287 2384/2384/2384
f 2286/2286/2286 2384/2384/2384 2383/2383/2383
f 2287/2287/2287 2288/2288/2288 2385/2385/2385
f 2287/2287/2287 2385/2385/2385 2384/2384/2384
f 2288/2288/2288 2289/2289/2289 2386/2386/2386
f 2288/2288/2288 2386/2386/2386 2385/2385/2385
f 2289/2289/2289 2290/2290/2290 2387/2387/2387
f 2289/2289/2289 2387/2387/2387 2386/2386/2386
f 2290/2290/2290 2291/2291/2291 2388/2388/2388
f 2290/2290/2290 2388/2388/2388 2387/2387/2387
f 2291/2291/2291 2292/2292/2292 2389/2389/2389
f 2291/2291/2291 2389/2389/2389 2388/2388/2388
f 2292/2292/2292 2293/2293/2293 2390/2390/2390
f 2292/2292/2292 2390/2390/2390 2389/2389/2389
f 2293/2293/2293 2294/2294/2294 2391/2391/2391
f 2293/2293/2293 2391/2391/2391 2390/2390/2390
f 2294/2294/2294 2295/2295/2295 2392/2392/2392
f 2294/2294/2294 2392/2392/2392 2391/2391/2391
f 2295/2295/2295 2296/2296/2296 2393/2393/2393
f 2295/2295/2295 2393/2393/2393 2392/2392/2392
f 2296/2296/2296 2297/2297/2297 2394/2394/2394
f 2296/2296/2296 2394/2394/2394 2393/2393/2393
f 2297/2297/2297 2298/2298/2298 2395/2395/2395
f 2297/2297/2297 2395/2395/2395 2394/2394/2394
f 2298/2298/2298 2299/2299/2299 2396/2396/2396
f 2298/2298/2298 2396/2396/2396 2395/2395/2395
f 2299/2299/2299 2300/2300/2300 2397/2397/2397
f 2299/2299/2299 2397/2397/2397 2396/2396/2396
f 2300/2300/2300 2301/2301/2301 2398/2398/2398
f 2300/2300/2300 2398/2398/2398 2397/2397/2397
f 2301/2301/2301 2302/2302/2302 2399/2399/2399
f 2301/2301/2301 2399/2399/2399 2398/2398/2398
f 2302/2302/2302 2303/2303/2303 2400/2400/2400
f 2302/2302/2302 2400/2400/2400 2399/2399/2399
f 2303/2303/2303 2304/2304/2304 2401/2401/2401
f 2303/2303/2303 2401/2401/2401 2400/2400/2400
f 2304/2304/2304 2305/2305/2305 2402/2402/2402
f 2304/2304/2304 2402/2402/2402 2401/2401/2401
f 2305/2305/2305 2306/2306/2306 2403/2403/2403
f 2305/2305/2305 2403/2403/2403 2402/2402/2402
f 2306/2306/2306 2307/2307/2307 2404/2404/2404
f 2306/2306/2306 2404/2404/2404 2403/2403/2403
f 2307/2307/2307 2308/2308/2308 2405/2405/2405
f 2307/2307/2307 2405/2405/2405 2404/2404/2404
f 2308/2308/2308 2309/2309/2309 2406/2406/2406
f 2308/2308/2308 2406/2406/2406 2405/2405/2405
f 2309/2309/2309 2310/2310/2310 2407/2407/2407
f 2309/2309/2309 2407/2407/2407 2406/2406/2406
f 2310/2310/2310 2311/2311/2311 2408/2408/2408
f 2310/2310/2310 2408/2408/2408 2407/2407/2407
f 2311/2311/2311 2312/2312/2312 2409/2409/2409
f 2311/2311/2311 2409/2409/2409 2408/2408/2408
f 2312/2312/2312 2313/2313/2313 2410/2410/2410
f 2312/2312/2312 2410/2410/2410 2409/2409/2409
f 2313/2313/2313 2314/2314/2314 2411/2411/2411
f 2313/2313/2313 2411/2411/2411 2410/2410/2410
f 2314/2314/2314 2315/2315/2315 2412/2412/2412
f 2314/2314/2314 2412/2412/2412 2411/2411/2411
f 2315/2315/2315 2316/2316/2316 2413/2413/2413
f 2315/2315/2315 2413/2413/2413 2412/2412/2412
f 2316/2316/2316 2317/2317/2317 2414/2414/2414
f 2316/2316/2316 2414/2414/2414 2413/2413/2413
f 2317/2317/2317 2318/2318/2318 2415/2415/2415
f 2317/2317/2317 2415/2415/2415 2414/2414/2414
f 2318/2318/2318 2319/2319/2319 2416/2416/2416
f 2318/2318/2318 2416/2416/2416 2415/2415/2415
f 2319/2319/2319 2320/2320/2320 2417/2417/2417
f 2319/2319/2319 2417/2417/2417 2416/2416/2416
f 2320/2320/2320 2321/2321/2321 2418/2418/2418
f 2320/2320/2320 2418/2418/2418 2417/2417/2417
f 2321/2321/2321 2322/2322/2322 2419/2419/2419
f 2321/2321/2321 2419/2419/2419 2418/2418/2418
f 2322/2322/2322 2323/2323/2323 2420/2420/2420
f 2322/2322/2322 2420/2420/2420 2419/2419/2419
f 2323/2323/2323 2324/2324/2324 2421/2421/2421
f 2323/2323/2323 2421/2421/2421 2420/2420/2420
f 2324/2324/2324 2325/2325/2325 2422/2422/2422
f 2324/2324/2324 2422/2422/2422 2421/2421/2421
f 2325/2325/2325 2326/2326/2326 2423/2423/2423
f 2325/2325/2325 2423/2423/2423 2422/2422/2422
f 2326/2326/2326 2327/2327/2327 2424/2424/2424
f 2326/2326/2326 2424/2424/2424 2423/2423/2423
f 2327/2327/2327 2328/2328/2328 2425/2425/2425
f 2327/2327/2327 2425/2425/2425 2424/2424/2424
f 2329/2329/2329 2330/2330/2330 2427/2427/2427
f 2329/2329/2329 2427/2427/2427 2426/2426/2426
f 2330/2330/2330 2331/2331/2331 2428/2428/2428
f 2330/2330/2330 2428/2428/2428 2427/2427/2427
f 2331/2331/2331 2332/2332/2332 2429/2429/2429
f 2331/2331/2331 2429/2429/2429 2428/2428/2428
f 2332/2332/2332 2333/2333/2333 2430/2430/2430
f 2332/2332/2332 2430/2430/2430 2429/2429/2429
f 2333/2333/2333 2334/2334/2334 2431/2431/2431
f 2333/2333/2333 2431/2431/2431 2430/2430/2430
f 2334/2334/2334 2335/2335/2335 2432/2432/2432
f 2334/2334/2334 2432/2432/2432 2431/2431/2431
f 2335/2335/2335 2336/2336/2336 2433/2433/2433
f 2335/2335/2335 2433/2433/2433 2432/2432/2432
f 2336/2336/2336 2337/2337/2337 2434/2434/2434
f 2336/2336/2336 2434/2434/2434 2433/2433/2433
f 2337/2337/2337 2338/2338/2338 2435/2435/2435
f 2337/2337/2337 2435/2435/2435 2434/2434/2434
f 2338/2338/2338 2339/2339/2339 2436/2436/2436
f 2338/2338/2338 2436/2436/2436 2435/2435/2435
f 2339/2339/2339 2340/2340/2340 2437/2437/2437
f 2339/2339/2339 2437/2437/2437 2436/2436/2436
f 2340/2340/2340 2341/2341/2341 2438/2438/2438
f 2340/2340/2340 2438/2438/2438 2437/2437/2437
f 2341/2341/2341 2342/2342/2342 2439/2439/2439
f 2341/2341/2341 2439/2439/2439 2438/2438/2438
f 2342/2342/2342 2343/2343/2343 2440/2440/2440
f 2342/2342/2342 2440/2440/2440 2439/2439/2439
f 2343/2343/2343 2344/2344/2344 2441/2441/2441
f 2343/2343/2343 2441/2441/2441 2440/2440/2440
f 2344/2344/2344 2345/2345/2345 2442/2442/2442
f 2344/2344/2344 2442/2442/2442 2441/2441/2441
f 2345/2345/2345 2346/2346/2346 2443/2443/2443
f 2345/2345/2345 2443/2443/2443 2442/2442/2442
f 2346/2346/2346 2347/2347/2347 2444/2444/2444
f 2346/2346/2346 2444/2444/2444 2443/2443/2443
f 2347/2347/2347 2348/2348/2348 2445/2445/2445
f 2347/2347/2347 2445/2445/2445 2444/2444/2444
f 2348/2348/2348 2349/2349/2349 2446/2446/2446
f 2348/2348/2348 2446/2446/2446 2445/2445/2445
f 2349/2349/2349 2350/2350/2350 2447/2447/2447
f 2349/2349/2349 2447/2447/2447 2446/2446/2446
f 2350/2350/2350 2351/2351/2351 2448/2448/2448
f 2350/2350/2350 2448/2448/2448 2447/2447/2447
f 2351/2351/2351 2352/2352/2352 2449/2449/2449
f 2351/2351/2351 2449/2449/2449 2448/2448/2448
f 2352/2352/2352 2353/2353/2353 2450/2450/2450
f 2352/2352/2352 2450/2450/2450 2449/2449/2449
f 2353/2353/2353 2354/2354/2354 2451/2451/2451
f 2353/2353/2353 2451/2451/2451 2450/2450/2450
f 2354/2354/2354 2355/2355/2355 2452/2452/2452
f 2354/2354/2354 2452/2452/2452 2451/2451/2451
f 2355/2355/2355 2356/2356/2356 2453/2453/2453
f 2355/2355/2355 2453/2453/2453 2452/2452/2452
f 2356/2356/2356 2357/2357/2357 2454/2454/2454
f 2356/2356/2356 2454/2454/2454 2453/2453/2453
f 2357/2357/2357 2358/2358/2358 2455/2455/2455
f 2357/2357/2357 2455/2455/2455 2454/2454/2454
f 2358/2358/2358 2359/2359/2359 2456/2456/2456
f 2358/2358/2358 2456/2456/2456 2455/2455/2455
f 2359/2359/2359 2360/2360/2360 2457/2457/2457
f 2359/2359/2359 2457/2457/2457 2456/2456/2456
f 2360/2360/2360 2361/2361/2361 2458/2458/2458
f 2360/2360/2360 2458/2458/2458 2457/2457/2457
f 2361/2361/2361 2362/2362/2362 2459/2459/2459
f 2361/2361/2361 2459/2459/2459 2458/2458/2458
f 2362/2362/2362 2363/2363/2363 2460/2460/2460
f 2362/2362/2362 2460/2460/2460 2459/2459/2459
f 2363/2363/2363 2364/2364/2364 2461/2461/2461
f 2363/2363/2363 2461/2461/2461 2460/2460/2460
f 2364/2364/2364 2365/2365/2365 2462/2462/2462
f 2364/2364/2364 2462/2462/2462 2461/2461/2461
f 2365/2365/2365 2366/2366/2366 2463/2463/2463
f 2365/2365/2365 2463/2463/2463 2462/2462/2462
f 2366/2366/2366 2367/2367/2367 2464/2464/2464
f 2366/2366/2366 2464/2464/2464 2463/2463/2463
f 2367/2367/2367 2368/2368/2368 2465/2465/2465
f 2367/2367/2367 2465/2465/2465 2464/2464/2464
f 2368/2368/2368 2369/2369/2369 2466/2466/2466
f 2368/2368/2368 2466/2466/2466 2465/2465/2465
f 2369/2369/2369 2370/2370/2370 2467/2467/2467
f 2369/2369/2369 2467/2467/2467 2466/2466/2466
f 2370/2370/2370 2371/2371/2371 2468/2468/2468
f 2370/2370/2370 2468/2468/2468 2467/2467/2467
f 2371/2371/2371 2372/2372/2372 2469/2469/2469
f 2371/2371/2371 2469/2469/2469 2468/2468/2468
f 2372/2372/2372 2373/2373/2373 2470/2470/2470
f 2372/2372/2372 2470/2470/2470 2469/2469/2469
f 2373/2373/2373 2374/2374/2374 2471/2471/2471
f 2373/2373/2373 2471/2471/2471 2470/2470/2470
f 2374/2374/2374 2375/2375/2375 2472/2472/2472
f 2374/2374/2374 2472/2472/2472 2471/2471/2471
f 2375/2375/2375 2376/2376/2376 2473/2473/2473
f 2375/2375/2375 2473/2473/2473 2472/2472/2472
f 2376/2376/2376 2377/2377/2377 2474/2474/2474
f 2376/2376/2376 2474/2474/2474 2473/2473/2473
f 2377/2377/2377 2378/2378/2378 2475/2475/2475
f 2377/2377/2377 2475/2475/2475 2474/2474/2474
f 2378/2378/2378 2379/2379/2379 2476/2476/2476
f 2378/2378/2378 2476/2476/2476 2475/2475/2475
f 2379/2379/2379 2380/2380/2380 2477/2477/2477
f 2379/2379/2379 2477/2477/2477 2476/2476/2476
f 2380/2380/2380 2381/2381/2381 2478/2478/2478
f 2380/2380/2380 2478/2478/2478 2477/2477/2477
f 2381/2381/2381 2382/2382/2382 2479/2479/2479
f 2381/2381/2381 2479/2479/2479 2478/2478/2478
f 2382/2382/2382 2383/2383/2383 2480/2480/2480
f 2382/2382/2382 2480/2480/2480 2479/2479/2479
f 2383/2383/2383 2384/2384/2384 2481/2481/2481
f 2383/2383/2383 2481/2481/2481 2480/2480/2480
f 2384/2384/2384 2385/2385/2385 2482/2482/2482
f 2384/2384/2384 2482/2482/2482 2481/2481/2481
f 2385/2385/2385 2386/2386/2386 2483/2483/2483
f 2385/2385/2385 2483/2483/2483 2482/2482/2482
f 2386/2386/2386 2387/2387/2387 2484/2484/2484
f 2386/2386/2386 2484/2484/2484 2483/2483/2483
f 2387/2387/2387 2388/2388/2388 2485/2485/2485
f 2387/2387/2387 2485/2485/2485 2484/2484/2484
f 2388/2388/2388 2389/2389/2389 2486/2486/2486
f 2388/2388/2388 2486/2486/2486 2485/2485/2485
f 2389/2389/2389 2390/2390/2390 2487/2487/2487
f 2389/2389/2389 2487/2487/2487 2486/2486/2486
f 2390/2390/2390 2391/2391/2391 2488/2488/2488
f 2390/2390/2390 2488/2488/2488 2487/2487/2487
f 2391/2391/2391 2392/2392/2392 2489/2489/2489
f 2391/2391/2391 2489/2489/2489 2488/2488/2488
f 2392/2392/2392 2393/2393/2393 2490/2490/2490
f 2392/2392/2392 2490/2490/2490 2489/2489/2489
f 2393/2393/2393 2394/2394/2394 2491/2491/2491
f 2393/2393/2393 2491/2491/2491 2490/2490/2490
f 2394/2394/2394 2395/2395/2395 2492/2492/2492
f 2394/2394/2394 2492/2492/2492 2491/2491/2491
f 2395/2395/2395 2396/2396/2396 2493/2493/2493
f 2395/2395/2395 2493/2493/2493 2492/2492/2492
f 2396/2396/2396 2397/2397/2397 2494/2494/2494
f 2396/2396/2396 2494/2494/2494 2493/2493/2493
f 2397/2397/2397 2398/2398/2398 2495/2495/2495
f 2397/2397/2397 2495/2495/2495 2494/2494/2494
f 2398/2398/2398 2399/2399/2399 2496/2496/2496
f 2398/2398/2398 2496/2496/2496 2495/2495/2495
f 2399/2399/2399 2400/2400/2400 2497/2497/2497
f 2399/2399/2399 2497/2497/2497 2496/2496/2496
f 2400/2400/2400 2401/2401/2401 2498/2498/2498
f 2400/2400/2400 2498/2498/2498 2497/2497/2497
f 2401/2401/2401 2402/2402/2402 2499/2499/2499
f 2401/2401/2401 2499/2499/2499 2498/2498/2498
f 2402/2402/2402 2403/2403/2403 2500/2500/2500
f 2402/2402/2402 2500/2500/2500 2499/2499/2499
f 2403/2403/2403 2404/2404/2404 2501/2501/2501
f 2403/2403/2403 2501/2501/2501 2500/2500/2500
f 2404/2404/2404 2405/2405/2405 2502/2502/2502
f 2404/2404/2404 2502/2502/2502 2501/2501/2501
f 2405/2405/2405 2406/2406/2406 2503/2503/2503
f 2405/2405/2405 2503/2503/2503 2502/2502/2502
f 2406/2406/2406 2407/2407/2407 2504/2504/2504
f 2406/2406/2406 2504/2504/2504 2503/2503/2503
f 2407/2407/2407 2408/2408/2408 2505/2505/2505
f 2407/2407/2407 2505/2505/2505 2504/2504/2504
f 2408/2408/2408 2409/2409/2409 2506/2506/2506
f 2408/2408/2408 2506/2506/2506 2505/2505/2505
f 2409/2409/2409 2410/2410/2410 2507/2507/2507
f 2409/2409/2409 2507/2507/2507 2506/2506/2506
f 2410/2410/2410 2411/2411/2411 2508/2508/2508
f 2410/2410/2410 2508/2508/2508 2507/2507/2507
f 2411/2411/2411 2412/2412/2412 2509/2509/2509
f 2411/2411/2411 2509/2509/2509 2508/2508/2508
f 2412/2412/2412 2413/2413/2413 2510/2510/2510
f 2412/2412/2412 2510/2510/2510 2509/2509/2509
f 2413/2413/2413 2414/2414/2414 2511/2511/2511
f 2413/2413/2413 2511/2511/2511 2510/2510/2510
f 2414/2414/2414 2415/2415/2415 2512/2512/2512
f 2414/2414/2414 2512/2512/2512 2511/2511/2511
f 2415/2415/2415 2416/2416/2416 2513/2513/2513
f 2415/2415/2415 2513/2513/2513 2512/2512/2512
f 2416/2416/2416 2417/2417/2417 2514/2514/2514
f 2416/2416/2416 2514/2514/2514 2513/2513/2513
f 2417/2417/2417 2418/2418/2418 2515/2515/2515
f 2417/2417/2417 2515/2515/2515 2514/2514/2514
f 2418/2418/2418 2419/2419/2419 2516/2516/2516
f 2418/2418/2418 2516/2516/2516 2515/2515/2515
f 2419/2419/2419 2420/2420/2420 2517/2517/2517
f 2419/2419/2419 2517/2517/2517 2516/2516/2516
f 2420/2420/2420 2421/2421/2421 2518/2518/2518
f 2420/2420/2420 2518/2518/2518 2517/2517/2517
f 2421/2421/2421 2422/2422/2422 2519/2519/2519
f 2421/2421/2421 2519/2519/2519 2518/2518/2518
f 2422/2422/2422 2423/2423/2423 2520/2520/2520
f 2422/2422/2422 2520/2520/2520 2519/2519/2519
f 2423/2423/2423 2424/2424/2424 2521/2521/2521
f 2423/2423/2423 2521/2521/2521 2520/2520/2520
f 2424/2424/2424 2425/2425/2425 2522/2522/2522
f 2424/2424/2424 2522/2522/2522 2521/2521/2521
f 2426/2426/2426 2427/2427/2427 2524/2524/2524
f 2426/2426/2426 2524/2524/2524 2523/2523/2523
f 2427/2427/2427 2428/2428/2428 2525/2525/2525
f 2427/2427/2427 2525/2525/2525 2524/2524/2524
f 2428/2428/2428 2429/2429/2429 2526/2526/2526
f 2428/2428/2428 2526/2526/2526 2525/2525/2525
f 2429/2429/2429 2430/2430/2430 2527/2527/2527
f 2429/2429/2429 2527/2527/2527 2526/2526/2526
f 2430/2430/2430 2431/2431/2431 2528/2528/2528
f 2430/2430/2430 2528/2528/2528 2527/2527/2527
f 2431/2431/2431 2432/2432/2432 2529/2529/2529
f 2431/2431/2431 2529/2529/2529 2528/2528/2528
f 2432/2432/2432 2433/2433/2433 2530/2530/2530
f 2432/2432/2432 2530/2530/2530 2529/2529/2529
f 2433/2433/2433 2434/2434/2434 2531/2531/2531
f 2433/2433/2433 2531/2531/2531 2530/2530/2530
f 2434/2434/2434 2435/2435/2435 2532/2532/2532
f 2434/2434/2434 2532/2532/2532 2531/2531/2531
f 2435/2435/2435 2436/2436/2436 2533/2533/2533
f 2435/2435/2435 2533/2533/2533 2532/2532/2532
f 2436/2436/2436 2437/2437/2437 2534/2534/2534
f 2436/2436/2436 2534/2534/2534 2533/2533/2533
f 2437/2437/2437 2438/2438/2438 2535/2535/2535
f 2437/2437/2437 2535/2535/2535 2534/2534/2534
f 2438/2438/2438 2439/2439/2439 2536/2536/2536
f 2438/2438/2438 2536/2536/2536 2535/2535/2535
f 2439/2439/2439 2440/2440/2440 2537/2537/2537
f 2439/2439/2439 2537/2537/2537 2536/2536/2536
f 2440/2440/2440 2441/2441/2441 2538/2538/2538
f 2440/2440/2440 2538/2538/2538 2537/2537/2537
f 2441/2441/2441 2442/2442/2442 2539/2539/2539
f 2441/2441/2441 2539/2539/2539 2538/2538/2538
f 2442/2442/2442 2443/2443/2443 2540/2540/2540
f 2442/2442/2442 2540/2540/2540 2539/2539/2539
f 2443/2443/2443 2444/2444/2444 2541/2541/2541
f 2443/2443/2443 2541/2541/2541 2540/2540/2540
f 2444/2444/2444 2445/2445/2445 2542/2542/2542
f 2444/2444/2444 2542/2542/2542 2541/2541/2541
f 2445/2445/2445 2446/2446/2446 2543/2543/2543
f 2445/2445/2445 2543/2543/2543 2542/2542/2542
f 2446/2446/2446 2447/2447/2447 2544/2544/2544
f 2446/2446/2446 2544/2544/2544 2543/2543/2543
f 2447/2447/2447 2448/2448/2448 2545/2545/2545
f 2447/2447/2447 2545/2545/2545 2544/2544/2544
f 2448/2448/2448 2449/2449/2449 2546/2546/2546
f 2448/2448/2448 2546/2546/2546 2545/2545/2545
f 2449/2449/2449 2450/2450/2450 2547/2547/2547
f 2449/2449/2449 2547/2547/2547 2546/2546/2546
f 2450/2450/2450 2451/2451/2451 2548/2548/2548
f 2450/2450/2450 2548/2548/2548 2547/2547/2547
f 2451/2451/2451 2452/2452/2452 2549/2549/2549
f 2451/2451/2451 2549/2549/2549 2548/2548/2548
f 2452/2452/2452 2453/2453/2453 2550/2550/2550
f 2452/2452/2452 2550/2550/2550 2549/2549/2549
f 2453/2453/2453 2454/2454/2454 2551/2551/2551
f 2453/2453/2453 2551/2551/2551 2550/2550/2550
f 2454/2454/2454 2455/2455/2455 2552/2552/2552
f 2454/2454/2454 2552/2552/2552 2551/2551/2551
f 2455/2455/2455 2456/2456/2456 2553/2553/2553
f 2455/2455/2455 2553/2553/2553 2552/2552/2552
f 2456/2456/2456 2457/2457/2457 2554/2554/2554
f 2456/2456/2456 2554/2554/2554 2553/2553/2553
f 2457/2457/2457 2458/2458/2458 2555/2555/2555
f 2457/2457/2457 2555/2555/2555 2554/2554/2554
f 2458/2458/2458 2459/2459/2459 2556/2556/2556
f 2458/2458/2458 2556/2556/2556 2555/2555/2555
f 2459/2459/2459 2460/2460/2460 2557/2557/2557
f 2459/2459/2459 2557/2557/2557 2556/2556/2556
f 2460/2460/2460 2461/2461/2461 2558/2558/2558
f 2460/2460/2460 2558/2558/2558 2557/2557/2557
f 2461/2461/2461 2462/2462/2462 2559/2559/2559
f 2461/2461/2461 2559/2559/2559 2558/2558/2558
f 2462/2462/2462 2463/2463/2463 2560/2560/2560
f 2462/2462/2462 2560/2560/2560 2559/2559/2559
f 2463/2463/2463 2464/2464/2464 2561/2561/2561
f 2463/2463/2463 2561/2561/2561 2560/2560/2560
f 2464/2464/2464 2465/2465/2465 2562/2562/2562
f 2464/2464/2464 2562/2562/2562 2561/2561/2561
f 2465/2465/2465 2466/2466/2466 2563/2563/2563
f 2465/2465/2465 2563/2563/2563 2562/2562/2562
f 2466/2466/2466 2467/2467/2467 2564/2564/2564
f 2466/2466/2466 2564/2564/2564 2563/2563/2563
f 2467/2467/2467 2468/2468/2468 2565/2565/2565
f 2467/2467/2467 2565/2565/2565 2564/2564/2564
f 2468/2468/2468 2469/2469/2469 2566/2566/2566
f 2468/2468/2468 2566/2566/2566 2565/2565/2565
f 2469/2469/2469 2470/2470/2470 2567/2567/2567
f 2469/2469/2469 2567/2567/2567 2566/2566/2566
f 2470/2470/2470 2471/2471/2471 2568/2568/2568
f 2470/2470/2470 2568/2568/2568 2567/2567/2567
f 2471/2471/2471 2472/2472/2472 2569/2569/2569
f 2471/2471/2471 2569/2569/2569 2568/2568/2568
f 2472/2472/2472 2473/2473/2473 2570/2570/2570
f 2472/2472/2472 2570/2570/2570 2569/2569/2569
f 2473/2473/2473 2474/2474/2474 2571/2571/2571
f 2473/2473/2473 2571/2571/2571 2570/2570/2570
f 2474/2474/2474 2475/2475/2475 2572/2572/2572
f 2474/2474/2474 2572/2572/2572 2571/2571/2571
f 2475/2475/2475 2476/2476/2476 2573/2573/2573
f 2475/2475/2475 2573/2573/2573 2572/2572/2572
f 2476/2476/2476 2477/2477/2477 2574/2574/2574
f 2476/2476/2476 2574/2574/2574 2573/2573/2573
f 2477/2477/2477 2478/2478/2478 2575/2575/2575
f 2477/2477/2477 2575/2575/2575 2574/2574/2574
f 2478/2478/2478 2479/2479/2479 2576/2576/2576
f 2478/2478/2478 2576/2576/2576 2575/2575/2575
f 2479/2479/2479 2480/2480/2480 2577/2577/2577
f 2479/2479/2479 2577/2577/2577 2576/2576/2576
f 2480/2480/2480 2481/2481/2481 2578/2578/2578
f 2480/2480/2480 2578/2578/2578 2577/2577/2577
f 2481/2481/2481 2482/2482/2482 2579/2579/2579
f 2481/2481/2481 2579/2579/2579 2578/2578/2578
f 2482/2482/2482 2483/2483/2483 2580/2580/2580
f 2482/2482/2482 2580/2580/2580 2579/2579/2579
f 2483/2483/2483 2484/2484/2484 2581/2581/2581
f 2483/2483/2483 2581/2581/2581 2580/2580/2580
f 2484/2484/2484 2485/2485/2485 2582/2582/2582
f 2484/2484/2484 2582/2582/2582 2581/2581/2581
f 2485/2485/2485 2486/2486/2486 2583/2583/2583
f 2485/2485/2485 2583/2583/2583 2582/2582/2582
f 2486/2486/2486 2487/2487/2487 2584/2584/2584
f 2486/2486/2486 2584/2584/2584 2583/2583/2583
f 2487/2487/2487 2488/2488/2488 2585/2585/2585
f 2487/2487/2487 2585/2585/2585 2584/2584/2584
f 2488/2488/2488 2489/2489/2489 2586/2586/2586
f 2488/2488/2488 2586/2586/2586 2585/2585/2585
f 2489/2489/2489 2490/2490/2490 2587/2587/2587
f 2489/2489/2489 2587/2587/2587 2586/2586/2586
f 2490/2490/2490 2491/2491/2491 2588/2588/2588
f 2490/2490/2490 2588/2588/2588 2587/2587/2587
f 2491/2491/2491 2492/2492/2492 2589/2589/2589
f 2491/2491/2491 2589/2589/2589 2588/2588/2588
f 2492/2492/2492 2493/2493/2493 2590/2590/2590
f 2492/2492/2492 2590/2590/2590 2589/2589/2589
f 2493/2493/2493 2494/2494/2494 2591/2591/2591
f 2493/2493/2493 2591/2591/2591 2590/2590/2590
f 2494/2494/2494 2495/2495/2495 2592/2592/2592
f 2494/2494/2494 2592/2592/2592 2591/2591/2591
f 2495/2495/2495 2496/2496/2496 2593/2593/2593
f 2495/2495/2495 2593/2593/2593 2592/2592/2592
f 2496/2496/2496 2497/2497/2497 2594/2594/2594
f 2496/2496/2496 2594/2594/2594 2593/2593/2593
f 2497/2497/2497 2498/2498/2498 2595/2595/2595
f 2497/2497/2497 2595/2595/2595 2594/2594/2594
f 2498/2498/2498 2499/2499/2499 2596/2596/2596
f 2498/2498/2498 2596/2596/2596 2595/2595/2595
f 2499/2499/2499 2500/2500/2500 2597/2597/2597
f 2499/2499/2499 2597/2597/2597 2596/2596/2596
f 2500/2500/2500 2501/2501/2501 2598/2598/2598
f 2500/2500/2500 2598/2598/2598 2597/2597/2597
f 2501/2501/2501 2502/2502/2502 2599/2599/2599
f 2501/2501/2501 2599/2599/2599 2598/2598/2598
f 2502/2502/2502 2503/2503/2503 2600/2600/2600
f 2502/2502/2502 2600/2600/2600 2599/2599/2599
f 2503/2503/2503 2504/2504/2504 2601/2601/2601
f 2503/2503/2503 2601/2601/2601 2600/2600/2600
f 2504/2504/2504 2505/2505/2505 2602/2602/2602
f 2504/2504/2504 2602/2602/2602 2601/2601/2601
f 2505/2505/2505 2506/2506/2506 2603/2603/2603
f 2505/2505/2505 2603/2603/2603 2602/2602/2602
f 2506/2506/2506 2507/2507/2507 2604/2604/2604
f 2506/2506/2506 2604/2604/2604 2603/2603/2603
f 2507/2507/2507 2508/2508/2508 2605/2605/2605
f 2507/2507/2507 2605/2605/2605 2604/2604/2604
f 2508/2508/2508 2509/2509/2509 2606/2606/2606
f 2508/2508/2508 2606/2606/2606 2605/2605/2605
f 2509/2509/2509 2510/2510/2510 2607/2607/2607
f 2509/2509/2509 2607/2607/2607 2606/2606/2606
f 2510/2510/2510 2511/2511/2511 2608/2608/2608
f 2510/2510/2510 2608/2608/2608 2607/2607/2607
f 2511/2511/2511 2512/2512/2512 2609/2609/2609
f 2511/2511/2511 2609/2609/2609 2608/2608/2608
f 2512/2512/2512 2513/2513/2513 2610/2610/2610
f 2512/2512/2512 2610/2610/2610 2609/2609/2609
f 2513/2513/2513 2514/2514/2514 2611/2611/2611
f 2513/2513/2513 2611/2611/2611 2610/2610/2610
f 2514/2514/2514 2515/2515/2515 2612/2612/2612
f 2514/2514/2514 2612/2612/2612 2611/2611/2611
f 2515/2515/2515 2516/2516/2516 2613/2613/2613
f 2515/2515/2515 2613/2613/2613 2612/2612/2612
f 2516/2516/2516 2517/2517/2517 2614/2614/2614
f 2516/2516/2516 2614/2614/2614 2613/2613/2613
f 2517/2517/2517 2518/2518/2518 2615/2615/2615
f 2517/2517/2517 2615/2615/2615 2614/2614/2614
f 2518/2518/2518 2519/2519/2519 2616/2616/2616
f 2518/2518/2518 2616/2616/2616 2615/2615/2615
f 2519/2519/2519 2520/2520/2520 2617/2617/2617
f 2519/2519/2519 2617/2617/2617 2616/2616/2616
f 2520/2520/2520 2521/2521/2521 2618/2618/2618
f 2520/2520/2520 2618/2618/2618 2617/2617/2617
f 2521/2521/2521 2522/2522/2522 2619/2619/2619
f 2521/2521/2521 2619/2619/2619 2618/2618/2618
f 2523/2523/2523 2524/2524/2524 2621/2621/2621
f 2523/2523/2523 2621/2621/2621 2620/2620/2620
f 2524/2524/2524 2525/2525/2525 2622/2622/2622
f 2524/2524/2524 2622/2622/2622 2621/2621/2621
f 2525/2525/2525 2526/2526/2526 2623/2623/2623
f 2525/2525/2525 2623/2623/2623 2622/2622/2622
f 2526/2526/2526 2527/2527/2527 2624/2624/2624
f 2526/2526/2526 2624/2624/2624 2623/2623/2623
f 2527/2527/2527 2528/2528/2528 2625/2625/2625
f 2527/2527/2527 2625/2625/2625 2624/2624/2624
f 2528/2528/2528 2529/2529/2529 2626/2626/2626
f 2528/2528/2528 2626/2626/2626 2625/2625/2625
f 2529/2529/2529 2530/2530/2530 2627/2627/2627
f 2529/2529/2529 2627/2627/2627 2626/2626/2626
f 2530/2530/2530 2531/2531/2531 2628/2628/2628
f 2530/2530/2530 2628/2628/2628 2627/2627/2627
f 2531/2531/2531 2532/2532/2532 2629/2629/2629
f 2531/2531/2531 2629/2629/2629 2628/2628/2628
f 2532/2532/2532 2533/2533/2533 2630/2630/2630
f 2532/2532/2532 2630/2630/2630 2629/2629/2629
f 2533/2533/2533 2534/2534/2534 2631/2631/2631
f 2533/2533/2533 2631/2631/2631 2630/2630/2630
f 2534/2534/2534 2535/2535/2535 2632/2632/2632
f 2534/2534/2534 2632/2632/2632 2631/2631/2631
f 2535/2535/2535 2536/2536/2536 2633/2633/2633
f 2535/2535/2535 2633/2633/2633 2632/2632/2632
f 2536/2536/2536 2537/2537/2537 2634/2634/2634
f 2536/2536/2536 2634/2634/2634 2633/2633/2633
f 2537/2537/2537 2538/2538/2538 2635/2635/2635
f 2537/2537/2537 2635/2635/2635 2634/2634/2634
f 2538/2538/2538 2539/2539/2539 2636/2636/2636
f 2538/2538/2538 2636/2636/2636 2635/2635/2635
f 2539/2539/2539 2540/2540/2540 2637/2637/2637
f 2539/2539/2539 2637/2637/2637 2636/2636/2636
f 2540/2540/2540 2541/2541/2541 2638/2638/2638
f 2540/2540/2540 2638/2638/2638 2637/2637/2637
f 2541/2541/2541 2542/2542/2542 2639/2639/2639
f 2541/2541/2541 2639/2639/2639 2638/2638/2638
f 2542/2542/2542 2543/2543/2543 2640/2640/2640
f 2542/2542/2542 2640/2640/2640 2639/2639/2639
f 2543/2543/2543 2544/2544/2544 2641/2641/2641
f 2543/2543/2543 2641/2641/2641 2640/2640/2640
f 2544/2544/2544 2545/2545/2545 2642/2642/2642
f 2544/2544/2544 2642/2642/2642 2641/2641/2641
f 2545/2545/2545 2546/2546/2546 2643/2643/2643
f 2545/2545/2545 2643/2643/2643 2642/2642/2642
f 2546/2546/2546 2547/2547/2547 2644/2644/2644
f 2546/2546/2546 2644/2644/2644 2643/2643/2643
f 2547/2547/2547 2548/2548/2548 2645/2645/2645
f 2547/2547/2547 2645/2645/2645 2644/2644/2644
f 2548/2548/2548 2549/2549/2549 2646/2646/2646
f 2548/2548/2548 2646/2646/2646 2645/2645/2645
f 2549/2549/2549 2550/2550/2550 2647/2647/2647
f 2549/2549/2549 2647/2647/2647 2646/2646/2646
f 2550/2550/2550 2551/2551/2551 2648/2648/2648
f 2550/2550/2550 2648/2648/2648 2647/2647/2647
f 2551/2551/2551 2552/2552/2552 2649/2649/2649
f 2551/2551/2551 2649/2649/2649 2648/2648/2648
f 2552/2552/2552 2553/2553/2553 2650/2650/2650
f 2552/2552/2552 2650/2650/2650 2649/2649/2649
f 2553/2553/2553 2554/2554/2554 2651/2651/2651
f 2553/2553/2553 2651/2651/2651 2650/2650/2650
f 2554/2554/2554 2555/2555/2555 2652/2652/2652
f 2554/2554/2554 2652/2652/2652 2651/2651/2651
f 2555/2555/2555 2556/2556/2556 2653/2653/2653
f 2555/2555/2555 2653/2653/2653 2652/2652/2652
f 2556/2556/2556 2557/2557/2557 2654/2654/2654
f 2556/2556/2556 2654/2654/2654 2653/2653/2653
f 2557/2557/2557 2558/2558/2558 2655/2655/2655
f 2557/2557/2557 2655/2655/2655 2654/2654/2654
f 2558/2558/2558 2559/2559/2559 2656/2656/2656
f 2558/2558/2558 2656/2656/2656 2655/2655/2655
f 2559/2559/2559 2560/2560/2560 2657/2657/2657
f 2559/2559/2559 2657/2657/2657 2656/2656/2656
f 2560/2560/2560 2561/2561/2561 2658/2658/2658
f 2560/2560/2560 2658/2658/2658 2657/2657/2657
f 2561/2561/2561 2562/2562/2562 2659/2659/2659
f 2561/2561/2561 2659/2659/2659 2658/2658/2658
f 2562/2562/2562 2563/2563/2563 2660/2660/2660
f 2562/2562/2562 2660/2660/2660 2659/2659/2659
f 2563/2563/2563 2564/2564/2564 2661/2661/2661
f 2563/2563/2563 2661/2661/2661 2660/2660/2660
f 2564/2564/2564 2565/2565/2565 2662/2662/2662
f 2564/2564/2564 2662/2662/2662 2661/2661/2661
f 2565/2565/2565 2566/2566/2566 2663/2663/2663
f 2565/2565/2565 2663/2663/2663 2662/2662/2662
f 2566/2566/2566 2567/2567/2567 2664/2664/2664
f 2566/2566/2566 2664/2664/2664 2663/2663/2663
f 2567/2567/2567 2568/2568/2568 2665/2665/2665
f 2567/2567/2567 2665/2665/2665 2664/2664/2664
f 2568/2568/2568 2569/2569/2569 2666/2666/2666
f 2568/2568/2568 2666/2666/2666 2665/2665/2665
f 2569/2569/2569 2570/2570/2570 2667/2667/2667
f 2569/2569/2569 2667/2667/2667 2666/2666/2666
f 2570/2570/2570 2571/2571/2571 2668/2668/2668
f 2570/2570/2570 2668/2668/2668 2667/2667/2667
f 2571/2571/2571 2572/2572/2572 2669/2669/2669
f 2571/2571/2571 2669/2669/2669 2668/2668/2668
f 2572/2572/2572 2573/2573/2573 2670/2670/2670
f 2572/2572/2572 2670/2670/2670 2669/2669/2669
f 2573/2573/2573 2574/2574/2574 2671/2671/2671
f 2573/2573/2573 2671/2671/2671 2670/2670/2670
f 2574/2574/2574 2575/2575/2575 2672/2672/2672
f 2574/2574/2574 2672/2672/2672 2671/2671/2671
f 2575/2575/2575 2576/2576/2576 2673/2673/2673
f 2575/2575/2575 2673/2673/2673 2672/2672/2672
f 2576/2576/2576 2577/2577/2577 2674/2674/2674
f 2576/2576/2576 2674/2674/2674 2673/2673/2673
f 2577/2577/2577 2578/2578/2578 2675/2675/2675
f 2577/2577/2577 2675/2675/2675 2674/2674/2674
f 2578/2578/2578 2579/2579/2579 2676/2676/2676
f 2578/2578/2578 2676/2676/2676 2675/2675/2675
f 2579/2579/2579 2580/2580/2580 2677/2677/2677
f 2579/2579/2579 2677/2677/2677 2676/2676/2676
f 2580/2580/2580 2581/2581/2581 2678/2678/2678
f 2580/2580/2580 2678/2678/2678 2677/2677/2677
f 2581/2581/2581 2582/2582/2582 2679/2679/2679
f 2581/2581/2581 2679/2679/2679 2678/2678/2678
f 2582/2582/2582 2583/2583/2583 2680/2680/2680
f 2582/2582/2582 2680/2680/2680 2679/2679/2679
f 2583/2583/2583 2584/2584/2584 2681/2681/2681
f 2583/2583/2583 2681/2681/2681 2680/2680/2680
f 2584/2584/2584 2585/2585/2585 2682/2682/2682
f 2584/2584/2584 2682/2682/2682 2681/2681/2681
f 2585/2585/2585 2586/2586/2586 2683/2683/2683
f 2585/2585/2585 2683/2683/2683 2682/2682/2682
f 2586/2586/2586 2587/2587/2587 2684/2684/2684
f 2586/2586/2586 2684/2684/2684 2683/2683/2683
f 2587/2587/2587 2588/2588/2588 2685/2685/2685
f 2587/2587/2587 2685/2685/2685 2684/2684/2684
f 2588/2588/2588 2589/2589/2589 2686/2686/2686
f 2588/2588/2588 2686/2686/2686 2685/2685/2685
f 2589/2589/2589 2590/2590/2590 2687/2687/2687
f 2589/2589/2589 2687/2687/2687 2686/2686/2686
f 2590/2590/2590 2591/2591/2591 2688/2688/2688
f 2590/2590/2590 2688/2688/2688 2687/2687/2687
f 2591/2591/2591 2592/2592/2592 2689/2689/2689
f 2591/2591/2591 2689/2689/2689 2688/2688/2688
f 2592/2592/2592 2593/2593/2593 2690/2690/2690
f 2592/2592/2592 2690/2690/2690 2689/2689/2689
f 2593/2593/2593 2594/2594/2594 2691/2691/2691
f 2593/2593/2593 2691/2691/2691 2690/2690/2690
f 2594/2594/2594 2595/2595/2595 2692/2692/2692
f 2594/2594/2594 2692/2692/2692 2691/2691/2691
f 2595/2595/2595 2596/2596/2596 2693/2693/2693
f 2595/2595/2595 2693/2693/2693 2692/2692/2692
f 2596/2596/2596 2597/2597/2597 2694/2694/2694
f 2596/2596/2596 2694/2694/2694 2693/2693/2693
f 2597/2597/2597 2598/2598/2598 2695/2695/2695
f 2597/2597/2597 2695/2695/2695 2694/2694/2694
f 2598/2598/2598 2599/2599/2599 2696/2696/2696
f 2598/2598/2598 2696/2696/2696 2695/2695/2695
f 2599/2599/2599 2600/2600/2600 2697/2697/2697
f 2599/2599/2599 2697/2697/2697 2696/2696/2696
f 2600/2600/2600 2601/2601/2601 2698/2698/2698
f 2600/2600/2600 2698/2698/2698 2697/2697/2697
f 2601/2601/2601 2602/2602/2602 2699/2699/2699
f 2601/2601/2601 2699/2699/2699 2698/2698/2698
f 2602/2602/2602 2603/2603/2603 2700/2700/2700
f 2602/2602/2602 2700/2700/2700 2699/2699/2699
f 2603/2603/2603 2604/2604/2604 2701/2701/2701
f 2603/2603/2603 2701/2701/2701 2700/2700/2700
f 2604/2604/2604 2605/2605/2605 2702/2702/2702
f 2604/2604/2604 2702/2702/2702 2701/2701/2701
f 2605/2605/2605 2606/2606/2606 2703/2703/2703
f 2605/2605/2605 2703/2703/2703 2702/2702/2702
f 2606/2606/2606 2607/2607/2607 2704/2704/2704
f 2606/2606/2606 2704/2704/2704 2703/2703/2703
f 2607/2607/2607 2608/2608/2608 2705/2705/2705
f 2607/2607/2607 2705/2705/2705 2704/2704/2704
f 2608/2608/2608 2609/2609/2609 2706/2706/2706
f 2608/2608/2608 2706/2706/2706 2705/2705/2705
f 2609/2609/2609 2610/2610/2610 2707/2707/2707
f 2609/2609/2609 2707/2707/2707 2706/2706/2706
f 2610/2610/2610 2611/2611/2611 2708/2708/2708
f 2610/2610/2610 2708/2708/2708 2707/2707/2707
f 2611/2611/2611 2612/2612/2612 2709/2709/2709
f 2611/2611/2611 2709/2709/2709 2708/2708/2708
f 2612/2612/2612 2613/2613/2613 2710/2710/2710
f 2612/2612/2612 2710/2710/2710 2709/2709/2709
f 2613/2613/2613 2614/2614/2614 2711/2711/2711
f 2613/2613/2613 2711/2711/2711 2710/2710/2710
f 2614/2614/2614 2615/2615/2615 2712/2712/2712
f 2614/2614/2614 2712/2712/2712 2711/2711/2711
f 2615/2615/2615 2616/2616/2616 2713/2713/2713
f 2615/2615/2615 2713/2713/2713 2712/2712/2712
f 2616/2616/2616 2617/2617/2617 2714/2714/2714
f 2616/2616/2616 2714/2714/2714 2713/2713/2713
f 2617/2617/2617 2618/2618/2618 2715/2715/2715
f 2617/2617/2617 2715/2715/2715 2714/2714/2714
f 2618/2618/2618 2619/2619/2619 2716/2716/2716
f 2618/2618/2618 2716/2716/2716 2715/2715/2715
f 2620/2620/2620 2621/2621/2621 2718/2718/2718
f 2620/2620/2620 2718/2718/2718 2717/2717/2717
f 2621/2621/2621 2622/2622/2622 2719/2719/2719
f 2621/2621/2621 2719/2719/2719 2718/2718/2718
f 2622/2622/2622 2623/2623/2623 2720/2720/2720
f 2622/2622/2622 2720/2720/2720 2719/2719/2719
f 2623/2623/2623 2624/2624/2624 2721/2721/2721
f 2623/2623/2623 2721/2721/2721 2720/2720/2720
f 2624/2624/2624 2625/2625/2625 2722/2722/2722
f 2624/2624/2624 2722/2722/2722 2721/2721/2721
f 2625/2625/2625 2626/2626/2626 2723/2723/2723
f 2625/2625/2625 2723/2723/2723 2722/2722/2722
f 2626/2626/2626 2627/2627/2627 2724/2724/2724
f 2626/2626/2626 2724/2724/2724 2723/2723/2723
f 2627/2627/2627 2628/2628/2628 2725/2725/2725
f 2627/2627/2627 2725/2725/2725 2724/2724/2724
f 2628/2628/2628 2629/2629/2629 2726/2726/2726
f 2628/2628/2628 2726/2726/2726 2725/2725/2725
f 2629/2629/2629 2630/2630/2630 2727/2727/2727
f 2629/2629/2629 2727/2727/2727 2726/2726/2726
f 2630/2630/2630 2631/2631/2631 2728/2728/2728
f 2630/2630/2630 2728/2728/2728 2727/2727/2727
f 2631/2631/2631 2632/2632/2632 2729/2729/2729
f 2631/2631/2631 2729/2729/2729 2728/2728/2728
f 2632/2632/2632 2633/2633/2633 2730/2730/2730
f 2632/2632/2632 2730/2730/2730 2729/2729/2729
f 2633/2633/2633 2634/2634/2634 2731/2731/2731
f 2633/2633/2633 2731/2731/2731 2730/2730/2730
f 2634/2634/2634 2635/2635/2635 2732/2732/2732
f 2634/2634/2634 2732/2732/2732 2731/2731/2731
f 2635/2635/2635 2636/2636/2636 2733/2733/2733
f 2635/2635/2635 2733/2733/2733 2732/2732/2732
f 2636/2636/2636 2637/2637/2637 2734/2734/2734
f 2636/2636/2636 2734/2734/2734 2733/2733/2733
f 2637/2637/2637 2638/2638/2638 2735/2735/2735
f 2637/2637/2637 2735/2735/2735 2734/2734/2734
f 2638/2638/2638 2639/2639/2639 2736/2736/2736
f 2638/2638/2638 2736/2736/2736 2735/2735/2735
f 2639/2639/2639 2640/2640/2640 2737/2737/2737
f 2639/2639/2639 2737/2737/2737 2736/2736/2736
f 2640/2640/2640 2641/2641/2641 2738/2738/2738
f 2640/2640/2640 2738/2738/2738 2737/2737/2737
f 2641/2641/2641 2642/2642/2642 2739/2739/2739
f 2641/2641/2641 2739/2739/2739 2738/2738/2738
f 2642/2642/2642 2643/2643/2643 2740/2740/2740
f 2642/2642/2642 2740/2740/2740 2739/2739/2739
f 2643/2643/2643 2644/2644/2644 2741/2741/2741
f 2643/2643/2643 2741/2741/2741 2740/2740/2740
f 2644/2644/2644 2645/2645/2645 2742/2742/2742
f 2644/2644/2644 2742/2742/2742 2741/2741/2741
f 2645/2645/2645 2646/2646/2646 2743/2743/2743
f 2645/2645/2645 2743/2743/2743 2742/2742/2742
f 2646/2646/2646 2647/2647/2647 2744/2744/2744
f 2646/2646/2646 2744/2744/2744 2743/2743/2743
f 2647/2647/2647 2648/2648/2648 2745/2745/2745
f 2647/2647/2647 2745/2745/2745 2744/2744/2744
f 2648/2648/2648 2649/2649/2649 2746/2746/2746
f 2648/2648/2648 2746/2746/2746 2745/2745/2745
f 2649/2649/2649 2650/2650/2650 2747/2747/2747
f 2649/2649/2649 2747/2747/2747 2746/2746/2746
f 2650/2650/2650 2651/2651/2651 2748/2748/2748
f 2650/2650/2650 2748/2748/2748 2747/2747/2747
f 2651/2651/2651 2652/2652/2652 2749/2749/2749
f 2651/2651/2651 2749/2749/2749 2748/2748/2748
f 2652/2652/2652 2653/2653/2653 2750/2750/2750
f 2652/2652/2652 2750/2750/2750 2749/2749/2749
f 2653/2653/2653 2654/2654/2654 2751/2751/2751
f 2653/2653/2653 2751/2751/2751 2750/2750/2750
f 2654/2654/2654 2655/2655/2655 2752/2752/2752
f 2654/2654/2654 2752/2752/2752 2751/2751/2751
f 2655/2655/2655 2656/2656/2656 2753/2753/2753
f 2655/2655/2655 2753/2753/2753 2752/2752/2752
f 2656/2656/2656 2657/2657/2657 2754/2754/2754
f 2656/2656/2656 2754/2754/2754 2753/2753/2753
f 2657/2657/2657 2658/2658/2658 2755/2755/2755
f 2657/2657/2657 2755/2755/2755 2754/2754/2754
f 2658/2658/2658 2659/2659/2659 2756/2756/2756
f 2658/2658/2658 2756/2756/2756 2755/2755/2755
f 2659/2659/2659 2660/2660/2660 2757/2757/2757
f 2659/2659/2659 2757/2757/2757 2756/2756/2756
f 2660/2660/2660 2661/2661/2661 2758/2758/2758
f 2660/2660/2660 2758/2758/2758 2757/2757/2757
f 2661/2661/2661 2662/2662/2662 2759/2759/2759
f 2661/2661/2661 2759/2759/2759 2758/2758/2758
f 2662/2662/2662 2663/2663/2663 2760/2760/2760
f 2662/2662/2662 2760/2760/2760 2759/2759/2759
f 2663/2663/2663 2664/2664/2664 2761/2761/2761
f 2663/2663/2663 2761/2761/2761 2760/2760/2760
f 2664/2664/2664 2665/2665/2665 2762/2762/2762
f 2664/2664/2664 2762/2762/2762 2761/2761/2761
f 2665/2665/2665 2666/2666/2666 2763/2763/2763
f 2665/2665/2665 2763/2763/2763 2762/2762/2762
f 2666/2666/2666 2667/2667/2667 2764/2764/2764
f 2666/2666/2666 2764/2764/2764 2763/2763/2763
f 2667/2667/2667 2668/2668/2668 2765/2765/2765
f 2667/2667/2667 2765/2765/2765 2764/2764/2764
f 2668/2668/2668 2669/2669/2669 2766/2766/2766
f 2668/2668/2668 2766/2766/2766 2765/2765/2765
f 2669/2669/2669 2670/2670/2670 2767/2767/2767
f 2669/2669/2669 2767/2767/2767 2766/2766/2766
f 2670/2670/2670 2671/2671/2671 2768/2768/2768
f 2670/2670/2670 2768/2768/2768 2767/2767/2767
f 2671/2671/2671 2672/2672/2672 2769/2769/2769
f 2671/2671/2671 2769/2769/2769 2768/2768/2768
f 2672/2672/2672 2673/2673/2673 2770/2770/2770
f 2672/2672/2672 2770/2770/2770 2769/2769/2769
f 2673/2673/2673 2674/2674/2674 2771/2771/2771
f 2673/2673/2673 2771/2771/2771 2770/2770/2770
f 2674/2674/2674 2675/2675/2675 2772/2772/2772
f 2674/2674/2674 2772/2772/2772 2771/2771/2771
f 2675/2675/2675 2676/2676/2676 2773/2773/2773
f 2675/2675/2675 2773/2773/2773 2772/2772/2772
f 2676/2676/2676 2677/2677/2677 2774/2774/2774
f 2676/2676/2676 2774/2774/2774 2773/2773/2773
f 2677/2677/2677 2678/2678/2678 2775/2775/2775
f 2677/2677/2677 2775/2775/2775 2774/2774/2774
f 2678/2678/2678 2679/2679/2679 2776/2776/2776
f 2678/2678/2678 2776/2776/2776 2775/2775/2775
f 2679/2679/2679 2680/2680/2680 2777/2777/2777
f 2679/2679/2679 2777/2777/2777 2776/2776/2776
f 2680/2680/2680 2681/2681/2681 2778/2778/2778
f 2680/2680/2680 2778/2778/2778 2777/2777/2777
f 2681/2681/2681 2682/2682/2682 2779/2779/2779
f 2681/2681/2681 2779/2779/2779 2778/2778/2778
f 2682/2682/2682 2683/2683/2683 2780/2780/2780
f 2682/2682/2682 2780/2780/2780 2779/2779/2779
f 2683/2683/2683 2684/2684/2684 2781/2781/2781
f 2683/2683/2683 2781/2781/2781 2780/2780/2780
f 2684/2684/2684 2685/2685/2685 2782/2782/2782
f 2684/2684/2684 2782/2782/2782 2781/2781/2781
f 2685/2685/2685 2686/2686/2686 2783/2783/2783
f 2685/2685/2685 2783/2783/2783 2782/2782/2782
f 2686/2686/2686 2687/2687/2687 2784/2784/2784
f 2686/2686/2686 2784/2784/2784 2783/2783/2783
f 2687/2687/2687 2688/2688/2688 2785/2785/2785
f 2687/2687/2687 2785/2785/2785 2784/2784/2784
f 2688/2688/2688 2689/2689/2689 2786/2786/2786
f 2688/2688/2688 2786/2786/2786 2785/2785/2785
f 2689/2689/2689 2690/2690/2690 2787/2787/2787
f 2689/2689/2689 2787/2787/2787 2786/2786/2786
f 2690/2690/2690 2691/2691/2691 2788/2788/2788
f 2690/2690/2690 2788/2788/2788 2787/2787/2787
f 2691/2691/2691 2692/2692/2692 2789/2789/2789
f 2691/2691/2691 2789/2789/2789 2788/2788/2788
f 2692/2692/2692 2693/2693/2693 2790/2790/2790
f 2692/2692/2692 2790/2790/2790 2789/2789/2789
f 2693/2693/2693 2694/2694/2694 2791/2791/2791
f 2693/2693/2693 2791/2791/2791 2790/2790/2790
f 2694/2694/2694 2695/2695/2695 2792/2792/2792
f 2694/2694/2694 2792/2792/2792 2791/2791/2791
f 2695/2695/2695 2696/2696/2696 2793/2793/2793
f 2695/2695/2695 2793/2793/2793 2792/2792/2792
f 2696/2696/2696 2697/2697/2697 2794/2794/2794
f 2696/2696/2696 2794/2794/2794 2793/2793/2793
f 2697/2697/2697 2698/2698/2698 2795/2795/2795
f 2697/2697/2697 2795/2795/2795 2794/2794/2794
f 2698/2698/2698 2699/2699/2699 2796/2796/2796
f 2698/2698/2698 2796/2796/2796 2795/2795/2795
f 2699/2699/2699 2700/2700/2700 2797/2797/2797
f 2699/2699/2699 2797/2797/2797 2796/2796/2796
f 2700/2700/2700 2701/2701/2701 2798/2798/2798
f 2700/2700/2700 2798/2798/2798 2797/2797/2797
f 2701/2701/2701 2702/2702/2702 2799/2799/2799
f 2701/2701/2701 2799/2799/2799 2798/2798/2798
f 2702/2702/2702 2703/2703/2703 2800/2800/2800
f 2702/2702/2702 2800/2800/2800 2799/2799/2799
f 2703/2703/2703 2704/2704/2704 2801/2801/2801
f 2703/2703/2703 2801/2801/2801 2800/2800/2800
f 2704/2704/2704 2705/2705/2705 2802/2802/2802
f 2704/2704/2704 2802/2802/2802 2801/2801/2801
f 2705/2705/2705 2706/2706/2706 2803/2803/2803
f 2705/2705/2705 2803/2803/2803 2802/2802/2802
f 2706/2706/2706 2707/2707/2707 2804/2804/2804
f 2706/2706/2706 2804/2804/2804 2803/2803/2803
f 2707/2707/2707 2708/2708/2708 2805/2805/2805
f 2707/2707/2707 2805/2805/2805 2804/2804/2804
f 2708/2708/2708 2709/2709/2709 2806/2806/2806
f 2708/2708/2708 2806/2806/2806 2805/2805/2805
f 2709/2709/2709 2710/2710/2710 2807/2807/2807
f 2709/2709/2709 2807/2807/2807 2806/2806/2806
f 2710/2710/2710 2711/2711/2711 2808/2808/2808
f 2710/2710/2710 2808/2808/2808 2807/2807/2807
f 2711/2711/2711 2712/2712/2712 2809/2809/2809
f 2711/2711/2711 2809/2809/2809 2808/2808/2808
f 2712/2712/2712 2713/2713/2713 2810/2810/2810
f 2712/2712/2712 2810/2810/2810 2809/2809/2809
f 2713/2713/2713 2714/2714/2714 2811/2811/2811
f 2713/2713/2713 2811/2811/2811 2810/2810/2810
f 2714/2714/2714 2715/2715/2715 2812/2812/2812
f 2714/2714/2714 2812/2812/2812 2811/2811/2811
f 2715/2715/2715 2716/2716/2716 2813/2813/2813
f 2715/2715/2715 2813/2813/2813 2812/2812/2812
f 2717/2717/2717 2718/2718/2718 2815/2815/2815
f 2717/2717/2717 2815/2815/2815 2814/2814/2814
f 2718/2718/2718 2719/2719/2719 2816/2816/2816
f 2718/2718/2718 2816/2816/2816 2815/2815/2815
f 2719/2719/2719 2720/2720/2720 2817/2817/2817
f 2719/2719/2719 2817/2817/2817 2816/2816/2816
f 2720/2720/2720 2721/2721/2721 2818/2818/2818
f 2720/2720/2720 2818/2818/2818 2817/2817/2817
f 2721/2721/2721 2722/2722/2722 2819/2819/2819
f 2721/2721/2721 2819/2819/2819 2818/2818/2818
f 2722/2722/2722 2723/2723/2723 2820/2820/2820
f 2722/2722/2722 2820/2820/2820 2819/2819/2819
f 2723/2723/2723 2724/2724/2724 2821/2821/2821
f 2723/2723/2723 2821/2821/2821 2820/2820/2820
f 2724/2724/2724 2725/2725/2725 2822/2822/2822
f 2724/2724/2724 2822/2822/2822 2821/2821/2821
f 2725/2725/2725 2726/2726/2726 2823/2823/2823
f 2725/2725/2725 2823/2823/2823 2822/2822/2822
f 2726/2726/2726 2727/2727/2727 2824/2824/2824
f 2726/2726/2726 2824/2824/2824 2823/2823/2823
f 2727/2727/2727 2728/2728/2728 2825/2825/2825
f 2727/2727/2727 2825/2825/2825 2824/2824/2824
f 2728/2728/2728 2729/2729/2729 2826/2826/2826
f 2728/2728/2728 2826/2826/2826 2825/2825/2825
f 2729/2729/2729 2730/2730/2730 2827/2827/2827
f 2729/2729/2729 2827/2827/2827 2826/2826/2826
f 2730/2730/2730 2731/2731/2731 2828/2828/2828
f 2730/2730/2730 2828/2828/2828 2827/2827/2827
f 2731/2731/2731 2732/2732/2732 2829/2829/2829
f 2731/2731/2731 2829/2829/2829 2828/2828/2828
f 2732/2732/2732 2733/2733/2733 2830/2830/2830
f 2732/2732/2732 2830/2830/2830 2829/2829/2829
f 2733/2733/2733 2734/2734/2734 2831/2831/2831
f 2733/2733/2733 2831/2831/2831 2830/2830/2830
f 2734/2734/2734 2735/2735/2735 2832/2832/2832
f 2734/2734/2734 2832/2832/2832 2831/2831/2831
f 2735/2735/2735 2736/2736/2736 2833/2833/2833
f 2735/2735/2735 2833/2833/2833 2832/2832/2832
f 2736/2736/2736 2737/2737/2737 2834/2834/2834
f 2736/2736/2736 2834/2834/2834 2833/2833/2833
f 2737/2737/2737 2738/2738/2738 2835/2835/2835
f 2737/2737/2737 2835/2835/2835 2834/2834/2834
f 2738/2738/2738 2739/2739/2739 2836/2836/2836
f 2738/2738/2738 2836/2836/2836 2835/2835/2835
f 2739/2739/2739 2740/2740/2740 2837/2837/2837
f 2739/2739/2739 2837/2837/2837 2836/2836/2836
f 2740/2740/2740 2741/2741/2741 2838/2838/2838
f 2740/2740/2740 2838/2838/2838 2837/2837/2837
f 2741/2741/2741 2742/2742/2742 2839/2839/2839
f 2741/2741/2741 2839/2839/2839 2838/2838/2838
f 2742/2742/2742 2743/2743/2743 2840/2840/2840
f 2742/2742/2742 2840/2840/2840 2839/2839/2839
f 2743/2743/2743 2744/2744/2744 2841/2841/2841
f 2743/2743/2743 2841/2841/2841 2840/2840/2840
f 2744/2744/2744 2745/2745/2745 2842/2842/2842
f 2744/2744/2744 2842/2842/2842 2841/2841/2841
f 2745/2745/2745 2746/2746/2746 2843/2843/2843
f 2745/2745/2745 2843/2843/2843 2842/2842/2842
f 2746/2746/2746 2747/2747/2747 2844/2844/2844
f 2746/2746/2746 2844/2844/2844 2843/2843/2843
f 2747/2747/2747 2748/2748/2748 2845/2845/2845
f 2747/2747/2747 2845/2845/2845 2844/2844/2844
f 2748/2748/2748 2749/2749/2749 2846/2846/2846
f 2748/2748/2748 2846/2846/2846 2845/2845/2845
f 2749/2749/2749 2750/2750/2750 2847/2847/2847
f 2749/2749/2749 2847/2847/2847 2846/2846/2846
f 2750/2750/2750 2751/2751/2751 2848/2848/2848
f 2750/2750/2750 2848/2848/2848 2847/2847/2847
f 2751/2751/2751 2752/2752/2752 2849/2849/2849
f 2751/2751/2751 2849/2849/2849 2848/2848/2848
f 2752/2752/2752 2753/2753/2753 2850/2850/2850
f 2752/2752/2752 2850/2850/2850 2849/2849/2849
f 2753/2753/2753 2754/2754/2754 2851/2851/2851
f 2753/2753/2753 2851/2851/2851 2850/2850/2850
f 2754/2754/2754 2755/2755/2755 2852/2852/2852
f 2754/2754/2754 2852/2852/2852 2851/2851/2851
f 2755/2755/2755 2756/2756/2756 2853/2853/2853
f 2755/2755/2755 2853/2853/2853 2852/2852/2852
f 2756/2756/2756 2757/2757/2757 2854/2854/2854
f 2756/2756/2756 2854/2854/2854 2853/2853/2853
f 2757/2757/2757 2758/2758/2758 2855/2855/2855
f 2757/2757/2757 2855/2855/2855 2854/2854/2854
f 2758/2758/2758 2759/2759/2759 2856/2856/2856
f 2758/2758/2758 2856/2856/2856 2855/2855/2855
f 2759/2759/2759 2760/2760/2760 2857/2857/2857
f 2759/2759/2759 2857/2857/2857 2856/2856/2856
f 2760/2760/2760 2761/2761/2761 2858/2858/2858
f 2760/2760/2760 2858/2858/2858 2857/2857/2857
f 2761/2761/2761 2762/2762/2762 2859/2859/2859
f 2761/2761/2761 2859/2859/2859 2858/2858/2858
f 2762/2762/2762 2763/2763/2763 2860/2860/2860
f 2762/2762/2762 2860/2860/2860 2859/2859/2859
f 2763/2763/2763 2764/2764/2764 2861/2861/2861
f 2763/2763/2763 2861/2861/2861 2860/2860/2860
f 2764/2764/2764 2765/2765/2765 2862/2862/2862
f 2764/2764/2764 2862/2862/2862 2861/2861/2861
f 2765/2765/2765 2766/2766/2766 2863/2863/2863
f 2765/2765/2765 2863/2863/2863 2862/2862/2862
f 2766/2766/2766 2767/2767/2767 2864/2864/2864
f 2766/2766/2766 2864/2864/2864 2863/2863/2863
f 2767/2767/2767 2768/2768/2768 2865/2865/2865
f 2767/2767/2767 2865/2865/2865 2864/2864/2864
f 2768/2768/2768 2769/2769/2769 2866/2866/2866
f 2768/2768/2768 2866/2866/2866 2865/2865/2865
f 2769/2769/2769 2770/2770/2770 2867/2867/2867
f 2769/2769/2769 2867/2867/2867 2866/2866/2866
f 2770/2770/2770 2771/2771/2771 2868/2868/2868
f 2770/2770/2770 2868/2868/2868 2867/2867/2867
f 2771/2771/2771 2772/2772/2772 2869/2869/2869
f 2771/2771/2771 2869/2869/2869 2868/2868/2868
f 2772/2772/2772 2773/2773/2773 2870/2870/2870
f 2772/2772/2772 2870/2870/2870 2869/2869/2869
f 2773/2773/2773 2774/2774/2774 2871/2871/2871
f 2773/2773/2773 2871/2871/2871 2870/2870/2870
f 2774/2774/2774 2775/2775/2775 2872/2872/2872
f 2774/2774/2774 2872/2872/2872 2871/2871/2871
f 2775/2775/2775 2776/2776/2776 2873/2873/2873
f 2775/2775/2775 2873/2873/2873 2872/2872/2872
f 2776/2776/2776 2777/2777/2777 2874/2874/2874
f 2776/2776/2776 2874/2874/2874 2873/2873/2873
f 2777/2777/2777 2778/2778/2778 2875/2875/2875
f 2777/2777/2777 2875/2875/2875 2874/2874/2874
f 2778/2778/2778 2779/2779/2779 2876/2876/2876
f 2778/2778/2778 2876/2876/2876 2875/2875/2875
f 2779/2779/2779 2780/2780/2780 2877/2877/2877
f 2779/2779/2779 2877/2877/2877 2876/2876/2876
f 2780/2780/2780 2781/2781/2781 2878/2878/2878
f 2780/2780/2780 2878/2878/2878 2877/2877/2877
f 2781/2781/2781 2782/2782/2782 2879/2879/2879
f 2781/2781/2781 2879/2879/2879 2878/2878/2878
f 2782/2782/2782 2783/2783/2783 2880/2880/2880
f 2782/2782/2782 2880/2880/2880 2879/2879/2879
f 2783/2783/2783 2784/2784/2784 2881/2881/2881
f 2783/2783/2783 2881/2881/2881 2880/2880/2880
f 2784/2784/2784 2785/2785/2785 2882/2882/2882
f 2784/2784/2784 2882/2882/2882 2881/2881/2881
f 2785/2785/2785 2786/2786/2786 2883/2883/2883
f 2785/2785/2785 2883/2883/2883 2882/2882/2882
f 2786/2786/2786 2787/2787/2787 2884/2884/2884
f 2786/2786/2786 2884/2884/2884 2883/2883/2883
f 2787/2787/2787 2788/2788/2788 2885/2885/2885
f 2787/2787/2787 2885/2885/2885 2884/2884/2884
f 2788/2788/2788 2789/2789/2789 2886/2886/2886
f 2788/2788/2788 2886/2886/2886 2885/2885/2885
f 2789/2789/2789 2790/2790/2790 2887/2887/2887
f 2789/2789/2789 2887/2887/2887 2886/2886/2886
f 2790/2790/2790 2791/2791/2791 2888/2888/2888
f 2790/2790/2790 2888/2888/2888 2887/2887/2887
f 2791/2791/2791 2792/2792/2792 2889/2889/2889
f 2791/2791/2791 2889/2889/2889 2888/2888/2888
f 2792/2792/2792 2793/2793/2793 2890/2890/2890
f 2792/2792/2792 2890/2890/2890 2889/2889/2889
f 2793/2793/2793 2794/2794/2794 2891/2891/2891
f 2793/2793/2793 2891/2891/2891 2890/2890/2890
f 2794/2794/2794 2795/2795/2795 2892/2892/2892
f 2794/2794/2794 2892/2892/2892 2891/2891/2891
f 2795/2795/2795 2796/2796/2796 2893/2893/2893
f 2795/2795/2795 2893/2893/2893 2892/2892/2892
f 2796/2796/2796 2797/2797/2797 2894/2894/2894
f 2796/2796/2796 2894/2894/2894 2893/2893/2893
f 2797/2797/2797 2798/2798/2798 2895/2895/2895
f 2797/2797/2797 2895/2895/2895 2894/2894/2894
f 2798/2798/2798 2799/2799/2799 2896/2896/2896
f 2798/2798/2798 2896/2896/2896 2895/2895/2895
f 2799/2799/2799 2800/2800/2800 2897/2897/2897
f 2799/2799/2799 2897/2897/2897 2896/2896/2896
f 2800/2800/2800 2801/2801/2801 2898/2898/2898
f 2800/2800/2800 2898/2898/2898 2897/2897/2897
f 2801/2801/2801 2802/2802/2802 2899/2899/2899
f 2801/2801/2801 2899/2899/2899 2898/2898/2898
f 2802/2802/2802 2803/2803/2803 2900/2900/2900
f 2802/2802/2802 2900/2900/2900 2899/2899/2899
f 2803/2803/2803 2804/2804/2804 2901/2901/2901
f 2803/2803/2803 2901/2901/2901 2900/2900/2900
f 2804/2804/2804 2805/2805/2805 2902/2902/2902
f 2804/2804/2804 2902/2902/2902 2901/2901/2901
f 2805/2805/2805 2806/2806/2806 2903/2903/2903
f 2805/2805/2805 2903/2903/2903 2902/2902/2902
f 2806/2806/2806 2807/2807/2807 2904/2904/2904
f 2806/2806/2806 2904/2904/2904 2903/2903/2903
f 2807/2807/2807 2808/2808/2808 2905/2905/2905
f 2807/2807/2807 2905/2905/2905 2904/2904/2904
f 2808/2808/2808 2809/2809/2809 2906/2906/2906
f 2808/2808/2808 2906/2906/2906 2905/2905/2905
f 2809/2809/2809 2810/2810/2810 2907/2907/2907
f 2809/2809/2809 2907/2907/2907 2906/2906/2906
f 2810/2810/2810 2811/2811/2811 2908/2908/2908
f 2810/2810/2810 2908/2908/2908 2907/2907/2907
f 2811/2811/2811 2812/2812/2812 2909/2909/2909
f 2811/2811/2811 2909/2909/2909 2908/2908/2908
f 2812/2812/2812 2813/2813/2813 2910/2910/2910
f 2812/2812/2812 2910/2910/2910 2909/2909/2909
f 2814/2814/2814 2815/2815/2815 2912/2912/2912
f 2814/2814/2814 2912/2912/2912 2911/2911/2911
f 2815/2815/2815 2816/2816/2816 2913/2913/2913
f 2815/2815/2815 2913/2913/2913 2912/2912/2912
f 2816/2816/2816 2817/2817/2817 2914/2914/2914
f 2816/2816/2816 2914/2914/2914 2913/2913/2913
f 2817/2817/2817 2818/2818/2818 2915/2915/2915
f 2817/2817/2817 2915/2915/2915 2914/2914/2914
f 2818/2818/2818 2819/2819/2819 2916/2916/2916
f 2818/2818/2818 2916/2916/2916 2915/2915/2915
f 2819/2819/2819 2820/2820/2820 2917/2917/2917
f 2819/2819/2819 2917/2917/2917 2916/2916/2916
f 2820/2820/2820 2821/2821/2821 2918/2918/2918
f 2820/2820/2820 2918/2918/2918 2917/2917/2917
f 2821/2821/2821 2822/2822/2822 2919/2919/2919
f 2821/2821/2821 2919/2919/2919 2918/2918/2918
f 2822/2822/2822 2823/2823/2823 2920/2920/2920
f 2822/2822/2822 2920/2920/2920 2919/2919/2919
f 2823/2823/2823 2824/2824/2824 2921/2921/2921
f 2823/2823/2823 2921/2921/2921 2920/2920/2920
f 2824/2824/2824 2825/2825/2825 2922/2922/2922
f 2824/2824/2824 2922/2922/2922 2921/2921/2921
f 2825/2825/2825 2826/2826/2826 2923/2923/2923
f 2825/2825/2825 2923/2923/2923 2922/2922/2922
f 2826/2826/2826 2827/2827/2827 2924/2924/2924
f 2826/2826/2826 2924/2924/2924 2923/2923/2923
f 2827/2827/2827 2828/2828/2828 2925/2925/2925
f 2827/2827/2827 2925/2925/2925 2924/2924/2924
f 2828/2828/2828 2829/2829/2829 2926/2926/2926
f 2828/2828/2828 2926/2926/2926 2925/2925/2925
f 2829/2829/2829 2830/2830/2830 2927/2927/2927
f 2829/2829/2829 2927/2927/2927 2926/2926/2926
f 2830/2830/2830 2831/2831/2831 2928/2928/2928
f 2830/2830/2830 2928/2928/2928 2927/2927/2927
f 2831/2831/2831 2832/2832/2832 2929/2929/2929
f 2831/2831/2831 2929/2929/2929 2928/2928/2928
f 2832/2832/2832 2833/2833/2833 2930/2930/2930
f 2832/2832/2832 2930/2930/2930 2929/2929/2929
f 2833/2833/2833 2834/2834/2834 2931/2931/2931
f 2833/2833/2833 2931/2931/2931 2930/2930/2930
f 2834/2834/2834 2835/2835/2835 2932/2932/2932
f 2834/2834/2834 2932/2932/2932 2931/2931/2931
f 2835/2835/2835 2836/2836/2836 2933/2933/2933
f 2835/2835/2835 2933/2933/2933 2932/2932/2932
f 2836/2836/2836 2837/2837/2837 2934/2934/2934
f 2836/2836/2836 2934/2934/2934 2933/2933/2933
f 2837/2837/2837 2838/2838/2838 2935/2935/2935
f 2837/2837/2837 2935/2935/2935 2934/2934/2934
f 2838/2838/2838 2839/2839/2839 2936/2936/2936
f 2838/2838/2838 2936/2936/2936 2935/2935/2935
f 2839/2839/2839 2840/2840/2840 2937/2937/2937
f 2839/2839/2839 2937/2937/2937 2936/2936/2936
f 2840/2840/2840 2841/2841/2841 2938/2938/2938
f 2840/2840/2840 2938/2938/2938 2937/2937/2937
f 2841/2841/2841 2842/2842/2842 2939/2939/2939
f 2841/2841/2841 2939/2939/2939 2938/2938/2938
f 2842/2842/2842 2843/2843/2843 2940/2940/2940
f 2842/2842/2842 2940/2940/2940 2939/2939/2939
f 2843/2843/2843 2844/2844/2844 2941/2941/2941
f 2843/2843/2843 2941/2941/2941 2940/2940/2940
f 2844/2844/2844 2845/2845/2845 2942/2942/2942
f 2844/2844/2844 2942/2942/2942 2941/2941/2941
f 2845/2845/2845 2846/2846/2846 2943/2943/2943
f 2845/2845/2845 2943/2943/2943 2942/2942/2942
f 2846/2846/2846 2847/2847/2847 2944/2944/2944
f 2846/2846/2846 2944/2944/2944 2943/2943/2943
f 2847/2847/2847 2848/2848/2848 2945/2945/2945
f 2847/2847/2847 2945/2945/2945 2944/2944/2944
f 2848/2848/2848 2849/2849/2849 2946/2946/2946
f 2848/2848/2848 2946/2946/2946 2945/2945/2945
f 2849/2849/2849 2850/2850/2850 2947/2947/2947
f 2849/2849/2849 2947/2947/2947 2946/2946/2946
f 2850/2850/2850 2851/2851/2851 2948/2948/2948
f 2850/2850/2850 2948/2948/2948 2947/2947/2947
f 2851/2851/2851 2852/2852/2852 2949/2949/2949
f 2851/2851/2851 2949/2949/2949 2948/2948/2948
f 2852/2852/2852 2853/2853/2853 2950/2950/2950
f 2852/2852/2852 2950/2950/2950 2949/2949/2949
f 2853/2853/2853 2854/2854/2854 2951/2951/2951
f 2853/2853/2853 2951/2951/2951 2950/2950/2950
f 2854/2854/2854 2855/2855/2855 2952/2952/2952
f 2854/2854/2854 2952/2952/2952 2951/2951/2951
f 2855/2855/2855 2856/2856/2856 2953/2953/2953
f 2855/2855/2855 2953/2953/2953 2952/2952/2952
f 2856/2856/2856 2857/2857/2857 2954/2954/2954
f 2856/2856/2856 2954/2954/2954 2953/2953/2953
f 2857/2857/2857 2858/2858/2858 2955/2955/2955
f 2857/2857/2857 2955/2955/2955 2954/2954/2954
f 2858/2858/2858 2859/2859/2859 2956/2956/2956
f 2858/2858/2858 2956/2956/2956 2955/2955/2955
f 2859/2859/2859 2860/2860/2860 2957/2957/2957
f 2859/2859/2859 2957/2957/2957 2956/2956/2956
f 2860/2860/2860 2861/2861/2861 2958/2958/2958
f 2860/2860/2860 2958/2958/2958 2957/2957/2957
f 2861/2861/2861 2862/2862/2862 2959/2959/2959
f 2861/2861/2861 2959/2959/2959 2958/2958/2958
f 2862/2862/2862 2863/2863/2863 2960/2960/2960
f 2862/2862/2862 2960/2960/2960 2959/2959/2959
f 2863/2863/2863 2864/2864/2864 2961/2961/2961
f 2863/2863/2863 2961/2961/2961 2960/2960/2960
f 2864/2864/2864 2865/2865/2865 2962/2962/2962
f 2864/2864/2864 2962/2962/2962 2961/2961/2961
f 2865/2865/2865 2866/2866/2866 2963/2963/2963
f 2865/2865/2865 2963/2963/2963 2962/2962/2962
f 2866/2866/2866 2867/2867/2867 2964/2964/2964
f 2866/2866/2866 2964/2964/2964 2963/2963/2963
f 2867/2867/2867 2868/2868/2868 2965/2965/2965
f 2867/2867/2867 2965/2965/2965 2964/2964/2964
f 2868/2868/2868 2869/2869/2869 2966/2966/2966
f 2868/2868/2868 2966/2966/2966 2965/2965/2965
f 2869/2869/2869 2870/2870/2870 2967/2967/2967
f 2869/2869/2869 2967/2967/2967 2966/2966/2966
f 2870/2870/2870 2871/2871/2871 2968/2968/2968
f 2870/2870/2870 2968/2968/2968 2967/2967/2967
f 2871/2871/2871 2872/2872/2872 2969/2969/2969
f 2871/2871/2871 2969/2969/2969 2968/2968/2968
f 2872/2872/2872 2873/2873/2873 2970/2970/2970
f 2872/2872/2872 2970/2970/2970 2969/2969/2969
f 2873/2873/2873 2874/2874/2874 2971/2971/2971
f 2873/2873/2873 2971/2971/2971 2970/2970/2970
f 2874/2874/2874 2875/2875/2875 2972/2972/2972
f 2874/2874/2874 2972/2972/2972 2971/2971/2971
f 2875/2875/2875 2876/2876/2876 2973/2973/2973
f 2875/2875/2875 2973/2973/2973 2972/2972/2972
f 2876/2876/2876 2877/2877/2877 2974/2974/2974
f 2876/2876/2876 2974/2974/2974 2973/2973/2973
f 2877/2877/2877 2878/2878/2878 2975/2975/2975
f 2877/2877/2877 2975/2975/2975 2974/2974/2974
f 2878/2878/2878 2879/2879/2879 2976/2976/2976
f 2878/2878/2878 2976/2976/2976 2975/2975/2975
f 2879/2879/2879 2880/2880/2880 2977/2977/2977
f 2879/2879/2879 2977/2977/2977 2976/2976/2976
f 2880/2880/2880 2881/2881/2881 2978/2978/2978
f 2880/2880/2880 2978/2978/2978 2977/2977/2977
f 2881/2881/2881 2882/2882/2882 2979/2979/2979
f 2881/2881/2881 2979/2979/2979 2978/2978/2978
f 2882/2882/2882 2883/2883/2883 2980/2980/2980
f 2882/2882/2882 2980/2980/2980 2979/2979/2979
f 2883/2883/2883 2884/2884/2884 2981/2981/2981
f 2883/2883/2883 2981/2981/2981 2980/2980/2980
f 2884/2884/2884 2885/2885/2885 2982/2982/2982
f 2884/2884/2884 2982/2982/2982 2981/2981/2981
f 2885/2885/2885 2886/2886/2886 2983/2983/2983
f 2885/2885/2885 2983/2983/2983 2982/2982/2982
f 2886/2886/2886 2887/2887/2887 2984/2984/2984
f 2886/2886/2886 2984/2984/2984 2983/2983/2983
f 2887/2887/2887 2888/2888/2888 2985/2985/2985
f 2887/2887/2887 2985/2985/2985 2984/2984/2984
f 2888/2888/2888 2889/2889/2889 2986/2986/2986
f 2888/2888/2888 2986/2986/2986 2985/2985/2985
f 2889/2889/2889 2890/2890/2890 2987/2987/2987
f 2889/2889/2889 2987/2987/2987 2986/2986/2986
f 2890/2890/2890 2891/2891/2891 2988/2988/2988
f 2890/2890/2890 2988/2988/2988 2987/2987/2987
f 2891/2891/2891 2892/2892/2892 2989/2989/2989
f 2891/2891/2891 2989/2989/2989 2988/2988/2988
f 2892/2892/2892 2893/2893/2893 2990/2990/2990
f 2892/2892/2892 2990/2990/2990 2989/2989/2989
f 2893/2893/2893 2894/2894/2894 2991/2991/2991
f 2893/2893/2893 2991/2991/2991 2990/2990/2990
f 2894/2894/2894 2895/2895/2895 2992/2992/2992
f 2894/2894/2894 2992/2992/2992 2991/2991/2991
f 2895/2895/2895 2896/2896/2896 2993/2993/2993
f 2895/2895/2895 2993/2993/2993 2992/2992/2992
f 2896/2896/2896 2897/2897/2897 2994/2994/2994
f 2896/2896/2896 2994/2994/2994 2993/2993/2993
f 2897/2897/2897 2898/2898/2898 2995/2995/2995
f 2897/2897/2897 2995/2995/2995 2994/2994/2994
f 2898/2898/2898 2899/2899/2899 2996/2996/2996
f 2898/2898/2898 2996/2996/2996 2995/2995/2995
f 2899/2899/2899 2900/2900/2900 2997/2997/2997
f 2899/2899/2899 2997/2997/2997 2996/2996/2996
f 2900/2900/2900 2901/2901/2901 2998/2998/2998
f 2900/2900/2900 2998/2998/2998 2997/2997/2997
f 2901/2901/2901 2902/2902/2902 2999/2999/2999
f 2901/2901/2901 2999/2999/2999 2998/2998/2998
f 2902/2902/2902 2903/2903/2903 3000/3000/3000
f 2902/2902/2902 3000/3000/3000 2999/2999/2999
f 2903/2903/2903 2904/2904/2904 3001/3001/3001
f 2903/2903/2903 3001/3001/3001 3000/3000/3000
f 2904/2904/2904 2905/2905/2905 3002/3002/3002
f 2904/2904/2904 3002/3002/3002 3001/3001/3001
f 2905/2905/2905 2906/2906/2906 3003/3003/3003
f 2905/2905/2905 3003/3003/3003 3002/3002/3002
f 2906/2906/2906 2907/2907/2907 3004/3004/3004
f 2906/2906/2906 3004/3004/3004 3003/3003/3003
f 2907/2907/2907 2908/2908/2908 3005/3005/3005
f 2907/2907/2907 3005/3005/3005 3004/3004/3004
f 2908/2908/2908 2909/2909/2909 3006/3006/3006
f 2908/2908/2908 3006/3006/3006 3005/3005/3005
f 2909/2909/2909 2910/2910/2910 3007/3007/3007
f 2909/2909/2909 3007/3007/3007 3006/3006/3006
f 2911/2911/2911 2912/2912/2912 3009/3009/3009
f 2911/2911/2911 3009/3009/3009 3008/3008/3008
f 2912/2912/2912 2913/2913/2913 3010/3010/3010
f 2912/2912/2912 3010/3010/3010 3009/3009/3009
f 2913/2913/2913 2914/2914/2914 3011/3011/3011
f 2913/2913/2913 3011/3011/3011 3010/3010/3010
f 2914/2914/2914 2915/2915/2915 3012/3012/3012
f 2914/2914/2914 3012/3012/3012 3011/3011/3011
f 2915/2915/2915 2916/2916/2916 3013/3013/3013
f 2915/2915/2915 3013/3013/3013 3012/3012/3012
f 2916/2916/2916 2917/2917/2917 3014/3014/3014
f 2916/2916/2916 3014/3014/3014 3013/3013/3013
f 2917/2917/2917 2918/2918/2918 3015/3015/3015
f 2917/2917/2917 3015/3015/3015 3014/3014/3014
f 2918/2918/2918 2919/2919/2919 3016/3016/3016
f 2918/2918/2918 3016/3016/3016 3015/3015/3015
f 2919/2919/2919 2920/2920/2920 3017/3017/3017
f 2919/2919/2919 3017/3017/3017 3016/3016/3016
f 2920/2920/2920 2921/2921/2921 3018/3018/3018
f 2920/2920/2920 3018/3018/3018 3017/3017/3017
f 2921/2921/2921 2922/2922/2922 3019/3019/3019
f 2921/2921/2921 3019/3019/3019 3018/3018/3018
f 2922/2922/2922 2923/2923/2923 3020/3020/3020
f 2922/2922/2922 3020/3020/3020 3019/3019/3019
f 2923/2923/2923 2924/2924/2924 3021/3021/3021
f 2923/2923/2923 3021/3021/3021 3020/3020/3020
f 2924/2924/2924 2925/2925/2925 3022/3022/3022
f 2924/2924/2924 3022/3022/3022 3021/3021/3021
f 2925/2925/2925 2926/2926/2926 3023/3023/3023
f 2925/2925/2925 3023/3023/3023 3022/3022/3022
f 2926/2926/2926 2927/2927/2927 3024/3024/3024
f 2926/2926/2926 3024/3024/3024 3023/3023/3023
f 2927/2927/2927 2928/2928/2928 3025/3025/3025
f 2927/2927/2927 3025/3025/3025 3024/3024/3024
f 2928/2928/2928 2929/2929/2929 3026/3026/3026
f 2928/2928/2928 3026/3026/3026 3025/3025/3025
f 2929/2929/2929 2930/2930/2930 3027/3027/3027
f 2929/2929/2929 3027/3027/3027 3026/3026/3026
f 2930/2930/2930 2931/2931/2931 3028/3028/3028
f 2930/2930/2930 3028/3028/3028 3027/3027/3027
f 2931/2931/2931 2932/2932/2932 3029/3029/3029
f 2931/2931/2931 3029/3029/3029 3028/3028/3028
f 2932/2932/2932 2933/2933/2933 3030/3030/3030
f 2932/2932/2932 3030/3030/3030 3029/3029/3029
f 2933/2933/2933 2934/2934/2934 3031/3031/3031
f 2933/2933/2933 3031/3031/3031 3030/3030/3030
f 2934/2934/2934 2935/2935/2935 3032/3032/3032
f 2934/2934/2934 3032/3032/3032 3031/3031/3031
f 2935/2935/2935 2936/2936/2936 3033/3033/3033
f 2935/2935/2935 3033/3033/3033 3032/3032/3032
f 2936/2936/2936 2937/2937/2937 3034/3034/3034
f 2936/2936/2936 3034/3034/3034 3033/3033/3033
f 2937/2937/2937 2938/2938/2938 3035/3035/3035
f 2937/2937/2937 3035/3035/3035 3034/3034/3034
f 2938/2938/2938 2939/2939/2939 3036/3036/3036
f 2938/2938/2938 3036/3036/3036 3035/3035/3035
f 2939/2939/2939 2940/2940/2940 3037/3037/3037
f 2939/2939/2939 3037/3037/3037 3036/3036/3036
f 2940/2940/2940 2941/2941/2941 3038/3038/3038
f 2940/2940/2940 3038/3038/3038 3037/3037/3037
f 2941/2941/2941 2942/2942/2942 3039/3039/3039
f 2941/2941/2941 3039/3039/3039 3038/3038/3038
f 2942/2942/2942 2943/2943/2943 3040/3040/3040
f 2942/2942/2942 3040/3040/3040 3039/3039/3039
f 2943/2943/2943 2944/2944/2944 3041/3041/3041
f 2943/2943/2943 3041/3041/3041 3040/3040/3040
f 2944/2944/2944 2945/2945/2945 3042/3042/3042
f 2944/2944/2944 3042/3042/3042 3041/3041/3041
f 2945/2945/2945 2946/2946/2946 3043/3043/3043
f 2945/2945/2945 3043/3043/3043 3042/3042/3042
f 2946/2946/2946 2947/2947/2947 3044/3044/3044
f 2946/2946/2946 3044/3044/3044 3043/3043/3043
f 2947/2947/2947 2948/2948/2948 3045/3045/3045
f 2947/2947/2947 3045/3045/3045 3044/3044/3044
f 2948/2948/2948 2949/2949/2949 3046/3046/3046
f 2948/2948/2948 3046/3046/3046 3045/3045/3045
f 2949/2949/2949 2950/2950/2950 3047/3047/3047
f 2949/2949/2949 3047/3047/3047 3046/3046/3046
f 2950/2950/2950 2951/2951/2951 3048/3048/3048
f 2950/2950/2950 3048/3048/3048 3047/3047/3047
f 2951/2951/2951 2952/2952/2952 3049/3049/3049
f 2951/2951/2951 3049/3049/3049 3048/3048/3048
f 2952/2952/2952 2953/2953/2953 3050/3050/3050
f 2952/2952/2952 3050/3050/3050 3049/3049/3049
f 2953/2953/2953 2954/2954/2954 3051/3051/3051
f 2953/2953/2953 3051/3051/3051 3050/3050/3050
f 2954/2954/2954 2955/2955/2955 3052/3052/3052
f 2954/2954/2954 3052/3052/3052 3051/3051/3051
f 2955/2955/2955 2956/2956/2956 3053/3053/3053
f 2955/2955/2955 3053/3053/3053 3052/3052/3052
f 2956/2956/2956 2957/2957/2957 3054/3054/3054
f 2956/2956/2956 3054/3054/3054 3053/3053/3053
f 2957/2957/2957 2958/2958/2958 3055/3055/3055
f 2957/2957/2957 3055/3055/3055 3054/3054/3054
f 2958/2958/2958 2959/2959/2959 3056/3056/3056
f 2958/2958/2958 3056/3056/3056 3055/3055/3055
f 2959/2959/2959 2960/2960/2960 3057/3057/3057
f 2959/2959/2959 3057/3057/3057 3056/3056/3056
f 2960/2960/2960 2961/2961/2961 3058/3058/3058
f 2960/2960/2960 3058/3058/3058 3057/3057/3057
f 2961/2961/2961 2962/2962/2962 3059/3059/3059
f 2961/2961/2961 3059/3059/3059 3058/3058/3058
f 2962/2962/2962 2963/2963/2963 3060/3060/3060
f 2962/2962/2962 3060/3060/3060 3059/3059/3059
f 2963/2963/2963 2964/2964/2964 3061/3061/3061
f 2963/2963/2963 3061/3061/3061 3060/3060/3060
f 2964/2964/2964 2965/2965/2965 3062/3062/3062
f 2964/2964/2964 3062/3062/3062 3061/3061/3061
f 2965/2965/2965 2966/2966/2966 3063/3063/3063
f 2965/2965/2965 3063/3063/3063 3062/3062/3062
f 2966/2966/2966 2967/2967/2967 3064/3064/3064
f 2966/2966/2966 3064/3064/3064 3063/3063/3063
f 2967/2967/2967 2968/2968/2968 3065/3065/3065
f 2967/2967/2967 3065/3065/3065 3064/3064/3064
f 2968/2968/2968 2969/2969/2969 3066/3066/3066
f 2968/2968/2968 3066/3066/3066 3065/3065/3065
f 2969/2969/2969 2970/2970/2970 3067/3067/3067
f 2969/2969/2969 3067/3067/3067 3066/3066/3066
f 2970/2970/2970 2971/2971/2971 3068/3068/3068
f 2970/2970/2970 3068/3068/3068 3067/3067/3067
f 2971/2971/2971 2972/2972/2972 3069/3069/3069
f 2971/2971/2971 3069/3069/3069 3068/3068/3068
f 2972/2972/2972 2973/2973/2973 3070/3070/3070
f 2972/2972/2972 3070/3070/3070 3069/3069/3069
f 2973/2973/2973 2974/2974/2974 3071/3071/3071
f 2973/2973/2973 3071/3071/3071 3070/3070/3070
f 2974/2974/2974 2975/2975/2975 3072/3072/3072
f 2974/2974/2974 3072/3072/3072 3071/3071/3071
f 2975/2975/2975 2976/2976/2976 3073/3073/3073
f 2975/2975/2975 3073/3073/3073 3072/3072/3072
f 2976/2976/2976 2977/2977/2977 3074/3074/3074
f 2976/2976/2976 3074/3074/3074 3073/3073/3073
f 2977/2977/2977 2978/2978/2978 3075/3075/3075
f 2977/2977/2977 3075/3075/3075 3074/3074/3074
f 2978/2978/2978 2979/2979/2979 3076/3076/3076
f 2978/2978/2978 3076/3076/3076 3075/3075/3075
f 2979/2979/2979 2980/2980/2980 3077/3077/3077
f 2979/2979/2979 3077/3077/3077 3076/3076/3076
f 2980/2980/2980 2981/2981/2981 3078/3078/3078
f 2980/2980/2980 3078/3078/3078 3077/3077/3077
f 2981/2981/2981 2982/2982/2982 3079/3079/3079
f 2981/2981/2981 3079/3079/3079 3078/3078/3078
f 2982/2982/2982 2983/2983/2983 3080/3080/3080
f 2982/2982/2982 3080/3080/3080 3079/3079/3079
f 2983/2983/2983 2984/2984/2984 3081/3081/3081
f 2983/2983/2983 3081/3081/3081 3080/3080/3080
f 2984/2984/2984 2985/2985/2985 3082/3082/3082
f 2984/2984/2984 3082/3082/3082 3081/3081/3081
f 2985/2985/2985 2986/2986/2986 3083/3083/3083
f 2985/2985/2985 3083/3083/3083 3082/3082/3082
f 2986/2986/2986 2987/2987/2987 3084/3084/3084
f 2986/2986/2986 3084/3084/3084 3083/3083/3083
f 2987/2987/2987 2988/2988/2988 3085/3085/3085
f 2987/2987/2987 3085/3085/3085 3084/3084/3084
f 2988/2988/2988 2989/2989/2989 3086/3086/3086
f 2988/2988/2988 3086/3086/3086 3085/3085/3085
f 2989/2989/2989 2990/2990/2990 3087/3087/3087
f 2989/2989/2989 3087/3087/3087 3086/3086/3086
f 2990/2990/2990 2991/2991/2991 3088/3088/3088
f 2990/2990/2990 3088/3088/3088 3087/3087/3087
f 2991/2991/2991 2992/2992/2992 3089/3089/3089
f 2991/2991/2991 3089/3089/3089 3088/3088/3088
f 2992/2992/2992 2993/2993/2993 3090/3090/3090
f 2992/2992/2992 3090/3090/3090 3089/3089/3089
f 2993/2993/2993 2994/2994/2994 3091/3091/3091
f 2993/2993/2993 3091/3091/3091 3090/3090/3090
f 2994/2994/2994 2995/2995/2995 3092/3092/3092
f 2994/2994/2994 3092/3092/3092 3091/3091/3091
f 2995/2995/2995 2996/2996/2996 3093/3093/3093
f 2995/2995/2995 3093/3093/3093 3092/3092/3092
f 2996/2996/2996 2997/2997/2997 3094/3094/3094
f 2996/2996/2996 3094/3094/3094 3093/3093/3093
f 2997/2997/2997 2998/2998/2998 3095/3095/3095
f 2997/2997/2997 3095/3095/3095 3094/3094/3094
f 2998/2998/2998 2999/2999/2999 3096/3096/3096
f 2998/2998/2998 3096/3096/3096 3095/3095/3095
f 2999/2999/2999 3000/3000/3000 3097/3097/3097
f 2999/2999/2999 3097/3097/3097 3096/3096/3096
f 3000/3000/3000 3001/3001/3001 3098/3098/3098
f 3000/3000/3000 3098/3098/3098 3097/3097/3097
f 3001/3001/3001 3002/3002/3002 3099/3099/3099
f 3001/3001/3001 3099/3099/3099 3098/3098/3098
f 3002/3002/3002 3003/3003/3003 3100/3100/3100
f 3002/3002/3002 3100/3100/3100 3099/3099/3099
f 3003/3003/3003 3004/3004/3004 3101/3101/3101
f 3003/3003/3003 3101/3101/3101 3100/3100/3100
f 3004/3004/3004 3005/3005/3005 3102/3102/3102
f 3004/3004/3004 3102/3102/3102 3101/3101/3101
f 3005/3005/3005 3006/3006/3006 3103/3103/3103
f 3005/3005/3005 3103/3103/3103 3102/3102/3102
f 3006/3006/3006 3007/3007/3007 3104/3104/3104
f 3006/3006/3006 3104/3104/3104 3103/3103/3103
f 3008/3008/3008 3009/3009/3009 3106/3106/3106
f 3008/3008/3008 3106/3106/3106 3105/3105/3105
f 3009/3009/3009 3010/3010/3010 3107/3107/3107
f 3009/3009/3009 3107/3107/3107 3106/3106/3106
f 3010/3010/3010 3011/3011/3011 3108/3108/3108
f 3010/3010/3010 3108/3108/3108 3107/3107/3107
f 3011/3011/3011 3012/3012/3012 3109/3109/3109
f 3011/3011/3011 3109/3109/3109 3108/3108/3108
f 3012/3012/3012 3013/3013/3013 3110/3110/3110
f 3012/3012/3012 3110/3110/3110 3109/3109/3109
f 3013/3013/3013 3014/3014/3014 3111/3111/3111
f 3013/3013/3013 3111/3111/3111 3110/3110/3110
f 3014/3014/3014 3015/3015/3015 3112/3112/3112
f 3014/3014/3014 3112/3112/3112 3111/3111/3111
f 3015/3015/3015 3016/3016/3016 3113/3113/3113
f 3015/3015/3015 3113/3113/3113 3112/3112/3112
f 3016/3016/3016 3017/3017/3017 3114/3114/3114
f 3016/3016/3016 3114/3114/3114 3113/3113/3113
f 3017/3017/3017 3018/3018/3018 3115/3115/3115
f 3017/3017/3017 3115/3115/3115 3114/3114/3114
f 3018/3018/3018 3019/3019/3019 3116/3116/3116
f 3018/3018/3018 3116/3116/3116 3115/3115/3115
f 3019/3019/3019 3020/3020/3020 3117/3117/3117
f 3019/3019/3019 3117/3117/3117 3116/3116/3116
f 3020/3020/3020 3021/3021/3021 3118/3118/3118
f 3020/3020/3020 3118/3118/3118 3117/3117/3117
f 3021/3021/3021 3022/3022/3022 3119/3119/3119
f 3021/3021/3021 3119/3119/3119 3118/3118/3118
f 3022/3022/3022 3023/3023/3023 3120/3120/3120
f 3022/3022/3022 3120/3120/3120 3119/3119/3119
f 3023/3023/3023 3024/3024/3024 3121/3121/3121
f 3023/3023/3023 3121/3121/3121 3120/3120/3120
f 3024/3024/3024 3025/3025/3025 3122/3122/3122
f 3024/3024/3024 3122/3122/3122 3121/3121/3121
f 3025/3025/3025 3026/3026/3026 3123/3123/3123
f 3025/3025/3025 3123/3123/3123 3122/3122/3122
f 3026/3026/3026 3027/3027/3027 3124/3124/3124
f 3026/3026/3026 3124/3124/3124 3123/3123/3123
f 3027/3027/3027 3028/3028/3028 3125/3125/3125
f 3027/3027/3027 3125/3125/3125 3124/3124/3124
f 3028/3028/3028 3029/3029/3029 3126/3126/3126
f 3028/3028/3028 3126/3126/3126 3125/3125/3125
f 3029/3029/3029 3030/3030/3030 3127/3127/3127
f 3029/3029/3029 3127/3127/3127 3126/3126/3126
f 3030/3030/3030 3031/3031/3031 3128/3128/3128
f 3030/3030/3030 3128/3128/3128 3127/3127/3127
f 3031/3031/3031 3032/3032/3032 3129/3129/3129
f 3031/3031/3031 3129/3129/3129 3128/3128/3128
f 3032/3032/3032 3033/3033/3033 3130/3130/3130
f 3032/3032/3032 3130/3130/3130 3129/3129/3129
f 3033/3033/3033 3034/3034/3034 3131/3131/3131
f 3033/3033/3033 3131/3131/3131 3130/3130/3130
f 3034/3034/3034 3035/3035/3035 3132/3132/3132
f 3034/3034/3034 3132/3132/3132 3131/3131/3131
f 3035/3035/3035 3036/3036/3036 3133/3133/3133
f 3035/3035/3035 3133/3133/3133 3132/3132/3132
f 3036/3036/3036 3037/3037/3037 3134/3134/3134
f 3036/3036/3036 3134/3134/3134 3133/3133/3133
f 3037/3037/3037 3038/3038/3038 3135/3135/3135
f 3037/3037/3037 3135/3135/3135 3134/3134/3134
f 3038/3038/3038 3039/3039/3039 3136/3136/3136
f 3038/3038/3038 3136/3136/3136 3135/3135/3135
f 3039/3039/3039 3040/3040/3040 3137/3137/3137
f 3039/3039/3039 3137/3137/3137 3136/3136/3136
f 3040/3040/3040 3041/3041/3041 3138/3138/3138
f 3040/3040/3040 3138/3138/3138 3137/3137/3137
f 3041/3041/3041 3042/3042/3042 3139/3139/3139
f 3041/3041/3041 3139/3139/3139 3138/3138/3138
f 3042/3042/3042 3043/3043/3043 3140/3140/3140
f 3042/3042/3042 3140/3140/3140 3139/3139/3139
f 3043/3043/3043 3044/3044/3044 3141/3141/3141
f 3043/3043/3043 3141/3141/3141 3140/3140/3140
f 3044/3044/3044 3045/3045/3045 3142/3142/3142
f 3044/3044/3044 3142/3142/3142 3141/3141/3141
f 3045/3045/3045 3046/3046/3046 3143/3143/3143
f 3045/3045/3045 3143/3143/3143 3142/3142/3142
f 3046/3046/3046 3047/3047/3047 3144/3144/3144
f 3046/3046/3046 3144/3144/3144 3143/3143/3143
f 3047/3047/3047 3048/3048/3048 3145/3145/3145
f 3047/3047/3047 3145/3145/3145 3144/3144/3144
f 3048/3048/3048 3049/3049/3049 3146/3146/3146
f 3048/3048/3048 3146/3146/3146 3145/3145/3145
f 3049/3049/3049 3050/3050/3050 3147/3147/3147
f 3049/3049/3049 3147/3147/3147 3146/3146/3146
f 3050/3050/3050 3051/3051/3051 3148/3148/3148
f 3050/3050/3050 3148/3148/3148 3147/3147/3147
f 3051/3051/3051 3052/3052/3052 3149/3149/3149
f 3051/3051/3051 3149/3149/3149 3148/3148/3148
f 3052/3052/3052 3053/3053/3053 3150/3150/3150
f 3052/3052/3052 3150/3150/3150 3149/3149/3149
f 3053/3053/3053 3054/3054/3054 3151/3151/3151
f 3053/3053/3053 3151/3151/3151 3150/3150/3150
f 3054/3054/3054 3055/3055/3055 3152/3152/3152
f 3054/3054/3054 3152/3152/3152 3151/3151/3151
f 3055/3055/3055 3056/3056/3056 3153/3153/3153
f 3055/3055/3055 3153/3153/3153 3152/3152/3152
f 3056/3056/3056 3057/3057/3057 3154/3154/3154
f 3056/3056/3056 3154/3154/3154 3153/3153/3153
f 3057/3057/3057 3058/3058/3058 3155/3155/3155
f 3057/3057/3057 3155/3155/3155 3154/3154/3154
f 3058/3058/3058 3059/3059/3059 3156/3156/3156
f 3058/3058/3058 3156/3156/3156 3155/3155/3155
f 3059/3059/3059 3060/3060/3060 3157/3157/3157
f 3059/3059/3059 3157/3157/3157 3156/3156/3156
f 3060/3060/3060 3061/3061/3061 3158/3158/3158
f 3060/3060/3060 3158/3158/3158 3157/3157/3157
f 3061/3061/3061 3062/3062/3062 3159/3159/3159
f 3061/3061/3061 3159/3159/3159 3158/3158/3158
f 3062/3062/3062 3063/3063/3063 3160/3160/3160
f 3062/3062/3062 3160/3160/3160 3159/3159/3159
f 3063/3063/3063 3064/3064/3064 3161/3161/3161
f 3063/3063/3063 3161/3161/3161 3160/3160/3160
f 3064/3064/3064 3065/3065/3065 3162/3162/3162
f 3064/3064/3064 3162/3162/3162 3161/3161/3161
f 3065/3065/3065 3066/3066/3066 3163/3163/3163
f 3065/3065/3065 3163/3163/3163 3162/3162/3162
f 3066/3066/3066 3067/3067/3067 3164/3164/3164
f 3066/3066/3066 3164/3164/3164 3163/3163/3163
f 3067/3067/3067 3068/3068/3068 3165/3165/3165
f 3067/3067/3067 3165/3165/3165 3164/3164/3164
f 3068/3068/3068 3069/3069/3069 3166/3166/3166
f 3068/3068/3068 3166/3166/3166 3165/3165/3165
f 3069/3069/3069 3070/3070/3070 3167/3167/3167
f 3069/3069/3069 3167/3167/3167 3166/3166/3166
f 3070/3070/3070 3071/3071/3071 3168/3168/3168
f 3070/3070/3070 3168/3168/3168 3167/3167/3167
f 3071/3071/3071 3072/3072/3072 3169/3169/3169
f 3071/3071/3071 3169/3169/3169 3168/3168/3168
f 3072/3072/3072 3073/3073/3073 3170/3170/3170
f 3072/3072/3072 3170/3170/3170 3169/3169/3169
f 3073/3073/3073 3074/3074/3074 3171/3171/3171
f 3073/3073/3073 3171/3171/3171 3170/3170/3170
f 3074/3074/3074 3075/3075/3075 3172/3172/3172
f 3074/3074/3074 3172/3172/3172 3171/3171/3171
f 3075/3075/3075 3076/3076/3076 3173/3173/3173
f 3075/3075/3075 3173/3173/3173 3172/3172/3172
f 3076/3076/3076 3077/3077/3077 3174/3174/3174
f 3076/3076/3076 3174/3174/3174 3173/3173/3173
f 3077/3077/3077 3078/3078/3078 3175/3175/3175
f 3077/3077/3077 3175/3175/3175 3174/3174/3174
f 3078/3078/3078 3079/3079/3079 3176/3176/3176
f 3078/3078/3078 3176/3176/3176 3175/3175/3175
f 3079/3079/3079 3080/3080/3080 3177/3177/3177
f 3079/3079/3079 3177/3177/3177 3176/3176/3176
f 3080/3080/3080 3081/3081/3081 3178/3178/3178
f 3080/3080/3080 3178/3178/3178 3177/3177/3177
f 3081/3081/3081 3082/3082/3082 3179/3179/3179
f 3081/3081/3081 3179/3179/3179 3178/3178/3178
f 3082/3082/3082 3083/3083/3083 3180/3180/3180
f 3082/3082/3082 3180/3180/3180 3179/3179/3179
f 3083/3083/3083 3084/3084/3084 3181/3181/3181
f 3083/3083/3083 3181/3181/3181 3180/3180/3180
f 3084/3084/3084 3085/3085/3085 3182/3182/3182
f 3084/3084/3084 3182/3182/3182 3181/3181/3181
f 3085/3085/3085 3086/3086/3086 3183/3183/3183
f 3085/3085/3085 3183/3183/3183 3182/3182/3182
f 3086/3086/3086 3087/3087/3087 3184/3184/3184
f 3086/3086/3086 3184/3184/3184 3183/3183/3183
f 3087/3087/3087 3088/3088/3088 3185/3185/3185
f 3087/3087/3087 3185/3185/3185 3184/3184/3184
f 3088/3088/3088 3089/3089/3089 3186/3186/3186
f 3088/3088/3088 3186/3186/3186 3185/3185/3185
f 3089/3089/3089 3090/3090/3090 3187/3187/3187
f 3089/3089/3089 3187/3187/3187 3186/3186/3186
f 3090/3090/3090 3091/3091/3091 3188/3188/3188
f 3090/3090/3090 3188/3188/3188 3187/3187/3187
f 3091/3091/3091 3092/3092/3092 3189/3189/3189
f 3091/3091/3091 3189/3189/3189 3188/3188/3188
f 3092/3092/3092 3093/3093/3093 3190/3190/3190
f 3092/3092/3092 3190/3190/3190 3189/3189/3189
f 3093/3093/3093 3094/3094/3094 3191/3191/3191
f 3093/3093/3093 3191/3191/3191 3190/3190/3190
f 3094/3094/3094 3095/3095/3095 3192/3192/3192
f 3094/3094/3094 3192/3192/3192 3191/3191/3191
f 3095/3095/3095 3096/3096/3096 3193/3193/3193
f 3095/3095/3095 3193/3193/3193 3192/3192/3192
f 3096/3096/3096 3097/3097/3097 3194/3194/3194
f 3096/3096/3096 3194/3194/3194 3193/3193/3193
f 3097/3097/3097 3098/3098/3098 3195/3195/3195
f 3097/3097/3097 3195/3195/3195 3194/3194/3194
f 3098/3098/3098 3099/3099/3099 3196/3196/3196
f 3098/3098/3098 3196/3196/3196 3195/3195/3195
f 3099/3099/3099 3100/3100/3100 3197/3197/3197
f 3099/3099/3099 3197/3197/3197 3196/3196/3196
f 3100/3100/3100 3101/3101/3101 3198/3198/3198
f 3100/3100/3100 3198/3198/3198 3197/3197/3197
f 3101/3101/3101 3102/3102/3102 3199/3199/3199
f 3101/3101/3101 3199/3199/3199 3198/3198/3198
f 3102/3102/3102 3103/3103/3103 3200/3200/3200
f 3102/3102/3102 3200/3200/3200 3199/3199/3199
f 3103/3103/3103 3104/3104/3104 3201/3201/3201
f 3103/3103/3103 3201/3201/3201 3200/3200/3200
f 3105/3105/3105 3106/3106/3106 3203/3203/3203
f 3105/3105/3105 3203/3203/3203 3202/3202/3202
f 3106/3106/3106 3107/3107/3107 3204/3204/3204
f 3106/3106/3106 3204/3204/3204 3203/3203/3203
f 3107/3107/3107 3108/3108/3108 3205/3205/3205
f 3107/3107/3107 3205/3205/3205 3204/3204/3204
f 3108/3108/3108 3109/3109/3109 3206/3206/3206
f 3108/3108/3108 3206/3206/3206 3205/3205/3205
f 3109/3109/3109 3110/3110/3110 3207/3207/3207
f 3109/3109/3109 3207/3207/3207 3206/3206/3206
f 3110/3110/3110 3111/3111/3111 3208/3208/3208
f 3110/3110/3110 3208/3208/3208 3207/3207/3207
f 3111/3111/3111 3112/3112/3112 3209/3209/3209
f 3111/3111/3111 3209/3209/3209 3208/3208/3208
f 3112/3112/3112 3113/3113/3113 3210/3210/3210
f 3112/3112/3112 3210/3210/3210 3209/3209/3209
f 3113/3113/3113 3114/3114/3114 3211/3211/3211
f 3113/3113/3113 3211/3211/3211 3210/3210/3210
f 3114/3114/3114 3115/3115/3115 3212/3212/3212
f 3114/3114/3114 3212/3212/3212 3211/3211/3211
f 3115/3115/3115 3116/3116/3116 3213/3213/3213
f 3115/3115/3115 3213/3213/3213 3212/3212/3212
f 3116/3116/3116 3117/3117/3117 3214/3214/3214
f 3116/3116/3116 3214/3214/3214 3213/3213/3213
f 3117/3117/3117 3118/3118/3118 3215/3215/3215
f 3117/3117/3117 3215/3215/3215 3214/3214/3214
f 3118/3118/3118 3119/3119/3119 3216/3216/3216
f 3118/3118/3118 3216/3216/3216 3215/3215/3215
f 3119/3119/3119 3120/3120/3120 3217/3217/3217
f 3119/3119/3119 3217/3217/3217 3216/3216/3216
f 3120/3120/3120 3121/3121/3121 3218/3218/3218
f 3120/3120/3120 3218/3218/3218 3217/3217/3217
f 3121/3121/3121 3122/3122/3122 3219/3219/3219
f 3121/3121/3121 3219/3219/3219 3218/3218/3218
f 3122/3122/3122 3123/3123/3123 3220/3220/3220
f 3122/3122/3122 3220/3220/3220 3219/3219/3219
f 3123/3123/3123 3124/3124/3124 3221/3221/3221
f 3123/3123/3123 3221/3221/3221 3220/3220/3220
f 3124/3124/3124 3125/3125/3125 3222/3222/3222
f 3124/3124/3124 3222/3222/3222 3221/3221/3221
f 3125/3125/3125 3126/3126/3126 3223/3223/3223
f 3125/3125/3125 3223/3223/3223 3222/3222/3222
f 3126/3126/3126 3127/3127/3127 3224/3224/3224
f 3126/3126/3126 3224/3224/3224 3223/3223/3223
f 3127/3127/3127 3128/3128/3128 3225/3225/3225
f 3127/3127/3127 3225/3225/3225 3224/3224/3224
f 3128/3128/3128 3129/3129/3129 3226/3226/3226
f 3128/3128/3128 3226/3226/3226 3225/3225/3225
f 3129/3129/3129 3130/3130/3130 3227/3227/3227
f 3129/3129/3129 3227/3227/3227 3226/3226/3226
f 3130/3130/3130 3131/3131/3131 3228/3228/3228
f 3130/3130/3130 3228/3228/3228 3227/3227/3227
f 3131/3131/3131 3132/3132/3132 3229/3229/3229
f 3131/3131/3131 3229/3229/3229 3228/3228/3228
f 3132/3132/3132 3133/3133/3133 3230/3230/3230
f 3132/3132/3132 3230/3230/3230 3229/3229/3229
f 3133/3133/3133 3134/3134/3134 3231/3231/3231
f 3133/3133/3133 3231/3231/3231 3230/3230/3230
f 3134/3134/3134 3135/3135/3135 3232/3232/3232
f 3134/3134/3134 3232/3232/3232 3231/3231/3231
f 3135/3135/3135 3136/3136/3136 3233/3233/3233
f 3135/3135/3135 3233/3233/3233 3232/3232/3232
f 3136/3136/3136 3137/3137/3137 3234/3234/3234
f 3136/3136/3136 3234/3234/3234 3233/3233/3233
f 3137/3137/3137 3138/3138/3138 3235/3235/3235
f 3137/3137/3137 3235/3235/3235 3234/3234/3234
f 3138/3138/3138 3139/3139/3139 3236/3236/3236
f 3138/3138/3138 3236/3236/3236 3235/3235/3235
f 3139/3139/3139 3140/3140/3140 3237/3237/3237
f 3139/3139/3139 3237/3237/3237 3236/3236/3236
f 3140/3140/3140 3141/3141/3141 3238/3238/3238
f 3140/3140/3140 3238/3238/3238 3237/3237/3237
f 3141/3141/3141 3142/3142/3142 3239/3239/3239
f 3141/3141/3141 3239/3239/3239 3238/3238/3238
f 3142/3142/3142 3143/3143/3143 3240/3240/3240
f 3142/3142/3142 3240/3240/3240 3239/3239/3239
f 3143/3143/3143 3144/3144/3144 3241/3241/3241
f 3143/3143/3143 3241/3241/3241 3240/3240/3240
f 3144/3144/3144 3145/3145/3145 3242/3242/3242
f 3144/3144/3144 3242/3242/3242 3241/3241/3241
f 3145/3145/3145 3146/3146/3146 3243/3243/3243
f 3145/3145/3145 3243/3243/3243 3242/3242/3242
f 3146/3146/3146 3147/3147/3147 3244/3244/3244
f 3146/3146/3146 3244/3244/3244 3243/3243/3243
f 3147/3147/3147 3148/3148/3148 3245/3245/3245
f 3147/3147/3147 3245/3245/3245 3244/3244/3244
f 3148/3148/3148 3149/3149/3149 3246/3246/3246
f 3148/3148/3148 3246/3246/3246 3245/3245/3245
f 3149/3149/3149 3150/3150/3150 3247/3247/3247
f 3149/3149/3149 3247/3247/3247 3246/3246/3246
f 3150/3150/3150 3151/3151/3151 3248/3248/3248
f 3150/3150/3150 3248/3248/3248 3247/3247/3247
f 3151/3151/3151 3152/3152/3152 3249/3249/3249
f 3151/3151/3151 3249/3249/3249 3248/3248/3248
f 3152/3152/3152 3153/3153/3153 3250/3250/3250
f 3152/3152/3152 3250/3250/3250 3249/3249/3249
f 3153/3153/3153 3154/3154/3154 3251/3251/3251
f 3153/3153/3153 3251/3251/3251 3250/3250/3250
f 3154/3154/3154 3155/3155/3155 3252/3252/3252
f 3154/3154/3154 3252/3252/3252 3251/3251/3251
f 3155/3155/3155 3156/3156/3156 3253/3253/3253
f 3155/3155/3155 3253/3253/3253 3252/3252/3252
f 3156/3156/3156 3157/3157/3157 3254/3254/3254
f 3156/3156/3156 3254/3254/3254 3253/3253/3253
f 3157/3157/3157 3158/3158/3158 3255/3255/3255
f 3157/3157/3157 3255/3255/3255 3254/3254/3254
f 3158/3158/3158 3159/3159/3159 3256/3256/3256
f 3158/3158/3158 3256/3256/3256 3255/3255/3255
f 3159/3159/3159 3160/3160/3160 3257/3257/3257
f 3159/3159/3159 3257/3257/3257 3256/3256/3256
f 3160/3160/3160 3161/3161/3161 3258/3258/3258
f 3160/3160/3160 3258/3258/3258 3257/3257/3257
f 3161/3161/3161 3162/3162/3162 3259/3259/3259
f 3161/3161/3161 3259/3259/3259 3258/3258/3258
f 3162/3162/3162 3163/3163/3163 3260/3260/3260
f 3162/3162/3162 3260/3260/3260 3259/3259/3259
f 3163/3163/3163 3164/3164/3164 3261/3261/3261
f 3163/3163/3163 3261/3261/3261 3260/3260/3260
f 3164/3164/3164 3165/3165/3165 3262/3262/3262
f 3164/3164/3164 3262/3262/3262 3261/3261/3261
f 3165/3165/3165 3166/3166/3166 3263/3263/3263
f 3165/3165/3165 3263/3263/3263 3262/3262/3262
f 3166/3166/3166 3167/3167/3167 3264/3264/3264
f 3166/3166/3166 3264/3264/3264 3263/3263/3263
f 3167/3167/3167 3168/3168/3168 3265/3265/3265
f 3167/3167/3167 3265/3265/3265 3264/3264/3264
f 3168/3168/3168 3169/3169/3169 3266/3266/3266
f 3168/3168/3168 3266/3266/3266 3265/3265/3265
f 3169/3169/3169 3170/3170/3170 3267/3267/3267
f 3169/3169/3169 3267/3267/3267 3266/3266/3266
f 3170/3170/3170 3171/3171/3171 3268/3268/3268
f 3170/3170/3170 3268/3268/3268 3267/3267/3267
f 3171/3171/3171 3172/3172/3172 3269/3269/3269
f 3171/3171/3171 3269/3269/3269 3268/3268/3268
f 3172/3172/3172 3173/3173/3173 3270/3270/3270
f 3172/3172/3172 3270/3270/3270 3269/3269/3269
f 3173/3173/3173 3174/3174/3174 3271/3271/3271
f 3173/3173/3173 3271/3271/3271 3270/3270/3270
f 3174/3174/3174 3175/3175/3175 3272/3272/3272
f 3174/3174/3174 3272/3272/3272 3271/3271/3271
f 3175/3175/3175 3176/3176/3176 3273/3273/3273
f 3175/3175/3175 3273/3273/3273 3272/3272/3272
f 3176/3176/3176 3177/3177/3177 3274/3274/3274
f 3176/3176/3176 3274/3274/3274 3273/3273/3273
f 3177/3177/3177 3178/3178/3178 3275/3275/3275
f 3177/3177/3177 3275/3275/3275 3274/3274/3274
f 3178/3178/3178 3179/3179/3179 3276/3276/3276
f 3178/3178/3178 3276/3276/3276 3275/3275/3275
f 3179/3179/3179 3180/3180/3180 3277/3277/3277
f 3179/3179/3179 3277/3277/3277 3276/3276/3276
f 3180/3180/3180 3181/3181/3181 3278/3278/3278
f 3180/3180/3180 3278/3278/3278 3277/3277/3277
f 3181/3181/3181 3182/3182/3182 3279/3279/3279
f 3181/3181/3181 3279/3279/3279 3278/3278/3278
f 3182/3182/3182 3183/3183/3183 3280/3280/3280
f 3182/3182/3182 3280/3280/3280 3279/3279/3279
f 3183/3183/3183 3184/3184/3184 3281/3281/3281
f 3183/3183/3183 3281/3281/3281 3280/3280/3280
f 3184/3184/3184 3185/3185/3185 3282/3282/3282
f 3184/3184/3184 3282/3282/3282 3281/3281/3281
f 3185/3185/3185 3186/3186/3186 3283/3283/3283
f 3185/3185/3185 3283/3283/3283 3282/3282/3282
f 3186/3186/3186 3187/3187/3187 3284/3284/3284
f 3186/3186/3186 3284/3284/3284 3283/3283/3283
f 3187/3187/3187 3188/3188/3188 3285/3285/3285
f 3187/3187/3187 3285/3285/3285 3284/3284/3284
f 3188/3188/3188 3189/3189/3189 3286/3286/3286
f 3188/3188/3188 3286/3286/3286 3285/3285/3285
f 3189/3189/3189 3190/3190/3190 3287/3287/3287
f 3189/3189/3189 3287/3287/3287 3286/3286/3286
f 3190/3190/3190 3191/3191/3191 3288/3288/3288
f 3190/3190/3190 3288/3288/3288 3287/3287/3287
f 3191/3191/3191 3192/3192/3192 3289/3289/3289
f 3191/3191/3191 3289/3289/3289 3288/3288/3288
f 3192/3192/3192 3193/3193/3193 3290/3290/3290
f 3192/3192/3192 3290/3290/3290 3289/3289/3289
f 3193/3193/3193 3194/3194/3194 3291/3291/3291
f 3193/3193/3193 3291/3291/3291 3290/3290/3290
f 3194/3194/3194 3195/3195/3195 3292/3292/3292
f 3194/3194/3194 3292/3292/3292 3291/3291/3291
f 3195/3195/3195 3196/3196/3196 3293/3293/3293
f 3195/3195/3195 3293/3293/3293 3292/3292/3292
f 3196/3196/3196 3197/3197/3197 3294/3294/3294
f 3196/3196/3196 3294/3294/3294 3293/3293/3293
f 3197/3197/3197 3198/3198/3198 3295/3295/3295
f 3197/3197/3197 3295/3295/3295 3294/3294/3294
f 3198/3198/3198 3199/3199/3199 3296/3296/3296
f 3198/3198/3198 3296/3296/3296 3295/3295/3295
f 3199/3199/3199 3200/3200/3200 3297/3297/3297
f 3199/3199/3199 3297/3297/3297 3296/3296/3296
f 3200/3200/3200 3201/3201/3201 3298/3298/3298
f 3200/3200/3200 3298/3298/3298 3297/3297/3297
f 3202/3202/3202 3203/3203/3203 3300/3300/3300
f 3202/3202/3202 3300/3300/3300 3299/3299/3299
f 3203/3203/3203 3204/3204/3204 3301/3301/3301
f 3203/3203/3203 3301/3301/3301 3300/3300/3300
f 3204/3204/3204 3205/3205/3205 3302/3302/3302
f 3204/3204/3204 3302/3302/3302 3301/3301/3301
f 3205/3205/3205 3206/3206/3206 3303/3303/3303
f 3205/3205/3205 3303/3303/3303 3302/3302/3302
f 3206/3206/3206 3207/3207/3207 3304/3304/3304
f 3206/3206/3206 3304/3304/3304 3303/3303/3303
f 3207/3207/3207 3208/3208/3208 3305/3305/3305
f 3207/3207/3207 3305/3305/3305 3304/3304/3304
f 3208/3208/3208 3209/3209/3209 3306/3306/3306
f 3208/3208/3208 3306/3306/3306 3305/3305/3305
f 3209/3209/3209 3210/3210/3210 3307/3307/3307
f 3209/3209/3209 3307/3307/3307 3306/3306/3306
f 3210/3210/3210 3211/3211/3211 3308/3308/3308
f 3210/3210/3210 3308/3308/3308 3307/3307/3307
f 3211/3211/3211 3212/3212/3212 3309/3309/3309
f 3211/3211/3211 3309/3309/3309 3308/3308/3308
f 3212/3212/3212 3213/3213/3213 3310/3310/3310
f 3212/3212/3212 3310/3310/3310 3309/3309/3309
f 3213/3213/3213 3214/3214/3214 3311/3311/3311
f 3213/3213/3213 3311/3311/3311 3310/3310/3310
f 3214/3214/3214 3215/3215/3215 3312/3312/3312
f 3214/3214/3214 3312/3312/3312 3311/3311/3311
f 3215/3215/3215 3216/3216/3216 3313/3313/3313
f 3215/3215/3215 3313/3313/3313 3312/3312/3312
f 3216/3216/3216 3217/3217/3217 3314/3314/3314
f 3216/3216/3216 3314/3314/3314 3313/3313/3313
f 3217/3217/3217 3218/3218/3218 3315/3315/3315
f 3217/3217/3217 3315/3315/3315 3314/3314/3314
f 3218/3218/3218 3219/3219/3219 3316/3316/3316
f 3218/3218/3218 3316/3316/3316 3315/3315/3315
f 3219/3219/3219 3220/3220/3220 3317/3317/3317
f 3219/3219/3219 3317/3317/3317 3316/3316/3316
f 3220/3220/3220 3221/3221/3221 3318/3318/3318
f 3220/3220/3220 3318/3318/3318 3317/3317/3317
f 3221/3221/3221 3222/3222/3222 3319/3319/3319
f 3221/3221/3221 3319/3319/3319 3318/3318/3318
f 3222/3222/3222 3223/3223/3223 3320/3320/3320
f 3222/3222/3222 3320/3320/3320 3319/3319/3319
f 3223/3223/3223 3224/3224/3224 3321/3321/3321
f 3223/3223/3223 3321/3321/3321 3320/3320/3320
f 3224/3224/3224 3225/3225/3225 3322/3322/3322
f 3224/3224/3224 3322/3322/3322 3321/3321/3321
f 3225/3225/3225 3226/3226/3226 3323/3323/3323
f 3225/3225/3225 3323/3323/3323 3322/3322/3322
f 3226/3226/3226 3227/3227/3227 3324/3324/3324
f 3226/3226/3226 3324/3324/3324 3323/3323/3323
f 3227/3227/3227 3228/3228/3228 3325/3325/3325
f 3227/3227/3227 3325/3325/3325 3324/3324/3324
f 3228/3228/3228 3229/3229/3229 3326/3326/3326
f 3228/3228/3228 3326/3326/3326 3325/3325/3325
f 3229/3229/3229 3230/3230/3230 3327/3327/3327
f 3229/3229/3229 3327/3327/3327 3326/3326/3326
f 3230/3230/3230 3231/3231/3231 3328/3328/3328
f 3230/3230/3230 3328/3328/3328 3327/3327/3327
f 3231/3231/3231 3232/3232/3232 3329/3329/3329
f 3231/3231/3231 3329/3329/3329 3328/3328/3328
f 3232/3232/3232 3233/3233/3233 3330/3330/3330
f 3232/3232/3232 3330/3330/3330 3329/3329/3329
f 3233/3233/3233 3234/3234/3234 3331/3331/3331
f 3233/3233/3233 3331/3331/3331 3330/3330/3330
f 3234/3234/3234 3235/3235/3235 3332/3332/3332
f 3234/3234/3234 3332/3332/3332 3331/3331/3331
f 3235/3235/3235 3236/3236/3236 3333/3333/3333
f 3235/3235/3235 3333/3333/3333 3332/3332/3332
f 3236/3236/3236 3237/3237/3237 3334/3334/3334
f 3236/3236/3236 3334/3334/3334 3333/3333/3333
f 3237/3237/3237 3238/3238/3238 3335/3335/3335
f 3237/3237/3237 3335/3335/3335 3334/3334/3334
f 3238/3238/3238 3239/3239/3239 3336/3336/3336
f 3238/3238/3238 3336/3336/3336 3335/3335/3335
f 3239/3239/3239 3240/3240/3240 3337/3337/3337
f 3239/3239/3239 3337/3337/3337 3336/3336/3336
f 3240/3240/3240 3241/3241/3241 3338/3338/3338
f 3240/3240/3240 3338/3338/3338 3337/3337/3337
f 3241/3241/3241 3242/3242/3242 3339/3339/3339
f 3241/3241/3241 3339/3339/3339 3338/3338/3338
f 3242/3242/3242 3243/3243/3243 3340/3340/3340
f 3242/3242/3242 3340/3340/3340 3339/3339/3339
f 3243/3243/3243 3244/3244/3244 3341/3341/3341
f 3243/3243/3243 3341/3341/3341 3340/3340/3340
f 3244/3244/3244 3245/3245/3245 3342/3342/3342
f 3244/3244/3244 3342/3342/3342 3341/3341/3341
f 3245/3245/3245 3246/3246/3246 3343/3343/3343
f 3245/3245/3245 3343/3343/3343 3342/3342/3342
f 3246/3246/3246 3247/3247/3247 3344/3344/3344
f 3246/3246/3246 3344/3344/3344 3343/3343/3343
f 3247/3247/3247 3248/3248/3248 3345/3345/3345
f 3247/3247/3247 3345/3345/3345 3344/3344/3344
f 3248/3248/3248 3249/3249/3249 3346/3346/3346
f 3248/3248/3248 3346/3346/3346 3345/3345/3345
f 3249/3249/3249 3250/3250/3250 3347/3347/3347
f 3249/3249/3249 3347/3347/3347 3346/3346/3346
f 3250/3250/3250 3251/3251/3251 3348/3348/3348
f 3250/3250/3250 3348/3348/3348 3347/3347/3347
f 3251/3251/3251 3252/3252/3252 3349/3349/3349
f 3251/3251/3251 3349/3349/3349 3348/3348/3348
f 3252/3252/3252 3253/3253/3253 3350/3350/3350
f 3252/3252/3252 3350/3350/3350 3349/3349/3349
f 3253/3253/3253 3254/3254/3254 3351/3351/3351
f 3253/3253/3253 3351/3351/3351 3350/3350/3350
f 3254/3254/3254 3255/3255/3255 3352/3352/3352
f 3254/3254/3254 3352/3352/3352 3351/3351/3351
f 3255/3255/3255 3256/3256/3256 3353/3353/3353
f 3255/3255/3255 3353/3353/3353 3352/3352/3352
f 3256/3256/3256 3257/3257/3257 3354/3354/3354
f 3256/3256/3256 3354/3354/3354 3353/3353/3353
f 3257/3257/3257 3258/3258/3258 3355/3355/3355
f 3257/3257/3257 3355/3355/3355 3354/3354/3354
f 3258/3258/3258 3259/3259/3259 3356/3356/3356
f 3258/3258/3258 3356/3356/3356 3355/3355/3355
f 3259/3259/3259 3260/3260/3260 3357/3357/3357
f 3259/3259/3259 3357/3357/3357 3356/3356/3356
f 3260/3260/3260 3261/3261/3261 3358/3358/3358
f 3260/3260/3260 3358/3358/3358 3357/3357/3357
f 3261/3261/3261 3262/3262/3262 3359/3359/3359
f 3261/3261/3261 3359/3359/3359 3358/3358/3358
f 3262/3262/3262 3263/3263/3263 3360/3360/3360
f 3262/3262/3262 3360/3360/3360 3359/3359/3359
f 3263/3263/3263 3264/3264/3264 3361/3361/3361
f 3263/3263/3263 3361/3361/3361 3360/3360/3360
f 3264/3264/3264 3265/3265/3265 3362/3362/3362
f 3264/3264/3264 3362/3362/3362 3361/3361/3361
f 3265/3265/3265 3266/3266/3266 3363/3363/3363
f 3265/3265/3265 3363/3363/3363 3362/3362/3362
f 3266/3266/3266 3267/3267/3267 3364/3364/3364
f 3266/3266/3266 3364/3364/3364 3363/3363/3363
f 3267/3267/3267 3268/3268/3268 3365/3365/3365
f 3267/3267/3267 3365/3365/3365 3364/3364/3364
f 3268/3268/3268 3269/3269/3269 3366/3366/3366
f 3268/3268/3268 3366/3366/3366 3365/3365/3365
f 3269/3269/3269 3270/3270/3270 3367/3367/3367
f 3269/3269/3269 3367/3367/3367 3366/3366/3366
f 3270/3270/3270 3271/3271/3271 3368/3368/3368
f 3270/3270/3270 3368/3368/3368 3367/3367/3367
f 3271/3271/3271 3272/3272/3272 3369/3369/3369
f 3271/3271/3271 3369/3369/3369 3368/3368/3368
f 3272/3272/3272 3273/3273/3273 3370/3370/3370
f 3272/3272/3272 3370/3370/3370 3369/3369/3369
f 3273/3273/3273 3274/3274/3274 3371/3371/3371
f 3273/3273/3273 3371/3371/3371 3370/3370/3370
f 3274/3274/3274 3275/3275/3275 3372/3372/3372
f 3274/3274/3274 3372/3372/3372 3371/3371/3371
f 3275/3275/3275 3276/3276/3276 3373/3373/3373
f 3275/3275/3275 3373/3373/3373 3372/3372/3372
f 3276/3276/3276 3277/3277/3277 3374/3374/3374
f 3276/3276/3276 3374/3374/3374 3373/3373/3373
f 3277/3277/3277 3278/3278/3278 3375/3375/3375
f 3277/3277/3277 3375/3375/3375 3374/3374/3374
f 3278/3278/3278 3279/3279/3279 3376/3376/3376
f 3278/3278/3278 3376/3376/3376 3375/3375/3375
f 3279/3279/3279 3280/3280/3280 3377/3377/3377
f 3279/3279/3279 3377/3377/3377 3376/3376/3376
f 3280/3280/3280 3281/3281/3281 3378/3378/3378
f 3280/3280/3280 3378/3378/3378 3377/3377/3377
f 3281/3281/3281 3282/3282/3282 3379/3379/3379
f 3281/3281/3281 3379/3379/3379 3378/3378/3378
f 3282/3282/3282 3283/3283/3283 3380/3380/3380
f 3282/3282/3282 3380/3380/3380 3379/3379/3379
f 3283/3283/3283 3284/3284/3284 3381/3381/3381
f 3283/3283/3283 3381/3381/3381 3380/3380/3380
f 3284/3284/3284 3285/3285/3285 3382/3382/3382
f 3284/3284/3284 3382/3382/3382 3381/3381/3381
f 3285/3285/3285 3286/3286/3286 3383/3383/3383
f 3285/3285/3285 3383/3383/3383 3382/3382/3382
f 3286/3286/3286 3287/3287/3287 3384/3384/3384
f 3286/3286/3286 3384/3384/3384 3383/3383/3383
f 3287/3287/3287 3288/3288/3288 3385/3385/3385
f 3287/3287/3287 3385/3385/3385 3384/3384/3384
f 3288/3288/3288 3289/3289/3289 3386/3386/3386
f 3288/3288/3288 3386/3386/3386 3385/3385/3385
f 3289/3289/3289 3290/3290/3290 3387/3387/3387
f 3289/3289/3289 3387/3387/3387 3386/3386/3386
f 3290/3290/3290 3291/3291/3291 3388/3388/3388
f 3290/3290/3290 3388/3388/3388 3387/3387/3387
f 3291/3291/3291 3292/3292/3292 3389/3389/3389
f 3291/3291/3291 3389/3389/3389 3388/3388/3388
f 3292/3292/3292 3293/3293/3293 3390/3390/3390
f 3292/3292/3292 3390/3390/3390 3389/3389/3389
f 3293/3293/3293 3294/3294/3294 3391/3391/3391
f 3293/3293/3293 3391/3391/3391 3390/3390/3390
f 3294/3294/3294 3295/3295/3295 3392/3392/3392
f 3294/3294/3294 3392/3392/3392 3391/3391/3391
f 3295/3295/3295 3296/3296/3296 3393/3393/3393
f 3295/3295/3295 3393/3393/3393 3392/3392/3392
f 3296/3296/3296 3297/3297/3297 3394/3394/3394
f 3296/3296/3296 3394/3394/3394 3393/3393/3393
f 3297/3297/3297 3298/3298/3298 3395/3395/3395
f 3297/3297/3297 3395/3395/3395 3394/3394/3394
f 3299/3299/3299 3300/3300/3300 3397/3397/3397
f 3299/3299/3299 3397/3397/3397 3396/3396/3396
f 3300/3300/3300 3301/3301/3301 3398/3398/3398
f 3300/3300/3300 3398/3398/3398 3397/3397/3397
f 3301/3301/3301 3302/3302/3302 3399/3399/3399
f 3301/3301/3301 3399/3399/3399 3398/3398/3398
f 3302/3302/3302 3303/3303/3303 3400/3400/3400
f 3302/3302/3302 3400/3400/3400 3399/3399/3399
f 3303/3303/3303 3304/3304/3304 3401/3401/3401
f 3303/3303/3303 3401/3401/3401 3400/3400/3400
f 3304/3304/3304 3305/3305/3305 3402/3402/3402
f 3304/3304/3304 3402/3402/3402 3401/3401/3401
f 3305/3305/3305 3306/3306/3306 3403/3403/3403
f 3305/3305/3305 3403/3403/3403 3402/3402/3402
f 3306/3306/3306 3307/3307/3307 3404/3404/3404
f 3306/3306/3306 3404/3404/3404 3403/3403/3403
f 3307/3307/3307 3308/3308/3308 3405/3405/3405
f 3307/3307/3307 3405/3405/3405 3404/3404/3404
f 3308/3308/3308 3309/3309/3309 3406/3406/3406
f 3308/3308/3308 3406/3406/3406 3405/3405/3405
f 3309/3309/3309 3310/3310/3310 3407/3407/3407
f 3309/3309/3309 3407/3407/3407 3406/3406/3406
f 3310/3310/3310 3311/3311/3311 3408/3408/3408
f 3310/3310/3310 3408/3408/3408 3407/3407/3407
f 3311/3311/3311 3312/3312/3312 3409/3409/3409
f 3311/3311/3311 3409/3409/3409 3408/3408/3408
f 3312/3312/3312 3313/3313/3313 3410/3410/3410
f 3312/3312/3312 3410/3410/3410 3409/3409/3409
f 3313/3313/3313 3314/3314/3314 3411/3411/3411
f 3313/3313/3313 3411/3411/3411 3410/3410/3410
f 3314/3314/3314 3315/3315/3315 3412/3412/3412
f 3314/3314/3314 3412/3412/3412 3411/3411/3411
f 3315/3315/3315 3316/3316/3316 3413/3413/3413
f 3315/3315/3315 3413/3413/3413 3412/3412/3412
f 3316/3316/3316 3317/3317/3317 3414/3414/3414
f 3316/3316/3316 3414/3414/3414 3413/3413/3413
f 3317/3317/3317 3318/3318/3318 3415/3415/3415
f 3317/3317/3317 3415/3415/3415 3414/3414/3414
f 3318/3318/3318 3319/3319/3319 3416/3416/3416
f 3318/3318/3318 3416/3416/3416 3415/3415/3415
f 3319/3319/3319 3320/3320/3320 3417/3417/3417
f 3319/3319/3319 3417/3417/3417 3416/3416/3416
f 3320/3320/3320 3321/3321/3321 3418/3418/3418
f 3320/3320/3320 3418/3418/3418 3417/3417/3417
f 3321/3321/3321 3322/3322/3322 3419/3419/3419
f 3321/3321/3321 3419/3419/3419 3418/3418/3418
f 3322/3322/3322 3323/3323/3323 3420/3420/3420
f 3322/3322/3322 3420/3420/3420 3419/3419/3419
f 3323/3323/3323 3324/3324/3324 3421/3421/3421
f 3323/3323/3323 3421/3421/3421 3420/3420/3420
f 3324/3324/3324 3325/3325/3325 3422/3422/3422
f 3324/3324/3324 3422/3422/3422 3421/3421/3421
f 3325/3325/3325 3326/3326/3326 3423/3423/3423
f 3325/3325/3325 3423/3423/3423 3422/3422/3422
f 3326/3326/3326 3327/3327/3327 3424/3424/3424
f 3326/3326/3326 3424/3424/3424 3423/3423/3423
f 3327/3327/3327 3328/3328/3328 3425/3425/3425
f 3327/3327/3327 3425/3425/3425 3424/3424/3424
f 3328/3328/3328 3329/3329/3329 3426/3426/3426
f 3328/3328/3328 3426/3426/3426 3425/3425/3425
f 3329/3329/3329 3330/3330/3330 3427/3427/3427
f 3329/3329/3329 3427/3427/3427 3426/3426/3426
f 3330/3330/3330 3331/3331/3331 3428/3428/3428
f 3330/3330/3330 3428/3428/3428 3427/3427/3427
f 3331/3331/3331 3332/3332/3332 3429/3429/3429
f 3331/3331/3331 3429/3429/3429 3428/3428/3428
f 3332/3332/3332 3333/3333/3333 3430/3430/3430
f 3332/3332/3332 3430/3430/3430 3429/3429/3429
f 3333/3333/3333 3334/3334/3334 3431/3431/3431
f 3333/3333/3333 3431/3431/3431 3430/3430/3430
f 3334/3334/3334 3335/3335/3335 3432/3432/3432
f 3334/3334/3334 3432/3432/3432 3431/3431/3431
f 3335/3335/3335 3336/3336/3336 3433/3433/3433
f 3335/3335/3335 3433/3433/3433 3432/3432/3432
f 3336/3336/3336 3337/3337/3337 3434/3434/3434
f 3336/3336/3336 3434/3434/3434 3433/3433/3433
f 3337/3337/3337 3338/3338/3338 3435/3435/3435
f 3337/3337/3337 3435/3435/3435 3434/3434/3434
f 3338/3338/3338 3339/3339/3339 3436/3436/3436
f 3338/3338/3338 3436/3436/3436 3435/3435/3435
f 3339/3339/3339 3340/3340/3340 3437/3437/3437
f 3339/3339/3339 3437/3437/3437 3436/3436/3436
f 3340/3340/3340 3341/3341/3341 3438/3438/3438
f 3340/3340/3340 3438/3438/3438 3437/3437/3437
f 3341/3341/3341 3342/3342/3342 3439/3439/3439
f 3341/3341/3341 3439/3439/3439 3438/3438/3438
f 3342/3342/3342 3343/3343/3343 3440/3440/3440
f 3342/3342/3342 3440/3440/3440 3439/3439/3439
f 3343/3343/3343 3344/3344/3344 3441/3441/3441
f 3343/3343/3343 3441/3441/3441 3440/3440/3440
f 3344/3344/3344 3345/3345/3345 3442/3442/3442
f 3344/3344/3344 3442/3442/3442 3441/3441/3441
f 3345/3345/3345 3346/3346/3346 3443/3443/3443
f 3345/3345/3345 3443/3443/3443 3442/3442/3442
f 3346/3346/3346 3347/3347/3347 3444/3444/3444
f 3346/3346/3346 3444/3444/3444 3443/3443/3443
f 3347/3347/3347 3348/3348/3348 3445/3445/3445
f 3347/3347/3347 3445/3445/3445 3444/3444/3444
f 3348/3348/3348 3349/3349/3349 3446/3446/3446
f 3348/3348/3348 3446/3446/3446 3445/3445/3445
f 3349/3349/3349 3350/3350/3350 3447/3447/3447
f 3349/3349/3349 3447/3447/3447 3446/3446/3446
f 3350/3350/3350 3351/3351/3351 3448/3448/3448
f 3350/3350/3350 3448/3448/3448 3447/3447/3447
f 3351/3351/3351 3352/3352/3352 3449/3449/3449
f 3351/3351/3351 3449/3449/3449 3448/3448/3448
f 3352/3352/3352 3353/3353/3353 3450/3450/3450
f 3352/3352/3352 3450/3450/3450 3449/3449/3449
f 3353/3353/3353 3354/3354/3354 3451/3451/3451
f 3353/3353/3353 3451/3451/3451 3450/3450/3450
f 3354/3354/3354 3355/3355/3355 3452/3452/3452
f 3354/3354/3354 3452/3452/3452 3451/3451/3451
f 3355/3355/3355 3356/3356/3356 3453/3453/3453
f 3355/3355/3355 3453/3453/3453 3452/3452/3452
f 3356/3356/3356 3357/3357/3357 3454/3454/3454
f 3356/3356/3356 3454/3454/3454 3453/3453/3453
f 3357/3357/3357 3358/3358/3358 3455/3455/3455
f 3357/3357/3357 3455/3455/3455 3454/3454/3454
f 3358/3358/3358 3359/3359/3359 3456/3456/3456
f 3358/3358/3358 3456/3456/3456 3455/3455/3455
f 3359/3359/3359 3360/3360/3360 3457/3457/3457
f 3359/3359/3359 3457/3457/3457 3456/3456/3456
f 3360/3360/3360 3361/3361/3361 3458/3458/3458
f 3360/3360/3360 3458/3458/3458 3457/3457/3457
f 3361/3361/3361 3362/3362/3362 3459/3459/3459
f 3361/3361/3361 3459/3459/3459 3458/3458/3458
f 3362/3362/3362 3363/3363/3363 3460/3460/3460
f 3362/3362/3362 3460/3460/3460 3459/3459/3459
f 3363/3363/3363 3364/3364/3364 3461/3461/3461
f 3363/3363/3363 3461/3461/3461 3460/3460/3460
f 3364/3364/3364 3365/3365/3365 3462/3462/3462
f 3364/3364/3364 3462/3462/3462 3461/3461/3461
f 3365/3365/3365 3366/3366/3366 3463/3463/3463
f 3365/3365/3365 3463/3463/3463 3462/3462/3462
f 3366/3366/3366 3367/3367/3367 3464/3464/3464
f 3366/3366/3366 3464/3464/3464 3463/3463/3463
f 3367/3367/3367 3368/3368/3368 3465/3465/3465
f 3367/3367/3367 3465/3465/3465 3464/3464/3464
f 3368/3368/3368 3369/3369/3369 3466/3466/3466
f 3368/3368/3368 3466/3466/3466 3465/3465/3465
f 3369/3369/3369 3370/3370/3370 3467/3467/3467
f 3369/3369/3369 3467/3467/3467 3466/3466/3466
f 3370/3370/3370 3371/3371/3371 3468/3468/3468
f 3370/3370/3370 3468/3468/3468 3467/3467/3467
f 3371/3371/3371 3372/3372/3372 3469/3469/3469
f 3371/3371/3371 3469/3469/3469 3468/3468/3468
f 3372/3372/3372 3373/3373/3373 3470/3470/3470
f 3372/3372/3372 3470/3470/3470 3469/3469/3469
f 3373/3373/3373 3374/3374/3374 3471/3471/3471
f 3373/3373/3373 3471/3471/3471 3470/3470/3470
f 3374/3374/3374 3375/3375/3375 3472/3472/3472
f 3374/3374/3374 3472/3472/3472 3471/3471/3471
f 3375/3375/3375 3376/3376/3376 3473/3473/3473
f 3375/3375/3375 3473/3473/3473 3472/3472/3472
f 3376/3376/3376 3377/3377/3377 3474/3474/3474
f 3376/3376/3376 3474/3474/3474 3473/3473/3473
f 3377/3377/3377 3378/3378/3378 3475/3475/3475
f 3377/3377/3377 3475/3475/3475 3474/3474/3474
f 3378/3378/3378 3379/3379/3379 3476/3476/3476
f 3378/3378/3378 3476/3476/3476 3475/3475/3475
f 3379/3379/3379 3380/3380/3380 3477/3477/3477
f 3379/3379/3379 3477/3477/3477 3476/3476/3476
f 3380/3380/3380 3381/3381/3381 3478/3478/3478
f 3380/3380/3380 3478/3478/3478 3477/3477/3477
f 3381/3381/3381 3382/3382/3382 3479/3479/3479
f 3381/3381/3381 3479/3479/3479 3478/3478/3478
f 3382/3382/3382 3383/3383/3383 3480/3480/3480
f 3382/3382/3382 3480/3480/3480 3479/3479/3479
f 3383/3383/3383 3384/3384/3384 3481/3481/3481
f 3383/3383/3383 3481/3481/3481 3480/3480/3480
f 3384/3384/3384 3385/3385/3385 3482/3482/3482
f 3384/3384/3384 3482/3482/3482 3481/3481/3481
f 3385/3385/3385 3386/3386/3386 3483/3483/3483
f 3385/3385/3385 3483/3483/3483 3482/3482/3482
f 3386/3386/3386 3387/3387/3387 3484/3484/3484
f 3386/3386/3386 3484/3484/3484 3483/3483/3483
f 3387/3387/3387 3388/3388/3388 3485/3485/3485
f 3387/3387/3387 3485/3485/3485 3484/3484/3484
f 3388/3388/3388 3389/3389/3389 3486/3486/3486
f 3388/3388/3388 3486/3486/3486 3485/3485/3485
f 3389/3389/3389 3390/3390/3390 3487/3487/3487
f 3389/3389/3389 3487/3487/3487 3486/3486/3486
f 3390/3390/3390 3391/3391/3391 3488/3488/3488
f 3390/3390/3390 3488/3488/3488 3487/3487/3487
f 3391/3391/3391 3392/3392/3392 3489/3489/3489
f 3391/3391/3391 3489/3489/3489 3488/3488/3488
f 3392/3392/3392 3393/3393/3393 3490/3490/3490
f 3392/3392/3392 3490/3490/3490 3489/3489/3489
f 3393/3393/3393 3394/3394/3394 3491/3491/3491
f 3393/3393/3393 3491/3491/3491 3490/3490/3490
f 3394/3394/3394 3395/3395/3395 3492/3492/3492
f 3394/3394/3394 3492/3492/3492 3491/3491/3491
f 3396/3396/3396 3397/3397/3397 3494/3494/3494
f 3396/3396/3396 3494/3494/3494 3493/3493/3493
f 3397/3397/3397 3398/3398/3398 3495/3495/3495
f 3397/3397/3397 3495/3495/3495 3494/3494/3494
f 3398/3398/3398 3399/3399/3399 3496/3496/3496
f 3398/3398/3398 3496/3496/3496 3495/3495/3495
f 3399/3399/3399 3400/3400/3400 3497/3497/3497
f 3399/3399/3399 3497/3497/3497 3496/3496/3496
f 3400/3400/3400 3401/3401/3401 3498/3498/3498
f 3400/3400/3400 3498/3498/3498 3497/3497/3497
f 3401/3401/3401 3402/3402/3402 3499/3499/3499
f 3401/3401/3401 3499/3499/3499 3498/3498/3498
f 3402/3402/3402 3403/3403/3403 3500/3500/3500
f 3402/3402/3402 3500/3500/3500 3499/3499/3499
f 3403/3403/3403 3404/3404/3404 3501/3501/3501
f 3403/3403/3403 3501/3501/3501 3500/3500/3500
f 3404/3404/3404 3405/3405/3405 3502/3502/3502
f 3404/3404/3404 3502/3502/3502 3501/3501/3501
f 3405/3405/3405 3406/3406/3406 3503/3503/3503
f 3405/3405/3405 3503/3503/3503 3502/3502/3502
f 3406/3406/3406 3407/3407/3407 3504/3504/3504
f 3406/3406/3406 3504/3504/3504 3503/3503/3503
f 3407/3407/3407 3408/3408/3408 3505/3505/3505
f 3407/3407/3407 3505/3505/3505 3504/3504/3504
f 3408/3408/3408 3409/3409/3409 3506/3506/3506
f 3408/3408/3408 3506/3506/3506 3505/3505/3505
f 3409/3409/3409 3410/3410/3410 3507/3507/3507
f 3409/3409/3409 3507/3507/3507 3506/3506/3506
f 3410/3410/3410 3411/3411/3411 3508/3508/3508
f 3410/3410/3410 3508/3508/3508 3507/3507/3507
f 3411/3411/3411 3412/3412/3412 3509/3509/3509
f 3411/3411/3411 3509/3509/3509 3508/3508/3508
f 3412/3412/3412 3413/3413/3413 3510/3510/3510
f 3412/3412/3412 3510/3510/3510 3509/3509/3509
f 3413/3413/3413 3414/3414/3414 3511/3511/3511
f 3413/3413/3413 3511/3511/3511 3510/3510/3510
f 3414/3414/3414 3415/3415/3415 3512/3512/3512
f 3414/3414/3414 3512/3512/3512 3511/3511/3511
f 3415/3415/3415 3416/3416/3416 3513/3513/3513
f 3415/3415/3415 3513/3513/3513 3512/3512/3512
f 3416/3416/3416 3417/3417/3417 3514/3514/3514
f 3416/3416/3416 3514/3514/3514 3513/3513/3513
f 3417/3417/3417 3418/3418/3418 3515/3515/3515
f 3417/3417/3417 3515/3515/3515 3514/3514/3514
f 3418/3418/3418 3419/3419/3419 3516/3516/3516
f 3418/3418/3418 3516/3516/3516 3515/3515/3515
f 3419/3419/3419 3420/3420/3420 3517/3517/3517
f 3419/3419/3419 3517/3517/3517 3516/3516/3516
f 3420/3420/3420 3421/3421/3421 3518/3518/3518
f 3420/3420/3420 3518/3518/3518 3517/3517/3517
f 3421/3421/3421 3422/3422/3422 3519/3519/3519
f 3421/3421/3421 3519/3519/3519 3518/3518/3518
f 3422/3422/3422 3423/3423/3423 3520/3520/3520
f 3422/3422/3422 3520/3520/3520 3519/3519/3519
f 3423/3423/3423 3424/3424/3424 3521/3521/3521
f 3423/3423/3423 3521/3521/3521 3520/3520/3520
f 3424/3424/3424 3425/3425/3425 3522/3522/3522
f 3424/3424/3424 3522/3522/3522 3521/3521/3521
f 3425/3425/3425 3426/3426/3426 3523/3523/3523
f 3425/3425/3425 3523/3523/3523 3522/3522/3522
f 3426/3426/3426 3427/3427/3427 3524/3524/3524
f 3426/3426/3426 3524/3524/3524 3523/3523/3523
f 3427/3427/3427 3428/3428/3428 3525/3525/3525
f 3427/3427/3427 3525/3525/3525 3524/3524/3524
f 3428/3428/3428 3429/3429/3429 3526/3526/3526
f 3428/3428/3428 3526/3526/3526 3525/3525/3525
f 3429/3429/3429 3430/3430/3430 3527/3527/3527
f 3429/3429/3429 3527/3527/3527 3526/3526/3526
f 3430/3430/3430 3431/3431/3431 3528/3528/3528
f 3430/3430/3430 3528/3528/3528 3527/3527/3527
f 3431/3431/3431 3432/3432/3432 3529/3529/3529
f 3431/3431/3431 3529/3529/3529 3528/3528/3528
f 3432/3432/3432 3433/3433/3433 3530/3530/3530
f 3432/3432/3432 3530/3530/3530 3529/3529/3529
f 3433/3433/3433 3434/3434/3434 3531/3531/3531
f 3433/3433/3433 3531/3531/3531 3530/3530/3530
f 3434/3434/3434 3435/3435/3435 3532/3532/3532
f 3434/3434/3434 3532/3532/3532 3531/3531/3531
f 3435/3435/3435 3436/3436/3436 3533/3533/3533
f 3435/3435/3435 3533/3533/3533 3532/3532/3532
f 3436/3436/3436 3437/3437/3437 3534/3534/3534
f 3436/3436/3436 3534/3534/3534 3533/3533/3533
f 3437/3437/3437 3438/3438/3438 3535/3535/3535
f 3437/3437/3437 3535/3535/3535 3534/3534/3534
f 3438/3438/3438 3439/3439/3439 3536/3536/3536
f 3438/3438/3438 3536/3536/3536 3535/3535/3535
f 3439/3439/3439 3440/3440/3440 3537/3537/3537
f 3439/3439/3439 3537/3537/3537 3536/3536/3536
f 3440/3440/3440 3441/3441/3441 3538/3538/3538
f 3440/3440/3440 3538/3538/3538 3537/3537/3537
f 3441/3441/3441 3442/3442/3442 3539/3539/3539
f 3441/3441/3441 3539/3539/3539 3538/3538/3538
f 3442/3442/3442 3443/3443/3443 3540/3540/3540
f 3442/3442/3442 3540/3540/3540 3539/3539/3539
f 3443/3443/3443 3444/3444/3444 3541/3541/3541
f 3443/3443/3443 3541/3541/3541 3540/3540/3540
f 3444/3444/3444 3445/3445/3445 3542/3542/3542
f 3444/3444/3444 3542/3542/3542 3541/3541/3541
f 3445/3445/3445 3446/3446/3446 3543/3543/3543
f 3445/3445/3445 3543/3543/3543 3542/3542/3542
f 3446/3446/3446 3447/3447/3447 3544/3544/3544
f 3446/3446/3446 3544/3544/3544 3543/3543/3543
f 3447/3447/3447 3448/3448/3448 3545/3545/3545
f 3447/3447/3447 3545/3545/3545 3544/3544/3544
f 3448/3448/3448 3449/3449/3449 3546/3546/3546
f 3448/3448/3448 3546/3546/3546 3545/3545/3545
f 3449/3449/3449 3450/3450/3450 3547/3547/3547
f 3449/3449/3449 3547/3547/3547 3546/3546/3546
f 3450/3450/3450 3451/3451/3451 3548/3548/3548
f 3450/3450/3450 3548/3548/3548 3547/3547/3547
f 3451/3451/3451 3452/3452/3452 3549/3549/3549
f 3451/3451/3451 3549/3549/3549 3548/3548/3548
f 3452/3452/3452 3453/3453/3453 3550/3550/3550
f 3452/3452/3452 3550/3550/3550 3549/3549/3549
f 3453/3453/3453 3454/3454/3454 3551/3551/3551
f 3453/3453/3453 3551/3551/3551 3550/3550/3550
f 3454/3454/3454 3455/3455/3455 3552/3552/3552
f 3454/3454/3454 3552/3552/3552 3551/3551/3551
f 3455/3455/3455 3456/3456/3456 3553/3553/3553
f 3455/3455/3455 3553/3553/3553 3552/3552/3552
f 3456/3456/3456 3457/3457/3457 3554/3554/3554
f 3456/3456/3456 3554/3554/3554 3553/3553/3553
f 3457/3457/3457 3458/3458/3458 3555/3555/3555
f 3457/3457/3457 3555/3555/3555 3554/3554/3554
f 3458/3458/3458 3459/3459/3459 3556/3556/3556
f 3458/3458/3458 3556/3556/3556 3555/3555/3555
f 3459/3459/3459 3460/3460/3460 3557/3557/3557
f 3459/3459/3459 3557/3557/3557 3556/3556/3556
f 3460/3460/3460 3461/3461/3461 3558/3558/3558
f 3460/3460/3460 3558/3558/3558 3557/3557/3557
f 3461/3461/3461 3462/3462/3462 3559/3559/3559
f 3461/3461/3461 3559/3559/3559 3558/3558/3558
f 3462/3462/3462 3463/3463/3463 3560/3560/3560
f 3462/3462/3462 3560/3560/3560 3559/3559/3559
f 3463/3463/3463 3464/3464/3464 3561/3561/3561
f 3463/3463/3463 3561/3561/3561 3560/3560/3560
f 3464/3464/3464 3465/3465/3465 3562/3562/3562
f 3464/3464/3464 3562/3562/3562 3561/3561/3561
f 3465/3465/3465 3466/3466/3466 3563/3563/3563
f 3465/3465/3465 3563/3563/3563 3562/3562/3562
f 3466/3466/3466 3467/3467/3467 3564/3564/3564
f 3466/3466/3466 3564/3564/3564 3563/3563/3563
f 3467/3467/3467 3468/3468/3468 3565/3565/3565
f 3467/3467/3467 3565/3565/3565 3564/3564/3564
f 3468/3468/3468 3469/3469/3469 3566/3566/3566
f 3468/3468/3468 3566/3566/3566 3565/3565/3565
f 3469/3469/3469 3470/3470/3470 3567/3567/3567
f 3469/3469/3469 3567/3567/3567 3566/3566/3566
f 3470/3470/3470 3471/3471/3471 3568/3568/3568
f 3470/3470/3470 3568/3568/3568 3567/3567/3567
f 3471/3471/3471 3472/3472/3472 3569/3569/3569
f 3471/3471/3471 3569/3569/3569 3568/3568/3568
f 3472/3472/3472 3473/3473/3473 3570/3570/3570
f 3472/3472/3472 3570/3570/3570 3569/3569/3569
f 3473/3473/3473 3474/3474/3474 3571/3571/3571
f 3473/3473/3473 3571/3571/3571 3570/3570/3570
f 3474/3474/3474 3475/3475/3475 3572/3572/3572
f 3474/3474/3474 3572/3572/3572 3571/3571/3571
f 3475/3475/3475 3476/3476/3476 3573/3573/3573
f 3475/3475/3475 3573/3573/3573 3572/3572/3572
f 3476/3476/3476 3477/3477/3477 3574/3574/3574
f 3476/3476/3476 3574/3574/3574 3573/3573/3573
f 3477/3477/3477 3478/3478/3478 3575/3575/3575
f 3477/3477/3477 3575/3575/3575 3574/3574/3574
f 3478/3478/3478 3479/3479/3479 3576/3576/3576
f 3478/3478/3478 3576/3576/3576 3575/3575/3575
f 3479/3479/3479 3480/3480/3480 3577/3577/3577
f 3479/3479/3479 3577/3577/3577 3576/3576/3576
f 3480/3480/3480 3481/3481/3481 3578/3578/3578
f 3480/3480/3480 3578/3578/3578 3577/3577/3577
f 3481/3481/3481 3482/3482/3482 3579/3579/3579
f 3481/3481/3481 3579/3579/3579 3578/3578/3578
f 3482/3482/3482 3483/3483/3483 3580/3580/3580
f 3482/3482/3482 3580/3580/3580 3579/3579/3579
f 3483/3483/3483 3484/3484/3484 3581/3581/3581
f 3483/3483/3483 3581/3581/3581 3580/3580/3580
f 3484/3484/3484 3485/3485/3485 3582/3582/3582
f 3484/3484/3484 3582/3582/3582 3581/3581/3581
f 3485/3485/3485 3486/3486/3486 3583/3583/3583
f 3485/3485/3485 3583/3583/3583 3582/3582/3582
f 3486/3486/3486 3487/3487/3487 3584/3584/3584
f 3486/3486/3486 3584/3584/3584 3583/3583/3583
f 3487/3487/3487 3488/3488/3488 3585/3585/3585
f 3487/3487/3487 3585/3585/3585 3584/3584/3584
f 3488/3488/3488 3489/3489/3489 3586/3586/3586
f 3488/3488/3488 3586/3586/3586 3585/3585/3585
f 3489/3489/3489 3490/3490/3490 3587/3587/3587
f 3489/3489/3489 3587/3587/3587 3586/3586/3586
f 3490/3490/3490 3491/3491/3491 3588/3588/3588
f 3490/3490/3490 3588/3588/3588 3587/3587/3587
f 3491/3491/3491 3492/3492/3492 3589/3589/3589
f 3491/3491/3491 3589/3589/3589 3588/3588/3588
f 3493/3493/3493 3494/3494/3494 3591/3591/3591
f 3493/3493/3493 3591/3591/3591 3590/3590/3590
f 3494/3494/3494 3495/3495/3495 3592/3592/3592
f 3494/3494/3494 3592/3592/3592 3591/3591/3591
f 3495/3495/3495 3496/3496/3496 3593/3593/3593
f 3495/3495/3495 3593/3593/3593 3592/3592/3592
f 3496/3496/3496 3497/3497/3497 3594/3594/3594
f 3496/3496/3496 3594/3594/3594 3593/3593/3593
f 3497/3497/3497 3498/3498/3498 3595/3595/3595
f 3497/3497/3497 3595/3595/3595 3594/3594/3594
f 3498/3498/3498 3499/3499/3499 3596/3596/3596
f 3498/3498/3498 3596/3596/3596 3595/3595/3595
f 3499/3499/3499 3500/3500/3500 3597/3597/3597
f 3499/3499/3499 3597/3597/3597 3596/3596/3596
f 3500/3500/3500 3501/3501/3501 3598/3598/3598
f 3500/3500/3500 3598/3598/3598 3597/3597/3597
f 3501/3501/3501 3502/3502/3502 3599/3599/3599
f 3501/3501/3501 3599/3599/3599 3598/3598/3598
f 3502/3502/3502 3503/3503/3503 3600/3600/3600
f 3502/3502/3502 3600/3600/3600 3599/3599/3599
f 3503/3503/3503 3504/3504/3504 3601/3601/3601
f 3503/3503/3503 3601/3601/3601 3600/3600/3600
f 3504/3504/3504 3505/3505/3505 3602/3602/3602
f 3504/3504/3504 3602/3602/3602 3601/3601/3601
f 3505/3505/3505 3506/3506/3506 3603/3603/3603
f 3505/3505/3505 3603/3603/3603 3602/3602/3602
f 3506/3506/3506 3507/3507/3507 3604/3604/3604
f 3506/3506/3506 3604/3604/3604 3603/3603/3603
f 3507/3507/3507 3508/3508/3508 3605/3605/3605
f 3507/3507/3507 3605/3605/3605 3604/3604/3604
f 3508/3508/3508 3509/3509/3509 3606/3606/3606
f 3508/3508/3508 3606/3606/3606 3605/3605/3605
f 3509/3509/3509 3510/3510/3510 3607/3607/3607
f 3509/3509/3509 3607/3607/3607 3606/3606/3606
f 3510/3510/3510 3511/3511/3511 3608/3608/3608
f 3510/3510/3510 3608/3608/3608 3607/3607/3607
f 3511/3511/3511 3512/3512/3512 3609/3609/3609
f 3511/3511/3511 3609/3609/3609 3608/3608/3608
f 3512/3512/3512 3513/3513/3513 3610/3610/3610
f 3512/3512/3512 3610/3610/3610 3609/3609/3609
f 3513/3513/3513 3514/3514/3514 3611/3611/3611
f 3513/3513/3513 3611/3611/3611 3610/3610/3610
f 3514/3514/3514 3515/3515/3515 3612/3612/3612
f 3514/3514/3514 3612/3612/3612 3611/3611/3611
f 3515/3515/3515 3516/3516/3516 3613/3613/3613
f 3515/3515/3515 3613/3613/3613 3612/3612/3612
f 3516/3516/3516 3517/3517/3517 3614/3614/3614
f 3516/3516/3516 3614/3614/3614 3613/3613/3613
f 3517/3517/3517 3518/3518/3518 3615/3615/3615
f 3517/3517/3517 3615/3615/3615 3614/3614/3614
f 3518/3518/3518 3519/3519/3519 3616/3616/3616
f 3518/3518/3518 3616/3616/3616 3615/3615/3615
f 3519/3519/3519 3520/3520/3520 3617/3617/3617
f 3519/3519/3519 3617/3617/3617 3616/3616/3616
f 3520/3520/3520 3521/3521/3521 3618/3618/3618
f 3520/3520/3520 3618/3618/3618 3617/3617/3617
f 3521/3521/3521 3522/3522/3522 3619/3619/3619
f 3521/3521/3521 3619/3619/3619 3618/3618/3618
f 3522/3522/3522 3523/3523/3523 3620/3620/3620
f 3522/3522/3522 3620/3620/3620 3619/3619/3619
f 3523/3523/3523 3524/3524/3524 3621/3621/3621
f 3523/3523/3523 3621/3621/3621 3620/3620/3620
f 3524/3524/3524 3525/3525/3525 3622/3622/3622
f 3524/3524/3524 3622/3622/3622 3621/3621/3621
f 3525/3525/3525 3526/3526/3526 3623/3623/3623
f 3525/3525/3525 3623/3623/3623 3622/3622/3622
f 3526/3526/3526 3527/3527/3527 3624/3624/3624
f 3526/3526/3526 3624/3624/3624 3623/3623/3623
f 3527/3527/3527 3528/3528/3528 3625/3625/3625
f 3527/3527/3527 3625/3625/3625 3624/3624/3624
f 3528/3528/3528 3529/3529/3529 3626/3626/3626
f 3528/3528/3528 3626/3626/3626 3625/3625/3625
f 3529/3529/3529 3530/3530/3530 3627/3627/3627
f 3529/3529/3529 3627/3627/3627 3626/3626/3626
f 3530/3530/3530 3531/3531/3531 3628/3628/3628
f 3530/3530/3530 3628/3628/3628 3627/3627/3627
f 3531/3531/3531 3532/3532/3532 3629/3629/3629
f 3531/3531/3531 3629/3629/3629 3628/3628/3628
f 3532/3532/3532 3533/3533/3533 3630/3630/3630
f 3532/3532/3532 3630/3630/3630 3629/3629/3629
f 3533/3533/3533 3534/3534/3534 3631/3631/3631
f 3533/3533/3533 3631/3631/3631 3630/3630/3630
f 3534/3534/3534 3535/3535/3535 3632/3632/3632
f 3534/3534/3534 3632/3632/3632 3631/3631/3631
f 3535/3535/3535 3536/3536/3536 3633/3633/3633
f 3535/3535/3535 3633/3633/3633 3632/3632/3632
f 3536/3536/3536 3537/3537/3537 3634/3634/3634
f 3536/3536/3536 3634/3634/3634 3633/3633/3633
f 3537/3537/3537 3538/3538/3538 3635/3635/3635
f 3537/3537/3537 3635/3635/3635 3634/3634/3634
f 3538/3538/3538 3539/3539/3539 3636/3636/3636
f 3538/3538/3538 3636/3636/3636 3635/3635/3635
f 3539/3539/3539 3540/3540/3540 3637/3637/3637
f 3539/3539/3539 3637/3637/3637 3636/3636/3636
f 3540/3540/3540 3541/3541/3541 3638/3638/3638
f 3540/3540/3540 3638/3638/3638 3637/3637/3637
f 3541/3541/3541 3542/3542/3542 3639/3639/3639
f 3541/3541/3541 3639/3639/3639 3638/3638/3638
f 3542/3542/3542 3543/3543/3543 3640/3640/3640
f 3542/3542/3542 3640/3640/3640 3639/3639/3639
f 3543/3543/3543 3544/3544/3544 3641/3641/3641
f 3543/3543/3543 3641/3641/3641 3640/3640/3640
f 3544/3544/3544 3545/3545/3545 3642/3642/3642
f 3544/3544/3544 3642/3642/3642 3641/3641/3641
f 3545/3545/3545 3546/3546/3546 3643/3643/3643
f 3545/3545/3545 3643/3643/3643 3642/3642/3642
f 3546/3546/3546 3547/3547/3547 3644/3644/3644
f 3546/3546/3546 3644/3644/3644 3643/3643/3643
f 3547/3547/3547 3548/3548/3548 3645/3645/3645
f 3547/3547/3547 3645/3645/3645 3644/3644/3644
f 3548/3548/3548 3549/3549/3549 3646/3646/3646
f 3548/3548/3548 3646/3646/3646 3645/3645/3645
f 3549/3549/3549 3550/3550/3550 3647/3647/3647
f 3549/3549/3549 3647/3647/3647 3646/3646/3646
f 3550/3550/3550 3551/3551/3551 3648/3648/3648
f 3550/3550/3550 3648/3648/3648 3647/3647/3647
f 3551/3551/3551 3552/3552/3552 3649/3649/3649
f 3551/3551/3551 3649/3649/3649 3648/3648/3648
f 3552/3552/3552 3553/3553/3553 3650/3650/3650
f 3552/3552/3552 3650/3650/3650 3649/3649/3649
f 3553/3553/3553 3554/3554/3554 3651/3651/3651
f 3553/3553/3553 3651/3651/3651 3650/3650/3650
f 3554/3554/3554 3555/3555/3555 3652/3652/3652
f 3554/3554/3554 3652/3652/3652 3651/3651/3651
f 3555/3555/3555 3556/3556/3556 3653/3653/3653
f 3555/3555/3555 3653/3653/3653 3652/3652/3652
f 3556/3556/3556 3557/3557/3557 3654/3654/3654
f 3556/3556/3556 3654/3654/3654 3653/3653/3653
f 3557/3557/3557 3558/3558/3558 3655/3655/3655
f 3557/3557/3557 3655/3655/3655 3654/3654/3654
f 3558/3558/3558 3559/3559/3559 3656/3656/3656
f 3558/3558/3558 3656/3656/3656 3655/3655/3655
f 3559/3559/3559 3560/3560/3560 3657/3657/3657
f 3559/3559/3559 3657/3657/3657 3656/3656/3656
f 3560/3560/3560 3561/3561/3561 3658/3658/3658
f 3560/3560/3560 3658/3658/3658 3657/3657/3657
f 3561/3561/3561 3562/3562/3562 3659/3659/3659
f 3561/3561/3561 3659/3659/3659 3658/3658/3658
f 3562/3562/3562 3563/3563/3563 3660/3660/3660
f 3562/3562/3562 3660/3660/3660 3659/3659/3659
f 3563/3563/3563 3564/3564/3564 3661/3661/3661
f 3563/3563/3563 3661/3661/3661 3660/3660/3660
f 3564/3564/3564 3565/3565/3565 3662/3662/3662
f 3564/3564/3564 3662/3662/3662 3661/3661/3661
f 3565/3565/3565 3566/3566/3566 3663/3663/3663
f 3565/3565/3565 3663/3663/3663 3662/3662/3662
f 3566/3566/3566 3567/3567/3567 3664/3664/3664
f 3566/3566/3566 3664/3664/3664 3663/3663/3663
f 3567/3567/3567 3568/3568/3568 3665/3665/3665
f 3567/3567/3567 3665/3665/3665 3664/3664/3664
f 3568/3568/3568 3569/3569/3569 3666/3666/3666
f 3568/3568/3568 3666/3666/3666 3665/3665/3665
f 3569/3569/3569 3570/3570/3570 3667/3667/3667
f 3569/3569/3569 3667/3667/3667 3666/3666/3666
f 3570/3570/3570 3571/3571/3571 3668/3668/3668
f 3570/3570/3570 3668/3668/3668 3667/3667/3667
f 3571/3571/3571 3572/3572/3572 3669/3669/3669
f 3571/3571/3571 3669/3669/3669 3668/3668/3668
f 3572/3572/3572 3573/3573/3573 3670/3670/3670
f 3572/3572/3572 3670/3670/3670 3669/3669/3669
f 3573/3573/3573 3574/3574/3574 3671/3671/3671
f 3573/3573/3573 3671/3671/3671 3670/3670/3670
f 3574/3574/3574 3575/3575/3575 3672/3672/3672
f 3574/3574/3574 3672/3672/3672 3671/3671/3671
f 3575/3575/3575 3576/3576/3576 3673/3673/3673
f 3575/3575/3575 3673/3673/3673 3672/3672/3672
f 3576/3576/3576 3577/3577/3577 3674/3674/3674
f 3576/3576/3576 3674/3674/3674 3673/3673/3673
f 3577/3577/3577 3578/3578/3578 3675/3675/3675
f 3577/3577/3577 3675/3675/3675 3674/3674/3674
f 3578/3578/3578 3579/3579/3579 3676/3676/3676
f 3578/3578/3578 3676/3676/3676 3675/3675/3675
f 3579/3579/3579 3580/3580/3580 3677/3677/3677
f 3579/3579/3579 3677/3677/3677 3676/3676/3676
f 3580/3580/3580 3581/3581/3581 3678/3678/3678
f 3580/3580/3580 3678/3678/3678 3677/3677/3677
f 3581/3581/3581 3582/3582/3582 3679/3679/3679
f 3581/3581/3581 3679/3679/3679 3678/3678/3678
f 3582/3582/3582 3583/3583/3583 3680/3680/3680
f 3582/3582/3582 3680/3680/3680 3679/3679/3679
f 3583/3583/3583 3584/3584/3584 3681/3681/3681
f 3583/3583/3583 3681/3681/3681 3680/3680/3680
f 3584/3584/3584 3585/3585/3585 3682/3682/3682
f 3584/3584/3584 3682/3682/3682 3681/3681/3681
f 3585/3585/3585 3586/3586/3586 3683/3683/3683
f 3585/3585/3585 3683/3683/3683 3682/3682/3682
f 3586/3586/3586 3587/3587/3587 3684/3684/3684
f 3586/3586/3586 3684/3684/3684 3683/3683/3683
f 3587/3587/3587 3588/3588/3588 3685/3685/3685
f 3587/3587/3587 3685/3685/3685 3684/3684/3684
f 3588/3588/3588 3589/3589/3589 3686/3686/3686
f 3588/3588/3588 3686/3686/3686 3685/3685/3685
f 3590/3590/3590 3591/3591/3591 3688/3688/3688
f 3590/3590/3590 3688/3688/3688 3687/3687/3687
f 3591/3591/3591 3592/3592/3592 3689/3689/3689
f 3591/3591/3591 3689/3689/3689 3688/3688/3688
f 3592/3592/3592 3593/3593/3593 3690/3690/3690
f 3592/3592/3592 3690/3690/3690 3689/3689/3689
f 3593/3593/3593 3594/3594/3594 3691/3691/3691
f 3593/3593/3593 3691/3691/3691 3690/3690/3690
f 3594/3594/3594 3595/3595/3595 3692/3692/3692
f 3594/3594/3594 3692/3692/3692 3691/3691/3691
f 3595/3595/3595 3596/3596/3596 3693/3693/3693
f 3595/3595/3595 3693/3693/3693 3692/3692/3692
f 3596/3596/3596 3597/3597/3597 3694/3694/3694
f 3596/3596/3596 3694/3694/3694 3693/3693/3693
f 3597/3597/3597 3598/3598/3598 3695/3695/3695
f 3597/3597/3597 3695/3695/3695 3694/3694/3694
f 3598/3598/3598 3599/3599/3599 3696/3696/3696
f 3598/3598/3598 3696/3696/3696 3695/3695/3695
f 3599/3599/3599 3600/3600/3600 3697/3697/3697
f 3599/3599/3599 3697/3697/3697 3696/3696/3696
f 3600/3600/3600 3601/3601/3601 3698/3698/3698
f 3600/3600/3600 3698/3698/3698 3697/3697/3697
f 3601/3601/3601 3602/3602/3602 3699/3699/3699
f 3601/3601/3601 3699/3699/3699 3698/3698/3698
f 3602/3602/3602 3603/3603/3603 3700/3700/3700
f 3602/3602/3602 3700/3700/3700 3699/3699/3699
f 3603/3603/3603 3604/3604/3604 3701/3701/3701
f 3603/3603/3603 3701/3701/3701 3700/3700/3700
f 3604/3604/3604 3605/3605/3605 3702/3702/3702
f 3604/3604/3604 3702/3702/3702 3701/3701/3701
f 3605/3605/3605 3606/3606/3606 3703/3703/3703
f 3605/3605/3605 3703/3703/3703 3702/3702/3702
f 3606/3606/3606 3607/3607/3607 3704/3704/3704
f 3606/3606/3606 3704/3704/3704 3703/3703/3703
f 3607/3607/3607 3608/3608/3608 3705/3705/3705
f 3607/3607/3607 3705/3705/3705 3704/3704/3704
f 3608/3608/3608 3609/3609/3609 3706/3706/3706
f 3608/3608/3608 3706/3706/3706 3705/3705/3705
f 3609/3609/3609 3610/3610/3610 3707/3707/3707
f 3609/3609/3609 3707/3707/3707 3706/3706/3706
f 3610/3610/3610 3611/3611/3611 3708/3708/3708
f 3610/3610/3610 3708/3708/3708 3707/3707/3707
f 3611/3611/3611 3612/3612/3612 3709/3709/3709
f 3611/3611/3611 3709/3709/3709 3708/3708/3708
f 3612/3612/3612 3613/3613/3613 3710/3710/3710
f 3612/3612/3612 3710/3710/3710 3709/3709/3709
f 3613/3613/3613 3614/3614/3614 3711/3711/3711
f 3613/3613/3613 3711/3711/3711 3710/3710/3710
f 3614/3614/3614 3615/3615/3615 3712/3712/3712
f 3614/3614/3614 3712/3712/3712 3711/3711/3711
f 3615/3615/3615 3616/3616/3616 3713/3713/3713
f 3615/3615/3615 3713/3713/3713 3712/3712/3712
f 3616/3616/3616 3617/3617/3617 3714/3714/3714
f 3616/3616/3616 3714/3714/3714 3713/3713/3713
f 3617/3617/3617 3618/3618/3618 3715/3715/3715
f 3617/3617/3617 3715/3715/3715 3714/3714/3714
f 3618/3618/3618 3619/3619/3619 3716/3716/3716
f 3618/3618/3618 3716/3716/3716 3715/3715/3715
f 3619/3619/3619 3620/3620/3620 3717/3717/3717
f 3619/3619/3619 3717/3717/3717 3716/3716/3716
f 3620/3620/3620 3621/3621/3621 3718/3718/3718
f 3620/3620/3620 3718/3718/3718 3717/3717/3717
f 3621/3621/3621 3622/3622/3622 3719/3719/3719
f 3621/3621/3621 3719/3719/3719 3718/3718/3718
f 3622/3622/3622 3623/3623/3623 3720/3720/3720
f 3622/3622/3622 3720/3720/3720 3719/3719/3719
f 3623/3623/3623 3624/3624/3624 3721/3721/3721
f 3623/3623/3623 3721/3721/3721 3720/3720/3720
f 3624/3624/3624 3625/3625/3625 3722/3722/3722
f 3624/3624/3624 3722/3722/3722 3721/3721/3721
f 3625/3625/3625 3626/3626/3626 3723/3723/3723
f 3625/3625/3625 3723/3723/3723 3722/3722/3722
f 3626/3626/3626 3627/3627/3627 3724/3724/3724
f 3626/3626/3626 3724/3724/3724 3723/3723/3723
f 3627/3627/3627 3628/3628/3628 3725/3725/3725
f 3627/3627/3627 3725/3725/3725 3724/3724/3724
f 3628/3628/3628 3629/3629/3629 3726/3726/3726
f 3628/3628/3628 3726/3726/3726 3725/3725/3725
f 3629/3629/3629 3630/3630/3630 3727/3727/3727
f 3629/3629/3629 3727/3727/3727 3726/3726/3726
f 3630/3630/3630 3631/3631/3631 3728/3728/3728
f 3630/3630/3630 3728/3728/3728 3727/3727/3727
f 3631/3631/3631 3632/3632/3632 3729/3729/3729
f 3631/3631/3631 3729/3729/3729 3728/3728/3728
f 3632/3632/3632 3633/3633/3633 3730/3730/3730
f 3632/3632/3632 3730/3730/3730 3729/3729/3729
f 3633/3633/3633 3634/3634/3634 3731/3731/3731
f 3633/3633/3633 3731/3731/3731 3730/3730/3730
f 3634/3634/3634 3635/3635/3635 3732/3732/3732
f 3634/3634/3634 3732/3732/3732 3731/3731/3731
f 3635/3635/3635 3636/3636/3636 3733/3733/3733
f 3635/3635/3635 3733/3733/3733 3732/3732/3732
f 3636/3636/3636 3637/3637/3637 3734/3734/3734
f 3636/3636/3636 3734/3734/3734 3733/3733/3733
f 3637/3637/3637 3638/3638/3638 3735/3735/3735
f 3637/3637/3637 3735/3735/3735 3734/3734/3734
f 3638/3638/3638 3639/3639/3639 3736/3736/3736
f 3638/3638/3638 3736/3736/3736 3735/3735/3735
f 3639/3639/3639 3640/3640/3640 3737/3737/3737
f 3639/3639/3639 3737/3737/3737 3736/3736/3736
f 3640/3640/3640 3641/3641/3641 3738/3738/3738
f 3640/3640/3640 3738/3738/3738 3737/3737/3737
f 3641/3641/3641 3642/3642/3642 3739/3739/3739
f 3641/3641/3641 3739/3739/3739 3738/3738/3738
f 3642/3642/3642 3643/3643/3643 3740/3740/3740
f 3642/3642/3642 3740/3740/3740 3739/3739/3739
f 3643/3643/3643 3644/3644/3644 3741/3741/3741
f 3643/3643/3643 3741/3741/3741 3740/3740/3740
f 3644/3644/3644 3645/3645/3645 3742/3742/3742
f 3644/3644/3644 3742/3742/3742 3741/3741/3741
f 3645/3645/3645 3646/3646/3646 3743/3743/3743
f 3645/3645/3645 3743/3743/3743 3742/3742/3742
f 3646/3646/3646 3647/3647/3647 3744/3744/3744
f 3646/3646/3646 3744/3744/3744 3743/3743/3743
f 3647/3647/3647 3648/3648/3648 3745/3745/3745
f 3647/3647/3647 3745/3745/3745 3744/3744/3744
f 3648/3648/3648 3649/3649/3649 3746/3746/3746
f 3648/3648/3648 3746/3746/3746 3745/3745/3745
f 3649/3649/3649 3650/3650/3650 3747/3747/3747
f 3649/3649/3649 3747/3747/3747 3746/3746/3746
f 3650/3650/3650 3651/3651/3651 3748/3748/3748
f 3650/3650/3650 3748/3748/3748 3747/3747/3747
f 3651/3651/3651 3652/3652/3652 3749/3749/3749
f 3651/3651/3651 3749/3749/3749 3748/3748/3748
f 3652/3652/3652 3653/3653/3653 3750/3750/3750
f 3652/3652/3652 3750/3750/3750 3749/3749/3749
f 3653/3653/3653 3654/3654/3654 3751/3751/3751
f 3653/3653/3653 3751/3751/3751 3750/3750/3750
f 3654/3654/3654 3655/3655/3655 3752/3752/3752
f 3654/3654/3654 3752/3752/3752 3751/3751/3751
f 3655/3655/3655 3656/3656/3656 3753/3753/3753
f 3655/3655/3655 3753/3753/3753 3752/3752/3752
f 3656/3656/3656 3657/3657/3657 3754/3754/3754
f 3656/3656/3656 3754/3754/3754 3753/3753/3753
f 3657/3657/3657 3658/3658/3658 3755/3755/3755
f 3657/3657/3657 3755/3755/3755 3754/3754/3754
f 3658/3658/3658 3659/3659/3659 3756/3756/3756
f 3658/3658/3658 3756/3756/3756 3755/3755/3755
f 3659/3659/3659 3660/3660/3660 3757/3757/3757
f 3659/3659/3659 3757/3757/3757 3756/3756/3756
f 3660/3660/3660 3661/3661/3661 3758/3758/3758
f 3660/3660/3660 3758/3758/3758 3757/3757/3757
f 3661/3661/3661 3662/3662/3662 3759/3759/3759
f 3661/3661/3661 3759/3759/3759 3758/3758/3758
f 3662/3662/3662 3663/3663/3663 3760/3760/3760
f 3662/3662/3662 3760/3760/3760 3759/3759/3759
f 3663/3663/3663 3664/3664/3664 3761/3761/3761
f 3663/3663/3663 3761/3761/3761 3760/3760/3760
f 3664/3664/3664 3665/3665/3665 3762/3762/3762
f 3664/3664/3664 3762/3762/3762 3761/3761/3761
f 3665/3665/3665 3666/3666/3666 3763/3763/3763
f 3665/3665/3665 3763/3763/3763 3762/3762/3762
f 3666/3666/3666 3667/3667/3667 3764/3764/3764
f 3666/3666/3666 3764/3764/3764 3763/3763/3763
f 3667/3667/3667 3668/3668/3668 3765/3765/3765
f 3667/3667/3667 3765/3765/3765 3764/3764/3764
f 3668/3668/3668 3669/3669/3669 3766/3766/3766
f 3668/3668/3668 3766/3766/3766 3765/3765/3765
f 3669/3669/3669 3670/3670/3670 3767/3767/3767
f 3669/3669/3669 3767/3767/3767 3766/3766/3766
f 3670/3670/3670 3671/3671/3671 3768/3768/3768
f 3670/3670/3670 3768/3768/3768 3767/3767/3767
f 3671/3671/3671 3672/3672/3672 3769/3769/3769
f 3671/3671/3671 3769/3769/3769 3768/3768/3768
f 3672/3672/3672 3673/3673/3673 3770/3770/3770
f 3672/3672/3672 3770/3770/3770 3769/3769/3769
f 3673/3673/3673 3674/3674/3674 3771/3771/3771
f 3673/3673/3673 3771/3771/3771 3770/3770/3770
f 3674/3674/3674 3675/3675/3675 3772/3772/3772
f 3674/3674/3674 3772/3772/3772 3771/3771/3771
f 3675/3675/3675 3676/3676/3676 3773/3773/3773
f 3675/3675/3675 3773/3773/3773 3772/3772/3772
f 3676/3676/3676 3677/3677/3677 3774/3774/3774
f 3676/3676/3676 3774/3774/3774 3773/3773/3773
f 3677/3677/3677 3678/3678/3678 3775/3775/3775
f 3677/3677/3677 3775/3775/3775 3774/3774/3774
f 3678/3678/3678 3679/3679/3679 3776/3776/3776
f 3678/3678/3678 3776/3776/3776 3775/3775/3775
f 3679/3679/3679 3680/3680/3680 3777/3777/3777
f 3679/3679/3679 3777/3777/3777 3776/3776/3776
f 3680/3680/3680 3681/3681/3681 3778/3778/3778
f 3680/3680/3680 3778/3778/3778 3777/3777/3777
f 3681/3681/3681 3682/3682/3682 3779/3779/3779
f 3681/3681/3681 3779/3779/3779 3778/3778/3778
f 3682/3682/3682 3683/3683/3683 3780/3780/3780
f 3682/3682/3682 3780/3780/3780 3779/3779/3779
f 3683/3683/3683 3684/3684/3684 3781/3781/3781
f 3683/3683/3683 3781/3781/3781 3780/3780/3780
f 3684/3684/3684 3685/3685/3685 3782/3782/3782
f 3684/3684/3684 3782/3782/3782 3781/3781/3781
f 3685/3685/3685 3686/3686/3686 3783/3783/3783
f 3685/3685/3685 3783/3783/3783 3782/3782/3782
f 3687/3687/3687 3688/3688/3688 3785/3785/3785
f 3687/3687/3687 3785/3785/3785 3784/3784/3784
f 3688/3688/3688 3689/3689/3689 3786/3786/3786
f 3688/3688/3688 3786/3786/3786 3785/3785/3785
f 3689/3689/3689 3690/3690/3690 3787/3787/3787
f 3689/3689/3689 3787/3787/3787 3786/3786/3786
f 3690/3690/3690 3691/3691/3691 3788/3788/3788
f 3690/3690/3690 3788/3788/3788 3787/3787/3787
f 3691/3691/3691 3692/3692/3692 3789/3789/3789
f 3691/3691/3691 3789/3789/3789 3788/3788/3788
f 3692/3692/3692 3693/3693/3693 3790/3790/3790
f 3692/3692/3692 3790/3790/3790 3789/3789/3789
f 3693/3693/3693 3694/3694/3694 3791/3791/3791
f 3693/3693/3693 3791/3791/3791 3790/3790/3790
f 3694/3694/3694 3695/3695/3695 3792/3792/3792
f 3694/3694/3694 3792/3792/3792 3791/3791/3791
f 3695/3695/3695 3696/3696/3696 3793/3793/3793
f 3695/3695/3695 3793/3793/3793 3792/3792/3792
f 3696/3696/3696 3697/3697/3697 3794/3794/3794
f 3696/3696/3696 3794/3794/3794 3793/3793/3793
f 3697/3697/3697 3698/3698/3698 3795/3795/3795
f 3697/3697/3697 3795/3795/3795 3794/3794/3794
f 3698/3698/3698 3699/3699/3699 3796/3796/3796
f 3698/3698/3698 3796/3796/3796 3795/3795/3795
f 3699/3699/3699 3700/3700/3700 3797/3797/3797
f 3699/3699/3699 3797/3797/3797 3796/3796/3796
f 3700/3700/3700 3701/3701/3701 3798/3798/3798
f 3700/3700/3700 3798/3798/3798 3797/3797/3797
f 3701/3701/3701 3702/3702/3702 3799/3799/3799
f 3701/3701/3701 3799/3799/3799 3798/3798/3798
f 3702/3702/3702 3703/3703/3703 3800/3800/3800
f 3702/3702/3702 3800/3800/3800 3799/3799/3799
f 3703/3703/3703 3704/3704/3704 3801/3801/3801
f 3703/3703/3703 3801/3801/3801 3800/3800/3800
f 3704/3704/3704 3705/3705/3705 3802/3802/3802
f 3704/3704/3704 3802/3802/3802 3801/3801/3801
f 3705/3705/3705 3706/3706/3706 3803/3803/3803
f 3705/3705/3705 3803/3803/3803 3802/3802/3802
f 3706/3706/3706 3707/3707/3707 3804/3804/3804
f 3706/3706/3706 3804/3804/3804 3803/3803/3803
f 3707/3707/3707 3708/3708/3708 3805/3805/3805
f 3707/3707/3707 3805/3805/3805 3804/3804/3804
f 3708/3708/3708 3709/3709/3709 3806/3806/3806
f 3708/3708/3708 3806/3806/3806 3805/3805/3805
f 3709/3709/3709 3710/3710/3710 3807/3807/3807
f 3709/3709/3709 3807/3807/3807 3806/3806/3806
f 3710/3710/3710 3711/3711/3711 3808/3808/3808
f 3710/3710/3710 3808/3808/3808 3807/3807/3807
f 3711/3711/3711 3712/3712/3712 3809/3809/3809
f 3711/3711/3711 3809/3809/3809 3808/3808/3808
f 3712/3712/3712 3713/3713/3713 3810/3810/3810
f 3712/3712/3712 3810/3810/3810 3809/3809/3809
f 3713/3713/3713 3714/3714/3714 3811/3811/3811
f 3713/3713/3713 3811/3811/3811 3810/3810/3810
f 3714/3714/3714 3715/3715/3715 3812/3812/3812
f 3714/3714/3714 3812/3812/3812 3811/3811/3811
f 3715/3715/3715 3716/3716/3716 3813/3813/3813
f 3715/3715/3715 3813/3813/3813 3812/3812/3812
f 3716/3716/3716 3717/3717/3717 3814/3814/3814
f 3716/3716/3716 3814/3814/3814 3813/3813/3813
f 3717/3717/3717 3718/3718/3718 3815/3815/3815
f 3717/3717/3717 3815/3815/3815 3814/3814/3814
f 3718/3718/3718 3719/3719/3719 3816/3816/3816
f 3718/3718/3718 3816/3816/3816 3815/3815/3815
f 3719/3719/3719 3720/3720/3720 3817/3817/3817
f 3719/3719/3719 3817/3817/3817 3816/3816/3816
f 3720/3720/3720 3721/3721/3721 3818/3818/3818
f 3720/3720/3720 3818/3818/3818 3817/3817/3817
f 3721/3721/3721 3722/3722/3722 3819/3819/3819
f 3721/3721/3721 3819/3819/3819 3818/3818/3818
f 3722/3722/3722 3723/3723/3723 3820/3820/3820
f 3722/3722/3722 3820/3820/3820 3819/3819/3819
f 3723/3723/3723 3724/3724/3724 3821/3821/3821
f 3723/3723/3723 3821/3821/3821 3820/3820/3820
f 3724/3724/3724 3725/3725/3725 3822/3822/3822
f 3724/3724/3724 3822/3822/3822 3821/3821/3821
f 3725/3725/3725 3726/3726/3726 3823/3823/3823
f 3725/3725/3725 3823/3823/3823 3822/3822/3822
f 3726/3726/3726 3727/3727/3727 3824/3824/3824
f 3726/3726/3726 3824/3824/3824 3823/3823/3823
f 3727/3727/3727 3728/3728/3728 3825/3825/3825
f 3727/3727/3727 3825/3825/3825 3824/3824/3824
f 3728/3728/3728 3729/3729/3729 3826/3826/3826
f 3728/3728/3728 3826/3826/3826 3825/3825/3825
f 3729/3729/3729 3730/3730/3730 3827/3827/3827
f 3729/3729/3729 3827/3827/3827 3826/3826/3826
f 3730/3730/3730 3731/3731/3731 3828/3828/3828
f 3730/3730/3730 3828/3828/3828 3827/3827/3827
f 3731/3731/3731 3732/3732/3732 3829/3829/3829
f 3731/3731/3731 3829/3829/3829 3828/3828/3828
f 3732/3732/3732 3733/3733/3733 3830/3830/3830
f 3732/3732/3732 3830/3830/3830 3829/3829/3829
f 3733/3733/3733 3734/3734/3734 3831/3831/3831
f 3733/3733/3733 3831/3831/3831 3830/3830/3830
f 3734/3734/3734 3735/3735/3735 3832/3832/3832
f 3734/3734/3734 3832/3832/3832 3831/3831/3831
f 3735/3735/3735 3736/3736/3736 3833/3833/3833
f 3735/3735/3735 3833/3833/3833 3832/3832/3832
f 3736/3736/3736 3737/3737/3737 3834/3834/3834
f 3736/3736/3736 3834/3834/3834 3833/3833/3833
f 3737/3737/3737 3738/3738/3738 3835/3835/3835
f 3737/3737/3737 3835/3835/3835 3834/3834/3834
f 3738/3738/3738 3739/3739/3739 3836/3836/3836
f 3738/3738/3738 3836/3836/3836 3835/3835/3835
f 3739/3739/3739 3740/3740/3740 3837/3837/3837
f 3739/3739/3739 3837/3837/3837 3836/3836/3836
f 3740/3740/3740 3741/3741/3741 3838/3838/3838
f 3740/3740/3740 3838/3838/3838 3837/3837/3837
f 3741/3741/3741 3742/3742/3742 3839/3839/3839
f 3741/3741/3741 3839/3839/3839 3838/3838/3838
f 3742/3742/3742 3743/3743/3743 3840/3840/3840
f 3742/3742/3742 3840/3840/3840 3839/3839/3839
f 3743/3743/3743 3744/3744/3744 3841/3841/3841
f 3743/3743/3743 3841/3841/3841 3840/3840/3840
f 3744/3744/3744 3745/3745/3745 3842/3842/3842
f 3744/3744/3744 3842/3842/3842 3841/3841/3841
f 3745/3745/3745 3746/3746/3746 3843/3843/3843
f 3745/3745/3745 3843/3843/3843 3842/3842/3842
f 3746/3746/3746 3747/3747/3747 3844/3844/3844
f 3746/3746/3746 3844/3844/3844 3843/3843/3843
f 3747/3747/3747 3748/3748/3748 3845/3845/3845
f 3747/3747/3747 3845/3845/3845 3844/3844/3844
f 3748/3748/3748 3749/3749/3749 3846/3846/3846
f 3748/3748/3748 3846/3846/3846 3845/3845/3845
f 3749/3749/3749 3750/3750/3750 3847/3847/3847
f 3749/3749/3749 3847/3847/3847 3846/3846/3846
f 3750/3750/3750 3751/3751/3751 3848/3848/3848
f 3750/3750/3750 3848/3848/3848 3847/3847/3847
f 3751/3751/3751 3752/3752/3752 3849/3849/3849
f 3751/3751/3751 3849/3849/3849 3848/3848/3848
f 3752/3752/3752 3753/3753/3753 3850/3850/3850
f 3752/3752/3752 3850/3850/3850 3849/3849/3849
f 3753/3753/3753 3754/3754/3754 3851/3851/3851
f 3753/3753/3753 3851/3851/3851 3850/3850/3850
f 3754/3754/3754 3755/3755/3755 3852/3852/3852
f 3754/3754/3754 3852/3852/3852 3851/3851/3851
f 3755/3755/3755 3756/3756/3756 3853/3853/3853
f 3755/3755/3755 3853/3853/3853 3852/3852/3852
f 3756/3756/3756 3757/3757/3757 3854/3854/3854
f 3756/3756/3756 3854/3854/3854 3853/3853/3853
f 3757/3757/3757 3758/3758/3758 3855/3855/3855
f 3757/3757/3757 3855/3855/3855 3854/3854/3854
f 3758/3758/3758 3759/3759/3759 3856/3856/3856
f 3758/3758/3758 3856/3856/3856 3855/3855/3855
f 3759/3759/3759 3760/3760/3760 3857/3857/3857
f 3759/3759/3759 3857/3857/3857 3856/3856/3856
f 3760/3760/3760 3761/3761/3761 3858/3858/3858
f 3760/3760/3760 3858/3858/3858 3857/3857/3857
f 3761/3761/3761 3762/3762/3762 3859/3859/3859
f 3761/3761/3761 3859/3859/3859 3858/3858/3858
f 3762/3762/3762 3763/3763/3763 3860/3860/3860
f 3762/3762/3762 3860/3860/3860 3859/3859/3859
f 3763/3763/3763 3764/3764/3764 3861/3861/3861
f 3763/3763/3763 3861/3861/3861 3860/3860/3860
f 3764/3764/3764 3765/3765/3765 3862/3862/3862
f 3764/3764/3764 3862/3862/3862 3861/3861/3861
f 3765/3765/3765 3766/3766/3766 3863/3863/3863
f 3765/3765/3765 3863/3863/3863 3862/3862/3862
f 3766/3766/3766 3767/3767/3767 3864/3864/3864
f 3766/3766/3766 3864/3864/3864 3863/3863/3863
f 3767/3767/3767 3768/3768/3768 3865/3865/3865
f 3767/3767/3767 3865/3865/3865 3864/3864/3864
f 3768/3768/3768 3769/3769/3769 3866/3866/3866
f 3768/3768/3768 3866/3866/3866 3865/3865/3865
f 3769/3769/3769 3770/3770/3770 3867/3867/3867
f 3769/3769/3769 3867/3867/3867 3866/3866/3866
f 3770/3770/3770 3771/3771/3771 3868/3868/3868
f 3770/3770/3770 3868/3868/3868 3867/3867/3867
f 3771/3771/3771 3772/3772/3772 3869/3869/3869
f 3771/3771/3771 3869/3869/3869 3868/3868/3868
f 3772/3772/3772 3773/3773/3773 3870/3870/3870
f 3772/3772/3772 3870/3870/3870 3869/3869/3869
f 3773/3773/3773 3774/3774/3774 3871/3871/3871
f 3773/3773/3773 3871/3871/3871 3870/3870/3870
f 3774/3774/3774 3775/3775/3775 3872/3872/3872
f 3774/3774/3774 3872/3872/3872 3871/3871/3871
f 3775/3775/3775 3776/3776/3776 3873/3873/3873
f 3775/3775/3775 3873/3873/3873 3872/3872/3872
f 3776/3776/3776 3777/3777/3777 3874/3874/3874
f 3776/3776/3776 3874/3874/3874 3873/3873/3873
f 3777/3777/3777 3778/3778/3778 3875/3875/3875
f 3777/3777/3777 3875/3875/3875 3874/3874/3874
f 3778/3778/3778 3779/3779/3779 3876/3876/3876
f 3778/3778/3778 3876/3876/3876 3875/3875/3875
f 3779/3779/3779 3780/3780/3780 3877/3877/3877
f 3779/3779/3779 3877/3877/3877 3876/3876/3876
f 3780/3780/3780 3781/3781/3781 3878/3878/3878
f 3780/3780/3780 3878/3878/3878 3877/3877/3877
f 3781/3781/3781 3782/3782/3782 3879/3879/3879
f 3781/3781/3781 3879/3879/3879 3878/3878/3878
f 3782/3782/3782 3783/3783/3783 3880/3880/3880
f 3782/3782/3782 3880/3880/3880 3879/3879/3879
f 3784/3784/3784 3785/3785/3785 3882/3882/3882
f 3784/3784/3784 3882/3882/3882 3881/3881/3881
f 3785/3785/3785 3786/3786/3786 3883/3883/3883
f 3785/3785/3785 3883/3883/3883 3882/3882/3882
f 3786/3786/3786 3787/3787/3787 3884/3884/3884
f 3786/3786/3786 3884/3884/3884 3883/3883/3883
f 3787/3787/3787 3788/3788/3788 3885/3885/3885
f 3787/3787/3787 3885/3885/3885 3884/3884/3884
f 3788/3788/3788 3789/3789/3789 3886/3886/3886
f 3788/3788/3788 3886/3886/3886 3885/3885/3885
f 3789/3789/3789 3790/3790/3790 3887/3887/3887
f 3789/3789/3789 3887/3887/3887 3886/3886/3886
f 3790/3790/3790 3791/3791/3791 3888/3888/3888
f 3790/3790/3790 3888/3888/3888 3887/3887/3887
f 3791/3791/3791 3792/3792/3792 3889/3889/3889
f 3791/3791/3791 3889/3889/3889 3888/3888/3888
f 3792/3792/3792 3793/3793/3793 3890/3890/3890
f 3792/3792/3792 3890/3890/3890 3889/3889/3889
f 3793/3793/3793 3794/3794/3794 3891/3891/3891
f 3793/3793/3793 3891/3891/3891 3890/3890/3890
f 3794/3794/3794 3795/3795/3795 3892/3892/3892
f 3794/3794/3794 3892/3892/3892 3891/3891/3891
f 3795/3795/3795 3796/3796/3796 3893/3893/3893
f 3795/3795/3795 3893/3893/3893 3892/3892/3892
f 3796/3796/3796 3797/3797/3797 3894/3894/3894
f 3796/3796/3796 3894/3894/3894 3893/3893/3893
f 3797/3797/3797 3798/3798/3798 3895/3895/3895
f 3797/3797/3797 3895/3895/3895 3894/3894/3894
f 3798/3798/3798 3799/3799/3799 3896/3896/3896
f 3798/3798/3798 3896/3896/3896 3895/3895/3895
f 3799/3799/3799 3800/3800/3800 3897/3897/3897
f 3799/3799/3799 3897/3897/3897 3896/3896/3896
f 3800/3800/3800 3801/3801/3801 3898/3898/3898
f 3800/3800/3800 3898/3898/3898 3897/3897/3897
f 3801/3801/3801 3802/3802/3802 3899/3899/3899
f 3801/3801/3801 3899/3899/3899 3898/3898/3898
f 3802/3802/3802 3803/3803/3803 3900/3900/3900
f 3802/3802/3802 3900/3900/3900 3899/3899/3899
f 3803/3803/3803 3804/3804/3804 3901/3901/3901
f 3803/3803/3803 3901/3901/3901 3900/3900/3900
f 3804/3804/3804 3805/3805/3805 3902/3902/3902
f 3804/3804/3804 3902/3902/3902 3901/3901/3901
f 3805/3805/3805 3806/3806/3806 3903/3903/3903
f 3805/3805/3805 3903/3903/3903 3902/3902/3902
f 3806/3806/3806 3807/3807/3807 3904/3904/3904
f 3806/3806/3806 3904/3904/3904 3903/3903/3903
f 3807/3807/3807 3808/3808/3808 3905/3905/3905
f 3807/3807/3807 3905/3905/3905 3904/3904/3904
f 3808/3808/3808 3809/3809/3809 3906/3906/3906
f 3808/3808/3808 3906/3906/3906 3905/3905/3905
f 3809/3809/3809 3810/3810/3810 3907/3907/3907
f 3809/3809/3809 3907/3907/3907 3906/3906/3906
f 3810/3810/3810 3811/3811/3811 3908/3908/3908
f 3810/3810/3810 3908/3908/3908 3907/3907/3907
f 3811/3811/3811 3812/3812/3812 3909/3909/3909
f 3811/3811/3811 3909/3909/3909 3908/3908/3908
f 3812/3812/3812 3813/3813/3813 3910/3910/3910
f 3812/3812/3812 3910/3910/3910 3909/3909/3909
f 3813/3813/3813 3814/3814/3814 3911/3911/3911
f 3813/3813/3813 3911/3911/3911 3910/3910/3910
f 3814/3814/3814 3815/3815/3815 3912/3912/3912
f 3814/3814/3814 3912/3912/3912 3911/3911/3911
f 3815/3815/3815 3816/3816/3816 3913/3913/3913
f 3815/3815/3815 3913/3913/3913 3912/3912/3912
f 3816/3816/3816 3817/3817/3817 3914/3914/3914
f 3816/3816/3816 3914/3914/3914 3913/3913/3913
f 3817/3817/3817 3818/3818/3818 3915/3915/3915
f 3817/3817/3817 3915/3915/3915 3914/3914/3914
f 3818/3818/3818 3819/3819/3819 3916/3916/3916
f 3818/3818/3818 3916/3916/3916 3915/3915/3915
f 3819/3819/3819 3820/3820/3820 3917/3917/3917
f 3819/3819/3819 3917/3917/3917 3916/3916/3916
f 3820/3820/3820 3821/3821/3821 3918/3918/3918
f 3820/3820/3820 3918/3918/3918 3917/3917/3917
f 3821/3821/3821 3822/3822/3822 3919/3919/3919
f 3821/3821/3821 3919/3919/3919 3918/3918/3918
f 3822/3822/3822 3823/3823/3823 3920/3920/3920
f 3822/3822/3822 3920/3920/3920 3919/3919/3919
f 3823/3823/3823 3824/3824/3824 3921/3921/3921
f 3823/3823/3823 3921/3921/3921 3920/3920/3920
f 3824/3824/3824 3825/3825/3825 3922/3922/3922
f 3824/3824/3824 3922/3922/3922 3921/3921/3921
f 3825/3825/3825 3826/3826/3826 3923/3923/3923
f 3825/3825/3825 3923/3923/3923 3922/3922/3922
f 3826/3826/3826 3827/3827/3827 3924/3924/3924
f 3826/3826/3826 3924/3924/3924 3923/3923/3923
f 3827/3827/3827 3828/3828/3828 3925/3925/3925
f 3827/3827/3827 3925/3925/3925 3924/3924/3924
f 3828/3828/3828 3829/3829/3829 3926/3926/3926
f 3828/3828/3828 3926/3926/3926 3925/3925/3925
f 3829/3829/3829 3830/3830/3830 3927/3927/3927
f 3829/3829/3829 3927/3927/3927 3926/3926/3926
f 3830/3830/3830 3831/3831/3831 3928/3928/3928
f 3830/3830/3830 3928/3928/3928 3927/3927/3927
f 3831/3831/3831 3832/3832/3832 3929/3929/3929
f 3831/3831/3831 3929/3929/3929 3928/3928/3928
f 3832/3832/3832 3833/3833/3833 3930/3930/3930
f 3832/3832/3832 3930/3930/3930 3929/3929/3929
f 3833/3833/3833 3834/3834/3834 3931/3931/3931
f 3833/3833/3833 3931/3931/3931 3930/3930/3930
f 3834/3834/3834 3835/3835/3835 3932/3932/3932
f 3834/3834/3834 3932/3932/3932 3931/3931/3931
f 3835/3835/3835 3836/3836/3836 3933/3933/3933
f 3835/3835/3835 3933/3933/3933 3932/3932/3932
f 3836/3836/3836 3837/3837/3837 3934/3934/3934
f 3836/3836/3836 3934/3934/3934 3933/3933/3933
f 3837/3837/3837 3838/3838/3838 3935/3935/3935
f 3837/3837/3837 3935/3935/3935 3934/3934/3934
f 3838/3838/3838 3839/3839/3839 3936/3936/3936
f 3838/3838/3838 3936/3936/3936 3935/3935/3935
f 3839/3839/3839 3840/3840/3840 3937/3937/3937
f 3839/3839/3839 3937/3937/3937 3936/3936/3936
f 3840/3840/3840 3841/3841/3841 3938/3938/3938
f 3840/3840/3840 3938/3938/3938 3937/3937/3937
f 3841/3841/3841 3842/3842/3842 3939/3939/3939
f 3841/3841/3841 3939/3939/3939 3938/3938/3938
f 3842/3842/3842 3843/3843/3843 3940/3940/3940
f 3842/3842/3842 3940/3940/3940 3939/3939/3939
f 3843/3843/3843 3844/3844/3844 3941/3941/3941
f 3843/3843/3843 3941/3941/3941 3940/3940/3940
f 3844/3844/3844 3845/3845/3845 3942/3942/3942
f 3844/3844/3844 3942/3942/3942 3941/3941/3941
f 3845/3845/3845 3846/3846/3846 3943/3943/3943
f 3845/3845/3845 3943/3943/3943 3942/3942/3942
f 3846/3846/3846 3847/3847/3847 3944/3944/3944
f 3846/3846/3846 3944/3944/3944 3943/3943/3943
f 3847/3847/3847 3848/3848/3848 3945/3945/3945
f 3847/3847/3847 3945/3945/3945 3944/3944/3944
f 3848/3848/3848 3849/3849/3849 3946/3946/3946
f 3848/3848/3848 3946/3946/3946 3945/3945/3945
f 3849/3849/3849 3850/3850/3850 3947/3947/3947
f 3849/3849/3849 3947/3947/3947 3946/3946/3946
f 3850/3850/3850 3851/3851/3851 3948/3948/3948
f 3850/3850/3850 3948/3948/3948 3947/3947/3947
f 3851/3851/3851 3852/3852/3852 3949/3949/3949
f 3851/3851/3851 3949/3949/3949 3948/3948/3948
f 3852/3852/3852 3853/3853/3853 3950/3950/3950
f 3852/3852/3852 3950/3950/3950 3949/3949/3949
f 3853/3853/3853 3854/3854/3854 3951/3951/3951
f 3853/3853/3853 3951/3951/3951 3950/3950/3950
f 3854/3854/3854 3855/3855/3855 3952/3952/3952
f 3854/3854/3854 3952/3952/3952 3951/3951/3951
f 3855/3855/3855 3856/3856/3856 3953/3953/3953
f 3855/3855/3855 3953/3953/3953 3952/3952/3952
f 3856/3856/3856 3857/3857/3857 3954/3954/3954
f 3856/3856/3856 3954/3954/3954 3953/3953/3953
f 3857/3857/3857 3858/3858/3858 3955/3955/3955
f 3857/3857/3857 3955/3955/3955 3954/3954/3954
f 3858/3858/3858 3859/3859/3859 3956/3956/3956
f 3858/3858/3858 3956/3956/3956 3955/3955/3955
f 3859/3859/3859 3860/3860/3860 3957/3957/3957
f 3859/3859/3859 3957/3957/3957 3956/3956/3956
f 3860/3860/3860 3861/3861/3861 3958/3958/3958
f 3860/3860/3860 3958/3958/3958 3957/3957/3957
f 3861/3861/3861 3862/3862/3862 3959/3959/3959
f 3861/3861/3861 3959/3959/3959 3958/3958/3958
f 3862/3862/3862 3863/3863/3863 3960/3960/3960
f 3862/3862/3862 3960/3960/3960 3959/3959/3959
f 3863/3863/3863 3864/3864/3864 3961/3961/3961
f 3863/3863/3863 3961/3961/3961 3960/3960/3960
f 3864/3864/3864 3865/3865/3865 3962/3962/3962
f 3864/3864/3864 3962/3962/3962 3961/3961/3961
f 3865/3865/3865 3866/3866/3866 3963/3963/3963
f 3865/3865/3865 3963/3963/3963 3962/3962/3962
f 3866/3866/3866 3867/3867/3867 3964/3964/3964
f 3866/3866/3866 3964/3964/3964 3963/3963/3963
f 3867/3867/3867 3868/3868/3868 3965/3965/3965
f 3867/3867/3867 3965/3965/3965 3964/3964/3964
f 3868/3868/3868 3869/3869/3869 3966/3966/3966
f 3868/3868/3868 3966/3966/3966 3965/3965/3965
f 3869/3869/3869 3870/3870/3870 3967/3967/3967
f 3869/3869/3869 3967/3967/3967 3966/3966/3966
f 3870/3870/3870 3871/3871/3871 3968/3968/3968
f 3870/3870/3870 3968/3968/3968 3967/3967/3967
f 3871/3871/3871 3872/3872/3872 3969/3969/3969
f 3871/3871/3871 3969/3969/3969 3968/3968/3968
f 3872/3872/3872 3873/3873/3873 3970/3970/3970
f 3872/3872/3872 3970/3970/3970 3969/3969/3969
f 3873/3873/3873 3874/3874/3874 3971/3971/3971
f 3873/3873/3873 3971/3971/3971 3970/3970/3970
f 3874/3874/3874 3875/3875/3875 3972/3972/3972
f 3874/3874/3874 3972/3972/3972 3971/3971/3971
f 3875/3875/3875 3876/3876/3876 3973/3973/3973
f 3875/3875/3875 3973/3973/3973 3972/3972/3972
f 3876/3876/3876 3877/3877/3877 3974/3974/3974
f 3876/3876/3876 3974/3974/3974 3973/3973/3973
f 3877/3877/3877 3878/3878/3878 3975/3975/3975
f 3877/3877/3877 3975/3975/3975 3974/3974/3974
f 3878/3878/3878 3879/3879/3879 3976/3976/3976
f 3878/3878/3878 3976/3976/3976 3975/3975/3975
f 3879/3879/3879 3880/3880/3880 3977/3977/3977
f 3879/3879/3879 3977/3977/3977 3976/3976/3976
f 3881/3881/3881 3882/3882/3882 3979/3979/3979
f 3881/3881/3881 3979/3979/3979 3978/3978/3978
f 3882/3882/3882 3883/3883/3883 3980/3980/3980
f 3882/3882/3882 3980/3980/3980 3979/3979/3979
f 3883/3883/3883 3884/3884/3884 3981/3981/3981
f 3883/3883/3883 3981/3981/3981 3980/3980/3980
f 3884/3884/3884 3885/3885/3885 3982/3982/3982
f 3884/3884/3884 3982/3982/3982 3981/3981/3981
f 3885/3885/3885 3886/3886/3886 3983/3983/3983
f 3885/3885/3885 3983/3983/3983 3982/3982/3982
f 3886/3886/3886 3887/3887/3887 3984/3984/3984
f 3886/3886/3886 3984/3984/3984 3983/3983/3983
f 3887/3887/3887 3888/3888/3888 3985/3985/3985
f 3887/3887/3887 3985/3985/3985 3984/3984/3984
f 3888/3888/3888 3889/3889/3889 3986/3986/3986
f 3888/3888/3888 3986/3986/3986 3985/3985/3985
f 3889/3889/3889 3890/3890/3890 3987/3987/3987
f 3889/3889/3889 3987/3987/3987 3986/3986/3986
f 3890/3890/3890 3891/3891/3891 3988/3988/3988
f 3890/3890/3890 3988/3988/3988 3987/3987/3987
f 3891/3891/3891 3892/3892/3892 3989/3989/3989
f 3891/3891/3891 3989/3989/3989 3988/3988/3988
f 3892/3892/3892 3893/3893/3893 3990/3990/3990
f 3892/3892/3892 3990/3990/3990 3989/3989/3989
f 3893/3893/3893 3894/3894/3894 3991/3991/3991
f 3893/3893/3893 3991/3991/3991 3990/3990/3990
f 3894/3894/3894 3895/3895/3895 3992/3992/3992
f 3894/3894/3894 3992/3992/3992 3991/3991/3991
f 3895/3895/3895 3896/3896/3896 3993/3993/3993
f 3895/3895/3895 3993/3993/3993 3992/3992/3992
f 3896/3896/3896 3897/3897/3897 3994/3994/3994
f 3896/3896/3896 3994/3994/3994 3993/3993/3993
f 3897/3897/3897 3898/3898/3898 3995/3995/3995
f 3897/3897/3897 3995/3995/3995 3994/3994/3994
f 3898/3898/3898 3899/3899/3899 3996/3996/3996
f 3898/3898/3898 3996/3996/3996 3995/3995/3995
f 3899/3899/3899 3900/3900/3900 3997/3997/3997
f 3899/3899/3899 3997/3997/3997 3996/3996/3996
f 3900/3900/3900 3901/3901/3901 3998/3998/3998
f 3900/3900/3900 3998/3998/3998 3997/3997/3997
f 3901/3901/3901 3902/3902/3902 3999/3999/3999
f 3901/3901/3901 3999/3999/3999 3998/3998/3998
f 3902/3902/3902 3903/3903/3903 4000/4000/4000
f 3902/3902/3902 4000/4000/4000 3999/3999/3999
f 3903/3903/3903 3904/3904/3904 4001/4001/4001
f 3903/3903/3903 4001/4001/4001 4000/4000/4000
f 3904/3904/3904 3905/3905/3905 4002/4002/4002
f 3904/3904/3904 4002/4002/4002 4001/4001/4001
f 3905/3905/3905 3906/3906/3906 4003/4003/4003
f 3905/3905/3905 4003/4003/4003 4002/4002/4002
f 3906/3906/3906 3907/3907/3907 4004/4004/4004
f 3906/3906/3906 4004/4004/4004 4003/4003/4003
f 3907/3907/3907 3908/3908/3908 4005/4005/4005
f 3907/3907/3907 4005/4005/4005 4004/4004/4004
f 3908/3908/3908 3909/3909/3909 4006/4006/4006
f 3908/3908/3908 4006/4006/4006 4005/4005/4005
f 3909/3909/3909 3910/3910/3910 4007/4007/4007
f 3909/3909/3909 4007/4007/4007 4006/4006/4006
f 3910/3910/3910 3911/3911/3911 4008/4008/4008
f 3910/3910/3910 4008/4008/4008 4007/4007/4007
f 3911/3911/3911 3912/3912/3912 4009/4009/4009
f 3911/3911/3911 4009/4009/4009 4008/4008/4008
f 3912/3912/3912 3913/3913/3913 4010/4010/4010
f 3912/3912/3912 4010/4010/4010 4009/4009/4009
f 3913/3913/3913 3914/3914/3914 4011/4011/4011
f 3913/3913/3913 4011/4011/4011 4010/4010/4010
f 3914/3914/3914 3915/3915/3915 4012/4012/4012
f 3914/3914/3914 4012/4012/4012 4011/4011/4011
f 3915/3915/3915 3916/3916/3916 4013/4013/4013
f 3915/3915/3915 4013/4013/4013 4012/4012/4012
f 3916/3916/3916 3917/3917/3917 4014/4014/4014
f 3916/3916/3916 4014/4014/4014 4013/4013/4013
f 3917/3917/3917 3918/3918/3918 4015/4015/4015
f 3917/3917/3917 4015/4015/4015 4014/4014/4014
f 3918/3918/3918 3919/3919/3919 4016/4016/4016
f 3918/3918/3918 4016/4016/4016 4015/4015/4015
f 3919/3919/3919 3920/3920/3920 4017/4017/4017
f 3919/3919/3919 4017/4017/4017 4016/4016/4016
f 3920/3920/3920 3921/3921/3921 4018/4018/4018
f 3920/3920/3920 4018/4018/4018 4017/4017/4017
f 3921/3921/3921 3922/3922/3922 4019/4019/4019
f 3921/3921/3921 4019/4019/4019 4018/4018/4018
f 3922/3922/3922 3923/3923/3923 4020/4020/4020
f 3922/3922/3922 4020/4020/4020 4019/4019/4019
f 3923/3923/3923 3924/3924/3924 4021/4021/4021
f 3923/3923/3923 4021/4021/4021 4020/4020/4020
f 3924/3924/3924 3925/3925/3925 4022/4022/4022
f 3924/3924/3924 4022/4022/4022 4021/4021/4021
f 3925/3925/3925 3926/3926/3926 4023/4023/4023
f 3925/3925/3925 4023/4023/4023 4022/4022/4022
f 3926/3926/3926 3927/3927/3927 4024/4024/4024
f 3926/3926/3926 4024/4024/4024 4023/4023/4023
f 3927/3927/3927 3928/3928/3928 4025/4025/4025
f 3927/3927/3927 4025/4025/4025 4024/4024/4024
f 3928/3928/3928 3929/3929/3929 4026/4026/4026
f 3928/3928/3928 4026/4026/4026 4025/4025/4025
f 3929/3929/3929 3930/3930/3930 4027/4027/4027
f 3929/3929/3929 4027/4027/4027 4026/4026/4026
f 3930/3930/3930 3931/3931/3931 4028/4028/4028
f 3930/3930/3930 4028/4028/4028 4027/4027/4027
f 3931/3931/3931 3932/3932/3932 4029/4029/4029
f 3931/3931/3931 4029/4029/4029 4028/4028/4028
f 3932/3932/3932 3933/3933/3933 4030/4030/4030
f 3932/3932/3932 4030/4030/4030 4029/4029/4029
f 3933/3933/3933 3934/3934/3934 4031/4031/4031
f 3933/3933/3933 4031/4031/4031 4030/4030/4030
f 3934/3934/3934 3935/3935/3935 4032/4032/4032
f 3934/3934/3934 4032/4032/4032 4031/4031/4031
f 3935/3935/3935 3936/3936/3936 4033/4033/4033
f 3935/3935/3935 4033/4033/4033 4032/4032/4032
f 3936/3936/3936 3937/3937/3937 4034/4034/4034
f 3936/3936/3936 4034/4034/4034 4033/4033/4033
f 3937/3937/3937 3938/3938/3938 4035/4035/4035
f 3937/3937/3937 4035/4035/4035 4034/4034/4034
f 3938/3938/3938 3939/3939/3939 4036/4036/4036
f 3938/3938/3938 4036/4036/4036 4035/4035/4035
f 3939/3939/3939 3940/3940/3940 4037/4037/4037
f 3939/3939/3939 4037/4037/4037 4036/4036/4036
f 3940/3940/3940 3941/3941/3941 4038/4038/4038
f 3940/3940/3940 4038/4038/4038 4037/4037/4037
f 3941/3941/3941 3942/3942/3942 4039/4039/4039
f 3941/3941/3941 4039/4039/4039 4038/4038/4038
f 3942/3942/3942 3943/3943/3943 4040/4040/4040
f 3942/3942/3942 4040/4040/4040 4039/4039/4039
f 3943/3943/3943 3944/3944/3944 4041/4041/4041
f 3943/3943/3943 4041/4041/4041 4040/4040/4040
f 3944/3944/3944 3945/3945/3945 4042/4042/4042
f 3944/3944/3944 4042/4042/4042 4041/4041/4041
f 3945/3945/3945 3946/3946/3946 4043/4043/4043
f 3945/3945/3945 4043/4043/4043 4042/4042/4042
f 3946/3946/3946 3947/3947/3947 4044/4044/4044
f 3946/3946/3946 4044/4044/4044 4043/4043/4043
f 3947/3947/3947 3948/3948/3948 4045/4045/4045
f 3947/3947/3947 4045/4045/4045 4044/4044/4044
f 3948/3948/3948 3949/3949/3949 4046/4046/4046
f 3948/3948/3948 4046/4046/4046 4045/4045/4045
f 3949/3949/3949 3950/3950/3950 4047/4047/4047
f 3949/3949/3949 4047/4047/4047 4046/4046/4046
f 3950/3950/3950 3951/3951/3951 4048/4048/4048
f 3950/3950/3950 4048/4048/4048 4047/4047/4047
f 3951/3951/3951 3952/3952/3952 4049/4049/4049
f 3951/3951/3951 4049/4049/4049 4048/4048/4048
f 3952/3952/3952 3953/3953/3953 4050/4050/4050
f 3952/3952/3952 4050/4050/4050 4049/4049/4049
f 3953/3953/3953 3954/3954/3954 4051/4051/4051
f 3953/3953/3953 4051/4051/4051 4050/4050/4050
f 3954/3954/3954 3955/3955/3955 4052/4052/4052
f 3954/3954/3954 4052/4052/4052 4051/4051/4051
f 3955/3955/3955 3956/3956/3956 4053/4053/4053
f 3955/3955/3955 4053/4053/4053 4052/4052/4052
f 3956/3956/3956 3957/3957/3957 4054/4054/4054
f 3956/3956/3956 4054/4054/4054 4053/4053/4053
f 3957/3957/3957 3958/3958/3958 4055/4055/4055
f 3957/3957/3957 4055/4055/4055 4054/4054/4054
f 3958/3958/3958 3959/3959/3959 4056/4056/4056
f 3958/3958/3958 4056/4056/4056 4055/4055/4055
f 3959/3959/3959 3960/3960/3960 4057/4057/4057
f 3959/3959/3959 4057/4057/4057 4056/4056/4056
f 3960/3960/3960 3961/3961/3961 4058/4058/4058
f 3960/3960/3960 4058/4058/4058 4057/4057/4057
f 3961/3961/3961 3962/3962/3962 4059/4059/4059
f 3961/3961/3961 4059/4059/4059 4058/4058/4058
f 3962/3962/3962 3963/3963/3963 4060/4060/4060
f 3962/3962/3962 4060/4060/4060 4059/4059/4059
f 3963/3963/3963 3964/3964/3964 4061/4061/4061
f 3963/3963/3963 4061/4061/4061 4060/4060/4060
f 3964/3964/3964 3965/3965/3965 4062/4062/4062
f 3964/3964/3964 4062/4062/4062 4061/4061/4061
f 3965/3965/3965 3966/3966/3966 4063/4063/4063
f 3965/3965/3965 4063/4063/4063 4062/4062/4062
f 3966/3966/3966 3967/3967/3967 4064/4064/4064
f 3966/3966/3966 4064/4064/4064 4063/4063/4063
f 3967/3967/3967 3968/3968/3968 4065/4065/4065
f 3967/3967/3967 4065/4065/4065 4064/4064/4064
f 3968/3968/3968 3969/3969/3969 4066/4066/4066
f 3968/3968/3968 4066/4066/4066 4065/4065/4065
f 3969/3969/3969 3970/3970/3970 4067/4067/4067
f 3969/3969/3969 4067/4067/4067 4066/4066/4066
f 3970/3970/3970 3971/3971/3971 4068/4068/4068
f 3970/3970/3970 4068/4068/4068 4067/4067/4067
f 3971/3971/3971 3972/3972/3972 4069/4069/4069
f 3971/3971/3971 4069/4069/4069 4068/4068/4068
f 3972/3972/3972 3973/3973/3973 4070/4070/4070
f 3972/3972/3972 4070/4070/4070 4069/4069/4069
f 3973/3973/3973 3974/3974/3974 4071/4071/4071
f 3973/3973/3973 4071/4071/4071 4070/4070/4070
f 3974/3974/3974 3975/3975/3975 4072/4072/4072
f 3974/3974/3974 4072/4072/4072 4071/4071/4071
f 3975/3975/3975 3976/3976/3976 4073/4073/4073
f 3975/3975/3975 4073/4073/4073 4072/4072/4072
f 3976/3976/3976 3977/3977/3977 4074/4074/4074
f 3976/3976/3976 4074/4074/4074 4073/4073/4073
f 3978/3978/3978 3979/3979/3979 4076/4076/4076
f 3978/3978/3978 4076/4076/4076 4075/4075/4075
f 3979/3979/3979 3980/3980/3980 4077/4077/4077
f 3979/3979/3979 4077/4077/4077 4076/4076/4076
f 3980/3980/3980 3981/3981/3981 4078/4078/4078
f 3980/3980/3980 4078/4078/4078 4077/4077/4077
f 3981/3981/3981 3982/3982/3982 4079/4079/4079
f 3981/3981/3981 4079/4079/4079 4078/4078/4078
f 3982/3982/3982 3983/3983/3983 4080/4080/4080
f 3982/3982/3982 4080/4080/4080 4079/4079/4079
f 3983/3983/3983 3984/3984/3984 4081/4081/4081
f 3983/3983/3983 4081/4081/4081 4080/4080/4080
f 3984/3984/3984 3985/3985/3985 4082/4082/4082
f 3984/3984/3984 4082/4082/4082 4081/4081/4081
f 3985/3985/3985 3986/3986/3986 4083/4083/4083
f 3985/3985/3985 4083/4083/4083 4082/4082/4082
f 3986/3986/3986 3987/3987/3987 4084/4084/4084
f 3986/3986/3986 4084/4084/4084 4083/4083/4083
f 3987/3987/3987 3988/3988/3988 4085/4085/4085
f 3987/3987/3987 4085/4085/4085 4084/4084/4084
f 3988/3988/3988 3989/3989/3989 4086/4086/4086
f 3988/3988/3988 4086/4086/4086 4085/4085/4085
f 3989/3989/3989 3990/3990/3990 4087/4087/4087
f 3989/3989/3989 4087/4087/4087 4086/4086/4086
f 3990/3990/3990 3991/3991/3991 4088/4088/4088
f 3990/3990/3990 4088/4088/4088 4087/4087/4087
f 3991/3991/3991 3992/3992/3992 4089/4089/4089
f 3991/3991/3991 4089/4089/4089 4088/4088/4088
f 3992/3992/3992 3993/3993/3993 4090/4090/4090
f 3992/3992/3992 4090/4090/4090 4089/4089/4089
f 3993/3993/3993 3994/3994/3994 4091/4091/4091
f 3993/3993/3993 4091/4091/4091 4090/4090/4090
f 3994/3994/3994 3995/3995/3995 4092/4092/4092
f 3994/3994/3994 4092/4092/4092 4091/4091/4091
f 3995/3995/3995 3996/3996/3996 4093/4093/4093
f 3995/3995/3995 4093/4093/4093 4092/4092/4092
f 3996/3996/3996 3997/3997/3997 4094/4094/4094
f 3996/3996/3996 4094/4094/4094 4093/4093/4093
f 3997/3997/3997 3998/3998/3998 4095/4095/4095
f 3997/3997/3997 4095/4095/4095 4094/4094/4094
f 3998/3998/3998 3999/3999/3999 4096/4096/4096
f 3998/3998/3998 4096/4096/4096 4095/4095/4095
f 3999/3999/3999 4000/4000/4000 4097/4097/4097
f 3999/3999/3999 4097/4097/4097 4096/4096/4096
f 4000/4000/4000 4001/4001/4001 4098/4098/4098
f 4000/4000/4000 4098/4098/4098 4097/4097/4097
f 4001/4001/4001 4002/4002/4002 4099/4099/4099
f 4001/4001/4001 4099/4099/4099 4098/4098/4098
f 4002/4002/4002 4003/4003/4003 4100/4100/4100
f 4002/4002/4002 4100/4100/4100 4099/4099/4099
f 4003/4003/4003 4004/4004/4004 4101/4101/4101
f 4003/4003/4003 4101/4101/4101 4100/4100/4100
f 4004/4004/4004 4005/4005/4005 4102/4102/4102
f 4004/4004/4004 4102/4102/4102 4101/4101/4101
f 4005/4005/4005 4006/4006/4006 4103/4103/4103
f 4005/4005/4005 4103/4103/4103 4102/4102/4102
f 4006/4006/4006 4007/4007/4007 4104/4104/4104
f 4006/4006/4006 4104/4104/4104 4103/4103/4103
f 4007/4007/4007 4008/4008/4008 4105/4105/4105
f 4007/4007/4007 4105/4105/4105 4104/4104/4104
f 4008/4008/4008 4009/4009/4009 4106/4106/4106
f 4008/4008/4008 4106/4106/4106 4105/4105/4105
f 4009/4009/4009 4010/4010/4010 4107/4107/4107
f 4009/4009/4009 4107/4107/4107 4106/4106/4106
f 4010/4010/4010 4011/4011/4011 4108/4108/4108
f 4010/4010/4010 4108/4108/4108 4107/4107/4107
f 4011/4011/4011 4012/4012/4012 4109/4109/4109
f 4011/4011/4011 4109/4109/4109 4108/4108/4108
f 4012/4012/4012 4013/4013/4013 4110/4110/4110
f 4012/4012/4012 4110/4110/4110 4109/4109/4109
f 4013/4013/4013 4014/4014/4014 4111/4111/4111
f 4013/4013/4013 4111/4111/4111 4110/4110/4110
f 4014/4014/4014 4015/4015/4015 4112/4112/4112
f 4014/4014/4014 4112/4112/4112 4111/4111/4111
f 4015/4015/4015 4016/4016/4016 4113/4113/4113
f 4015/4015/4015 4113/4113/4113 4112/4112/4112
f 4016/4016/4016 4017/4017/4017 4114/4114/4114
f 4016/4016/4016 4114/4114/4114 4113/4113/4113
f 4017/4017/4017 4018/4018/4018 4115/4115/4115
f 4017/4017/4017 4115/4115/4115 4114/4114/4114
f 4018/4018/4018 4019/4019/4019 4116/4116/4116
f 4018/4018/4018 4116/4116/4116 4115/4115/4115
f 4019/4019/4019 4020/4020/4020 4117/4117/4117
f 4019/4019/4019 4117/4117/4117 4116/4116/4116
f 4020/4020/4020 4021/4021/4021 4118/4118/4118
f 4020/4020/4020 4118/4118/4118 4117/4117/4117
f 4021/4021/4021 4022/4022/4022 4119/4119/4119
f 4021/4021/4021 4119/4119/4119 4118/4118/4118
f 4022/4022/4022 4023/4023/4023 4120/4120/4120
f 4022/4022/4022 4120/4120/4120 4119/4119/4119
f 4023/4023/4023 4024/4024/4024 4121/4121/4121
f 4023/4023/4023 4121/4121/4121 4120/4120/4120
f 4024/4024/4024 4025/4025/4025 4122/4122/4122
f 4024/4024/4024 4122/4122/4122 4121/4121/4121
f 4025/4025/4025 4026/4026/4026 4123/4123/4123
f 4025/4025/4025 4123/4123/4123 4122/4122/4122
f 4026/4026/4026 4027/4027/4027 4124/4124/4124
f 4026/4026/4026 4124/4124/4124 4123/4123/4123
f 4027/4027/4027 4028/4028/4028 4125/4125/4125
f 4027/4027/4027 4125/4125/4125 4124/4124/4124
f 4028/4028/4028 4029/4029/4029 4126/4126/4126
f 4028/4028/4028 4126/4126/4126 4125/4125/4125
f 4029/4029/4029 4030/4030/4030 4127/4127/4127
f 4029/4029/4029 4127/4127/4127 4126/4126/4126
f 4030/4030/4030 4031/4031/4031 4128/4128/4128
f 4030/4030/4030 4128/4128/4128 4127/4127/4127
f 4031/4031/4031 4032/4032/4032 4129/4129/4129
f 4031/4031/4031 4129/4129/4129 4128/4128/4128
f 4032/4032/4032 4033/4033/4033 4130/4130/4130
f 4032/4032/4032 4130/4130/4130 4129/4129/4129
f 4033/4033/4033 4034/4034/4034 4131/4131/4131
f 4033/4033/4033 4131/4131/4131 4130/4130/4130
f 4034/4034/4034 4035/4035/4035 4132/4132/4132
f 4034/4034/4034 4132/4132/4132 4131/4131/4131
f 4035/4035/4035 4036/4036/4036 4133/4133/4133
f 4035/4035/4035 4133/4133/4133 4132/4132/4132
f 4036/4036/4036 4037/4037/4037 4134/4134/4134
f 4036/4036/4036 4134/4134/4134 4133/4133/4133
f 4037/4037/4037 4038/4038/4038 4135/4135/4135
f 4037/4037/4037 4135/4135/4135 4134/4134/4134
f 4038/4038/4038 4039/4039/4039 4136/4136/4136
f 4038/4038/4038 4136/4136/4136 4135/4135/4135
f 4039/4039/4039 4040/4040/4040 4137/4137/4137
f 4039/4039/4039 4137/4137/4137 4136/4136/4136
f 4040/4040/4040 4041/4041/4041 4138/4138/4138
f 4040/4040/4040 4138/4138/4138 4137/4137/4137
f 4041/4041/4041 4042/4042/4042 4139/4139/4139
f 4041/4041/4041 4139/4139/4139 4138/4138/4138
f 4042/4042/4042 4043/4043/4043 4140/4140/4140
f 4042/4042/4042 4140/4140/4140 4139/4139/4139
f 4043/4043/4043 4044/4044/4044 4141/4141/4141
f 4043/4043/4043 4141/4141/4141 4140/4140/4140
f 4044/4044/4044 4045/4045/4045 4142/4142/4142
f 4044/4044/4044 4142/4142/4142 4141/4141/4141
f 4045/4045/4045 4046/4046/4046 4143/4143/4143
f 4045/4045/4045 4143/4143/4143 4142/4142/4142
f 4046/4046/4046 4047/4047/4047 4144/4144/4144
f 4046/4046/4046 4144/4144/4144 4143/4143/4143
f 4047/4047/4047 4048/4048/4048 4145/4145/4145
f 4047/4047/4047 4145/4145/4145 4144/4144/4144
f 4048/4048/4048 4049/4049/4049 4146/4146/4146
f 4048/4048/4048 4146/4146/4146 4145/4145/4145
f 4049/4049/4049 4050/4050/4050 4147/4147/4147
f 4049/4049/4049 4147/4147/4147 4146/4146/4146
f 4050/4050/4050 4051/4051/4051 4148/4148/4148
f 4050/4050/4050 4148/4148/4148 4147/4147/4147
f 4051/4051/4051 4052/4052/4052 4149/4149/4149
f 4051/4051/4051 4149/4149/4149 4148/4148/4148
f 4052/4052/4052 4053/4053/4053 4150/4150/4150
f 4052/4052/4052 4150/4150/4150 4149/4149/4149
f 4053/4053/4053 4054/4054/4054 4151/4151/4151
f 4053/4053/4053 4151/4151/4151 4150/4150/4150
f 4054/4054/4054 4055/4055/4055 4152/4152/4152
f 4054/4054/4054 4152/4152/4152 4151/4151/4151
f 4055/4055/4055 4056/4056/4056 4153/4153/4153
f 4055/4055/4055 4153/4153/4153 4152/4152/4152
f 4056/4056/4056 4057/4057/4057 4154/4154/4154
f 4056/4056/4056 4154/4154/4154 4153/4153/4153
f 4057/4057/4057 4058/4058/4058 4155/4155/4155
f 4057/4057/4057 4155/4155/4155 4154/4154/4154
f 4058/4058/4058 4059/4059/4059 4156/4156/4156
f 4058/4058/4058 4156/4156/4156 4155/4155/4155
f 4059/4059/4059 4060/4060/4060 4157/4157/4157
f 4059/4059/4059 4157/4157/4157 4156/4156/4156
f 4060/4060/4060 4061/4061/4061 4158/4158/4158
f 4060/4060/4060 4158/4158/4158 4157/4157/4157
f 4061/4061/4061 4062/4062/4062 4159/4159/4159
f 4061/4061/4061 4159/4159/4159 4158/4158/4158
f 4062/4062/4062 4063/4063/4063 4160/4160/4160
f 4062/4062/4062 4160/4160/4160 4159/4159/4159
f 4063/4063/4063 4064/4064/4064 4161/4161/4161
f 4063/4063/4063 4161/4161/4161 4160/4160/4160
f 4064/4064/4064 4065/4065/4065 4162/4162/4162
f 4064/4064/4064 4162/4162/4162 4161/4161/4161
f 4065/4065/4065 4066/4066/4066 4163/4163/4163
f 4065/4065/4065 4163/4163/4163 4162/4162/4162
f 4066/4066/4066 4067/4067/4067 4164/4164/4164
f 4066/4066/4066 4164/4164/4164 4163/4163/4163
f 4067/4067/4067 4068/4068/4068 4165/4165/4165
f 4067/4067/4067 4165/4165/4165 4164/4164/4164
f 4068/4068/4068 4069/4069/4069 4166/4166/4166
f 4068/4068/4068 4166/4166/4166 4165/4165/4165
f 4069/4069/4069 4070/4070/4070 4167/4167/4167
f 4069/4069/4069 4167/4167/4167 4166/4166/4166
f 4070/4070/4070 4071/4071/4071 4168/4168/4168
f 4070/4070/4070 4168/4168/4168 4167/4167/4167
f 4071/4071/4071 4072/4072/4072 4169/4169/4169
f 4071/4071/4071 4169/4169/4169 4168/4168/4168
f 4072/4072/4072 4073/4073/4073 4170/4170/4170
f 4072/4072/4072 4170/4170/4170 4169/4169/4169
f 4073/4073/4073 4074/4074/4074 4171/4171/4171
f 4073/4073/4073 4171/4171/4171 4170/4170/4170
f 4075/4075/4075 4076/4076/4076 4173/4173/4173
f 4075/4075/4075 4173/4173/4173 4172/4172/4172
f 4076/4076/4076 4077/4077/4077 4174/4174/4174
f 4076/4076/4076 4174/4174/4174 4173/4173/4173
f 4077/4077/4077 4078/4078/4078 4175/4175/4175
f 4077/4077/4077 4175/4175/4175 4174/4174/4174
f 4078/4078/4078 4079/4079/4079 4176/4176/4176
f 4078/4078/4078 4176/4176/4176 4175/4175/4175
f 4079/4079/4079 4080/4080/4080 4177/4177/4177
f 4079/4079/4079 4177/4177/4177 4176/4176/4176
f 4080/4080/4080 4081/4081/4081 4178/4178/4178
f 4080/4080/4080 4178/4178/4178 4177/4177/4177
f 4081/4081/4081 4082/4082/4082 4179/4179/4179
f 4081/4081/4081 4179/4179/4179 4178/4178/4178
f 4082/4082/4082 4083/4083/4083 4180/4180/4180
f 4082/4082/4082 4180/4180/4180 4179/4179/4179
f 4083/4083/4083 4084/4084/4084 4181/4181/4181
f 4083/4083/4083 4181/4181/4181 4180/4180/4180
f 4084/4084/4084 4085/4085/4085 4182/4182/4182
f 4084/4084/4084 4182/4182/4182 4181/4181/4181
f 4085/4085/4085 4086/4086/4086 4183/4183/4183
f 4085/4085/4085 4183/4183/4183 4182/4182/4182
f 4086/4086/4086 4087/4087/4087 4184/4184/4184
f 4086/4086/4086 4184/4184/4184 4183/4183/4183
f 4087/4087/4087 4088/4088/4088 4185/4185/4185
f 4087/4087/4087 4185/4185/4185 4184/4184/4184
f 4088/4088/4088 4089/4089/4089 4186/4186/4186
f 4088/4088/4088 4186/4186/4186 4185/4185/4185
f 4089/4089/4089 4090/4090/4090 4187/4187/4187
f 4089/4089/4089 4187/4187/4187 4186/4186/4186
f 4090/4090/4090 4091/4091/4091 4188/4188/4188
f 4090/4090/4090 4188/4188/4188 4187/4187/4187
f 4091/4091/4091 4092/4092/4092 4189/4189/4189
f 4091/4091/4091 4189/4189/4189 4188/4188/4188
f 4092/4092/4092 4093/4093/4093 4190/4190/4190
f 4092/4092/4092 4190/4190/4190 4189/4189/4189
f 4093/4093/4093 4094/4094/4094 4191/4191/4191
f 4093/4093/4093 4191/4191/4191 4190/4190/4190
f 4094/4094/4094 4095/4095/4095 4192/4192/4192
f 4094/4094/4094 4192/4192/4192 4191/4191/4191
f 4095/4095/4095 4096/4096/4096 4193/4193/4193
f 4095/4095/4095 4193/4193/4193 4192/4192/4192
f 4096/4096/4096 4097/4097/4097 4194/4194/4194
f 4096/4096/4096 4194/4194/4194 4193/4193/4193
f 4097/4097/4097 4098/4098/4098 4195/4195/4195
f 4097/4097/4097 4195/4195/4195 4194/4194/4194
f 4098/4098/4098 4099/4099/4099 4196/4196/4196
f 4098/4098/4098 4196/4196/4196 4195/4195/4195
f 4099/4099/4099 4100/4100/4100 4197/4197/4197
f 4099/4099/4099 4197/4197/4197 4196/4196/4196
f 4100/4100/4100 4101/4101/4101 4198/4198/4198
f 4100/4100/4100 4198/4198/4198 4197/4197/4197
f 4101/4101/4101 4102/4102/4102 4199/4199/4199
f 4101/4101/4101 4199/4199/4199 4198/4198/4198
f 4102/4102/4102 4103/4103/4103 4200/4200/4200
f 4102/4102/4102 4200/4200/4200 4199/4199/4199
f 4103/4103/4103 4104/4104/4104 4201/4201/4201
f 4103/4103/4103 4201/4201/4201 4200/4200/4200
f 4104/4104/4104 4105/4105/4105 4202/4202/4202
f 4104/4104/4104 4202/4202/4202 4201/4201/4201
f 4105/4105/4105 4106/4106/4106 4203/4203/4203
f 4105/4105/4105 4203/4203/4203 4202/4202/4202
f 4106/4106/4106 4107/4107/4107 4204/4204/4204
f 4106/4106/4106 4204/4204/4204 4203/4203/4203
f 4107/4107/4107 4108/4108/4108 4205/4205/4205
f 4107/4107/4107 4205/4205/4205 4204/4204/4204
f 4108/4108/4108 4109/4109/4109 4206/4206/4206
f 4108/4108/4108 4206/4206/4206 4205/4205/4205
f 4109/4109/4109 4110/4110/4110 4207/4207/4207
f 4109/4109/4109 4207/4207/4207 4206/4206/4206
f 4110/4110/4110 4111/4111/4111 4208/4208/4208
f 4110/4110/4110 4208/4208/4208 4207/4207/4207
f 4111/4111/4111 4112/4112/4112 4209/4209/4209
f 4111/4111/4111 4209/4209/4209 4208/4208/4208
f 4112/4112/4112 4113/4113/4113 4210/4210/4210
f 4112/4112/4112 4210/4210/4210 4209/4209/4209
f 4113/4113/4113 4114/4114/4114 4211/4211/4211
f 4113/4113/4113 4211/4211/4211 4210/4210/4210
f 4114/4114/4114 4115/4115/4115 4212/4212/4212
f 4114/4114/4114 4212/4212/4212 4211/4211/4211
f 4115/4115/4115 4116/4116/4116 4213/4213/4213
f 4115/4115/4115 4213/4213/4213 4212/4212/4212
f 4116/4116/4116 4117/4117/4117 4214/4214/4214
f 4116/4116/4116 4214/4214/4214 4213/4213/4213
f 4117/4117/4117 4118/4118/4118 4215/4215/4215
f 4117/4117/4117 4215/4215/4215 4214/4214/4214
f 4118/4118/4118 4119/4119/4119 4216/4216/4216
f 4118/4118/4118 4216/4216/4216 4215/4215/4215
f 4119/4119/4119 4120/4120/4120 4217/4217/4217
f 4119/4119/4119 4217/4217/4217 4216/4216/4216
f 4120/4120/4120 4121/4121/4121 4218/4218/4218
f 4120/4120/4120 4218/4218/4218 4217/4217/4217
f 4121/4121/4121 4122/4122/4122 4219/4219/4219
f 4121/4121/4121 4219/4219/4219 4218/4218/4218
f 4122/4122/4122 4123/4123/4123 4220/4220/4220
f 4122/4122/4122 4220/4220/4220 4219/4219/4219
f 4123/4123/4123 4124/4124/4124 4221/4221/4221
f 4123/4123/4123 4221/4221/4221 4220/4220/4220
f 4124/4124/4124 4125/4125/4125 4222/4222/4222
f 4124/4124/4124 4222/4222/4222 4221/4221/4221
f 4125/4125/4125 4126/4126/4126 4223/4223/4223
f 4125/4125/4125 4223/4223/4223 4222/4222/4222
f 4126/4126/4126 4127/4127/4127 4224/4224/4224
f 4126/4126/4126 4224/4224/4224 4223/4223/4223
f 4127/4127/4127 4128/4128/4128 4225/4225/4225
f 4127/4127/4127 4225/4225/4225 4224/4224/4224
f 4128/4128/4128 4129/4129/4129 4226/4226/4226
f 4128/4128/4128 4226/4226/4226 4225/4225/4225
f 4129/4129/4129 4130/4130/4130 4227/4227/4227
f 4129/4129/4129 4227/4227/4227 4226/4226/4226
f 4130/4130/4130 4131/4131/4131 4228/4228/4228
f 4130/4130/4130 4228/4228/4228 4227/4227/4227
f 4131/4131/4131 4132/4132/4132 4229/4229/4229
f 4131/4131/4131 4229/4229/4229 4228/4228/4228
f 4132/4132/4132 4133/4133/4133 4230/4230/4230
f 4132/4132/4132 4230/4230/4230 4229/4229/4229
f 4133/4133/4133 4134/4134/4134 4231/4231/4231
f 4133/4133/4133 4231/4231/4231 4230/4230/4230
f 4134/4134/4134 4135/4135/4135 4232/4232/4232
f 4134/4134/4134 4232/4232/4232 4231/4231/4231
f 4135/4135/4135 4136/4136/4136 4233/4233/4233
f 4135/4135/4135 4233/4233/4233 4232/4232/4232
f 4136/4136/4136 4137/4137/4137 4234/4234/4234
f 4136/4136/4136 4234/4234/4234 4233/4233/4233
f 4137/4137/4137 4138/4138/4138 4235/4235/4235
f 4137/4137/4137 4235/4235/4235 4234/4234/4234
f 4138/4138/4138 4139/4139/4139 4236/4236/4236
f 4138/4138/4138 4236/4236/4236 4235/4235/4235
f 4139/4139/4139 4140/4140/4140 4237/4237/4237
f 4139/4139/4139 4237/4237/4237 4236/4236/4236
f 4140/4140/4140 4141/4141/4141 4238/4238/4238
f 4140/4140/4140 4238/4238/4238 4237/4237/4237
f 4141/4141/4141 4142/4142/4142 4239/4239/4239
f 4141/4141/4141 4239/4239/4239 4238/4238/4238
f 4142/4142/4142 4143/4143/4143 4240/4240/4240
f 4142/4142/4142 4240/4240/4240 4239/4239/4239
f 4143/4143/4143 4144/4144/4144 4241/4241/4241
f 4143/4143/4143 4241/4241/4241 4240/4240/4240
f 4144/4144/4144 4145/4145/4145 4242/4242/4242
f 4144/4144/4144 4242/4242/4242 4241/4241/4241
f 4145/4145/4145 4146/4146/4146 4243/4243/4243
f 4145/4145/4145 4243/4243/4243 4242/4242/4242
f 4146/4146/4146 4147/4147/4147 4244/4244/4244
f 4146/4146/4146 4244/4244/4244 4243/4243/4243
f 4147/4147/4147 4148/4148/4148 4245/4245/4245
f 4147/4147/4147 4245/4245/4245 4244/4244/4244
f 4148/4148/4148 4149/4149/4149 4246/4246/4246
f 4148/4148/4148 4246/4246/4246 4245/4245/4245
f 4149/4149/4149 4150/4150/4150 4247/4247/4247
f 4149/4149/4149 4247/4247/4247 4246/4246/4246
f 4150/4150/4150 4151/4151/4151 4248/4248/4248
f 4150/4150/4150 4248/4248/4248 4247/4247/4247
f 4151/4151/4151 4152/4152/4152 4249/4249/4249
f 4151/4151/4151 4249/4249/4249 4248/4248/4248
f 4152/4152/4152 4153/4153/4153 4250/4250/4250
f 4152/4152/4152 4250/4250/4250 4249/4249/4249
f 4153/4153/4153 4154/4154/4154 4251/4251/4251
f 4153/4153/4153 4251/4251/4251 4250/4250/4250
f 4154/4154/4154 4155/4155/4155 4252/4252/4252
f 4154/4154/4154 4252/4252/4252 4251/4251/4251
f 4155/4155/4155 4156/4156/4156 4253/4253/4253
f 4155/4155/4155 4253/4253/4253 4252/4252/4252
f 4156/4156/4156 4157/4157/4157 4254/4254/4254
f 4156/4156/4156 4254/4254/4254 4253/4253/4253
f 4157/4157/4157 4158/4158/4158 4255/4255/4255
f 4157/4157/4157 4255/4255/4255 4254/4254/4254
f 4158/4158/4158 4159/4159/4159 4256/4256/4256
f 4158/4158/4158 4256/4256/4256 4255/4255/4255
f 4159/4159/4159 4160/4160/4160 4257/4257/4257
f 4159/4159/4159 4257/4257/4257 4256/4256/4256
f 4160/4160/4160 4161/4161/4161 4258/4258/4258
f 4160/4160/4160 4258/4258/4258 4257/4257/4257
f 4161/4161/4161 4162/4162/4162 4259/4259/4259
f 4161/4161/4161 4259/4259/4259 4258/4258/4258
f 4162/4162/4162 4163/4163/4163 4260/4260/4260
f 4162/4162/4162 4260/4260/4260 4259/4259/4259
f 4163/4163/4163 4164/4164/4164 4261/4261/4261
f 4163/4163/4163 4261/4261/4261 4260/4260/4260
f 4164/4164/4164 4165/4165/4165 4262/4262/4262
f 4164/4164/4164 4262/4262/4262 4261/4261/4261
f 4165/4165/4165 4166/4166/4166 4263/4263/4263
f 4165/4165/4165 4263/4263/4263 4262/4262/4262
f 4166/4166/4166 4167/4167/4167 4264/4264/4264
f 4166/4166/4166 4264/4264/4264 4263/4263/4263
f 4167/4167/4167 4168/4168/4168 4265/4265/4265
f 4167/4167/4167 4265/4265/4265 4264/4264/4264
f 4168/4168/4168 4169/4169/4169 4266/4266/4266
f 4168/4168/4168 4266/4266/4266 4265/4265/4265
f 4169/4169/4169 4170/4170/4170 4267/4267/4267
f 4169/4169/4169 4267/4267/4267 4266/4266/4266
f 4170/4170/4170 4171/4171/4171 4268/4268/4268
f 4170/4170/4170 4268/4268/4268 4267/4267/4267
f 4172/4172/4172 4173/4173/4173 4270/4270/4270
f 4172/4172/4172 4270/4270/4270 4269/4269/4269
f 4173/4173/4173 4174/4174/4174 4271/4271/4271
f 4173/4173/4173 4271/4271/4271 4270/4270/4270
f 4174/4174/4174 4175/4175/4175 4272/4272/4272
f 4174/4174/4174 4272/4272/4272 4271/4271/4271
f 4175/4175/4175 4176/4176/4176 4273/4273/4273
f 4175/4175/4175 4273/4273/4273 4272/4272/4272
f 4176/4176/4176 4177/4177/4177 4274/4274/4274
f 4176/4176/4176 4274/4274/4274 4273/4273/4273
f 4177/4177/4177 4178/4178/4178 4275/4275/4275
f 4177/4177/4177 4275/4275/4275 4274/4274/4274
f 4178/4178/4178 4179/4179/4179 4276/4276/4276
f 4178/4178/4178 4276/4276/4276 4275/4275/4275
f 4179/4179/4179 4180/4180/4180 4277/4277/4277
f 4179/4179/4179 4277/4277/4277 4276/4276/4276
f 4180/4180/4180 4181/4181/4181 4278/4278/4278
f 4180/4180/4180 4278/4278/4278 4277/4277/4277
f 4181/4181/4181 4182/4182/4182 4279/4279/4279
f 4181/4181/4181 4279/4279/4279 4278/4278/4278
f 4182/4182/4182 4183/4183/4183 4280/4280/4280
f 4182/4182/4182 4280/4280/4280 4279/4279/4279
f 4183/4183/4183 4184/4184/4184 4281/4281/4281
f 4183/4183/4183 4281/4281/4281 4280/4280/4280
f 4184/4184/4184 4185/4185/4185 4282/4282/4282
f 4184/4184/4184 4282/4282/4282 4281/4281/4281
f 4185/4185/4185 4186/4186/4186 4283/4283/4283
f 4185/4185/4185 4283/4283/4283 4282/4282/4282
f 4186/4186/4186 4187/4187/4187 4284/4284/4284
f 4186/4186/4186 4284/4284/4284 4283/4283/4283
f 4187/4187/4187 4188/4188/4188 4285/4285/4285
f 4187/4187/4187 4285/4285/4285 4284/4284/4284
f 4188/4188/4188 4189/4189/4189 4286/4286/4286
f 4188/4188/4188 4286/4286/4286 4285/4285/4285
f 4189/4189/4189 4190/4190/4190 4287/4287/4287
f 4189/4189/4189 4287/4287/4287 4286/4286/4286
f 4190/4190/4190 4191/4191/4191 4288/4288/4288
f 4190/4190/4190 4288/4288/4288 4287/4287/4287
f 4191/4191/4191 4192/4192/4192 4289/4289/4289
f 4191/4191/4191 4289/4289/4289 4288/4288/4288
f 4192/4192/4192 4193/4193/4193 4290/4290/4290
f 4192/4192/4192 4290/4290/4290 4289/4289/4289
f 4193/4193/4193 4194/4194/4194 4291/4291/4291
f 4193/4193/4193 4291/4291/4291 4290/4290/4290
f 4194/4194/4194 4195/4195/4195 4292/4292/4292
f 4194/4194/4194 4292/4292/4292 4291/4291/4291
f 4195/4195/4195 4196/4196/4196 4293/4293/4293
f 4195/4195/4195 4293/4293/4293 4292/4292/4292
f 4196/4196/4196 4197/4197/4197 4294/4294/4294
f 4196/4196/4196 4294/4294/4294 4293/4293/4293
f 4197/4197/4197 4198/4198/4198 4295/4295/4295
f 4197/4197/4197 4295/4295/4295 4294/4294/4294
f 4198/4198/4198 4199/4199/4199 4296/4296/4296
f 4198/4198/4198 4296/4296/4296 4295/4295/4295
f 4199/4199/4199 4200/4200/4200 4297/4297/4297
f 4199/4199/4199 4297/4297/4297 4296/4296/4296
f 4200/4200/4200 4201/4201/4201 4298/4298/4298
f 4200/4200/4200 4298/4298/4298 4297/4297/4297
f 4201/4201/4201 4202/4202/4202 4299/4299/4299
f 4201/4201/4201 4299/4299/4299 4298/4298/4298
f 4202/4202/4202 4203/4203/4203 4300/4300/4300
f 4202/4202/4202 4300/4300/4300 4299/4299/4299
f 4203/4203/4203 4204/4204/4204 4301/4301/4301
f 4203/4203/4203 4301/4301/4301 4300/4300/4300
f 4204/4204/4204 4205/4205/4205 4302/4302/4302
f 4204/4204/4204 4302/4302/4302 4301/4301/4301
f 4205/4205/4205 4206/4206/4206 4303/4303/4303
f 4205/4205/4205 4303/4303/4303 4302/4302/4302
f 4206/4206/4206 4207/4207/4207 4304/4304/4304
f 4206/4206/4206 4304/4304/4304 4303/4303/4303
f 4207/4207/4207 4208/4208/4208 4305/4305/4305
f 4207/4207/4207 4305/4305/4305 4304/4304/4304
f 4208/4208/4208 4209/4209/4209 4306/4306/4306
f 4208/4208/4208 4306/4306/4306 4305/4305/4305
f 4209/4209/4209 4210/4210/4210 4307/4307/4307
f 4209/4209/4209 4307/4307/4307 4306/4306/4306
f 4210/4210/4210 4211/4211/4211 4308/4308/4308
f 4210/4210/4210 4308/4308/4308 4307/4307/4307
f 4211/4211/4211 4212/4212/4212 4309/4309/4309
f 4211/4211/4211 4309/4309/4309 4308/4308/4308
f 4212/4212/4212 4213/4213/4213 4310/4310/4310
f 4212/4212/4212 4310/4310/4310 4309/4309/4309
f 4213/4213/4213 4214/4214/4214 4311/4311/4311
f 4213/4213/4213 4311/4311/4311 4310/4310/4310
f 4214/4214/4214 4215/4215/4215 4312/4312/4312
f 4214/4214/4214 4312/4312/4312 4311/4311/4311
f 4215/4215/4215 4216/4216/4216 4313/4313/4313
f 4215/4215/4215 4313/4313/4313 4312/4312/4312
f 4216/4216/4216 4217/4217/4217 4314/4314/4314
f 4216/4216/4216 4314/4314/4314 4313/4313/4313
f 4217/4217/4217 4218/4218/4218 4315/4315/4315
f 4217/4217/4217 4315/4315/4315 4314/4314/4314
f 4218/4218/4218 4219/4219/4219 4316/4316/4316
f 4218/4218/4218 4316/4316/4316 4315/4315/4315
f 4219/4219/4219 4220/4220/4220 4317/4317/4317
f 4219/4219/4219 4317/4317/4317 4316/4316/4316
f 4220/4220/4220 4221/4221/4221 4318/4318/4318
f 4220/4220/4220 4318/4318/4318 4317/4317/4317
f 4221/4221/4221 4222/4222/4222 4319/4319/4319
f 4221/4221/4221 4319/4319/4319 4318/4318/4318
f 4222/4222/4222 4223/4223/4223 4320/4320/4320
f 4222/4222/4222 4320/4320/4320 4319/4319/4319
f 4223/4223/4223 4224/4224/4224 4321/4321/4321
f 4223/4223/4223 4321/4321/4321 4320/4320/4320
f 4224/4224/4224 4225/4225/4225 4322/4322/4322
f 4224/4224/4224 4322/4322/4322 4321/4321/4321
f 4225/4225/4225 4226/4226/4226 4323/4323/4323
f 4225/4225/4225 4323/4323/4323 4322/4322/4322
f 4226/4226/4226 4227/4227/4227 4324/4324/4324
f 4226/4226/4226 4324/4324/4324 4323/4323/4323
f 4227/4227/4227 4228/4228/4228 4325/4325/4325
f 4227/4227/4227 4325/4325/4325 4324/4324/4324
f 4228/4228/4228 4229/4229/4229 4326/4326/4326
f 4228/4228/4228 4326/4326/4326 4325/4325/4325
f 4229/4229/4229 4230/4230/4230 4327/4327/4327
f 4229/4229/4229 4327/4327/4327 4326/4326/4326
f 4230/4230/4230 4231/4231/4231 4328/4328/4328
f 4230/4230/4230 4328/4328/4328 4327/4327/4327
f 4231/4231/4231 4232/4232/4232 4329/4329/4329
f 4231/4231/4231 4329/4329/4329 4328/4328/4328
f 4232/4232/4232 4233/4233/4233 4330/4330/4330
f 4232/4232/4232 4330/4330/4330 4329/4329/4329
f 4233/4233/4233 4234/4234/4234 4331/4331/4331
f 4233/4233/4233 4331/4331/4331 4330/4330/4330
f 4234/4234/4234 4235/4235/4235 4332/4332/4332
f 4234/4234/4234 4332/4332/4332 4331/4331/4331
f 4235/4235/4235 4236/4236/4236 4333/4333/4333
f 4235/4235/4235 4333/4333/4333 4332/4332/4332
f 4236/4236/4236 4237/4237/4237 4334/4334/4334
f 4236/4236/4236 4334/4334/4334 4333/4333/4333
f 4237/4237/4237 4238/4238/4238 4335/4335/4335
f 4237/4237/4237 4335/4335/4335 4334/4334/4334
f 4238/4238/4238 4239/4239/4239 4336/4336/4336
f 4238/4238/4238 4336/4336/4336 4335/4335/4335
f 4239/4239/4239 4240/4240/4240 4337/4337/4337
f 4239/4239/4239 4337/4337/4337 4336/4336/4336
f 4240/4240/4240 4241/4241/4241 4338/4338/4338
f 4240/4240/4240 4338/4338/4338 4337/4337/4337
f 4241/4241/4241 4242/4242/4242 4339/4339/4339
f 4241/4241/4241 4339/4339/4339 4338/4338/4338
f 4242/4242/4242 4243/4243/4243 4340/4340/4340
f 4242/4242/4242 4340/4340/4340 4339/4339/4339
f 4243/4243/4243 4244/4244/4244 4341/4341/4341
f 4243/4243/4243 4341/4341/4341 4340/4340/4340
f 4244/4244/4244 4245/4245/4245 4342/4342/4342
f 4244/4244/4244 4342/4342/4342 4341/4341/4341
f 4245/4245/4245 4246/4246/4246 4343/4343/4343
f 4245/4245/4245 4343/4343/4343 4342/4342/4342
f 4246/4246/4246 4247/4247/4247 4344/4344/4344
f 4246/4246/4246 4344/4344/4344 4343/4343/4343
f 4247/4247/4247 4248/4248/4248 4345/4345/4345
f 4247/4247/4247 4345/4345/4345 4344/4344/4344
f 4248/4248/4248 4249/4249/4249 4346/4346/4346
f 4248/4248/4248 4346/4346/4346 4345/4345/4345
f 4249/4249/4249 4250/4250/4250 4347/4347/4347
f 4249/4249/4249 4347/4347/4347 4346/4346/4346
f 4250/4250/4250 4251/4251/4251 4348/4348/4348
f 4250/4250/4250 4348/4348/4348 4347/4347/4347
f 4251/4251/4251 4252/4252/4252 4349/4349/4349
f 4251/4251/4251 4349/4349/4349 4348/4348/4348
f 4252/4252/4252 4253/4253/4253 4350/4350/4350
f 4252/4252/4252 4350/4350/4350 4349/4349/4349
f 4253/4253/4253 4254/4254/4254 4351/4351/4351
f 4253/4253/4253 4351/4351/4351 4350/4350/4350
f 4254/4254/4254 4255/4255/4255 4352/4352/4352
f 4254/4254/4254 4352/4352/4352 4351/4351/4351
f 4255/4255/4255 4256/4256/4256 4353/4353/4353
f 4255/4255/4255 4353/4353/4353 4352/4352/4352
f 4256/4256/4256 4257/4257/4257 4354/4354/4354
f 4256/4256/4256 4354/4354/4354 4353/4353/4353
f 4257/4257/4257 4258/4258/4258 4355/4355/4355
f 4257/4257/4257 4355/4355/4355 4354/4354/4354
f 4258/4258/4258 4259/4259/4259 4356/4356/4356
f 4258/4258/4258 4356/4356/4356 4355/4355/4355
f 4259/4259/4259 4260/4260/4260 4357/4357/4357
f 4259/4259/4259 4357/4357/4357 4356/4356/4356
f 4260/4260/4260 4261/4261/4261 4358/4358/4358
f 4260/4260/4260 4358/4358/4358 4357/4357/4357
f 4261/4261/4261 4262/4262/4262 4359/4359/4359
f 4261/4261/4261 4359/4359/4359 4358/4358/4358
f 4262/4262/4262 4263/4263/4263 4360/4360/4360
f 4262/4262/4262 4360/4360/4360 4359/4359/4359
f 4263/4263/4263 4264/4264/4264 4361/4361/4361
f 4263/4263/4263 4361/4361/4361 4360/4360/4360
f 4264/4264/4264 4265/4265/4265 4362/4362/4362
f 4264/4264/4264 4362/4362/4362 4361/4361/4361
f 4265/4265/4265 4266/4266/4266 4363/4363/4363
f 4265/4265/4265 4363/4363/4363 4362/4362/4362
f 4266/4266/4266 4267/4267/4267 4364/4364/4364
f 4266/4266/4266 4364/4364/4364 4363/4363/4363
f 4267/4267/4267 4268/4268/4268 4365/4365/4365
f 4267/4267/4267 4365/4365/4365 4364/4364/4364
f 4269/4269/4269 4270/4270/4270 4367/4367/4367
f 4269/4269/4269 4367/4367/4367 4366/4366/4366
f 4270/4270/4270 4271/4271/4271 4368/4368/4368
f 4270/4270/4270 4368/4368/4368 4367/4367/4367
f 4271/4271/4271 4272/4272/4272 4369/4369/4369
f 4271/4271/4271 4369/4369/4369 4368/4368/4368
f 4272/4272/4272 4273/4273/4273 4370/4370/4370
f 4272/4272/4272 4370/4370/4370 4369/4369/4369
f 4273/4273/4273 4274/4274/4274 4371/4371/4371
f 4273/4273/4273 4371/4371/4371 4370/4370/4370
f 4274/4274/4274 4275/4275/4275 4372/4372/4372
f 4274/4274/4274 4372/4372/4372 4371/4371/4371
f 4275/4275/4275 4276/4276/4276 4373/4373/4373
f 4275/4275/4275 4373/4373/4373 4372/4372/4372
f 4276/4276/4276 4277/4277/4277 4374/4374/4374
f 4276/4276/4276 4374/4374/4374 4373/4373/4373
f 4277/4277/4277 4278/4278/4278 4375/4375/4375
f 4277/4277/4277 4375/4375/4375 4374/4374/4374
f 4278/4278/4278 4279/4279/4279 4376/4376/4376
f 4278/4278/4278 4376/4376/4376 4375/4375/4375
f 4279/4279/4279 4280/4280/4280 4377/4377/4377
f 4279/4279/4279 4377/4377/4377 4376/4376/4376
f 4280/4280/4280 4281/4281/4281 4378/4378/4378
f 4280/4280/4280 4378/4378/4378 4377/4377/4377
f 4281/4281/4281 4282/4282/4282 4379/4379/4379
f 4281/4281/4281 4379/4379/4379 4378/4378/4378
f 4282/4282/4282 4283/4283/4283 4380/4380/4380
f 4282/4282/4282 4380/4380/4380 4379/4379/4379
f 4283/4283/4283 4284/4284/4284 4381/4381/4381
f 4283/4283/4283 4381/4381/4381 4380/4380/4380
f 4284/4284/4284 4285/4285/4285 4382/4382/4382
f 4284/4284/4284 4382/4382/4382 4381/4381/4381
f 4285/4285/4285 4286/4286/4286 4383/4383/4383
f 4285/4285/4285 4383/4383/4383 4382/4382/4382
f 4286/4286/4286 4287/4287/4287 4384/4384/4384
f 4286/4286/4286 4384/4384/4384 4383/4383/4383
f 4287/4287/4287 4288/4288/4288 4385/4385/4385
f 4287/4287/4287 4385/4385/4385 4384/4384/4384
f 4288/4288/4288 4289/4289/4289 4386/4386/4386
f 4288/4288/4288 4386/4386/4386 4385/4385/4385
f 4289/4289/4289 4290/4290/4290 4387/4387/4387
f 4289/4289/4289 4387/4387/4387 4386/4386/4386
f 4290/4290/4290 4291/4291/4291 4388/4388/4388
f 4290/4290/4290 4388/4388/4388 4387/4387/4387
f 4291/4291/4291 4292/4292/4292 4389/4389/4389
f 4291/4291/4291 4389/4389/4389 4388/4388/4388
f 4292/4292/4292 4293/4293/4293 4390/4390/4390
f 4292/4292/4292 4390/4390/4390 4389/4389/4389
f 4293/4293/4293 4294/4294/4294 4391/4391/4391
f 4293/4293/4293 4391/4391/4391 4390/4390/4390
f 4294/4294/4294 4295/4295/4295 4392/4392/4392
f 4294/4294/4294 4392/4392/4392 4391/4391/4391
f 4295/4295/4295 4296/4296/4296 4393/4393/4393
f 4295/4295/4295 4393/4393/4393 4392/4392/4392
f 4296/4296/4296 4297/4297/4297 4394/4394/4394
f 4296/4296/4296 4394/4394/4394 4393/4393/4393
f 4297/4297/4297 4298/4298/4298 4395/4395/4395
f 4297/4297/4297 4395/4395/4395 4394/4394/4394
f 4298/4298/4298 4299/4299/4299 4396/4396/4396
f 4298/4298/4298 4396/4396/4396 4395/4395/4395
f 4299/4299/4299 4300/4300/4300 4397/4397/4397
f 4299/4299/4299 4397/4397/4397 4396/4396/4396
f 4300/4300/4300 4301/4301/4301 4398/4398/4398
f 4300/4300/4300 4398/4398/4398 4397/4397/4397
f 4301/4301/4301 4302/4302/4302 4399/4399/4399
f 4301/4301/4301 4399/4399/4399 4398/4398/4398
f 4302/4302/4302 4303/4303/4303 4400/4400/4400
f 4302/4302/4302 4400/4400/4400 4399/4399/4399
f 4303/4303/4303 4304/4304/4304 4401/4401/4401
f 4303/4303/4303 4401/4401/4401 4400/4400/4400
f 4304/4304/4304 4305/4305/4305 4402/4402/4402
f 4304/4304/4304 4402/4402/4402 4401/4401/4401
f 4305/4305/4305 4306/4306/4306 4403/4403/4403
f 4305/4305/4305 4403/4403/4403 4402/4402/4402
f 4306/4306/4306 4307/4307/4307 4404/4404/4404
f 4306/4306/4306 4404/4404/4404 4403/4403/4403
f 4307/4307/4307 4308/4308/4308 4405/4405/4405
f 4307/4307/4307 4405/4405/4405 4404/4404/4404
f 4308/4308/4308 4309/4309/4309 4406/4406/4406
f 4308/4308/4308 4406/4406/4406 4405/4405/4405
f 4309/4309/4309 4310/4310/4310 4407/4407/4407
f 4309/4309/4309 4407/4407/4407 4406/4406/4406
f 4310/4310/4310 4311/4311/4311 4408/4408/4408
f 4310/4310/4310 4408/4408/4408 4407/4407/4407
f 4311/4311/4311 4312/4312/4312 4409/4409/4409
f 4311/4311/4311 4409/4409/4409 4408/4408/4408
f 4312/4312/4312 4313/4313/4313 4410/4410/4410
f 4312/4312/4312 4410/4410/4410 4409/4409/4409
f 4313/4313/4313 4314/4314/4314 4411/4411/4411
f 4313/4313/4313 4411/4411/4411 4410/4410/4410
f 4314/4314/4314 4315/4315/4315 4412/4412/4412
f 4314/4314/4314 4412/4412/4412 4411/4411/4411
f 4315/4315/4315 4316/4316/4316 4413/4413/4413
f 4315/4315/4315 4413/4413/4413 4412/4412/4412
f 4316/4316/4316 4317/4317/4317 4414/4414/4414
f 4316/4316/4316 4414/4414/4414 4413/4413/4413
f 4317/4317/4317 4318/4318/4318 4415/4415/4415
f 4317/4317/4317 4415/4415/4415 4414/4414/4414
f 4318/4318/4318 4319/4319/4319 4416/4416/4416
f 4318/4318/4318 4416/4416/4416 4415/4415/4415
f 4319/4319/4319 4320/4320/4320 4417/4417/4417
f 4319/4319/4319 4417/4417/4417 4416/4416/4416
f 4320/4320/4320 4321/4321/4321 4418/4418/4418
f 4320/4320/4320 4418/4418/4418 4417/4417/4417
f 4321/4321/4321 4322/4322/4322 4419/4419/4419
f 4321/4321/4321 4419/4419/4419 4418/4418/4418
f 4322/4322/4322 4323/4323/4323 4420/4420/4420
f 4322/4322/4322 4420/4420/4420 4419/4419/4419
f 4323/4323/4323 4324/4324/4324 4421/4421/4421
f 4323/4323/4323 4421/4421/4421 4420/4420/4420
f 4324/4324/4324 4325/4325/4325 4422/4422/4422
f 4324/4324/4324 4422/4422/4422 4421/4421/4421
f 4325/4325/4325 4326/4326/4326 4423/4423/4423
f 4325/4325/4325 4423/4423/4423 4422/4422/4422
f 4326/4326/4326 4327/4327/4327 4424/4424/4424
f 4326/4326/4326 4424/4424/4424 4423/4423/4423
f 4327/4327/4327 4328/4328/4328 4425/4425/4425
f 4327/4327/4327 4425/4425/4425 4424/4424/4424
f 4328/4328/4328 4329/4329/4329 4426/4426/4426
f 4328/4328/4328 4426/4426/4426 4425/4425/4425
f 4329/4329/4329 4330/4330/4330 4427/4427/4427
f 4329/4329/4329 4427/4427/4427 4426/4426/4426
f 4330/4330/4330 4331/4331/4331 4428/4428/4428
f 4330/4330/4330 4428/4428/4428 4427/4427/4427
f 4331/4331/4331 4332/4332/4332 4429/4429/4429
f 4331/4331/4331 4429/4429/4429 4428/4428/4428
f 4332/4332/4332 4333/4333/4333 4430/4430/4430
f 4332/4332/4332 4430/4430/4430 4429/4429/4429
f 4333/4333/4333 4334/4334/4334 4431/4431/4431
f 4333/4333/4333 4431/4431/4431 4430/4430/4430
f 4334/4334/4334 4335/4335/4335 4432/4432/4432
f 4334/4334/4334 4432/4432/4432 4431/4431/4431
f 4335/4335/4335 4336/4336/4336 4433/4433/4433
f 4335/4335/4335 4433/4433/4433 4432/4432/4432
f 4336/4336/4336 4337/4337/4337 4434/4434/4434
f 4336/4336/4336 4434/4434/4434 4433/4433/4433
f 4337/4337/4337 4338/4338/4338 4435/4435/4435
f 4337/4337/4337 4435/4435/4435 4434/4434/4434
f 4338/4338/4338 4339/4339/4339 4436/4436/4436
f 4338/4338/4338 4436/4436/4436 4435/4435/4435
f 4339/4339/4339 4340/4340/4340 4437/4437/4437
f 4339/4339/4339 4437/4437/4437 4436/4436/4436
f 4340/4340/4340 4341/4341/4341 4438/4438/4438
f 4340/4340/4340 4438/4438/4438 4437/4437/4437
f 4341/4341/4341 4342/4342/4342 4439/4439/4439
f 4341/4341/4341 4439/4439/4439 4438/4438/4438
f 4342/4342/4342 4343/4343/4343 4440/4440/4440
f 4342/4342/4342 4440/4440/4440 4439/4439/4439
f 4343/4343/4343 4344/4344/4344 4441/4441/4441
f 4343/4343/4343 4441/4441/4441 4440/4440/4440
f 4344/4344/4344 4345/4345/4345 4442/4442/4442
f 4344/4344/4344 4442/4442/4442 4441/4441/4441
f 4345/4345/4345 4346/4346/4346 4443/4443/4443
f 4345/4345/4345 4443/4443/4443 4442/4442/4442
f 4346/4346/4346 4347/4347/4347 4444/4444/4444
f 4346/4346/4346 4444/4444/4444 4443/4443/4443
f 4347/4347/4347 4348/4348/4348 4445/4445/4445
f 4347/4347/4347 4445/4445/4445 4444/4444/4444
f 4348/4348/4348 4349/4349/4349 4446/4446/4446
f 4348/4348/4348 4446/4446/4446 4445/4445/4445
f 4349/4349/4349 4350/4350/4350 4447/4447/4447
f 4349/4349/4349 4447/4447/4447 4446/4446/4446
f 4350/4350/4350 4351/4351/4351 4448/4448/4448
f 4350/4350/4350 4448/4448/4448 4447/4447/4447
f 4351/4351/4351 4352/4352/4352 4449/4449/4449
f 4351/4351/4351 4449/4449/4449 4448/4448/4448
f 4352/4352/4352 4353/4353/4353 4450/4450/4450
f 4352/4352/4352 4450/4450/4450 4449/4449/4449
f 4353/4353/4353 4354/4354/4354 4451/4451/4451
f 4353/4353/4353 4451/4451/4451 4450/4450/4450
f 4354/4354/4354 4355/4355/4355 4452/4452/4452
f 4354/4354/4354 4452/4452/4452 4451/4451/4451
f 4355/4355/4355 4356/4356/4356 4453/4453/4453
f 4355/4355/4355 4453/4453/4453 4452/4452/4452
f 4356/4356/4356 4357/4357/4357 4454/4454/4454
f 4356/4356/4356 4454/4454/4454 4453/4453/4453
f 4357/4357/4357 4358/4358/4358 4455/4455/4455
f 4357/4357/4357 4455/4455/4455 4454/4454/4454
f 4358/4358/4358 4359/4359/4359 4456/4456/4456
f 4358/4358/4358 4456/4456/4456 4455/4455/4455
f 4359/4359/4359 4360/4360/4360 4457/4457/4457
f 4359/4359/4359 4457/4457/4457 4456/4456/4456
f 4360/4360/4360 4361/4361/4361 4458/4458/4458
f 4360/4360/4360 4458/4458/4458 4457/4457/4457
f 4361/4361/4361 4362/4362/4362 4459/4459/4459
f 4361/4361/4361 4459/4459/4459 4458/4458/4458
f 4362/4362/4362 4363/4363/4363 4460/4460/4460
f 4362/4362/4362 4460/4460/4460 4459/4459/4459
f 4363/4363/4363 4364/4364/4364 4461/4461/4461
f 4363/4363/4363 4461/4461/4461 4460/4460/4460
f 4364/4364/4364 4365/4365/4365 4462/4462/4462
f 4364/4364/4364 4462/4462/4462 4461/4461/4461
f 4366/4366/4366 4367/4367/4367 4464/4464/4464
f 4366/4366/4366 4464/4464/4464 4463/4463/4463
f 4367/4367/4367 4368/4368/4368 4465/4465/4465
f 4367/4367/4367 4465/4465/4465 4464/4464/4464
f 4368/4368/4368 4369/4369/4369 4466/4466/4466
f 4368/4368/4368 4466/4466/4466 4465/4465/4465
f 4369/4369/4369 4370/4370/4370 4467/4467/4467
f 4369/4369/4369 4467/4467/4467 4466/4466/4466
f 4370/4370/4370 4371/4371/4371 4468/4468/4468
f 4370/4370/4370 4468/4468/4468 4467/4467/4467
f 4371/4371/4371 4372/4372/4372 4469/4469/4469
f 4371/4371/4371 4469/4469/4469 4468/4468/4468
f 4372/4372/4372 4373/4373/4373 4470/4470/4470
f 4372/4372/4372 4470/4470/4470 4469/4469/4469
f 4373/4373/4373 4374/4374/4374 4471/4471/4471
f 4373/4373/4373 4471/4471/4471 4470/4470/4470
f 4374/4374/4374 4375/4375/4375 4472/4472/4472
f 4374/4374/4374 4472/4472/4472 4471/4471/4471
f 4375/4375/4375 4376/4376/4376 4473/4473/4473
f 4375/4375/4375 4473/4473/4473 4472/4472/4472
f 4376/4376/4376 4377/4377/4377 4474/4474/4474
f 4376/4376/4376 4474/4474/4474 4473/4473/4473
f 4377/4377/4377 4378/4378/4378 4475/4475/4475
f 4377/4377/4377 4475/4475/4475 4474/4474/4474
f 4378/4378/4378 4379/4379/4379 4476/4476/4476
f 4378/4378/4378 4476/4476/4476 4475/4475/4475
f 4379/4379/4379 4380/4380/4380 4477/4477/4477
f 4379/4379/4379 4477/4477/4477 4476/4476/4476
f 4380/4380/4380 4381/4381/4381 4478/4478/4478
f 4380/4380/4380 4478/4478/4478 4477/4477/4477
f 4381/4381/4381 4382/4382/4382 4479/4479/4479
f 4381/4381/4381 4479/4479/4479 4478/4478/4478
f 4382/4382/4382 4383/4383/4383 4480/4480/4480
f 4382/4382/4382 4480/4480/4480 4479/4479/4479
f 4383/4383/4383 4384/4384/4384 4481/4481/4481
f 4383/4383/4383 4481/4481/4481 4480/4480/4480
f 4384/4384/4384 4385/4385/4385 4482/4482/4482
f 4384/4384/4384 4482/4482/4482 4481/4481/4481
f 4385/4385/4385 4386/4386/4386 4483/4483/4483
f 4385/4385/4385 4483/4483/4483 4482/4482/4482
f 4386/4386/4386 4387/4387/4387 4484/4484/4484
f 4386/4386/4386 4484/4484/4484 4483/4483/4483
f 4387/4387/4387 4388/4388/4388 4485/4485/4485
f 4387/4387/4387 4485/4485/4485 4484/4484/4484
f 4388/4388/4388 4389/4389/4389 4486/4486/4486
f 4388/4388/4388 4486/4486/4486 4485/4485/4485
f 4389/4389/4389 4390/4390/4390 4487/4487/4487
f 4389/4389/4389 4487/4487/4487 4486/4486/4486
f 4390/4390/4390 4391/4391/4391 4488/4488/4488
f 4390/4390/4390 4488/4488/4488 4487/4487/4487
f 4391/4391/4391 4392/4392/4392 4489/4489/4489
f 4391/4391/4391 4489/4489/4489 4488/4488/4488
f 4392/4392/4392 4393/4393/4393 4490/4490/4490
f 4392/4392/4392 4490/4490/4490 4489/4489/4489
f 4393/4393/4393 4394/4394/4394 4491/4491/4491
f 4393/4393/4393 4491/4491/4491 4490/4490/4490
f 4394/4394/4394 4395/4395/4395 4492/4492/4492
f 4394/4394/4394 4492/4492/4492 4491/4491/4491
f 4395/4395/4395 4396/4396/4396 4493/4493/4493
f 4395/4395/4395 4493/4493/4493 4492/4492/4492
f 4396/4396/4396 4397/4397/4397 4494/4494/4494
f 4396/4396/4396 4494/4494/4494 4493/4493/4493
f 4397/4397/4397 4398/4398/4398 4495/4495/4495
f 4397/4397/4397 4495/4495/4495 4494/4494/4494
f 4398/4398/4398 4399/4399/4399 4496/4496/4496
f 4398/4398/4398 4496/4496/4496 4495/4495/4495
f 4399/4399/4399 4400/4400/4400 4497/4497/4497
f 4399/4399/4399 4497/4497/4497 4496/4496/4496
f 4400/4400/4400 4401/4401/4401 4498/4498/4498
f 4400/4400/4400 4498/4498/4498 4497/4497/4497
f 4401/4401/4401 4402/4402/4402 4499/4499/4499
f 4401/4401/4401 4499/4499/4499 4498/4498/4498
f 4402/4402/4402 4403/4403/4403 4500/4500/4500
f 4402/4402/4402 4500/4500/4500 4499/4499/4499
f 4403/4403/4403 4404/4404/4404 4501/4501/4501
f 4403/4403/4403 4501/4501/4501 4500/4500/4500
f 4404/4404/4404 4405/4405/4405 4502/4502/4502
f 4404/4404/4404 4502/4502/4502 4501/4501/4501
f 4405/4405/4405 4406/4406/4406 4503/4503/4503
f 4405/4405/4405 4503/4503/4503 4502/4502/4502
f 4406/4406/4406 4407/4407/4407 4504/4504/4504
f 4406/4406/4406 4504/4504/4504 4503/4503/4503
f 4407/4407/4407 4408/4408/4408 4505/4505/4505
f 4407/4407/4407 4505/4505/4505 4504/4504/4504
f 4408/4408/4408 4409/4409/4409 4506/4506/4506
f 4408/4408/4408 4506/4506/4506 4505/4505/4505
f 4409/4409/4409 4410/4410/4410 4507/4507/4507
f 4409/4409/4409 4507/4507/4507 4506/4506/4506
f 4410/4410/4410 4411/4411/4411 4508/4508/4508
f 4410/4410/4410 4508/4508/4508 4507/4507/4507
f 4411/4411/4411 4412/4412/4412 4509/4509/4509
f 4411/4411/4411 4509/4509/4509 4508/4508/4508
f 4412/4412/4412 4413/4413/4413 4510/4510/4510
f 4412/4412/4412 4510/4510/4510 4509/4509/4509
f 4413/4413/4413 4414/4414/4414 4511/4511/4511
f 4413/4413/4413 4511/4511/4511 4510/4510/4510
f 4414/4414/4414 4415/4415/4415 4512/4512/4512
f 4414/4414/4414 4512/4512/4512 4511/4511/4511
f 4415/4415/4415 4416/4416/4416 4513/4513/4513
f 4415/4415/4415 4513/4513/4513 4512/4512/4512
f 4416/4416/4416 4417/4417/4417 4514/4514/4514
f 4416/4416/4416 4514/4514/4514 4513/4513/4513
f 4417/4417/4417 4418/4418/4418 4515/4515/4515
f 4417/4417/4417 4515/4515/4515 4514/4514/4514
f 4418/4418/4418 4419/4419/4419 4516/4516/4516
f 4418/4418/4418 4516/4516/4516 4515/4515/4515
f 4419/4419/4419 4420/4420/4420 4517/4517/4517
f 4419/4419/4419 4517/4517/4517 4516/4516/4516
f 4420/4420/4420 4421/4421/4421 4518/4518/4518
f 4420/4420/4420 4518/4518/4518 4517/4517/4517
f 4421/4421/4421 4422/4422/4422 4519/4519/4519
f 4421/4421/4421 4519/4519/4519 4518/4518/4518
f 4422/4422/4422 4423/4423/4423 4520/4520/4520
f 4422/4422/4422 4520/4520/4520 4519/4519/4519
f 4423/4423/4423 4424/4424/4424 4521/4521/4521
f 4423/4423/4423 4521/4521/4521 4520/4520/4520
f 4424/4424/4424 4425/4425/4425 4522/4522/4522
f 4424/4424/4424 4522/4522/4522 4521/4521/4521
f 4425/4425/4425 4426/4426/4426 4523/4523/4523
f 4425/4425/4425 4523/4523/4523 4522/4522/4522
f 4426/4426/4426 4427/4427/4427 4524/4524/4524
f 4426/4426/4426 4524/4524/4524 4523/4523/4523
f 4427/4427/4427 4428/4428/4428 4525/4525/4525
f 4427/4427/4427 4525/4525/4525 4524/4524/4524
f 4428/4428/4428 4429/4429/4429 4526/4526/4526
f 4428/4428/4428 4526/4526/4526 4525/4525/4525
f 4429/4429/4429 4430/4430/4430 4527/4527/4527
f 4429/4429/4429 4527/4527/4527 4526/4526/4526
f 4430/4430/4430 4431/4431/4431 4528/4528/4528
f 4430/4430/4430 4528/4528/4528 4527/4527/4527
f 4431/4431/4431 4432/4432/4432 4529/4529/4529
f 4431/4431/4431 4529/4529/4529 4528/4528/4528
f 4432/4432/4432 4433/4433/4433 4530/4530/4530
f 4432/4432/4432 4530/4530/4530 4529/4529/4529
f 4433/4433/4433 4434/4434/4434 4531/4531/4531
f 4433/4433/4433 4531/4531/4531 4530/4530/4530
f 4434/4434/4434 4435/4435/4435 4532/4532/4532
f 4434/4434/4434 4532/4532/4532 4531/4531/4531
f 4435/4435/4435 4436/4436/4436 4533/4533/4533
f 4435/4435/4435 4533/4533/4533 4532/4532/4532
f 4436/4436/4436 4437/4437/4437 4534/4534/4534
f 4436/4436/4436 4534/4534/4534 4533/4533/4533
f 4437/4437/4437 4438/4438/4438 4535/4535/4535
f 4437/4437/4437 4535/4535/4535 4534/4534/4534
f 4438/4438/4438 4439/4439/4439 4536/4536/4536
f 4438/4438/4438 4536/4536/4536 4535/4535/4535
f 4439/4439/4439 4440/4440/4440 4537/4537/4537
f 4439/4439/4439 4537/4537/4537 4536/4536/4536
f 4440/4440/4440 4441/4441/4441 4538/4538/4538
f 4440/4440/4440 4538/4538/4538 4537/4537/4537
f 4441/4441/4441 4442/4442/4442 4539/4539/4539
f 4441/4441/4441 4539/4539/4539 4538/4538/4538
f 4442/4442/4442 4443/4443/4443 4540/4540/4540
f 4442/4442/4442 4540/4540/4540 4539/4539/4539
f 4443/4443/4443 4444/4444/4444 4541/4541/4541
f 4443/4443/4443 4541/4541/4541 4540/4540/4540
f 4444/4444/4444 4445/4445/4445 4542/4542/4542
f 4444/4444/4444 4542/4542/4542 4541/4541/4541
f 4445/4445/4445 4446/4446/4446 4543/4543/4543
f 4445/4445/4445 4543/4543/4543 4542/4542/4542
f 4446/4446/4446 4447/4447/4447 4544/4544/4544
f 4446/4446/4446 4544/4544/4544 4543/4543/4543
f 4447/4447/4447 4448/4448/4448 4545/4545/4545
f 4447/4447/4447 4545/4545/4545 4544/4544/4544
f 4448/4448/4448 4449/4449/4449 4546/4546/4546
f 4448/4448/4448 4546/4546/4546 4545/4545/4545
f 4449/4449/4449 4450/4450/4450 4547/4547/4547
f 4449/4449/4449 4547/4547/4547 4546/4546/4546
f 4450/4450/4450 4451/4451/4451 4548/4548/4548
f 4450/4450/4450 4548/4548/4548 4547/4547/4547
f 4451/4451/4451 4452/4452/4452 4549/4549/4549
f 4451/4451/4451 4549/4549/4549 4548/4548/4548
f 4452/4452/4452 4453/4453/4453 4550/4550/4550
f 4452/4452/4452 4550/4550/4550 4549/4549/4549
f 4453/4453/4453 4454/4454/4454 4551/4551/4551
f 4453/4453/4453 4551/4551/4551 4550/4550/4550
f 4454/4454/4454 4455/4455/4455 4552/4552/4552
f 4454/4454/4454 4552/4552/4552 4551/4551/4551
f 4455/4455/4455 4456/4456/4456 4553/4553/4553
f 4455/4455/4455 4553/4553/4553 4552/4552/4552
f 4456/4456/4456 4457/4457/4457 4554/4554/4554
f 4456/4456/4456 4554/4554/4554 4553/4553/4553
f 4457/4457/4457 4458/4458/4458 4555/4555/4555
f 4457/4457/4457 4555/4555/4555 4554/4554/4554
f 4458/4458/4458 4459/4459/4459 4556/4556/4556
f 4458/4458/4458 4556/4556/4556 4555/4555/4555
f 4459/4459/4459 4460/4460/4460 4557/4557/4557
f 4459/4459/4459 4557/4557/4557 4556/4556/4556
f 4460/4460/4460 4461/4461/4461 4558/4558/4558
f 4460/4460/4460 4558/4558/4558 4557/4557/4557
f 4461/4461/4461 4462/4462/4462 4559/4559/4559
f 4461/4461/4461 4559/4559/4559 4558/4558/4558
f 4463/4463/4463 4464/4464/4464 4561/4561/4561
f 4463/4463/4463 4561/4561/4561 4560/4560/4560
f 4464/4464/4464 4465/4465/4465 4562/4562/4562
f 4464/4464/4464 4562/4562/4562 4561/4561/4561
f 4465/4465/4465 4466/4466/4466 4563/4563/4563
f 4465/4465/4465 4563/4563/4563 4562/4562/4562
f 4466/4466/4466 4467/4467/4467 4564/4564/4564
f 4466/4466/4466 4564/4564/4564 4563/4563/4563
f 4467/4467/4467 4468/4468/4468 4565/4565/4565
f 4467/4467/4467 4565/4565/4565 4564/4564/4564
f 4468/4468/4468 4469/4469/4469 4566/4566/4566
f 4468/4468/4468 4566/4566/4566 4565/4565/4565
f 4469/4469/4469 4470/4470/4470 4567/4567/4567
f 4469/4469/4469 4567/4567/4567 4566/4566/4566
f 4470/4470/4470 4471/4471/4471 4568/4568/4568
f 4470/4470/4470 4568/4568/4568 4567/4567/4567
f 4471/4471/4471 4472/4472/4472 4569/4569/4569
f 4471/4471/4471 4569/4569/4569 4568/4568/4568
f 4472/4472/4472 4473/4473/4473 4570/4570/4570
f 4472/4472/4472 4570/4570/4570 4569/4569/4569
f 4473/4473/4473 4474/4474/4474 4571/4571/4571
f 4473/4473/4473 4571/4571/4571 4570/4570/4570
f 4474/4474/4474 4475/4475/4475 4572/4572/4572
f 4474/4474/4474 4572/4572/4572 4571/4571/4571
f 4475/4475/4475 4476/4476/4476 4573/4573/4573
f 4475/4475/4475 4573/4573/4573 4572/4572/4572
f 4476/4476/4476 4477/4477/4477 4574/4574/4574
f 4476/4476/4476 4574/4574/4574 4573/4573/4573
f 4477/4477/4477 4478/4478/4478 4575/4575/4575
f 4477/4477/4477 4575/4575/4575 4574/4574/4574
f 4478/4478/4478 4479/4479/4479 4576/4576/4576
f 4478/4478/4478 4576/4576/4576 4575/4575/4575
f 4479/4479/4479 4480/4480/4480 4577/4577/4577
f 4479/4479/4479 4577/4577/4577 4576/4576/4576
f 4480/4480/4480 4481/4481/4481 4578/4578/4578
f 4480/4480/4480 4578/4578/4578 4577/4577/4577
f 4481/4481/4481 4482/4482/4482 4579/4579/4579
f 4481/4481/4481 4579/4579/4579 4578/4578/4578
f 4482/4482/4482 4483/4483/4483 4580/4580/4580
f 4482/4482/4482 4580/4580/4580 4579/4579/4579
f 4483/4483/4483 4484/4484/4484 4581/4581/4581
f 4483/4483/4483 4581/4581/4581 4580/4580/4580
f 4484/4484/4484 4485/4485/4485 4582/4582/4582
f 4484/4484/4484 4582/4582/4582 4581/4581/4581
f 4485/4485/4485 4486/4486/4486 4583/4583/4583
f 4485/4485/4485 4583/4583/4583 4582/4582/4582
f 4486/4486/4486 4487/4487/4487 4584/4584/4584
f 4486/4486/4486 4584/4584/4584 4583/4583/4583
f 4487/4487/4487 4488/4488/4488 4585/4585/4585
f 4487/4487/4487 4585/4585/4585 4584/4584/4584
f 4488/4488/4488 4489/4489/4489 4586/4586/4586
f 4488/4488/4488 4586/4586/4586 4585/4585/4585
f 4489/4489/4489 4490/4490/4490 4587/4587/4587
f 4489/4489/4489 4587/4587/4587 4586/4586/4586
f 4490/4490/4490 4491/4491/4491 4588/4588/4588
f 4490/4490/4490 4588/4588/4588 4587/4587/4587
f 4491/4491/4491 4492/4492/4492 4589/4589/4589
f 4491/4491/4491 4589/4589/4589 4588/4588/4588
f 4492/4492/4492 4493/4493/4493 4590/4590/4590
f 4492/4492/4492 4590/4590/4590 4589/4589/4589
f 4493/4493/4493 4494/4494/4494 4591/4591/4591
f 4493/4493/4493 4591/4591/4591 4590/4590/4590
f 4494/4494/4494 4495/4495/4495 4592/4592/4592
f 4494/4494/4494 4592/4592/4592 4591/4591/4591
f 4495/4495/4495 4496/4496/4496 4593/4593/4593
f 4495/4495/4495 4593/4593/4593 4592/4592/4592
f 4496/4496/4496 4497/4497/4497 4594/4594/4594
f 4496/4496/4496 4594/4594/4594 4593/4593/4593
f 4497/4497/4497 4498/4498/4498 4595/4595/4595
f 4497/4497/4497 4595/4595/4595 4594/4594/4594
f 4498/4498/4498 4499/4499/4499 4596/4596/4596
f 4498/4498/4498 4596/4596/4596 4595/4595/4595
f 4499/4499/4499 4500/4500/4500 4597/4597/4597
f 4499/4499/4499 4597/4597/4597 4596/4596/4596
f 4500/4500/4500 4501/4501/4501 4598/4598/4598
f 4500/4500/4500 4598/4598/4598 4597/4597/4597
f 4501/4501/4501 4502/4502/4502 4599/4599/4599
f 4501/4501/4501 4599/4599/4599 4598/4598/4598
f 4502/4502/4502 4503/4503/4503 4600/4600/4600
f 4502/4502/4502 4600/4600/4600 4599/4599/4599
f 4503/4503/4503 4504/4504/4504 4601/4601/4601
f 4503/4503/4503 4601/4601/4601 4600/4600/4600
f 4504/4504/4504 4505/4505/4505 4602/4602/4602
f 4504/4504/4504 4602/4602/4602 4601/4601/4601
f 4505/4505/4505 4506/4506/4506 4603/4603/4603
f 4505/4505/4505 4603/4603/4603 4602/4602/4602
f 4506/4506/4506 4507/4507/4507 4604/4604/4604
f 4506/4506/4506 4604/4604/4604 4603/4603/4603
f 4507/4507/4507 4508/4508/4508 4605/4605/4605
f 4507/4507/4507 4605/4605/4605 4604/4604/4604
f 4508/4508/4508 4509/4509/4509 4606/4606/4606
f 4508/4508/4508 4606/4606/4606 4605/4605/4605
f 4509/4509/4509 4510/4510/4510 4607/4607/4607
f 4509/4509/4509 4607/4607/4607 4606/4606/4606
f 4510/4510/4510 4511/4511/4511 4608/4608/4608
f 4510/4510/4510 4608/4608/4608 4607/4607/4607
f 4511/4511/4511 4512/4512/4512 4609/4609/4609
f 4511/4511/4511 4609/4609/4609 4608/4608/4608
f 4512/4512/4512 4513/4513/4513 4610/4610/4610
f 4512/4512/4512 4610/4610/4610 4609/4609/4609
f 4513/4513/4513 4514/4514/4514 4611/4611/4611
f 4513/4513/4513 4611/4611/4611 4610/4610/4610
f 4514/4514/4514 4515/4515/4515 4612/4612/4612
f 4514/4514/4514 4612/4612/4612 4611/4611/4611
f 4515/4515/4515 4516/4516/4516 4613/4613/4613
f 4515/4515/4515 4613/4613/4613 4612/4612/4612
f 4516/4516/4516 4517/4517/4517 4614/4614/4614
f 4516/4516/4516 4614/4614/4614 4613/4613/4613
f 4517/4517/4517 4518/4518/4518 4615/4615/4615
f 4517/4517/4517 4615/4615/4615 4614/4614/4614
f 4518/4518/4518 4519/4519/4519 4616/4616/4616
f 4518/4518/4518 4616/4616/4616 4615/4615/4615
f 4519/4519/4519 4520/4520/4520 4617/4617/4617
f 4519/4519/4519 4617/4617/4617 4616/4616/4616
f 4520/4520/4520 4521/4521/4521 4618/4618/4618
f 4520/4520/4520 4618/4618/4618 4617/4617/4617
f 4521/4521/4521 4522/4522/4522 4619/4619/4619
f 4521/4521/4521 4619/4619/4619 4618/4618/4618
f 4522/4522/4522 4523/4523/4523 4620/4620/4620
f 4522/4522/4522 4620/4620/4620 4619/4619/4619
f 4523/4523/4523 4524/4524/4524 4621/4621/4621
f 4523/4523/4523 4621/4621/4621 4620/4620/4620
f 4524/4524/4524 4525/4525/4525 4622/4622/4622
f 4524/4524/4524 4622/4622/4622 4621/4621/4621
f 4525/4525/4525 4526/4526/4526 4623/4623/4623
f 4525/4525/4525 4623/4623/4623 4622/4622/4622
f 4526/4526/4526 4527/4527/4527 4624/4624/4624
f 4526/4526/4526 4624/4624/4624 4623/4623/4623
f 4527/4527/4527 4528/4528/4528 4625/4625/4625
f 4527/4527/4527 4625/4625/4625 4624/4624/4624
f 4528/4528/4528 4529/4529/4529 4626/4626/4626
f 4528/4528/4528 4626/4626/4626 4625/4625/4625
f 4529/4529/4529 4530/4530/4530 4627/4627/4627
f 4529/4529/4529 4627/4627/4627 4626/4626/4626
f 4530/4530/4530 4531/4531/4531 4628/4628/4628
f 4530/4530/4530 4628/4628/4628 4627/4627/4627
f 4531/4531/4531 4532/4532/4532 4629/4629/4629
f 4531/4531/4531 4629/4629/4629 4628/4628/4628
f 4532/4532/4532 4533/4533/4533 4630/4630/4630
f 4532/4532/4532 4630/4630/4630 4629/4629/4629
f 4533/4533/4533 4534/4534/4534 4631/4631/4631
f 4533/4533/4533 4631/4631/4631 4630/4630/4630
f 4534/4534/4534 4535/4535/4535 4632/4632/4632
f 4534/4534/4534 4632/4632/4632 4631/4631/4631
f 4535/4535/4535 4536/4536/4536 4633/4633/4633
f 4535/4535/4535 4633/4633/4633 4632/4632/4632
f 4536/4536/4536 4537/4537/4537 4634/4634/4634
f 4536/4536/4536 4634/4634/4634 4633/4633/4633
f 4537/4537/4537 4538/4538/4538 4635/4635/4635
f 4537/4537/4537 4635/4635/4635 4634/4634/4634
f 4538/4538/4538 4539/4539/4539 4636/4636/4636
f 4538/4538/4538 4636/4636/4636 4635/4635/4635
f 4539/4539/4539 4540/4540/4540 4637/4637/4637
f 4539/4539/4539 4637/4637/4637 4636/4636/4636
f 4540/4540/4540 4541/4541/4541 4638/4638/4638
f 4540/4540/4540 4638/4638/4638 4637/4637/4637
f 4541/4541/4541 4542/4542/4542 4639/4639/4639
f 4541/4541/4541 4639/4639/4639 4638/4638/4638
f 4542/4542/4542 4543/4543/4543 4640/4640/4640
f 4542/4542/4542 4640/4640/4640 4639/4639/4639
f 4543/4543/4543 4544/4544/4544 4641/4641/4641
f 4543/4543/4543 4641/4641/4641 4640/4640/4640
f 4544/4544/4544 4545/4545/4545 4642/4642/4642
f 4544/4544/4544 4642/4642/4642 4641/4641/4641
f 4545/4545/4545 4546/4546/4546 4643/4643/4643
f 4545/4545/4545 4643/4643/4643 4642/4642/4642
f 4546/4546/4546 4547/4547/4547 4644/4644/4644
f 4546/4546/4546 4644/4644/4644 4643/4643/4643
f 4547/4547/4547 4548/4548/4548 4645/4645/4645
f 4547/4547/4547 4645/4645/4645 4644/4644/4644
f 4548/4548/4548 4549/4549/4549 4646/4646/4646
f 4548/4548/4548 4646/4646/4646 4645/4645/4645
f 4549/4549/4549 4550/4550/4550 4647/4647/4647
f 4549/4549/4549 4647/4647/4647 4646/4646/4646
f 4550/4550/4550 4551/4551/4551 4648/4648/4648
f 4550/4550/4550 4648/4648/4648 4647/4647/4647
f 4551/4551/4551 4552/4552/4552 4649/4649/4649
f 4551/4551/4551 4649/4649/4649 4648/4648/4648
f 4552/4552/4552 4553/4553/4553 4650/4650/4650
f 4552/4552/4552 4650/4650/4650 4649/4649/4649
f 4553/4553/4553 4554/4554/4554 4651/4651/4651
f 4553/4553/4553 4651/4651/4651 4650/4650/4650
f 4554/4554/4554 4555/4555/4555 4652/4652/4652
f 4554/4554/4554 4652/4652/4652 4651/4651/4651
f 4555/4555/4555 4556/4556/4556 4653/4653/4653
f 4555/4555/4555 4653/4653/4653 4652/4652/4652
f 4556/4556/4556 4557/4557/4557 4654/4654/4654
f 4556/4556/4556 4654/4654/4654 4653/4653/4653
f 4557/4557/4557 4558/4558/4558 4655/4655/4655
f 4557/4557/4557 4655/4655/4655 4654/4654/4654
f 4558/4558/4558 4559/4559/4559 4656/4656/4656
f 4558/4558/4558 4656/4656/4656 4655/4655/4655
f 4560/4755/4560 4561/4755/4561 4658/4755/4658
f 4561/4755/4561 4562/4755/4562 4659/4755/4659
f 4562/4755/4562 4563/4755/4563 4660/4755/4660
f 4563/4755/4563 4564/4755/4564 4661/4755/4661
f 4564/4755/4564 4565/4755/4565 4662/4755/4662
f 4565/4755/4565 4566/4755/4566 4663/4755/4663
f 4566/4755/4566 4567/4755/4567 4664/4755/4664
f 4567/4755/4567 4568/4755/4568 4665/4755/4665
f 4568/4755/4568 4569/4755/4569 4666/4755/4666
f 4569/4755/4569 4570/4755/4570 4667/4755/4667
f 4570/4755/4570 4571/4755/4571 4668/4755/4668
f 4571/4755/4571 4572/4755/4572 4669/4755/4669
f 4572/4755/4572 4573/4755/4573 4670/4755/4670
f 4573/4755/4573 4574/4755/4574 4671/4755/4671
f 4574/4755/4574 4575/4755/4575 4672/4755/4672
f 4575/4755/4575 4576/4755/4576 4673/4755/4673
f 4576/4755/4576 4577/4755/4577 4674/4755/4674
f 4577/4755/4577 4578/4755/4578 4675/4755/4675
f 4578/4755/4578 4579/4755/4579 4676/4755/4676
f 4579/4755/4579 4580/4755/4580 4677/4755/4677
f 4580/4755/4580 4581/4755/4581 4678/4755/4678
f 4581/4755/4581 4582/4755/4582 4679/4755/4679
f 4582/4755/4582 4583/4755/4583 4680/4755/4680
f 4583/4755/4583 4584/4755/4584 4681/4755/4681
f 4584/4755/4584 4585/4755/4585 4682/4755/4682
f 4585/4755/4585 4586/4755/4586 4683/4755/4683
f 4586/4755/4586 4587/4755/4587 4684/4755/4684
f 4587/4755/4587 4588/4755/4588 4685/4755/4685
f 4588/4755/4588 4589/4755/4589 4686/4755/4686
f 4589/4755/4589 4590/4755/4590 4687/4755/4687
f 4590/4755/4590 4591/4755/4591 4688/4755/4688
f 4591/4755/4591 4592/4755/4592 4689/4755/4689
f 4592/4755/4592 4593/4755/4593 4690/4755/4690
f 4593/4755/4593 4594/4755/4594 4691/4755/4691
f 4594/4755/4594 4595/4755/4595 4692/4755/4692
f 4595/4755/4595 4596/4755/4596 4693/4755/4693
f 4596/4755/4596 4597/4755/4597 4694/4755/4694
f 4597/4755/4597 4598/4755/4598 4695/4755/4695
f 4598/4755/4598 4599/4755/4599 4696/4755/4696
f 4599/4755/4599 4600/4755/4600 4697/4755/4697
f 4600/4755/4600 4601/4755/4601 4698/4755/4698
f 4601/4755/4601 4602/4755/4602 4699/4755/4699
f 4602/4755/4602 4603/4755/4603 4700/4755/4700
f 4603/4755/4603 4604/4755/4604 4701/4755/4701
f 4604/4755/4604 4605/4755/4605 4702/4755/4702
f 4605/4755/4605 4606/4755/4606 4703/4755/4703
f 4606/4755/4606 4607/4755/4607 4704/4755/4704
f 4607/4755/4607 4608/4755/4608 4705/4755/4705
f 4608/4755/4608 4609/4755/4609 4706/4755/4706
f 4609/4755/4609 4610/4755/4610 4707/4755/4707
f 4610/4755/4610 4611/4755/4611 4708/4755/4708
f 4611/4755/4611 4612/4755/4612 4709/4755/4709
f 4612/4755/4612 4613/4755/4613 4710/4755/4710
f 4613/4755/4613 4614/4755/4614 4711/4755/4711
f 4614/4755/4614 4615/4755/4615 4712/4755/4712
f 4615/4755/4615 4616/4755/4616 4713/4755/4713
f 4616/4755/4616 4617/4755/4617 4714/4755/4714
f 4617/4755/4617 4618/4755/4618 4715/4755/4715
f 4618/4755/4618 4619/4755/4619 4716/4755/4716
f 4619/4755/4619 4620/4755/4620 4717/4755/4717
f 4620/4755/4620 4621/4755/4621 4718/4755/4718
f 4621/4755/4621 4622/4755/4622 4719/4755/4719
f 4622/4755/4622 4623/4755/4623 4720/4755/4720
f 4623/4755/4623 4624/4755/4624 4721/4755/4721
f 4624/4755/4624 4625/4755/4625 4722/4755/4722
f 4625/4755/4625 4626/4755/4626 4723/4755/4723
f 4626/4755/4626 4627/4755/4627 4724/4755/4724
f 4627/4755/4627 4628/4755/4628 4725/4755/4725
f 4628/4755/4628 4629/4755/4629 4726/4755/4726
f 4629/4755/4629 4630/4755/4630 4727/4755/4727
f 4630/4755/4630 4631/4755/4631 4728/4755/4728
f 4631/4755/4631 4632/4755/4632 4729/4755/4729
f 4632/4755/4632 4633/4755/4633 4730/4755/4730
f 4633/4755/4633 4634/4755/4634 4731/4755/4731
f 4634/4755/4634 4635/4755/4635 4732/4755/4732
f 4635/4755/4635 4636/4755/4636 4733/4755/4733
f 4636/4755/4636 4637/4755/4637 4734/4755/4734
f 4637/4755/4637 4638/4755/4638 4735/4755/4735
f 4638/4755/4638 4639/4755/4639 4736/4755/4736
f 4639/4755/4639 4640/4755/4640 4737/4755/4737
f 4640/4755/4640 4641/4755/4641 4738/4755/4738
f 4641/4755/4641 4642/4755/4642 4739/4755/4739
f 4642/4755/4642 4643/4755/4643 4740/4755/4740
f 4643/4755/4643 4644/4755/4644 4741/4755/4741
f 4644/4755/4644 4645/4755/4645 4742/4755/4742
f 4645/4755/4645 4646/4755/4646 4743/4755/4743
f 4646/4755/4646 4647/4755/4647 4744/4755/4744
f 4647/4755/4647 4648/4755/4648 4745/4755/4745
f 4648/4755/4648 4649/4755/4649 4746/4755/4746
f 4649/4755/4649 4650/4755/4650 4747/4755/4747
f 4650/4755/4650 4651/4755/4651 4748/4755/4748
f 4651/4755/4651 4652/4755/4652 4749/4755/4749
f 4652/4755/4652 4653/4755/4653 4750/4755/4750
f 4653/4755/4653 4654/4755/4654 4751/4755/4751
f 4654/4755/4654 4655/4755/4655 4752/4755/4752
f 4655/4755/4655 4656/4755/4656 4753/4755/4753
