# Exported from /tmp/growbot_visual_export.blend: eyes
v -0.00123497215 -0.00182066543 0.00506059779
v -0.00259527448 -0.00181909755 -0.00495363586
v -0.00569510274 -0.0261441097 0.015465091
v -0.00665918831 -0.0261451025 -0.00468115136
v -0.0039377925 -0.00181684329 -0.00991634093
v -0.00234362972 -0.0139850033 0.00513493316
v -0.00267805974 0.010349459 0.0154206958
v -0.00986001734 -0.0379235707 0.015744349
v -0.00270577287 -0.0132222176 0.0153041314
v -0.0036558148 -0.0136034107 -0.00488252705
v -0.00730857113 0.0225204807 -0.0097298054
v -0.0105047608 0.0354516357 -0.00462067872
v -0.00963441469 -0.0383049734 0.0107949255
v -0.00363312406 0.0107322261 0.02030061
v -0.00513272872 -0.013981265 -0.00991516933
v -0.00119062001 -0.001820395 0.00746556185
v -0.00212361617 -0.0014396297 -0.00269574625
v -0.00485973014 0.0225173607 0.00782999769
v -0.0040458031 -0.0200636331 0.0152360825
v -0.0116032213 0.0407763794 0.00575578772
v -0.0051268111 -0.0251949765 0.0129598388
v -0.00767957186 -0.0322241038 0.0154797267
v -0.0020399522 -0.00790057704 0.0152200144
v -0.00726599758 -0.026144186 -0.00716682663
v -0.012640927 0.0407775156 -0.00428007683
v -0.00974712986 0.0345000215 -0.00232275017
v -0.0121240411 0.0411569998 0.000737987459
v -0.00188962999 0.00426296704 1.22973761e-05
v -0.00401303312 0.0103493044 -0.00738493726
v -0.010568683 -0.0383050404 -0.00189265935
v -0.012852259 -0.0443843827 0.00078681478
v -0.00771611929 -0.0318460949 0.000205591306
v -0.0122572631 -0.0443839543 0.010852363
v -0.00700146938 -0.0314656608 0.0105394367
v -0.00312430691 0.0107308701 0.0178190824
v -0.00217328034 0.0107273664 0.00741302548
v -0.00333284703 0.0164324306 0.0102539817
v -0.00682973675 0.0286037773 0.0104884487
v -0.0115678692 0.0407769755 0.0108061386
v -0.00428544544 -0.00789943431 -0.00989303086
v -0.0139131276 0.0411596596 -0.00932644401
v -0.0132976444 0.0411586985 -0.00676240586
v -0.00850195345 0.0286052339 -0.00708395569
v -0.00560342846 -0.0200636685 -0.00727830129
v -0.00706444168 0.0293641165 0.0080172969
v -0.0121678822 -0.0441944376 0.00794500299
v -0.00437346241 -0.0198724866 0.0176659897
v -0.00929257087 -0.0322241336 -0.00703094481
v -0.014230676 -0.0443826206 -0.00669984566
v -0.0132050412 -0.0443839878 -0.00171589199
v -0.00446598977 -0.0200653449 -0.00230184384
v -0.00511539867 0.0164340306 -0.00731102377
v -0.00336495414 0.00426525204 -0.00742839091
v -0.00228095078 0.00426348066 -0.00244835019
v -0.00754926447 0.0286037382 -0.00209511095
v -0.0122481901 0.0407769419 -0.00178004906
v -0.00410631485 0.0164323822 -0.00232595997
v -0.00239548995 -0.00790245365 -0.00244067027
v -0.00427932199 0.0170056261 0.0176596772
v -0.00127730286 0.00122092559 0.00506343599
v -0.00439316593 -0.0231063478 0.00527235446
v -0.00583132217 0.0255600438 0.00536878267
v -0.00562068354 0.0229002815 0.0166443326
v -0.00634217169 0.0259425826 0.015271632
v -0.0150574166 -0.0474227704 -0.00411805138
v -0.00355304778 -0.00143730233 -0.00867895968
v -0.00848018471 -0.0352660492 0.00554638915
v -0.00749529433 -0.0257636365 -0.00841463264
v -0.0070542777 0.0229002368 -0.00844420306
v -0.00950898416 0.0350700282 0.00182582811
v -0.00249431445 0.0107272156 0.00135549577
v -0.00174222642 0.0012212015 -0.000116009069
v -0.0039744908 0.00122476788 -0.00999282952
v -0.00486880308 -0.0231061168 0.000251524878
v -0.00232918211 -0.0109439678 8.12436992e-05
v -0.0108388634 -0.038304694 -0.00337457052
v -0.00295467651 -0.0136017473 0.0165445264
v -0.00396398688 -0.0135990512 0.0214280766
v -0.0084148813 -0.0352653749 0.0105947321
v -0.00956313126 0.0346919969 0.0167113021
v -0.00130621099 0.00122176006 0.0101180961
v -0.00269935071 0.0133899534 0.0102115059
v -0.00906040985 0.0346896313 0.00684847264
v -0.00582323922 0.0255607404 0.0104209622
v -0.0106051648 0.0384944081 0.0107810637
v -0.00228470936 -0.0139848962 0.00643363735
v -0.00425129244 -0.0227255691 0.0103155635
v -0.0018715692 -0.0109433932 0.0101560038
v -0.0071136998 -0.0231028516 -0.00970339682
v -0.0125044603 0.0377358533 -0.00938142091
v -0.0043477132 -0.00181614654 -0.0111520384
v -0.00121016533 -0.00182013109 0.00884847436
v -0.00186364364 -0.00182018627 -0.00117367588
v -0.00238648895 -0.00143598695 0.0187959485
v -0.00291817612 -0.0170256179 0.00517345686
v -0.00486516859 0.0225175694 0.00909354258
v -0.00595537713 0.0225211997 0.0193115603
v -0.00525360927 -0.0263360925 0.00874458067
v -0.00335642067 -0.0170231909 0.0150714368
v -0.00429959735 -0.0170241483 -0.00483936165
v -0.00903437007 0.0316475183 -0.00452189567
v -0.00289422716 -0.00181861769 -0.00619677315
v -0.00626330031 -0.0291864611 0.00539774681
v -0.00130666583 -0.00182070769 0.00372327608
v -0.00462871464 0.0198570397 0.0153935896
v -0.00553046353 -0.0261446144 0.0141513953
v -0.00695188623 -0.0261446703 -0.00592470821
v -0.00750701688 -0.0288051274 -0.00462430483
v -0.00268871686 -0.00486048404 -0.00494737085
v -0.00496727508 0.0225170832 0.00396871939
v -0.00975471921 0.0350703336 -0.000684054685
v -0.0134774782 0.0442005694 0.000591889024
v -0.00228044856 0.0107270982 0.00386751676
v -0.00225201296 0.00768523244 -0.000160776777
v -0.00435721874 0.00730842166 -0.00992769282
v -0.00651496463 0.0194777716 -0.00978301652
v -0.00333161233 -0.0166452806 -8.8389701e-05
v -0.00897713937 -0.0291830674 -0.00969687756
v -0.00343204802 -0.0136004211 0.0191028975
v -0.0109136244 -0.0413445197 0.0107622724
v -0.00621168921 -0.0291857515 0.0104470085
v -0.00218713121 0.0107276319 0.00891397987
v -0.00255643832 0.0107291471 0.0139914621
v -0.00176304113 0.00730550056 0.0101487264
v -0.00406866334 0.0194750614 0.0103033176
v -0.00791397784 0.0316469334 0.0105611468
v -0.00289440551 -0.0170248225 0.0102640586
v -0.00133647863 -0.00486120814 0.0101201255
v -0.00401545363 -0.01360285 -0.00635844143
v -0.00559430663 -0.0166419093 -0.0098052714
v -0.00405039871 -0.00485823024 -0.0099087907
v -0.0101949135 0.0316493623 -0.00949680153
v -0.0134233385 0.0407787189 -0.0080171572
v -0.0128762927 0.0407778695 -0.00552747771
v -0.00881169643 0.0286057293 -0.00832636748
v -0.00752246194 0.0255622324 -0.00714963116
v -0.00955969375 0.0316483453 -0.00701303454
v -0.00389245828 -0.0109416824 -0.0073930216
v -0.00332341995 -0.00485946657 -0.00743117556
v -0.00492324634 -0.0170231741 -0.00732390769
v -0.00291132531 -0.016263999 0.0125547061
v -0.00352895888 -0.0200655758 0.00900394935
v -0.0041012615 -0.0223460253 0.00781861693
v -0.0105620204 0.0381145403 0.0131861074
v -0.00620505307 0.026322104 0.0127755515
v -0.00679999916 0.0286035296 0.00922327302
v -0.00788914785 0.0316464938 0.00803312007
v -0.00295125553 0.0137709705 0.0126758069
v -0.00433146628 0.0198560841 0.0127683496
v -0.00149770163 0.00198290916 0.0124599226
v -0.00169682992 0.00730497111 0.00761792576
v -0.00221096724 0.0012248077 0.0177183691
v -0.00740858587 0.0286057889 0.0168036874
v -0.00673996378 0.025943758 0.0180615112
v -0.0085528139 -0.0352647379 0.0130513916
v -0.00636512646 -0.0291850809 0.0129047073
v -0.0122381998 -0.044384174 0.00958790351
v -0.0108971549 -0.0413449444 0.00823480729
v -0.00324003585 -0.00751709798 0.0213795342
v -0.00425241468 -0.0200629998 0.0166710149
v -0.00512511283 -0.0227227211 0.0179532357
v -0.00372122228 -0.0166418087 0.017859105
v -0.00948914047 -0.0318436436 -0.00828094408
v -0.0145450551 -0.0443821661 -0.00794194639
v -0.0129036279 -0.0413431525 -0.00678882422
v -0.00754280156 -0.03184627 0.00169399625
v -0.00728502357 -0.0318463743 0.00420307321
v -0.012697665 -0.0443845019 0.00203962903
v -0.0135771735 -0.0445735939 -0.0033291264
v -0.0130150868 -0.044384215 -0.000465447287
v -0.00392226875 -0.0200659856 0.00145123992
v -0.00360468565 -0.0196860526 0.00395630673
v -0.00473758066 -0.0200649798 -0.00366523559
v -0.00423385017 -0.0200656429 -0.000935805088
v -0.00525811687 -0.0231056437 -0.00224873167
v -0.00544556323 0.0164345801 -0.00855206698
v -0.00481584016 0.0164335333 -0.00606792979
v -0.00302417856 0.00426467462 -0.00606963551
v -0.00151610654 0.0042626746 0.00377679337
v -0.00252177124 0.00426383456 -0.00369538297
v -0.00210228306 0.00464342441 -0.00119714951
v -0.0120205553 0.0411568843 0.00199422846
v -0.0116681112 0.0407763533 0.00445748307
v -0.00703381142 0.0289834607 0.00418622885
v -0.00738453353 0.0286034979 -0.000842975162
v -0.0124314632 0.0407772064 -0.00303094019
v -0.0120913479 0.0407767259 -0.000527384167
v -0.0043107979 0.01643271 -0.00357542909
v -0.00401325338 0.0168124363 -0.00106901932
v -0.00348833413 0.0133899041 -0.00236739544
v -0.00273700641 -0.0109434491 -0.00241777184
v -0.00274878019 -0.0105602387 0.0177939031
v -0.00787196402 -0.032223545 0.0168742295
v -0.00907500926 -0.035072919 0.0179812275
v -0.00691771787 -0.0288030375 0.0180734303
v -0.00406862888 0.0168149788 0.0166192167
v -0.00338815316 0.0168120973 0.00646814844
v -0.0115677062 0.0407764502 0.00701658614
v -0.00148349209 -0.00790275261 0.00862995628
v -0.00470653921 -0.00789871812 -0.0111674527
v -0.00499279425 -0.0109398598 -0.0109508876
v -0.00523879752 0.0198588166 0.0192240402
v -0.00397298811 0.0141541315 0.019178642
v -0.00623753341 -0.0293760784 0.00881055277
v -0.00251548062 -0.0109437397 -0.00116944453
v -0.00567250419 0.0137737142 -0.0110632116
v -0.00369515712 0.0133902393 -0.00361670763
v -0.0111833857 0.0377338044 -0.00323304604
v -0.00181141414 0.00730465632 0.00375711941
v -0.00134651072 0.00122088438 0.00376542192
v -0.001564687 0.00122101069 0.00129316445
v -0.00412596297 0.019474294 0.00399125833
v -0.00275125052 0.0133891478 0.0038596096
v -0.00303562242 0.0137695661 0.00139179034
v -0.0047888034 0.00768933585 -0.0111224633
v -0.00357121485 0.00122408301 -0.00867774151
v -0.00484474655 0.0133921467 -0.00859235134
v -0.00504709175 -0.0231059156 -0.000999700511
v -0.00472081127 -0.0231062658 0.00150478212
v -0.00217508338 -0.010944129 0.00133409153
v -0.0109191462 -0.0409652591 0.00444674026
v -0.00635854993 -0.0291864928 0.00410147849
v -0.00857810024 -0.0352660753 0.00421082461
v -0.0154925771 -0.0476122573 -0.00572705967
v -0.00785677321 -0.0288046226 -0.00610088184
v -0.0107532851 -0.0352634266 -0.00819618348
v -0.0054874057 -0.0231020357 0.0193591323
v -0.00490334025 -0.0227233618 0.0165962335
v -0.0108914059 -0.0413447618 0.00949760154
v -0.0109831048 -0.0409635901 0.0145564694
v -0.00649725087 -0.0291846301 0.0142556941
v -0.00686260965 0.0255640671 0.0194513388
v -0.00654894579 0.0259431936 0.0167855211
v -0.00446462817 0.0137752919 0.0216984879
v -0.00171361782 0.00730520347 0.00888223108
v -0.00124358118 0.00122103526 0.00632435549
v -0.00161532639 0.00122302515 0.0138888862
v -0.00447068922 0.0198565461 0.0141198123
v -0.00788729358 0.0316466838 0.00929617602
v -0.00579052046 0.0255604852 0.00915558729
v -0.00815773755 0.0316479392 0.0142880799
v -0.00421128655 -0.0227258448 0.00904969871
v -0.00220291084 -0.0109421443 0.0139282839
v -0.00459557446 -0.0170236882 -0.00608269824
v -0.00609593792 -0.0231044516 -0.00610052049
v -0.00673526525 -0.0231034514 -0.00846559182
v -0.0029948242 -0.00486000394 -0.00619002851
v -0.00425867317 -0.0109410966 -0.00863164756
v -0.00928307045 0.031647902 -0.00576840248
v -0.00783762708 0.0255627465 -0.00839167926
v -0.00986380782 0.0316488296 -0.00825582352
v -0.00528186699 -0.017022606 -0.00856304262
v -0.00790106505 0.0316463597 0.00677073887
v -0.00572879985 0.0198601 0.0215464067
v -0.0085073607 0.0318390019 0.0166799873
v -0.00357759139 -0.0170225129 0.0165862925
v -0.00857487414 -0.029183697 -0.00834224559
v -0.0132200746 -0.0413426869 -0.00803078618
v -0.0111858109 -0.0409651622 0.00193825946
v -0.0120777898 -0.0413442887 -0.00305465376
v -0.0039717881 0.0073077702 -0.0086508831
v -0.00279635121 0.00730579486 -0.00367697235
v -0.00833978597 0.0320267454 0.00174743368
v -0.00404432788 0.0194744188 0.00647267094
v -0.00245459308 -0.00181931583 -0.00433147838
v -0.00184187701 -0.00181769731 0.0158383232
v -0.00471515069 -0.0242464133 0.00529394345
v -0.00514344824 -0.0242440049 0.0154281026
v -0.00667627528 0.0244203322 -0.00491685327
v -0.00374420686 -0.00181717239 -0.00929772947
v -0.00282669789 -0.00181504129 0.0207202304
v -0.0103315189 -0.0364045762 -0.00467176922
v -0.00722500868 0.022900518 -0.00906434283
v -0.0102087744 0.0350709967 -0.00381156174
v -0.00971273705 0.0354504995 0.00124737422
v -0.00337768812 0.0107284272 -0.00434853369
v -0.00262793107 0.0111075714 0.000732864428
v -0.00351816346 -0.0136036221 -0.00426016608
v -0.00250090449 -0.0120842746 1.38094347e-05
v -0.00285404664 -0.0136020454 0.0159061886
v -0.00993908755 -0.0379233323 0.0163812395
v -0.00546715222 0.0244196337 0.0103970859
v -0.00967196468 0.0362118557 0.0106790187
v -0.00231033121 -0.0139849624 0.00576429069
v -0.00745293498 -0.0242429096 -0.00975960027
v -0.00779636297 0.0240419805 -0.00989447162
v -0.00119712448 -0.00182026147 0.00821601134
v -0.00197386253 -0.00182003656 -0.00183735089
v -0.00592469936 0.02290117 0.0185594894
v -0.0061863102 -0.0261426941 0.0185770299
v -0.00604681019 -0.0261459239 -0.0016037348
v -0.00310087623 -0.00124797365 -0.00705135241
v -0.00525580114 -0.0253847372 0.0136987623
v -0.007105208 -0.0261444338 -0.00654601632
v -0.00968348328 0.0346900336 -0.00132042251
v -0.00288037886 0.0103474492 -0.00181604351
v -0.00233870442 0.0107271094 0.00300298654
v -0.00385546312 0.0103490399 -0.00676391134
v -0.0103102773 -0.0379252136 -0.00127839576
v -0.00971677434 -0.0379257314 0.00349768507
v -0.00945291575 -0.0307031088 -0.00954655185
v -0.00331625831 -0.0139809968 0.0182266962
v -0.00324528106 0.0107312026 0.0184587818
v -0.00217665941 0.0107275099 0.00828168914
v -0.002488998 0.0107289068 0.013355352
v -0.00736389123 0.0301253479 0.0105637368
v -0.00422715629 -0.00637872843 -0.0101337861
v -0.0105585977 0.0346913524 -0.00635394268
v -0.0144341365 0.0423010066 -0.00944940653
v -0.013575702 0.0407789499 -0.00863852911
v -0.0130035896 0.0407780595 -0.00615053112
v -0.00835762918 0.0286049992 -0.00646204175
v -0.00543783465 -0.0200639237 -0.00665781368
v -0.0115863392 0.0407771021 0.0114389667
v -0.00685759028 0.0286039319 0.0111613795
v -0.00679633766 0.0286034215 0.00859143771
v -0.00336575345 0.0164325908 0.0108877774
v -0.00249177148 0.00426687486 0.018329313
v -0.00769981416 0.0286066327 0.0187179856
v -0.00716304965 -0.0318454951 0.0111423871
v -0.0122388229 -0.0443842784 0.00895635597
v -0.00415011356 -0.0200633053 0.0159930903
v -0.0044901683 -0.0196820162 0.0185422525
v -0.00986937806 -0.0322232395 -0.00912388321
v -0.00900030229 -0.0318443924 -0.00641895086
v -0.0140796853 -0.0443828329 -0.00607837876
v -0.00761163002 -0.0318462104 0.00106702128
v -0.0127805518 -0.044384446 0.00141359668
v -0.0131066833 -0.044384107 -0.00109089713
v -0.00192279229 -0.00790304877 0.000527688186
v -0.00399430748 -0.0200659148 0.000824479852
v -0.00367591227 -0.0196860395 0.00309264637
v -0.00435493374 -0.0200654902 -0.00167770043
v -0.00496175559 0.0164337754 -0.00668973476
v -0.00320435083 0.00426497916 -0.00680756848
v -0.00341590773 0.0164316464 0.00346995657
v -0.00180347881 0.00426287157 0.000677585078
v -0.00158422953 0.00464291684 0.00318924524
v -0.00177974557 0.00616392214 0.00249181595
v -0.00266715186 0.00426407252 -0.00443564961
v -0.00217358395 0.00426332653 -0.00182395964
v -0.0120689608 0.0411569402 0.00136588421
v -0.00709230592 0.0289834738 0.00332171447
v -0.00746316882 0.0286036115 -0.00146929419
v -0.0125329429 0.0407773517 -0.00365572656
v -0.0121664563 0.0407768302 -0.00115393952
v -0.00401626481 0.0164322387 -0.00170040829
v -0.00278695044 -0.00752167543 -0.00454603974
v -0.00227929815 -0.00790260918 -0.00181687146
v -0.00210265187 -0.00752014481 0.0158558078
v -0.00777986832 -0.0322238058 0.0162364636
v -0.00815799832 -0.0322227478 0.018630283
v -0.00396374054 0.0168146621 0.0159016438
v -0.00430224231 0.0164355747 0.0184901785
v -0.00463039009 0.0183368623 0.0179200657
v -0.00345045165 0.0170021877 0.00558415148
v -0.011582098 0.0407764092 0.00638596155
v -0.00497837225 0.0228976365 0.00720636314
v -0.00747066271 0.0270828679 -0.00466621621
v -0.00337503711 -0.00143760501 -0.00805930514
v -0.00731943874 -0.0257639121 -0.00779483374
v -0.0121748392 0.0396362431 -0.00439027697
v -0.0068892343 0.0274621826 0.000150148509
v -0.00182868505 0.00255199545 -0.000327321293
v -0.0106775658 -0.0383049026 -0.00251694908
v -0.00842165388 -0.0337459631 0.00025289724
v -0.0103966575 -0.0333630033 -0.00948327407
v -0.00307747116 0.011110846 0.0172238257
v -0.0090550622 0.0346896872 0.00747970492
v -0.00631783623 0.0270822532 0.0104935989
v -0.00220679701 -0.0136047341 0.00702052983
v -0.00169061532 -0.00942291785 0.0101438705
v -0.00671513053 -0.0215826929 -0.00973012019
v -0.00413899822 -0.00181650126 -0.010534442
v -0.00900687929 0.0335504077 0.0156871453
v -0.00521443412 -0.0261458922 0.00974855013
v -0.00806601346 -0.0257627312 -0.0102711357
v -0.00327594299 0.00863724481 -0.00528300367
v -0.00274435151 -0.00181886484 -0.00557523128
v -0.00561133074 -0.0261443611 0.0148278838
v -0.00680611935 -0.0261448957 -0.00530289067
v -0.0026900284 -0.00333971437 -0.00522360392
v -0.0050407066 0.0228974558 0.00468418142
v -0.00224859477 0.0107271085 0.00449697068
v -0.00456726272 0.00882951077 -0.0100320335
v -0.00688865781 0.0209990907 -0.00971848611
v -0.00239210017 -0.0139850359 0.00438817032
v -0.00845089648 -0.0276631098 -0.00961373653
v -0.00961434841 -0.0383051261 0.0100435661
v -0.00977910776 -0.037923824 0.0150283845
v -0.0102641014 -0.0398247764 0.0107187219
v -0.00263179257 0.0107293986 0.0146281058
v -0.0019560135 0.00882655848 0.0102011394
v -0.00905421283 0.0346900597 0.0100060087
v -0.00229599932 -0.0139843579 0.00955286901
v -0.0025940605 -0.015504539 0.0102044465
v -0.00128318556 -0.00334054022 0.010116552
v -0.00380167039 -0.0136031834 -0.00550433854
v -0.0054262178 -0.0155015858 -0.00997444056
v -0.0116498694 0.0350732654 -0.0101097869
v -0.0107556656 0.0331709608 -0.00949867722
v -0.0132771609 0.0407784916 -0.00739536993
v -0.012755394 0.0407776833 -0.00490399264
v -0.00865333248 0.028605476 -0.00770539697
v -0.00812513661 0.0274640918 -0.00710922154
v -0.00577665819 -0.020063391 -0.00789827667
v -0.0034382937 -0.0196858495 0.0070241522
v -0.00354599627 -0.0200654455 0.00963668153
v -0.00253580068 -0.0155050559 0.00771365268
v -0.00229160371 0.00312585826 0.0176843032
v -0.0122443587 -0.0443840772 0.0102199074
v -0.00970913656 -0.0333640687 -0.00700301398
v -0.00723535521 -0.0318463668 0.00483133225
v -0.012394649 -0.0443845987 0.00505883945
v -0.0133101316 -0.0443838611 -0.00234043598
v -0.0129302647 -0.044384297 0.000160455253
v -0.0137630142 -0.0455237143 -0.00191532669
v -0.00355397211 -0.0196860414 0.00458449638
v -0.00458529312 -0.0200651884 -0.00292543485
v -0.00476144347 0.0168136228 -0.00543998601
v -0.00341520179 0.0166218057 0.00420018518
v -0.00239704107 0.00426365063 -0.0030721568
v -0.00200354867 0.00464330241 -0.000572180434
v -0.0116310986 0.0407763608 0.00512606651
v -0.0068682218 0.0286030807 0.00480671646
v -0.00731336838 0.0286033973 -0.000216157059
v -0.0123365363 0.040777076 -0.00240571564
v -0.0120228874 0.0407766439 9.96153321e-05
v -0.00420450931 0.0164325405 -0.00295096636
v -0.00831889454 -0.032225512 -0.00271457224
v -0.0055545494 -0.0272862744 0.0076397392
v -0.00337425992 0.0168121699 0.00709880749
v -0.00330805941 0.0164322834 0.00962072704
v -0.00150335499 -0.00809315685 0.00659835711
v -0.00151059742 -0.00790255796 0.00950020831
v -0.00120497437 -0.00296091824 0.00758494716
v -0.00448565278 -0.00789909437 -0.010511199
v -0.00184087595 -0.010943559 0.00948287919
v -0.0110847149 0.039635133 0.00674735568
v -0.00619076006 -0.0291858912 0.00981401466
v -0.00702706911 -0.0288027283 0.0187123511
v -0.0088939555 -0.035263624 0.0162716899
v -0.00939218421 -0.0364033394 0.0167393144
v -0.0026647835 -0.0109407268 0.0170777272
v -0.00946510304 -0.0352652669 -0.00263771927
v -0.00262187561 -0.0109436018 -0.00179390167
v -0.00241788616 -0.0109438607 -0.000544399139
v -0.00579940667 0.0133937504 -0.0116468156
v -0.00473831035 0.0194748789 -0.00165199523
v -0.00381089351 0.0133904284 -0.00424053846
v -0.00358762289 0.0133900642 -0.00299232849
v -0.0110680638 0.0377336368 -0.00249076658
v -0.00541998865 0.0240385327 0.00399907352
v -0.0105793485 0.0381133333 0.00379236671
v -0.00164713885 0.00578364218 0.003785579
v -0.00130815618 0.00122089614 0.00443391455
v -0.00131251139 -0.000299937412 0.00372366817
v -0.0016389332 0.0012210852 0.00066655234
v -0.00417544879 0.0194743033 0.00324456277
v -0.00453723362 0.0209956709 0.00393988518
v -0.0027168633 0.0133891581 0.00452836836
v -0.00247078482 0.0118679609 0.00388027891
v -0.00305893365 0.0149103766 0.00384076545
v -0.00318234391 0.0141499396 0.000770037645
v -0.00494794222 0.00730942097 -0.0117039056
v -0.00458354084 0.00768898893 -0.010504636
v -0.00457457267 0.00122578605 -0.0117684146
v -0.00375664351 0.00122439768 -0.00929689594
v -0.00339361979 0.0012237815 -0.00805805903
v -0.00354895671 -0.000296726066 -0.00867923349
v -0.00467360206 0.0133918608 -0.00797223672
v -0.00513202976 0.0149133438 -0.00857308879
v -0.00514853653 -0.0231057908 -0.00162448955
v -0.00495383423 -0.0231060255 -0.00037436423
v -0.00538339606 -0.0231054798 -0.00291139679
v -0.00479205046 -0.0231062043 0.000877968385
v -0.0014158577 -0.00448192423 0.00317795575
v -0.00224945322 -0.0109440563 0.000707487692
v -0.00233678403 -0.0120844478 0.00134493352
v -0.0108702695 -0.0409652516 0.00507505378
v -0.00852202717 -0.0352660716 0.00491760438
v -0.0127492873 -0.041343376 -0.00616758177
v -0.0151862018 -0.0474225916 -0.00474100746
v -0.007651967 -0.0288049188 -0.00524617685
v -0.0111954035 -0.036403317 -0.00816653948
v -0.00501667755 -0.0227230303 0.0173143744
v -0.0108907688 -0.0413448587 0.00886596926
v -0.0108990446 -0.0413446575 0.0101297041
v -0.0109272404 -0.0409637839 0.0139211351
v -0.0110456385 -0.0409633741 0.0151922535
v -0.00643090112 -0.0291848518 0.0136196567
v -0.00657095015 -0.0291843936 0.014892227
v -0.00846753269 -0.0348845571 0.0137562128
v -0.00844004657 -0.0352652296 0.0112280091
v -0.00672092801 0.025563674 0.0186523516
v -0.00645879703 0.0259429235 0.0161478855
v -0.00664100423 0.0259434693 0.0174232852
v -0.0059269811 0.0240412597 0.0164674968
v -0.00234517758 0.00122517243 0.0183984302
v -0.00189840945 0.00160408381 0.0158421136
v -0.00170194043 0.00730507867 0.00824985933
v -0.00173401553 0.0073053441 0.0095151877
v -0.00127500761 0.00122159929 0.00948441122
v -0.00125575031 0.0012209717 0.00569358096
v -0.00123391114 0.00122111489 0.00695529766
v -0.00121448108 8.0406382e-05 0.00624345569
v -0.00156272773 0.00160300138 0.0132932458
v -0.00170014205 0.00122330501 0.0145656392
v -0.00440088008 0.0198563244 0.0134835429
v -0.0044459966 0.0194764324 0.0147102745
v -0.007884847 0.0316465832 0.00866442174
v -0.00789701752 0.031646803 0.00992841832
v -0.00578566268 0.0255603753 0.00852367189
v -0.00823198538 0.0316481814 0.0150035992
v -0.00585101824 0.0255608913 0.0110544143
v -0.00286577339 -0.0170249864 0.00959107187
v -0.00420353236 -0.0227259602 0.00841759052
v -0.00431771157 -0.0231061839 0.0071225916
v -0.00463191187 -0.0227241758 0.0146832652
v -0.0042834417 -0.0227254052 0.010949309
v -0.00208831136 -0.0105622606 0.0133284861
v -0.00190931605 -0.01094322 0.0107901236
v -0.00580011774 -0.0166415796 -0.0104230642
v -0.00475549325 -0.0170234386 -0.00670356443
v -0.00444358122 -0.0170239229 -0.00546129839
v -0.00692084851 -0.0231031552 -0.00908473693
v -0.00645407289 -0.0227236971 -0.00785285607
v -0.00633392017 -0.0215833001 -0.00849250238
v -0.00316017494 -0.00485974271 -0.00681053009
v -0.00283763837 -0.00486025168 -0.00556897651
v -0.00372111821 -0.0109419525 -0.00677291909
v -0.00407167478 -0.0109413955 -0.00801259559
v -0.00447190832 -0.0124615384 -0.0086173499
v -0.00407134602 -0.00942061003 -0.00864420738
v -0.0103704184 0.0316496454 -0.0101166256
v -0.0101542193 0.0305087827 -0.0107627129
v -0.0094179213 0.031648118 -0.00639094925
v -0.00915520545 0.0316477083 -0.00514538493
v -0.00737566315 0.0255619977 -0.00652788254
v -0.00767647009 0.0255624838 -0.00777089549
v -0.00738182897 0.0240413006 -0.00842224061
v -0.0120269386 0.0377350934 -0.00747919735
v -0.0129493093 0.039637439 -0.00804894138
v -0.0140665555 0.0423004366 -0.00797403045
v -0.0100260163 0.0316490941 -0.00887653511
v -0.00970834866 0.03164858 -0.00763465837
v -0.00509872893 -0.0170228947 -0.00794373173
v -0.00137591362 -0.00486103119 0.010754359
v -0.00319016096 -0.0185457654 0.00641539926
v -0.00793815125 0.0316470712 0.0111943567
v -0.00791263767 0.0316463113 0.00613992475
v -0.0078968564 0.031646423 0.00740204705
v -0.00409990503 0.019475216 0.0109370025
v -0.00255299057 0.00768831279 0.0169123374
v -0.00262974203 0.00882889517 0.0165227391
v -0.00789447036 0.0301272236 0.0165994186
v -0.00916938577 0.033550892 0.0169612207
v -0.00624033017 -0.0291855987 0.0110805184
v -0.010748134 -0.0409650914 0.00751427608
v -0.00347923022 -0.0170228053 0.0159481075
v -0.00369032728 -0.0170221832 0.0172649194
v -0.00318858819 -0.0153123345 0.0161852036
v -0.00840224233 -0.029183967 -0.00772223203
v -0.0090896301 -0.030703675 -0.00830773171
v -0.013386447 -0.0413424335 -0.00865121838
v -0.0130601386 -0.0413429253 -0.00740992092
v -0.0138756465 -0.0428624377 -0.00798682962
v -0.0112612881 -0.0409651101 0.00131173024
v -0.0122219576 -0.0413440987 -0.00379500119
v -0.0119638797 -0.0413444266 -0.00243070186
v -0.00416369596 -0.0170243531 -0.00421688333
v -0.00578463543 0.0179558508 -0.00852933154
v -0.00415459182 0.0073080794 -0.00927021354
v -0.00379675138 0.0073074745 -0.00803102925
v -0.00385954673 0.00616702531 -0.00865840912
v -0.00474299351 0.020995779 0.00150626956
v -0.00296830432 0.00711598853 -0.00467203977
v -0.00268493011 0.00730561325 -0.00305285375
v -0.00892061926 0.0316473395 -0.00389793213
v -0.00254816329 -0.00486070151 -0.00432520453
v -0.00736959185 -0.0288053136 -0.00400192849
v -0.0020728542 -0.00637953635 0.016209079
v -0.0062292642 -0.0291864257 0.00602705404
v -0.00420779083 0.0200448651 0.00563493138
v -0.00366125186 0.0179530736 0.00640751142
v -0.00445081806 0.0209957939 0.00646045152
v -0.00137322955 -0.0063825543 0.00633304846
v -0.00120673433 -0.00296101649 0.00695347553
v -0.00135886681 -0.00638247374 0.00696367584
v -0.00139083073 -0.0063826181 0.00570263807
v -0.00364549877 0.0179531537 0.00711699435
v -0.00670808414 -0.0307062455 0.00732234027
v -0.00662378455 -0.0303263925 0.00597455818
v -0.00266894512 -0.00638128212 -0.00443552947
v -0.00285533769 0.0088266395 -0.0029624796
v -0.00368390093 0.00616672728 -0.00803859625
v -0.00411374215 0.00616745418 -0.00950979814
v -0.00360421906 -0.0155044189 -0.00303069036
v -0.0046178652 -0.0187345203 -0.00456143683
v -0.0140402131 -0.0428621955 -0.00860738382
v -0.00926779676 -0.0307034012 -0.00892737322
v -0.00471766479 -0.0185405593 0.0208075438
v -0.00299622235 -0.00637705578 0.0207315963
v -0.00662399083 -0.0303255841 0.0110272942
v -0.00861296616 0.0335484482 0.00737111317
v -0.00254611508 -0.015505176 0.00688538281
v -0.00317254243 -0.0185456872 0.00708528282
v -0.00968690589 0.030508019 -0.00913611799
v -0.013913177 0.0423001982 -0.00731324777
v -0.0142171877 0.0423006713 -0.00859551784
v -0.00827995781 0.0272742566 -0.00798701402
v -0.00755150849 0.02404158 -0.00904245116
v -0.00428574439 -0.0124618346 -0.00799824297
v -0.00324890902 -0.00600018073 -0.00688353134
v -0.00615439191 -0.0215835795 -0.00787295029
v -0.00723669492 -0.0242432486 -0.00906355958
v -0.00689872541 -0.0212022029 -0.0105862487
v -0.00206840155 -0.00942149945 0.0143140098
v -0.00243206881 -0.0120822331 0.0145357661
v -0.00167770812 -0.00333900307 0.014524661
v -0.00490969606 -0.0242447369 0.0135176592
v -0.00351404538 -0.0181636568 0.0144504141
v -0.00391055411 -0.0215860568 0.00709529174
v -0.00382585148 -0.0212055929 0.0095764976
v -0.00256529986 -0.0155047029 0.00953145139
v -0.00665467093 0.0270835329 0.014858366
v -0.00655076467 0.0278424602 0.00711441971
v -0.00532049965 0.0240387246 0.00722930254
v -0.00846633408 0.0331684127 0.0099271154
v -0.00747942086 0.0305055883 0.0098214699
v -0.00120402768 8.04957745e-05 0.00695329392
v -0.00903474167 -0.0367850773 0.0111889346
v -0.00816533156 -0.0337442234 0.0149596557
v -0.00930723734 -0.0367840193 0.0148388483
v -0.00604625791 -0.0276644975 0.0145807248
v -0.00692523085 -0.0303244665 0.0146791348
v -0.0115825012 -0.0424835235 0.0139650702
v -0.0102479598 -0.0398249105 0.0100465734
v -0.0036561843 -0.0124590816 0.0208547991
v -0.0150698647 -0.0459021106 -0.00727516925
v -0.013099608 -0.0459042713 0.00498768361
v -0.00241088332 -0.0120843761 0.000718311523
v -0.00497558387 -0.0215853471 -0.00293874065
v -0.00344791845 0.0027446372 -0.00805441849
v -0.00336021371 -0.000297046936 -0.00802082289
v -0.00384811708 -0.000486314413 -0.00966577325
v -0.00481989048 0.0057884641 -0.0117519656
v -0.00302206702 0.0149103869 0.00454883184
v -0.00243883999 0.0118679721 0.004509727
v -0.00252012792 0.0118679693 0.0031335738
v -0.00372225372 0.0179529563 0.00435893331
v -0.00138389017 0.0027417643 0.0043205698
v -0.00127762544 8.02755239e-05 0.00443186751
v -0.00172309158 0.00616389699 0.0031985559
v -0.00233632652 0.00312298466 -0.00315517699
v -0.0111549534 0.0396350473 0.00485729473
v -0.00647939416 0.0274619199 0.00478064502
v -0.00538222725 0.0240385439 0.00470708031
v -0.0106635615 0.0362122543 -0.00382054294
v -0.00714735966 0.0209995136 -0.010569578
v -0.0027957831 -0.0120839067 -0.00186119054
v -0.00165938155 -0.00942308642 0.00947071053
v -0.0120520489 0.0396360569 -0.00368797057
v -0.00734668411 0.0270826761 -0.00400346471
v -0.0136269461 -0.0455238707 -0.00105601351
v -0.0102144862 -0.0333632939 -0.00886389799
v -0.00243263552 0.0031262422 0.0184042957
v -0.00634714635 0.0270824116 0.0111666285
v -0.00652087014 -0.0215829983 -0.00911155529
v -0.00786535628 0.0270834975 -0.00653452473
v -0.0123769436 0.0392563641 -0.00623202324
v -0.0131029477 0.0396376736 -0.0086702276
v -0.00384362461 -0.00295759155 -0.00952790957
v -0.00210736203 0.00958730374 0.0109612998
v -0.00252980087 0.00882859714 0.0158844478
v -0.00908483565 0.0335506462 0.0163239613
v -0.0101268627 -0.0394446924 0.0113411099
v -0.00432916172 0.00882910937 -0.00925850868
v -0.00494551705 0.0213762224 0.000651412527
v -0.00505072298 -0.025386462 0.00531644374
v -0.00512815686 0.0232778359 0.0053216354
v -0.00539601641 0.0227095895 0.0153858243
v -0.0017441049 -0.00105761446 0.0152001772
v -0.00631715031 -0.0250050575 -0.00470408518
v -0.00612337235 0.0228987224 -0.00440128334
v -0.00259370822 -0.000678528391 -0.0049537411
v -0.00939067453 -0.0375457592 0.00560743688
v -0.00939326547 0.0354503803 0.00560761057
v -0.00560786901 -0.0257662944 0.000616874546
v -0.00527888816 0.0225172937 0.000594816753
v -0.00977156032 0.035450574 0.000580254127
v -0.00168051326 -0.00106003368 3.77505203e-05
v -0.00483290805 0.0111110508 -0.00985632371
v -0.00266831252 -0.0132245841 0.000103982347
v -0.00992099568 -0.037545532 0.000353427837
v -0.0119954301 -0.0375426635 -0.00937607605
v -0.0038496803 -0.0139795924 0.0207098741
v -0.00945901312 0.0346916765 0.0158753581
v -0.00229496206 0.0111082057 0.0101843914
v -0.0092210304 0.0350706205 0.0107277315
v -0.00500909192 -0.0253857132 0.0104058478
v -0.00220183423 -0.0132240076 0.0102176219
v -0.00775644789 -0.0253830273 -0.0096603008
v -0.00499342103 -0.0128408857 -0.0100824088
v -0.0116122952 0.0354533754 -0.00944124069
v -0.0133824106 -0.0436234698 -0.00450668111
v -0.00835873466 0.0297455378 -0.00456719706
v -0.00705904979 -0.0314663649 0.00541162724
v -0.00137192511 -0.00182069233 0.00285921525
v -0.00147284404 -0.00714295357 0.00507654715
v -0.00512495358 0.0227087196 0.012959714
v -0.00282912375 -0.00638103392 -0.00513532897
v -0.00502706924 0.0225170944 0.00310429186
v -0.00472483039 0.0171937458 -0.00485032378
v -0.00201122789 0.00540371658 -0.000176921356
v -0.00427178433 0.00521725696 -0.0102689564
v -0.00597079145 0.0171958115 -0.00978002883
v -0.00388862449 -0.0193057358 0.000185804063
v -0.00945129618 -0.0379254743 0.00821681134
v -0.0117467353 -0.0432441756 0.0108181322
v -0.00153527502 0.00502401963 0.0101729287
v -0.00255367346 -0.0139833158 0.0130438916
v -0.00339343841 -0.0193051845 0.0102975182
v -0.00147759996 -0.00714211818 0.0101295877
v -0.00420159707 -0.0136025557 -0.0070565003
v -0.00618896447 -0.0193023458 -0.0098443497
v -0.00946950167 0.0293671489 -0.00978228729
v -0.00173449703 -0.00752134807 0.012988966
v -0.00378586748 -0.0200644433 0.0131265102
v -0.00348174898 -0.0189244226 0.0127113769
v -0.00485116802 -0.0250061937 0.00782942399
v -0.0033390501 -0.0193057042 0.00772803649
v -0.00949177518 0.0354516096 0.0131143481
v -0.00700433459 0.0286045317 0.0133423097
v -0.00539086107 0.0236595739 0.0128393816
v -0.00531246839 0.024038814 0.00789982732
v -0.00247950526 0.011108933 0.0126441764
v -0.0036778627 0.0171937719 0.0127245253
v -0.0016879054 0.00426443713 0.0129858423
v -0.00143091031 -0.00105867488 0.012573868
v -0.00485309726 0.0168171246 0.0207771529
v -0.00300346478 0.00426820945 0.0206531342
v -0.0024751923 0.00540727656 0.0177755598
v -0.00797991548 0.0297474638 0.0180657022
v -0.00714769959 -0.0314650126 0.012957179
v -0.00306132762 -0.00751754642 0.0206570141
v -0.00504716299 -0.0200608317 0.0207901653
v -0.0125204073 -0.0443845838 0.00360671943
v -0.0134314336 -0.0440035574 -0.00391127821
v -0.00489239534 -0.02006476 -0.00436539575
v -0.00250263419 0.0114877028 0.00254028547
v -0.0122573273 0.0419177003 0.00319433562
v -0.0079016136 0.0286042802 -0.00424257759
v -0.00586466026 0.0232785009 -0.00220806338
v -0.00311430031 -0.0130339265 -0.00276747975
v -0.00820541661 -0.0324157327 -0.00167610974
v -0.00249835593 -0.00751901977 0.018092908
v -0.00710061612 -0.0318460539 0.00829604361
v -0.00336833624 0.0168122686 0.00780894933
v -0.0115568759 0.0407766029 0.00847641286
v -0.0120525723 0.0419178717 0.00807543006
v -0.00132642034 0.00236157421 0.00506672962
v -0.0040850793 -0.0219662562 0.00525169726
v -0.00582003454 -0.0257634036 0.0170524437
v -0.00284256088 0.0141497916 0.00516838674
v -0.00509902276 0.0228985939 0.0119513776
v -0.00939736888 -0.034124881 -0.00449755648
v -0.00525110727 0.0228975229 0.00185613416
v -0.00407796632 0.0141512314 -0.00485422183
v -0.00320391799 0.0107281422 -0.00341279898
v -0.00406084256 0.00236548693 -0.0101449378
v -0.00219577691 -0.00980360713 -6.64931804e-06
v -0.00970226619 -0.0383046232 0.0122600254
v -0.00797771011 -0.0341254845 0.0105654197
v -0.00215983647 0.010537087 0.00630684197
v -0.00228005997 0.010348089 0.0117623657
v -0.00135328935 0.00236240402 0.0101212524
v -0.00928683951 0.0350709632 0.0122321714
v -0.00458029704 -0.013601955 -0.00837323535
v -0.00450950908 -0.00941986591 -0.0100753801
v -0.00849398691 0.0263241716 -0.00988717005
v -0.0130145904 0.0388771854 -0.00954458676
v -0.0106671304 -0.0405852944 0.00565354899
v -0.00821537059 0.0324070863 0.00552863302
v -0.00235587312 0.0080678435 0.0153596187
v -0.00636625057 -0.0261422023 0.0195364803
v -0.0118389633 -0.0402041413 -0.00433384813
v -0.00544916745 0.0225174911 -0.000735895417
v -0.00588475121 -0.0280464832 0.00537236501
v -0.00128644216 -0.0041017225 0.0050640488
v -0.00533804484 0.0228994209 0.0144937644
v -0.00545735518 0.020236386 -0.00476173405
v -0.00268320297 0.0101570971 -0.000783192925
v -0.00470395619 0.0202352535 8.2574792e-05
v -0.00177748117 -0.00391132291 -0.000330754498
v -0.0102042044 -0.037925344 -0.00057496829
v -0.00637068646 -0.028046269 0.000352226401
v -0.00276201824 -0.00409639068 0.0202422012
v -0.00339003652 0.01073159 0.0191790294
v -0.00833930541 0.0327881426 0.0105896648
v -0.00540809706 -0.0139808003 -0.0107651427
v -0.00399368536 -0.00371773099 -0.00991259329
v -0.00817079842 0.0286047012 -0.00560613209
v -0.00318470877 -0.00790124759 -0.00605887175
v -0.00522279553 -0.0200642589 -0.0058037946
v -0.00618122518 -0.022343928 -0.0072395606
v -0.00664836355 -0.0200620051 -0.0106819831
v -0.0019715142 -0.010182404 0.0126101151
v -0.00148343772 -0.00410010852 0.0125773903
v -0.00367037905 -0.0200648531 0.0118555864
v -0.00431926223 -0.0223448295 0.0127675319
v -0.00690596877 0.0286041535 0.0120330593
v -0.00342417485 0.0164328385 0.0117601305
v -0.00204026047 0.00806676131 0.0126147252
v -0.00269207871 0.00426740805 0.0192901269
v -0.00275584823 0.00806901045 0.0177943781
v -0.00785830524 0.028607076 0.0196365211
v -0.005991905 -0.0280450862 0.0128796827
v -0.0104106208 -0.0402051695 0.00796533842
v -0.00472792005 -0.020061668 0.0193082076
v -0.00896466896 -0.032414712 -0.00541474251
v -0.00797574036 -0.0284242425 -0.00707976148
v -0.00441431161 0.00464721769 -0.0108317761
v -0.0035649729 0.0164317302 0.00174307835
v -0.00171671552 0.00426278636 0.00142178102
v -0.00707782758 0.0286031514 0.0019786153
v -0.0021339315 -0.00790279638 -0.000958181277
v -0.0078124241 -0.0318459906 -0.000498491107
v -0.00221573608 -0.00371762784 0.0177581627
v -0.00809398759 -0.0345058963 0.00804685429
v -0.00372168655 0.0141534451 0.0178591367
v -0.00510473596 0.0202385075 0.0179518703
v -0.00442034099 -0.00409720326 -0.0111471685
v -0.00214663451 -0.0132243615 0.00867441949
v -0.00185741286 -0.0107541531 0.00516154384
v -0.00180562236 -0.0107540563 0.0063028289
v -0.0119621912 0.0417277962 0.00919439085
v -0.00934482366 0.0354507416 0.00915705785
v -0.010583844 0.0384941213 0.00920065958
v -0.0104651172 0.0381133668 0.00599527266
v -0.00951231737 0.0358308889 0.00687877322
v -0.0106871454 0.038684044 0.00658253906
v -0.00346276653 0.0171927512 0.00876266602
v -0.00422654999 0.0202354286 0.00881387759
v -0.0027998914 0.0141502284 0.00871822052
v -0.00281061907 0.0141498921 0.00642942498
v -0.00319254328 0.0132016856 0.0156723019
v -0.00296473945 0.0111105191 0.0165452007
v -0.00696658948 -0.0314659476 0.00911602005
v -0.00809321739 -0.0345056988 0.00930998381
v -0.00932914484 -0.0375456773 0.00686649233
v -0.00798236392 -0.0341260806 0.00669724122
v -0.00715823844 -0.0288023632 0.019431686
v -0.00986787118 -0.0375431366 0.0169685818
v -0.00226440444 -0.00466801366 0.0178206358
v -0.00263708225 -0.00675819954 0.019049596
v -0.00688467873 -0.0291861016 -0.000600169995
v -0.00977307372 -0.0350747705 -0.0045315763
v -0.0089865718 -0.0337452628 -0.00322244549
v -0.00285319169 -0.0132243587 -0.00114680105
v -0.0068820552 0.0198585577 -0.0106663145
v -0.00635879254 0.0171964578 -0.0110171959
v -0.00474499073 0.0198550802 -0.000941007689
v -0.00351916673 0.0145305432 -0.00110214774
v -0.0105464431 0.036212083 -0.00311785657
v -0.00842764322 0.0316466056 -0.0004967149
v -0.00691957586 0.0255612656 -0.00434789807
v -0.00681943772 0.0259412955 -0.00309143146
v -0.00608384516 0.0232788436 -0.00357496901
v -0.00827804301 0.0324070528 0.00423017982
v -0.00613517314 0.0263207685 0.00412597554
v -0.00945436768 0.0354503542 0.00434852671
v -0.0106989071 0.0384937488 0.00439249817
v -0.0105581675 0.0377329662 0.00217249664
v -0.0110551203 0.0388742723 0.0019294963
v -0.00231769541 0.00730510661 -0.000906386063
v -0.00186508847 0.00122135191 -0.000936733326
v -0.00195505843 0.00236205361 -0.00120702095
v -0.00256066793 0.00122237066 -0.00464016153
v -0.00187118421 0.00730467075 0.00289269048
v -0.001948155 0.00844544638 0.00384523673
v -0.00142618665 0.00274175592 0.00361286663
v -0.00152405701 -0.00106020074 0.00129044009
v -0.0016113678 0.00236165873 0.00129629439
v -0.00457512774 0.00540786283 -0.0111367907
v -0.00427990733 0.00122528605 -0.0109197386
v -0.00433739787 -0.000675580348 -0.0111527303
v -0.00284444191 0.00122284936 -0.00592378993
v -0.00360864541 0.00236471975 -0.0086752316
v -0.00438238587 0.0132012824 -0.00698516518
v -0.00446455227 0.0111104287 -0.0086178435
v -0.00401834445 -0.0189254247 -0.00130552449
v -0.00559414178 -0.0250060223 -0.000963020895
v -0.00560120726 -0.0227250028 -0.00443629408
v -0.00285513303 -0.0162655208 0.00386657496
v -0.00514984829 -0.0253864881 0.00398096116
v -0.00427879998 -0.0223463252 0.00400150614
v -0.00153948891 -0.00714299409 0.00381783582
v -0.00135269889 -0.00410176441 0.0038053114
v -0.0019340961 -0.0109442472 0.00416008895
v -0.00230919383 -0.0132248634 0.0036720722
v -0.00181475922 -0.00980390608 0.00375734386
v -0.00251531065 -0.0132247424 0.0013569037
v -0.011921416 -0.0432448275 0.00451394264
v -0.0059767412 -0.0280465148 0.00411535287
v -0.00865956675 -0.0352660641 0.0033478504
v -0.00948496908 -0.0375457928 0.00431110431
v -0.00813845452 -0.0341261961 0.00418134639
v -0.00894503575 -0.0352658741 0.000801157148
v -0.0095962286 -0.0371657498 0.00183167821
v -0.00855319202 -0.034506049 0.00164331961
v -0.0125745945 -0.0413436182 -0.00542928139
v -0.00991815515 -0.0348844863 -0.00548897125
v -0.00953381415 -0.0337445065 -0.00571211288
v -0.0116473287 -0.0375432 -0.00813623797
v -0.0103213005 -0.0341235138 -0.00822514854
v -0.00389698194 -0.0162610505 0.0191340707
v -0.00486465544 -0.0231038146 0.0156462565
v -0.00553694461 -0.0250035431 0.0166387167
v -0.00579953659 -0.0231012143 0.0208406113
v -0.00341421482 -0.0109387254 0.0206806753
v -0.0104016345 -0.0402049534 0.00946476217
v -0.00727586402 -0.0314645693 0.0143078994
v -0.00838084333 -0.034504395 0.0143425139
v -0.00679983525 0.0236636121 0.0218550637
v -0.0029461931 0.00730925705 0.0191887431
v -0.00273187598 0.0054079704 0.0190559514
v -0.00253115664 0.00122566533 0.0192793384
v -0.00194490643 -0.00105701596 0.0164768212
v -0.00201138435 0.00198458158 0.0164418034
v -0.0028452694 0.00122647185 0.0206425283
v -0.00389202219 0.0109229479 0.0212850906
v -0.00147622428 0.00502365967 0.0086294692
v -0.00184971828 0.00844593905 0.00865451153
v -0.00127633894 0.00198183092 0.00861606654
v -0.00119745778 -0.00106017618 0.00632126303
v -0.00129231368 0.00236168248 0.00632762304
v -0.00188721938 0.00540551124 0.0139465909
v -0.00217718887 0.00806726329 0.0139660332
v -0.00157495751 -0.00105815846 0.0139256539
v -0.00382150174 0.017194245 0.0140762841
v -0.00314400462 0.0141516626 0.0137940124
v -0.0051020449 0.0232779272 0.00658306479
v -0.00807888061 0.0316476636 0.0134143578
v -0.00625676848 0.02594232 0.0145553658
v -0.00552353775 0.0236600172 0.0141904056
v -0.0106968228 0.0381150357 0.0148530705
v -0.00960266218 0.035452012 0.0144639108
v -0.00275835628 -0.0166452322 0.00800489634
v -0.00268943259 -0.0162650328 0.00871081464
v -0.00485692918 -0.0250059832 0.00909298938
v -0.00499119423 -0.0253863651 0.00657563237
v -0.00326615223 -0.0170234833 0.0143548446
v -0.00364434393 -0.0191140529 0.0138275605
v -0.00434071058 -0.022725163 0.0118215838
v -0.00168241584 -0.00447962666 0.0142486552
v -0.00159007916 -0.00390961114 0.0136700859
v -0.00253273081 -0.0132227829 0.0139503982
v -0.00197506207 -0.0109429555 0.0116629675
v -0.00718571711 0.0255616903 -0.00567218149
v -0.007709675 0.0270832516 -0.00583442161
v -0.0117256567 0.0375445336 -0.00649280008
v -0.0112788919 0.0354528427 -0.00816094223
v -0.0124828639 0.0384961739 -0.00808021612
v -0.0102771679 0.0327900201 -0.00822810736
v -0.00383725949 -0.0071397936 -0.00865990296
v -0.003631389 -0.00409854529 -0.00867370702
v -0.00577875227 -0.0193030015 -0.00852972642
v -0.00143780245 -0.00486076204 0.0116269439
v -0.00298920693 -0.0170244128 0.0117309662
v -0.00285087829 -0.0170254819 0.0067479196
v -0.00798307732 0.0316472836 0.0120658055
v -0.00721248426 0.0297443625 0.00672456902
v -0.00415574713 0.0194754563 0.0118091833
v -0.00187285582 0.00730595598 0.011735063
v -0.00547284679 0.0194793567 0.0208187066
v -0.0032791656 0.00731011853 0.020671621
v -0.00218884996 0.00502632093 0.0163352806
v -0.0043214215 -0.0166402124 0.0207415037
v -0.00820266735 -0.0280436948 -0.00836720224
v -0.0127379932 -0.0402028561 -0.00806310959
v -0.00671277801 -0.0291862879 0.000690959045
v -0.00656652963 -0.0291864183 0.0020232813
v -0.00622528372 -0.0280464087 0.00160565693
v -0.01221612 -0.0432447232 0.00177049544
v -0.00157541432 -0.00486199511 0.00160967885
v -0.00176158419 -0.00714286836 0.00130636641
v -0.00307124504 -0.0162654035 0.00139417895
v -0.00384877669 -0.0162644386 -0.00348798395
v -0.00633957097 0.0202378333 -0.00849212334
v -0.00376417465 0.00502630277 -0.00866480358
v -0.00292957574 0.00844657514 -0.0036680398
v -0.00750907231 0.0297443476 0.00169173442
v -0.0086849276 0.0314568914 -0.00290713902
v -0.00813310873 0.0295550972 -0.00369415013
v -0.00465078093 0.01795399 -0.00351315946
v -0.00257108081 -0.00714181643 -0.00369207677
v -0.0072240727 -0.0288055129 -0.00330114574
v -0.00703748828 -0.0280454308 -0.00362945208
v -0.00185949798 -0.0044790688 0.0155237075
v -0.00208532205 -0.00485862 0.0168020315
v -0.00193913269 -0.00333820446 0.0162790623
v -0.00668415288 -0.0291840546 0.015768256
v -0.00646847673 -0.0280436147 0.016780125
v -0.00699475361 -0.0314662717 0.00674944511
v -0.00594954332 -0.0284263846 0.00663988944
v -0.00479764026 0.0200475827 0.0162930898
v -0.00124914455 -0.00410161167 0.00632472849
v -0.00570949912 -0.0257637259 0.0163344927
v -0.00588789536 -0.0232948624 -0.0049894494
v -0.00992604997 0.0367818624 0.00572228199
v -0.00649588741 0.0229026917 0.0214399416
v -0.00517013669 -0.0257654991 0.0113245565
v -0.00330705452 -0.0113227936 -0.00490591116
v -0.00520203263 0.0225172155 0.00126072788
v -0.00386569509 0.0130103361 -0.00486845477
v -0.0061222869 0.0251798853 0.000335571007
v -0.0114099234 -0.0360227972 -0.00945480913
v -0.00966269616 -0.0383048132 0.0115073584
v -0.00482011912 -0.0117005613 -0.010094028
v -0.00806590449 0.0251829457 -0.00963955186
v -0.0113304546 -0.0421050228 0.00565855019
v -0.00758112222 0.0306952726 0.0055453172
v -0.00213085697 0.00654667336 0.0149892634
v -0.0126556102 -0.042103827 -0.00427909195
v -0.012602333 0.043059025 0.00578330364
v -0.00794404745 -0.0299450345 -0.00483184913
v -0.00519688055 0.0189053323 -0.00515420502
v -0.0129541522 0.0430592149 0.000754171924
v -0.00535872066 0.010731752 -0.0116368895
v -0.00437983684 -0.0174006019 0.020350676
v -0.00585373305 -0.0177820884 -0.00986682624
v -0.00184915541 -0.00790119637 0.0137466667
v -0.00362465763 -0.0200650413 0.0112209329
v -0.00356264762 -0.020066008 0.00600615563
v -0.0070630582 0.0286047384 0.0139778368
v -0.00681996485 0.0286031552 0.0062640328
v -0.00566677842 0.0251799133 0.00788411032
v -0.00122023793 0.000841002504 0.00758597068
v -0.00851399265 0.0312690102 0.0181015115
v -0.00519652199 -0.0200604461 0.0214317702
v -0.0107223168 -0.0360238515 -0.00693508051
v -0.0083642453 -0.0295642242 -0.00709318928
v -0.011850425 -0.0413445756 -0.00176724419
v -0.00385802332 -0.017404953 -0.00234260783
v -0.00581344077 0.0194766074 -0.00722474325
v -0.0031982041 0.000463064702 -0.00740009453
v -0.00361938006 0.00730717555 -0.0073718545
v -0.00470591942 0.00464770989 -0.0116806598
v -0.00371934334 0.0168121085 0.00112183881
v -0.00412485329 0.019093981 0.00264905486
v -0.00210633222 0.000841495174 -0.00246005831
v -0.00250721048 0.00654496765 -0.00255160267
v -0.00715570431 0.0286032166 0.00123382371
v -0.0084840348 0.0312664881 -0.0020324348
v -0.0108236419 0.0373530835 -0.00187556469
v -0.0134022078 0.043440029 -0.00170267245
v -0.00473182742 0.0190946739 -0.00228401949
v -0.00219863327 -0.00524142431 -0.00245386967
v -0.00821280666 -0.0314653367 -0.00359012093
v -0.00790617242 -0.0318458825 -0.00112379459
v -0.00949603878 -0.0356453732 -0.0019645798
v -0.00262826961 -0.00751867006 0.018733209
v -0.0063033388 -0.0295662154 0.00792679191
v -0.00257123192 0.0130091114 0.00743970834
v -0.00392430369 0.0190942399 0.00776727777
v -0.00996647775 0.0369722545 0.00793555845
v -0.00151509617 -0.00790317915 0.00575044472
v -0.00130610657 -0.00562207494 0.00759172812
v -0.0126908366 -0.0451444127 0.00582871214
v -0.00671157334 0.0282227173 0.00542780291
v -0.00708349422 0.0282248314 0.0153213376
v -0.00617661793 -0.0261457581 -0.00234504393
v -0.0138366362 -0.0447633266 -0.00419990439
v -0.00160515727 -0.00847344194 0.00484857243
v -0.00899763498 -0.0329849273 -0.00464278273
v -0.00298485439 -0.00866194628 -0.00492751459
v -0.00519115804 0.0228974856 0.00248370389
v -0.00944111962 0.0350699797 0.00253181718
v -0.00308587006 0.0107279485 -0.00271017547
v -0.00242134859 0.0107271578 0.00206114282
v -0.00405304832 0.00350604206 -0.00994808786
v -0.00569418445 0.0156746376 -0.00995647348
v -0.00261688698 -0.0141750164 0.00193609309
v -0.0041761524 -0.0204458665 0.000126134561
v -0.00314612407 -0.0141716069 0.0171297416
v -0.0101291509 -0.0379227772 0.0177361127
v -0.00755126448 -0.0329855718 0.0105368271
v -0.00141848519 0.00350307417 0.010125624
v -0.00237700203 -0.0132233109 0.01251888
v -0.00157524296 -0.00828253198 0.0101361349
v -0.0043754424 -0.0136022819 -0.00767643098
v -0.00650752243 -0.0204424299 -0.00998088811
v -0.00889956765 0.0278455224 -0.00958365388
v -0.0134804631 0.0400184467 -0.0095133502
v -0.00259765284 -0.00143543491 0.0197574887
v -0.00872033183 0.03373852 0.00562170194
v -0.00611103745 0.0225216169 0.0201114807
v -0.00568801165 -0.025766205 -9.34124819e-06
v -0.00546961371 0.0228977352 -2.39850178e-05
v -0.00337569835 0.00996805541 -0.00490130903
v -0.00171471748 -0.00219828007 0.014961361
v -0.00582714891 0.0215676166 -0.00481588859
v -0.0026071996 0.010347113 -5.80128217e-05
v -0.00355326105 0.0107287196 -0.00520519866
v -0.00817024801 -0.0265229605 -0.00986940227
v -0.00358728226 -0.0136000132 0.0198238418
v -0.00547211943 -0.0269057602 0.0103974193
v -0.00468407711 0.0217571221 0.0103445817
v -0.00877430849 0.0339293666 0.010618831
v -0.00238881167 -0.014364291 0.0101906843
v -0.00126382115 -0.00220000674 0.0101152537
v -0.0112326825 0.0343122482 -0.00966406334
v -0.012818818 0.0400174148 -0.00679451087
v -0.00802802946 0.0286044758 -0.00490516657
v -0.0105443448 0.0343111455 -0.00694701402
v -0.00294858147 -0.00752142444 -0.00524574239
v -0.00358782429 -0.00828080345 -0.00741344737
v -0.00322669931 -0.00257844478 -0.00743766082
v -0.00505786575 -0.0200645104 -0.005104315
v -0.0016750081 -0.00752157625 0.0123533877
v -0.00372414384 -0.0200646538 0.012490782
v -0.00361493416 -0.0204458814 0.00750968838
v -0.00226407708 -0.0139847435 0.00757701136
v -0.00667099655 0.0282229148 0.00771459658
v -0.0090498589 0.0346897691 0.00815042015
v -0.00170260121 0.00502472185 0.0124736615
v -0.00134677312 0.00350249419 0.00735760853
v -0.0020270017 0.00977664907 0.00726505741
v -0.00231534266 0.00426639058 0.0174095687
v -0.00285295281 0.00426782528 0.020011453
v -0.00750022009 0.0284160543 0.017855905
v -0.00992481504 -0.0390653238 0.00816961192
v -0.00487861363 -0.0200612657 0.0200288463
v -0.0119462805 -0.0390634909 -0.00685301423
v -0.00747101568 -0.0318463221 0.00239972211
v -0.0126125924 -0.0443845503 0.0027444642
v -0.00384995202 -0.0200660396 0.00215693051
v -0.00333360676 -0.0147444317 -0.00237776991
v -0.00641765213 0.0217586644 -0.00722370809
v -0.00284552108 0.00958700851 -0.0022920724
v -0.0119669363 0.0411568321 0.00270117284
v -0.00701877754 0.0286031105 0.00260624546
v -0.00199328945 -0.00752279023 -0.000257072796
v -0.00207453035 -0.00258027529 -0.00234376709
v -0.0100791082 -0.0322229117 -0.00982036069
v -0.00798380468 -0.0322232284 0.0175922681
v -0.00710773794 -0.031846147 0.00766493147
v -0.00519462256 -0.0261462238 0.00789192598
v -0.00460474147 0.016436385 0.0200104825
v -0.0117234867 0.0411569551 0.00773757044
v -0.00476290798 -0.010560046 -0.0104136616
v -0.00124609761 -0.00410124706 0.00857456401
v -0.00132297701 -0.00562183047 0.00885603856
v -0.00183849805 -0.011133831 0.00849586073
v -0.0018088537 -0.0109439753 0.00734911626
v -0.00995779037 0.0369724594 0.00943500269
v -0.00258315168 0.0130093703 0.0089405328
v -0.00320620718 0.0160518344 0.00898230821
v -0.00531100295 0.0194789357 0.0200578384
v -0.00399787957 0.0133939888 0.019969793
v -0.00338475755 0.0137723861 0.0162575673
v -0.00829434767 -0.0348860472 0.00624446711
v -0.00734662823 -0.0295625329 0.0191285256
v -0.00282830163 -0.0101797748 0.0184308235
v -0.00315511809 -0.010749273 0.0196567066
v -0.00310168439 -0.0113197779 0.0190807469
v -0.00244259438 -0.0101808589 0.016312819
v -0.00261881272 -0.0113211162 0.0165220071
v -0.00684593013 -0.0288060047 -0.0011948836
v -0.00679194508 -0.0291862041 6.46772969e-05
v -0.00886955485 -0.0348858424 0.000203980686
v -0.0081364084 -0.0326058902 -0.000792561856
v -0.00962987728 -0.0352650508 -0.00349510671
v -0.0085704308 -0.0326053426 -0.00328982132
v -0.00202681101 -0.00429119077 -0.00177458883
v -0.00328820245 0.0133896228 -0.00107815943
v -0.0130753843 0.0430593565 -0.00042193089
v -0.011027365 0.0384939983 0.000388135522
v -0.0085170595 0.0316467397 -0.00124073296
v -0.00835635699 0.0316465124 0.000169570587
v -0.00664043194 0.0261311196 -0.00146524655
v -0.00640369207 0.0259406753 3.86447791e-05
v -0.00626971899 0.025180079 -0.000917723228
v -0.0067991321 0.0255610757 -0.00368490792
v -0.00761529757 0.0282236468 -0.00335386326
v -0.00577393267 0.0251796395 0.00402280549
v -0.0066458853 0.0278422963 0.00408126973
v -0.00598135358 0.0253698882 0.00216167979
v -0.00998688862 0.0367818289 0.00444344385
v -0.00245835423 0.0076854839 -0.00148907083
v -0.00202068803 0.00179185334 -0.00177499943
v -0.00241651176 0.00122214842 -0.00397876138
v -0.00211072667 0.00958625972 0.00377718825
v -0.00148980354 0.00122094783 0.00199868251
v -0.00296328892 0.0137695083 0.00209747977
v -0.00449631317 0.00388698094 -0.0112210223
v -0.00343554909 0.00768705038 -0.0064762719
v -0.00314976834 0.00768656982 -0.00523225265
v -0.00365115027 0.00996851362 -0.00614602165
v -0.00299551943 0.00160329673 -0.00650577573
v -0.00269430457 0.00122259476 -0.00526279118
v -0.0036637038 0.00350538152 -0.00867153984
v -0.00578291807 0.0202369168 -0.00627940753
v -0.00543337828 0.0190958045 -0.00602652412
v -0.00611697417 0.0217581708 -0.00594121171
v -0.00434976397 0.0137715004 -0.00641497364
v -0.0054633487 -0.0227251966 -0.00381394639
v -0.00560706481 -0.023485342 -0.00348851457
v -0.00471617095 -0.0238664225 0.00383345992
v -0.00464909663 -0.0231063217 0.00221051299
v -0.00193260668 -0.0105641382 0.00344945025
v -0.00210099854 -0.0109441895 0.00203966349
v -0.0018649511 -0.0082832789 0.00131329719
v -0.0149275418 -0.047422938 -0.0034556936
v -0.0124512343 -0.044384595 0.00435209461
v -0.0122292908 -0.0409639291 -0.00462347129
v -0.0116127748 -0.039063964 -0.00549377128
v -0.0141056413 -0.0447629653 -0.00544504961
v -0.0104060546 -0.0360243134 -0.00565362908
v -0.00989981741 -0.0329835862 -0.0082534086
v -0.00563469995 -0.0231016446 0.020079542
v -0.00357098086 -0.0109383315 0.0213227775
v -0.00983996782 -0.0388751999 0.00917052012
v -0.00876961183 -0.0352640003 0.0152764926
v -0.00269347453 0.00122608617 0.0200007595
v -0.00300402334 0.00122687023 0.0212847628
v -0.00312071526 0.00350817991 0.0213320609
v -0.00477720192 0.0156766288 0.0214826018
v -0.00201291032 0.00958679803 0.00890229829
v -0.00124080374 0.000841245055 0.00885052886
v -0.00176810916 0.00426472444 0.0137412334
v -0.00511258096 0.0223286916 0.013926005
v -0.00294114696 0.0130108306 0.0139383078
v -0.00889743399 0.0343095362 0.00936390553
v -0.00581292948 0.0255600903 0.00603861408
v -0.00556497835 0.0247993879 0.00657462981
v -0.00618047966 0.0259420704 0.0138397124
v -0.010633532 0.0381148122 0.0141382888
v -0.00292677456 -0.0174051896 0.00896357279
v -0.00236960058 -0.0145546813 0.00866963156
v -0.00443974137 -0.0234862715 0.00653865747
v -0.00310111232 -0.0166436899 0.0136332409
v -0.00486888224 -0.0238644872 0.0141070364
v -0.00176697178 -0.00447935471 0.0148859145
v -0.00167084869 -0.00524011161 0.0138531355
v -0.00229133898 -0.0109418491 0.0146447523
v -0.0060491953 -0.0204431582 -0.00851159263
v -0.00360910175 -0.0113223223 -0.00614884123
v -0.0039458829 -0.00828021578 -0.00865262002
v -0.0085737966 0.0253738668 -0.0111252628
v -0.00941282511 0.0282265414 -0.0108913705
v -0.00704065152 0.0255614594 -0.0049713701
v -0.0118359122 0.0381149761 -0.00591302896
v -0.0118447384 0.0369744562 -0.00800457969
v -0.0145568624 0.0434417352 -0.00794115476
v -0.0107002482 0.0339312293 -0.0081997402
v -0.00357486797 -0.00257785269 -0.00867749657
v -0.00484553445 -0.0147421202 -0.00859229825
v -0.00283872057 -0.0170253925 0.00741816871
v -0.00802982692 0.0316474736 0.012779478
v -0.00190539914 0.00806624535 0.0109872324
v -0.00176249503 0.00768502802 0.00604335358
v -0.00166729558 0.0069245426 0.00635276549
v -0.00343471952 0.00731051108 0.0213136412
v -0.0024348842 0.00768796634 0.0161938779
v -0.00233695144 0.00673736585 0.0162465237
v -0.0112632718 -0.0421049409 0.00699617481
v -0.00995915756 -0.0390654579 0.00686925976
v -0.00477858121 -0.0177798606 0.0217195395
v -0.00784270093 -0.0269036777 -0.0083913384
v -0.0122645507 -0.0390630104 -0.00809485372
v -0.00663644867 -0.0291863605 0.00135690544
v -0.00650095893 -0.029186463 0.00268994877
v -0.00583739579 -0.0267163776 0.00120464282
v -0.0112637905 -0.0413451456 0.00265402743
v -0.0102482606 -0.0386855081 0.00163855078
v -0.00152745959 -0.00220076344 0.00129066827
v -0.00307571352 -0.0166455321 0.00210501789
v -0.00418084301 -0.0177846886 -0.00354466867
v -0.00344445533 -0.0139839211 -0.0035940432
v -0.00605526939 0.0190968327 -0.00851118565
v -0.00673932908 0.0217591934 -0.00846531987
v -0.00424590567 0.00958933495 -0.00863250345
v -0.00192546321 0.00730470195 0.00226473971
v -0.00232037599 0.00958637893 0.00134383328
v -0.00307236682 0.00958736986 -0.00361899193
v -0.0128472494 0.043059092 0.00204965821
v -0.00906264037 0.0339287892 0.00179590087
v -0.00995013677 0.0346904173 -0.00315783895
v -0.0136195747 0.043440327 -0.00318812486
v -0.00502266642 0.0194753222 -0.0034882247
v -0.00575051038 0.0219476726 -0.00385390315
v -0.00245179725 -0.00562123302 -0.00366060087
v -0.00231444952 -0.0018195312 -0.00366981002
v -0.00762529159 -0.0299454667 -0.00335319294
v -0.00662447978 -0.0269054864 -0.00342029706
v -0.00197726535 -0.00485893246 0.0161631946
v -0.0067868745 -0.0291837547 0.0164856799
v -0.00611392176 -0.0269035902 0.0167563539
v -0.00646219682 -0.0299463496 0.0066742627
v -0.001240824 -0.00410153018 0.00695576146
v -0.00129179331 -0.00524202734 0.00688022934
v -0.00422960473 0.0202351753 0.00715615833
v -0.00464954274 0.0217565652 0.0071448409
v -0.00393071072 0.0190941561 0.00713611767
v -0.00499974331 0.0202382039 0.0173132401
v -0.00428547384 0.0179557931 0.0163179599
v -0.00593148405 -0.0284263175 0.0072702691
v -0.00544585753 -0.0269063469 0.0070403358
v -0.0063137426 -0.0295662917 0.00729589956
v -0.0070225154 -0.0314663276 0.00608024141
v -0.00718397601 -0.0307040568 0.0157228187
v -0.00729561877 -0.0307037309 0.0165197905
v -0.00209611747 -0.00371795986 0.0171185527
v -0.00222025695 -0.00599888945 0.0172058232
v -0.00697676931 -0.0284256786 -0.0026861385
v -0.00650111167 -0.0269056577 -0.00279697962
v -0.00790194888 -0.0310855825 -0.00270305364
v -0.00750382757 -0.0299456306 -0.00272974768
v -0.00775433285 -0.0299452934 -0.00397613179
v -0.0022174723 -0.00258006062 -0.00312367151
v -0.00244793063 -0.00714200363 -0.00306874444
v -0.00232151756 -0.00562143093 -0.00299827219
v -0.00552848633 0.0217572283 -0.00286219409
v -0.00446272548 0.0175735075 -0.00293365307
v -0.00482902769 0.0190948304 -0.0029090927
v -0.0045950152 0.0171935372 -0.00418796344
v -0.00495371502 0.0187148433 -0.0041639125
v -0.0130606983 0.0422989205 -0.00283085275
v -0.0134893376 0.0434401482 -0.00232842076
v -0.0130341724 0.0419186763 -0.003701068
v -0.00924578495 0.0329785012 -0.00286953361
v -0.00937480945 0.0335489884 -0.00228850334
v -0.00835290086 0.0305059105 -0.00298861321
v -0.00790358707 0.0293646548 -0.00270294398
v -0.00856738817 0.0305062383 -0.00423741201
v -0.00845653377 0.0305060633 -0.00361325429
v -0.00760356756 0.0297444277 0.000829634257
v -0.0128956148 0.0430591479 0.00142131117
v -0.00302415574 0.00996747799 -0.00303010875
v -0.00262352685 0.00616494473 -0.00337276654
v -0.00249058474 0.00540436385 -0.00306588458
v -0.00286117243 0.00616534054 -0.00462001283
v -0.00269601773 0.00578487618 -0.00396002084
v -0.00182618317 0.00578373577 0.00162649283
v -0.00392210344 0.0179530326 0.00176702382
v -0.00386138866 0.0179529879 0.00239454303
v -0.00423516659 0.0185237005 0.00026825181
v -0.00398932258 0.0179530922 0.00113994081
v -0.00430930918 0.0190941282 0.000845600502
v -0.0040722019 0.00958904158 -0.0080125602
v -0.00358798518 0.00502600474 -0.00804502703
v -0.00394818326 0.00502661522 -0.009284053
v -0.00657482212 0.0217589159 -0.00784476008
v -0.00579648186 0.0187162273 -0.00789694767
v -0.00578767946 0.0171955042 -0.00916071516
v -0.0061715031 0.0187168494 -0.0092534041
v -0.00338793988 -0.0143641792 -0.00300571718
v -0.00397871528 -0.017404791 -0.00296610571
v -0.00284836651 -0.015505312 0.00208977447
v -0.00160143734 -0.00600249413 0.00200616755
v -0.00180644693 -0.00676265033 0.000677784148
v -0.0113766044 -0.0398245975 -0.00282534887
v -0.0126925875 -0.0428640768 -0.00273711258
v -0.012576066 -0.0428642221 -0.00207385956
v -0.0128547251 -0.0428638682 -0.00359467557
v -0.0106589384 -0.0398253836 0.00221872842
v -0.0105847819 -0.0398254171 0.002845346
v -0.011862807 -0.0426748842 0.0025560311
v -0.0117174257 -0.0421049334 0.00169758394
v -0.00603012322 -0.0276664663 0.00230311067
v -0.00710159168 -0.0307063591 0.00198020902
v -0.00703733834 -0.0307064019 0.00260749017
v -0.00723934453 -0.0307062361 0.000726265251
v -0.00716785993 -0.0307063013 0.00135306199
v -0.0121020945 -0.0390632525 -0.00747415749
v -0.0135323834 -0.0424827673 -0.00729930587
v -0.0140513144 -0.0436225384 -0.00734346313
v -0.00802894775 -0.0280439705 -0.00774726132
v -0.00766790751 -0.0269039478 -0.00777146919
v -0.0087665366 -0.0303239841 -0.00761885568
v -0.00918432977 -0.0314639211 -0.00766979344
v -0.00888094865 -0.0295634214 -0.00895331148
v -0.00340429926 -0.0155018494 0.0172852129
v -0.00386752561 -0.018162569 0.0169215295
v -0.0040515596 -0.0185423419 0.0175259821
v -0.00372259668 -0.0185433216 0.0154117839
v -0.00385525986 -0.0185429156 0.0163285881
v -0.00454640575 -0.0174001772 0.021072384
v -0.0099376319 -0.0390653983 0.00753888115
v -0.0112426374 -0.0421048813 0.0076263817
v -0.0112909256 -0.0421049893 0.00636643916
v -0.0101607554 -0.0394445211 0.01205392
v -0.0119361514 -0.0436239727 0.0114624221
v -0.00673099607 -0.0303251278 0.0126923919
v -0.0081739435 0.0305080283 0.017605016
v -0.00274424232 0.00882922579 0.0172014832
v -0.00235796603 0.00540695013 0.01713611
v -0.00312683894 0.00578914257 0.0206614062
v -0.00331856147 0.0061697755 0.0213058516
v -0.00510969106 0.0179580711 0.0207943562
v -0.0019306941 0.00901599787 0.00642963778
v -0.00179361657 0.00806539319 0.00695335073
v -0.00157928839 0.00616407301 0.00666265935
v -0.00157192815 0.00616415869 0.00729375659
v -0.00165627501 0.0069246199 0.00698361732
v -0.00161135872 0.00616394589 0.00532268127
v -0.00159076904 0.00616400409 0.00603183918
v -0.00171039591 0.00711458968 0.00546748145
v -0.00205523288 0.00882697571 0.0116683431
v -0.00175066851 0.00616520084 0.0117268702
v -0.00157712738 0.00502420543 0.0108467992
v -0.00461350521 0.0209970307 0.0125504136
v -0.00378050748 0.0179541372 0.0118234968
v -0.00383191882 0.0183342993 0.0112348292
v -0.00366169913 0.0177636612 0.0106707728
v -0.0074816267 0.0305051859 0.00705841044
v -0.00747567089 0.0305052586 0.00768960128
v -0.00707490044 0.0293640271 0.00730746053
v -0.00748913595 0.0305051301 0.00642732391
v -0.007162767 0.0295541007 0.00583306188
v -0.00743885478 0.0301257242 0.0121082636
v -0.00761725428 0.0305062886 0.0127518149
v -0.00740087871 0.0301255453 0.0114346538
v -0.00314462348 -0.0181657858 0.00550443493
v -0.00335672591 -0.0191159192 0.00557786738
v -0.00331642292 -0.0185446553 0.0117923804
v -0.00315060862 -0.0181649458 0.0105575565
v -0.00333827501 -0.0189249776 0.0108859353
v -0.00310185552 -0.0177847333 0.0111069279
v -0.00150894164 -0.00600120611 0.0117106624
v -0.00158610241 -0.00638114242 0.0123474272
v -0.00140237191 -0.00600165548 0.0102034919
v -0.00146003219 -0.00600140495 0.0110757947
v -0.00151659094 -0.00714194169 0.0107637914
v -0.00466079731 -0.0147424163 -0.0079730954
v -0.00545363827 -0.0181629248 -0.00831467845
v -0.00536922598 -0.0185432564 -0.00772822322
v -0.00596763613 -0.0193026997 -0.00914864894
v -0.00563098164 -0.017782446 -0.00917122234
v -0.00345341302 -0.00409884844 -0.00805405062
v -0.00339682656 -0.0025781556 -0.00805784389
v -0.00348206144 -0.00599979563 -0.00773633225
v -0.00365980319 -0.00714009628 -0.00804021209
v -0.00359981158 -0.00542929489 -0.00830081757
v -0.00402248232 -0.00713947834 -0.00927907135
v -0.00390454312 -0.00561887631 -0.00928697921
v -0.0101228096 0.0327897742 -0.00760686863
v -0.010547027 0.0339309834 -0.00757842511
v -0.00926874392 0.0301271714 -0.0080588758
v -0.00909559336 0.030126892 -0.00735994615
v -0.00923217833 0.0293667614 -0.00892976206
v -0.0113713667 0.0364034399 -0.00697050989
v -0.0111179305 0.0354525931 -0.00750066852
v -0.0114371153 0.0354530998 -0.00878192112
v -0.0120600313 0.0369747952 -0.00885857642
v -0.0123822996 0.0396365598 -0.00548164872
v -0.0111076785 0.0362129398 -0.00611975463
v -0.0137249921 0.0422999114 -0.00645743217
v -0.0135797607 0.0422996916 -0.0057566301
v -0.0073118126 0.0244213622 -0.00771639496
v -0.00699888263 0.0232803188 -0.00781632774
v -0.00789027754 0.0251826588 -0.00901973713
v -0.00746426685 0.026702676 -0.00525876228
v -0.00682113413 0.0244205669 -0.00561768003
v -0.00710184267 0.0244210176 -0.00686203968
v -0.00695780385 0.0244207811 -0.00624010526
v -0.00665837433 0.0232797656 -0.00641808053
v -0.00977755804 0.0331694111 -0.00541945174
v -0.00866837427 0.0303163044 -0.00511881383
v -0.00894903764 0.0301266573 -0.00673818495
v -0.00880948268 0.0301264394 -0.00611595018
v -0.00911376718 0.0278458744 -0.0103193056
v -0.00800651591 0.024042327 -0.0105909193
v -0.00824848283 0.0251832474 -0.0102589019
v -0.0108022727 0.0327908695 -0.010166618
v -0.00994835701 0.0305084456 -0.0100659775
v -0.00393041596 -0.00980103575 -0.00802206714
v -0.00380594609 -0.00866064895 -0.00803041272
v -0.00478269858 -0.0132214352 -0.00922809914
v -0.0045554582 -0.011701013 -0.00924333557
v -0.00314236456 -0.00866170041 -0.00558801973
v -0.00370556512 -0.0124627529 -0.00586605165
v -0.00354539743 -0.0124630015 -0.00520572579
v -0.0034539951 -0.0113225654 -0.00552765001
v -0.00408558687 -0.012462154 -0.00730112148
v -0.00387487374 -0.0124624884 -0.00652576378
v -0.00295350561 -0.00352939707 -0.00625201128
v -0.00302930316 -0.0063807196 -0.00595086813
v -0.00327086146 -0.00714072445 -0.00664521242
v -0.00756580057 -0.0253833216 -0.00904149283
v -0.00559499674 -0.0215844531 -0.0057393657
v -0.00544054992 -0.0215846915 -0.00507865613
v -0.00628231186 -0.0244348384 -0.00527879922
v -0.00673241587 -0.0246242397 -0.00688680913
v -0.0065741376 -0.0246244818 -0.00626582978
v -0.00422586221 -0.0155034903 -0.00583116617
v -0.00406740233 -0.0155037362 -0.00517072529
v -0.00461586518 -0.0181642361 -0.00513395108
v -0.00487230113 -0.0187341273 -0.00566939916
v -0.00502576865 -0.0183536932 -0.00662622973
v -0.0071377377 -0.0223424155 -0.0104123252
v -0.00783675537 -0.0246224944 -0.0106023019
v -0.00741679268 -0.0234825686 -0.0103146667
v -0.00568332197 -0.0155011639 -0.0107466886
v -0.00630202331 -0.0185417645 -0.0107052047
v -0.00180232222 -0.00942245405 0.0117303338
v -0.00213632965 -0.0120832575 0.0117527293
v -0.00204485049 -0.0120836338 0.0104834149
v -0.00208637957 -0.0120834522 0.0111177918
v -0.00198729988 -0.00828099065 0.0145848934
v -0.00261480198 -0.0132225063 0.0146269668
v -0.0023669058 -0.0124627482 0.013505063
v -0.00174510677 -0.00619044341 0.0139962761
v -0.00184883911 -0.00599998888 0.0148914037
v -0.00188254658 -0.00714058848 0.0145383952
v -0.00176075439 -0.00523981545 0.0145697035
v -0.00164585246 -0.00638091285 0.0129830232
v -0.00404729275 -0.0215850305 0.0118808588
v -0.00400369475 -0.0212047938 0.0125095258
v -0.00492580794 -0.0250055529 0.0109923789
v -0.00430556573 -0.0215841532 0.0144245373
v -0.0043894737 -0.0215839036 0.0150617529
v -0.00495177694 -0.023864232 0.0147836609
v -0.00296912831 -0.0155031765 0.0143349292
v -0.00379279675 -0.019303754 0.0146664772
v -0.00464612013 -0.0242462866 0.00686829071
v -0.00463291537 -0.0242462028 0.0074989954
v -0.00497368025 -0.0253862906 0.00720604882
v -0.00501687266 -0.0253864173 0.00594576355
v -0.00457068253 -0.0238663442 0.00595532125
v -0.00412515644 -0.0223456826 0.00967551395
v -0.00487190112 -0.0250058547 0.00972558372
v -0.00459850021 -0.0240557902 0.00976646412
v -0.00485000294 -0.0250060931 0.00846093614
v -0.00315292692 -0.018355187 0.00968927611
v -0.00307982322 -0.0181655269 0.00778960437
v -0.0031716933 -0.0185454041 0.00882209744
v -0.003339594 -0.019305598 0.00835966319
v -0.00291714049 -0.0174053125 0.00833133794
v -0.011142645 0.0396360233 0.0123566026
v -0.0110190874 0.0392557532 0.012979907
v -0.00973824132 0.0362122096 0.0122624375
v -0.0102627324 0.0369738638 0.0151002863
v -0.0101879044 0.0369736068 0.0143057797
v -0.00954669714 0.0354518108 0.01382857
v -0.00650838856 0.0274629518 0.0118090287
v -0.00543707935 0.0240396727 0.0119740441
v -0.00549967587 0.0244198013 0.0111098057
v -0.00581515813 0.0246109422 0.0142691713
v -0.00572972326 0.0240406673 0.0149937188
v -0.0060562701 0.0251816958 0.0148577169
v -0.00545692677 0.0236598011 0.0135543505
v -0.00907111447 0.0339305662 0.0149809131
v -0.00769416289 0.0303166062 0.0143951597
v -0.00785937253 0.0305071156 0.0152944094
v -0.00741984136 0.0293658171 0.0149096707
v -0.007532313 0.0301260874 0.0133777102
v -0.0056749084 0.0251798313 0.00725306571
v -0.00546622463 0.0244189445 0.0055811489
v -0.00511112157 0.0232778769 0.00595208257
v -0.00604744395 0.0263213553 0.00980440527
v -0.00655065104 0.0278428663 0.00979866926
v -0.00510185119 0.0232784096 0.00974100176
v -0.00556290848 0.0247998592 0.00973244105
v -0.00531484978 0.0240389872 0.00896579493
v -0.00508252811 0.0232781731 0.00847652648
v -0.00707557099 0.029364422 0.00987334084
v -0.00746925175 0.0305053368 0.00832076091
v -0.00733207632 0.0301250461 0.00898262858
v -0.00318202167 0.0152919143 0.0118228421
v -0.00315649784 0.0149118062 0.0124527216
v -0.00233320915 0.0111083835 0.0108580198
v -0.00360094197 0.0156733692 0.0150483567
v -0.00323763094 0.0141519867 0.0146292532
v -0.00294922269 0.0126308035 0.0146099161
v -0.00270689907 0.0118698562 0.0136462823
v -0.00480870437 0.0209976807 0.0144582726
v -0.00488877809 0.0209979247 0.0150952311
v -0.00516064512 0.022138834 0.0147976652
v -0.00412891945 0.0183353331 0.0144126927
v -0.00420685485 0.0183355864 0.0150495078
v -0.00390210515 0.0171945039 0.014752754
v -0.00374954753 0.0171940159 0.0134398714
v -0.00181075174 0.0035045913 0.0145335821
v -0.00162765977 8.25586103e-05 0.0142449839
v -0.00171205588 8.28302655e-05 0.0148822321
v -0.00165552367 -0.00105789339 0.0145626478
v -0.0015513472 8.23008959e-05 0.0136082768
v -0.00150253146 -0.00105840957 0.0132892095
v -0.00225417619 0.00806752034 0.0146027869
v -0.0019267404 0.00502551626 0.0145413587
v -0.00181686855 0.00540526491 0.0133102853
v -0.00128242048 0.0023617621 0.00695855031
v -0.00119022245 -0.00106009527 0.00695236865
v -0.00123619917 -0.000299888343 0.005179103
v -0.00121198338 -0.0010602402 0.00569064636
v -0.00132240553 0.0023622436 0.00948758982
v -0.00138477155 0.00350289629 0.00941282324
v -0.00123359333 8.09071571e-05 0.00916584115
v -0.00126001937 8.10605052e-05 0.0097992029
v -0.00123205734 -0.0010596076 0.00948153157
v -0.00119726558 -0.000299593812 0.00766337942
v -0.00121066347 -0.000299422274 0.00857218821
v -0.00122724171 0.000841115892 0.00821803045
v -0.00187491975 0.00844612811 0.00952463597
v -0.00203240127 0.00958693586 0.00953519437
v -0.00159848959 0.00616451213 0.00919030793
v -0.0016236708 0.00616466161 0.00982358586
v -0.00150316244 0.00502385106 0.00949970912
v -0.0015735178 0.00616426114 0.00792545266
v -0.00158203708 0.00616437756 0.00855761487
v -0.00390469469 0.011873289 0.0207135621
v -0.00275106728 -0.000104392246 0.0203796308
v -0.00297587691 8.62637826e-05 0.0212828759
v -0.00288601755 -0.000674327486 0.0209610537
v -0.00208395836 8.39283093e-05 0.0171966851
v -0.00184293999 -0.000677129778 0.0158383939
v -0.00252201222 0.00255623623 0.0189826675
v -0.00275824708 0.00274693407 0.0200051032
v -0.00251381611 -0.000295093778 0.0193571225
v -0.00225131633 8.43897724e-05 0.0180763435
v -0.00237590377 -0.000295456965 0.0187162869
v -0.00290935556 0.00597865833 0.0196402278
v -0.00273532257 0.00616827281 0.0187403858
v -0.00259986543 0.00540761743 0.0184155069
v -0.00265335641 0.00654819235 0.0181427747
v -0.00660682423 0.0236631166 0.0209736861
v -0.00695878966 0.0270844381 0.0171287972
v -0.00705306744 0.0270847138 0.0177667085
v -0.00749860145 0.0274659991 0.0196913518
v -0.00643594936 0.0240427181 0.0195806287
v -0.00656830333 0.0240430776 0.0202605668
v -0.00622084364 0.0240421277 0.0183819737
v -0.00643794239 0.0244227722 0.0189886466
v -0.00830612611 0.0305084139 0.0184823163
v -0.00809337292 0.0297477897 0.0187838469
v -0.00897963718 -0.0364046916 0.0128431628
v -0.00902917422 -0.0364045016 0.0134780752
v -0.00734751392 -0.0314643383 0.0149442954
v -0.00678532571 -0.0303249322 0.0133276256
v -0.00684704399 -0.0303247198 0.0139633529
v -0.00721144723 -0.0314647853 0.0136719923
v -0.0114819147 -0.0426743925 0.0102477344
v -0.0115606692 -0.0428646281 0.00855561625
v -0.0115567949 -0.0428645238 0.00926589593
v -0.00466943858 -0.0215830579 0.0169752967
v -0.00477528572 -0.0215827543 0.0176139846
v -0.00512767537 -0.0215817858 0.0194929093
v -0.00527003687 -0.0215814058 0.020173518
v -0.00591828953 -0.0242418144 0.0199801363
v -0.0055327653 -0.0238625426 0.0185332112
v -0.00442730589 -0.0185413137 0.0194854215
v -0.00456440542 -0.0185409524 0.0201262049
v -0.00417427579 -0.0185419973 0.0182052776
v -0.0042972276 -0.0185416639 0.0188451111
v -0.00397879723 -0.0174016692 0.0184290167
v -0.00973095186 -0.0329838432 -0.00763314217
v -0.0114832371 -0.0375434496 -0.00751565211
v -0.0108812107 -0.0360236131 -0.00755601795
v -0.0118180877 -0.0375429355 -0.0087563768
v -0.0112193767 -0.0360230915 -0.00879652053
v -0.00953796878 -0.0341246799 -0.00511972047
v -0.0101207783 -0.035644535 -0.00508064311
v -0.0105684157 -0.0360240787 -0.00631380873
v -0.00736455992 -0.0276647974 -0.00562071707
v -0.00842974894 -0.0310848597 -0.00519402651
v -0.00870464835 -0.0307042729 -0.00687299296
v -0.00851250812 -0.0307045635 -0.00609638868
v -0.00820636842 -0.0295644663 -0.00647218386
v -0.0145572871 -0.0447623283 -0.00730953738
v -0.0145615069 -0.0459028259 -0.00513816252
v -0.0144195398 -0.0459030122 -0.00447661569
v -0.0139678931 -0.0447631478 -0.0048226947
v -0.01199173 -0.0402039327 -0.0050341445
v -0.0127978614 -0.042103637 -0.00494061969
v -0.0134925619 -0.0428629927 -0.00647301599
v -0.0133335767 -0.04286322 -0.0058126105
v -0.00939234439 -0.0364057496 0.000870623568
v -0.00981433596 -0.03754564 0.00125418673
v -0.0080822641 -0.0341261886 0.00488811731
v -0.00899592694 -0.0364059433 0.00463358406
v -0.00895037036 -0.0364059247 0.00526212016
v -0.00943248253 -0.037545789 0.00497865025
v -0.00926154479 -0.0367858782 0.00338821299
v -0.00904891267 -0.0364059396 0.00400554622
v -0.0060515427 -0.0284265075 0.00475195795
v -0.00685278047 -0.0307064373 0.00448988611
v -0.00655318238 -0.0299464613 0.00494349096
v -0.00696799112 -0.0307064243 0.00323443045
v -0.00690647168 -0.0307064373 0.00386189623
v -0.00654181791 -0.0295664817 0.0035216508
v -0.0133534847 -0.0459042005 0.00239939732
v -0.0132813836 -0.0459042415 0.00302615273
v -0.0118727358 -0.0432448201 0.00514226872
v -0.0119997049 -0.0432448164 0.00365075516
v -0.0138836754 -0.0455235727 -0.00261777546
v -0.0138072446 -0.0460938439 -0.000471545645
v -0.0135873836 -0.0459040292 0.000520310306
v -0.0122067248 -0.0428646542 0.000427737337
v -0.0120949484 -0.0421045385 -0.00119820819
v -0.00232065027 -0.0124646099 0.0020543912
v -0.00258911378 -0.0132246707 0.000730261847
v -0.00169787719 -0.0088535985 0.00388766709
v -0.00177121966 -0.00980389491 0.00446496299
v -0.00209620618 -0.012084567 0.00417095842
v -0.00215361943 -0.0126547003 0.00472744927
v -0.00129713758 -0.002961247 0.00411738129
v -0.00126404199 -0.00296122627 0.00474675233
v -0.00131476775 -0.0041017523 0.00443435786
v -0.00126650569 -0.00220087962 0.00443112198
v -0.00150146056 -0.00714298245 0.00444687577
v -0.00160390732 -0.00714298245 0.00295371818
v -0.00427595759 -0.0215861723 0.00179074996
v -0.0042148116 -0.0215862188 0.0024182403
v -0.00501320325 -0.0242463611 0.00184018211
v -0.00495247496 -0.0242464058 0.00246770051
v -0.00527007086 -0.0246262439 0.000554750848
v -0.00508069014 -0.0242463034 0.00121311704
v -0.00422830041 -0.0223463122 0.00462970976
v -0.00509276194 -0.0253864843 0.00468767202
v -0.00465717819 -0.0238664225 0.00454004342
v -0.00259069144 -0.014935256 0.00394752994
v -0.00280614523 -0.0162655097 0.00453435443
v -0.00331062032 -0.018545894 0.00429185899
v -0.00318245636 -0.0181658175 0.00487538148
v -0.0030581383 -0.0174057167 0.00431440445
v -0.00341363205 -0.0185458865 0.00299611129
v -0.00336618652 -0.0185458995 0.00362452026
v -0.00575932115 -0.0242454819 -0.00316251186
v -0.00563829672 -0.0242456403 -0.00253903563
v -0.00602608873 -0.0251955409 -0.00308541325
v -0.00602510758 -0.0242451169 -0.00440787151
v -0.00588827953 -0.0242453068 -0.0037854549
v -0.00628978061 -0.0253852699 -0.00407432951
v -0.00574045908 -0.0234851614 -0.00411116146
v -0.00459492765 -0.0215858389 -0.000753697997
v -0.00449937815 -0.0215859525 -8.90399315e-05
v -0.00532338256 -0.0242460389 -0.000665381027
v -0.00523463218 -0.024246145 -3.97412696e-05
v -0.0055016051 -0.0250061285 -0.000337636215
v -0.0054202769 -0.0242459252 -0.00129047432
v -0.00567828771 -0.0248158332 -0.0018258167
v -0.00311604305 -0.0155050466 -0.000181792333
v -0.00397483865 -0.0193056371 -0.000440005766
v -0.00382770924 -0.0177851655 -0.00171305076
v -0.00511610741 0.0156736728 -0.00794256665
v -0.00458154827 0.0122511648 -0.00837315153
v -0.00439189421 0.0122508481 -0.00767532829
v -0.00464494061 0.0111107323 -0.00923733599
v -0.00492493017 0.012631923 -0.00933698658
v -0.00421796739 0.0141514624 -0.00551590091
v -0.00373416184 0.0118695702 -0.00519306911
v -0.00401568878 0.0128204916 -0.00572683476
v -0.00410820916 0.0120602837 -0.00668775244
v -0.00559366448 0.0202366039 -0.00542366039
v -0.00609587878 0.022138318 -0.00535051245
v -0.00509836897 0.0179547183 -0.00577266468
v -0.00536056841 0.0179551467 -0.00689984066
v -0.0053205071 0.0183352623 -0.00634988584
v -0.00557750603 0.0190960411 -0.00664844876
v -0.00350924768 0.00388530828 -0.0080503067
v -0.00289115077 0.00274369307 -0.00588118425
v -0.00272798771 -0.000108023771 -0.00551711628
v -0.00296134199 -0.000297724589 -0.00650806725
v -0.00305358646 0.000843012007 -0.00681767706
v -0.00350936246 0.009968278 -0.00552393775
v -0.00313182501 0.00616579503 -0.00586504722
v -0.00299236807 0.0061655608 -0.00524280639
v -0.00296318321 0.00502494909 -0.00556055875
v -0.00320844864 0.00711639039 -0.00578095997
v -0.00346165802 0.00578616513 -0.00734295603
v -0.00323569914 0.00578578329 -0.00645019766
v -0.00343046361 0.00692667207 -0.00679240748
v -0.0043059825 0.00274609239 -0.0108390395
v -0.00426252792 0.00388658512 -0.0105261598
v -0.00423499383 8.46327748e-05 -0.0108437994
v -0.00403019832 8.42851077e-05 -0.0102259396
v -0.00412876019 -0.000675934774 -0.0105351284
v -0.00447428459 8.5038926e-05 -0.011538296
v -0.00433250424 0.00616782485 -0.0102056703
v -0.00323353242 0.0149104632 0.00172085536
v -0.00317235338 0.0149104185 0.00234834361
v -0.00265071052 0.0118680485 0.0016817773
v -0.0042935675 0.0202349909 0.00463408604
v -0.00471184077 0.0217563827 0.00466213096
v -0.00399544928 0.0190939642 0.00461409707
v -0.00380798848 0.0179529637 0.0030225527
v -0.00376293832 0.0179529525 0.00365112233
v -0.00150196778 8.03596267e-05 0.00160475424
v -0.00143858255 8.03104194e-05 0.0022320943
v -0.00165082468 8.05091549e-05 0.000351555354
v -0.00157275214 8.04259762e-05 0.000977910357
v -0.00159968552 -0.00106012577 0.00066392083
v -0.00145148777 0.00388245238 0.00444352487
v -0.00126328506 -0.00106031669 0.00443090592
v -0.00137707044 -0.000299922162 0.00285956031
v -0.00186758093 0.00806519203 0.00447142404
v -0.00207439065 0.00958626997 0.0044852905
v -0.00154300907 0.00502316421 0.00444966136
v -0.0016905712 0.00654415507 0.00445955573
v -0.00224451651 -0.000488970429 -0.00331923016
v -0.00222342741 0.00084166677 -0.0030837974
v -0.00253157574 8.1755752e-05 -0.00464211218
v -0.00239538285 8.15458334e-05 -0.00401965296
v -0.00245314208 -0.000678746088 -0.00433157571
v -0.00182975782 8.07254328e-05 -0.000899627979
v -0.00173714163 8.06090684e-05 -0.00027424749
v -0.00177055201 -0.00105992518 -0.000587802788
v -0.00209769141 -0.000108997941 -0.00251984992
v -0.00191620982 -0.000299350359 -0.00148594682
v -0.00199804199 0.000841339061 -0.00183572969
v -0.00250780396 0.00882615894 -0.000893639342
v -0.00240884605 0.00882603973 -0.00022920988
v -0.00219371542 0.0055940398 -0.00125023129
v -0.00237967749 0.00654478604 -0.00181014114
v -0.00993354712 0.0362112746 0.0021700908
v -0.00987571944 0.0362112373 0.00279780314
v -0.0106602032 0.0384937637 0.00510044303
v -0.00942024868 0.0354503617 0.00497782975
v -0.0101894159 0.0373524763 0.00502940221
v -0.00951294787 0.0354503579 0.00348401838
v -0.0123098996 0.0422981195 0.00485578505
v -0.00656210491 0.0270816032 0.00194403622
v -0.00650281925 0.0270815697 0.00257165055
v -0.00559246819 0.024038611 0.00187902234
v -0.00553269545 0.0240385737 0.00250660395
v -0.00573051535 0.0240387414 0.000625098241
v -0.00565840956 0.0240386706 0.00125185342
v -0.00610189978 0.026320776 0.004755334
v -0.00573606649 0.0251796488 0.00473080529
v -0.00547978329 0.0240385458 0.00313464622
v -0.00824185461 0.032407064 0.00489881868
v -0.00727976253 0.0297442507 0.00459746365
v -0.00750187226 0.030124655 0.00327022676
v -0.00745696574 0.0301246457 0.0038988064
v -0.00722451229 0.0270824824 -0.00330111641
v -0.00737475371 0.0278430898 -0.00265945378
v -0.00634930748 0.0244198143 -0.0031229537
v -0.00625030184 0.0244196597 -0.00249800086
v -0.00596027635 0.0232786462 -0.00283324253
v -0.00653140387 0.0251804758 -0.00279494864
v -0.00639822427 0.0240397081 -0.00406705867
v -0.00696477294 0.0274622887 -0.000555326289
v -0.0066452045 0.026511319 -0.000497803965
v -0.00598609634 0.0242291633 -0.000995952403
v -0.00581009081 0.0240388233 -1.15607872e-06
v -0.00619785488 0.0251799729 -0.000290952012
v -0.00577679975 0.0232783668 -0.00158236478
v -0.00632234942 0.0249900613 -0.00178263278
v -0.00881118793 0.0327877738 -0.000115728442
v -0.00788062066 0.0301250163 -0.000533392595
v -0.00780903548 0.0301249176 0.000132872738
v -0.00815192703 0.0303155128 -0.00211391482
v -0.0079605449 0.03012513 -0.00119909842
v -0.0117213093 0.0390652791 -0.00313776871
v -0.0103047332 0.0358315296 -0.00254194764
v -0.0115727019 0.0396353826 -0.000246365409
v -0.0115073463 0.0396352932 0.00038084382
v -0.00983419828 0.035450656 -4.71359017e-05
v -0.0104491152 0.0364020392 -0.00195988873
v -0.0102378204 0.0362116322 -0.000927983958
v -0.0107406294 0.0373529568 -0.00124954118
v -0.0131793944 0.0434397273 0.000177158989
v -0.0126666706 0.0419181548 -0.00119934953
v -0.013154217 0.0430594683 -0.00108771026
v -0.00403886288 0.0151016265 -0.00365287508
v -0.00382625824 0.0149111887 -0.00262105884
v -0.00334592955 0.0118689295 -0.00316643179
v -0.00360549195 0.011869356 -0.00457010651
v -0.00347773219 0.0118691446 -0.00390760694
v -0.0033520076 0.0143402349 -0.00024491924
v -0.00303591951 0.0122486772 -0.000818755128
v -0.00285605132 0.0116781462 -0.000278173102
v -0.00312722987 0.0130092157 -0.000496837893
v -0.00326089212 0.0120588848 -0.00244185748
v -0.00306332367 0.0118685048 -0.00140903285
v -0.00332702883 0.0130094597 -0.00174662145
v -0.00502268132 0.0209960751 -0.000725016813
v -0.0040072035 0.017192645 -0.000437835843
v -0.00450841896 0.018143855 -0.0023582112
v -0.00431794534 0.0179534648 -0.00132491079
v -0.00578597793 0.01491444 -0.0107398061
v -0.00513722608 0.0126322769 -0.0100332918
v -0.00504082721 0.0111113982 -0.0105134482
v -0.0054134829 0.0118723847 -0.0112779513
v -0.00664159004 0.0185275432 -0.0109390216
v -0.00632396946 0.0183369275 -0.0100721428
v -0.00616119569 0.0171961281 -0.0103988545
v -0.00659947051 0.0190977361 -0.0103694685
v -0.0025701928 -0.00904276595 -0.00274475128
v -0.00278023188 -0.010183027 -0.00312541309
v -0.00261660013 -0.00847241562 -0.00329428189
v -0.00295716454 -0.0120836906 -0.0027188051
v -0.00298671843 -0.0115133785 -0.00326946564
v -0.00340307341 -0.0124632213 -0.00458367867
v -0.00326094776 -0.0124634411 -0.00392214209
v -0.003168375 -0.0113230078 -0.00428361911
v -0.00227801129 -0.00942333229 -0.000869572628
v -0.00263845385 -0.0120841097 -0.000924353022
v -0.00275636092 -0.0132244788 -0.000521704438
v -0.00295875128 -0.0132242246 -0.00177131419
v -0.0019707547 -0.0060020946 -0.000890174124
v -0.00192770083 -0.00657242024 -0.000340418715
v -0.00190204254 -0.00505172275 -0.00081583258
v -0.00224181847 -0.00638192426 -0.00229307637
v -0.00209347392 -0.00638212077 -0.00147406128
v -0.00208324939 -0.00524158077 -0.0018300165
v -0.00867564138 -0.0333655216 -0.00233538216
v -0.00901914015 -0.0341253839 -0.00262814621
v -0.0101166042 -0.0367850251 -0.0028703569
v -0.010003197 -0.0367851704 -0.00224636984
v -0.0102606025 -0.0367848426 -0.00361071387
v -0.00851720478 -0.0337458514 -0.000451235654
v -0.00804678258 -0.0326059908 -0.00016698151
v -0.00970646739 -0.0367855281 -0.000371495844
v -0.00946940109 -0.0364056677 0.000244200259
v -0.00916614477 -0.0354557037 -0.000328775117
v -0.0098970104 -0.0367853045 -0.00162190106
v -0.0097980909 -0.0367854275 -0.000996941817
v -0.00939286593 -0.0356454961 -0.00133990799
v -0.00635227049 -0.0276661534 -0.00043849615
v -0.00594349997 -0.0263361242 -0.000564589747
v -0.0074045728 -0.0307060536 -0.000525837531
v -0.00731807807 -0.0307061486 9.99544864e-05
v -0.00762739778 -0.0307057798 -0.00193197432
v -0.00749879749 -0.0307059381 -0.001151109
v -0.0071309167 -0.0293758716 -0.00174815464
v -0.00890033133 -0.0284227952 -0.0102546681
v -0.00283214147 -0.012461286 0.0168521069
v -0.00294481218 -0.0124609666 0.0174912512
v -0.00272702705 -0.0124615943 0.0162134655
v -0.00250333198 -0.0115115922 0.0156260896
v -0.00293621398 -0.00941901095 0.0193459727
v -0.00308853528 -0.00941861421 0.0200272482
v -0.00332712592 -0.0124599328 0.0194116551
v -0.00346899009 -0.0124595612 0.0200527571
v -0.00306493626 -0.012460635 0.0181308966
v -0.00319240987 -0.0124602867 0.0187710337
v -0.00292234938 -0.0113202613 0.0182002857
v -0.002517791 -0.00599807734 0.0187258013
v -0.0024202175 -0.00637855986 0.0181271434
v -0.00240772683 -0.00523794163 0.0184026249
v -0.00846823771 -0.0337433256 0.0172300059
v -0.00856887735 -0.0337430462 0.0178683437
v -0.00969206169 -0.0367828682 0.0177857578
v -0.0094162235 -0.0367836691 0.0157935414
v -0.00672595995 -0.0272822063 0.0196395461
v -0.00759641826 -0.0307028871 0.0183952563
v -0.00771374255 -0.0307025593 0.0190741885
v -0.00752444938 -0.0329860635 0.00773234619
v -0.00810660515 -0.034505982 0.00737663638
v -0.00930939335 -0.0375456177 0.0074967579
v -0.0089122653 -0.0364058949 0.00589115452
v -0.0093562305 -0.0375457257 0.00623671804
v -0.00810402166 -0.0345055796 0.00994229876
v -0.00753041031 -0.0329857282 0.00982488878
v -0.00899105612 -0.0367853902 0.00968597922
v -0.00900446903 -0.0367852673 0.0103184683
v -0.00854360778 -0.0356454812 0.00989282317
v -0.00898680184 -0.03678561 0.00834356435
v -0.00657224935 -0.0303259213 0.00952379871
v -0.00658877054 -0.030325789 0.0101564964
v -0.00698019238 -0.0314658023 0.00986694638
v -0.00676151738 -0.030896103 0.00833251886
v -0.00656342972 -0.0303260349 0.00889161602
v -0.00994866434 0.0358330533 0.0163029321
v -0.00358602544 0.0143431006 0.0168434419
v -0.00300114159 0.0122508984 0.0155213093
v -0.00286052539 0.0111102108 0.0158671476
v -0.00431438815 0.0149152381 0.0201094411
v -0.00362189137 0.0118725551 0.0194314197
v -0.00375980698 0.0118729174 0.0200722571
v -0.00336738746 0.0118718697 0.0181511752
v -0.00349105243 0.0118722059 0.0187910572
v -0.0036112708 0.0130128507 0.0184043739
v -0.00558802066 0.0209999606 0.0195237752
v -0.00572424894 0.0210003238 0.0202039722
v -0.00497103482 0.017957706 0.0201534703
v -0.00482860254 0.0187174827 0.0185254719
v -0.00311321579 0.0156712551 0.00743657351
v -0.00279753609 0.0141499648 0.00706013851
v -0.00237364974 0.011868136 0.00671592122
v -0.00236490741 0.0118682161 0.00734692579
v -0.0024084826 0.0118680112 0.00537612801
v -0.00238673389 0.0118680689 0.00608520862
v -0.00304804672 0.0152912689 0.00928749982
v -0.00282191369 0.014150409 0.00958813168
v -0.00226763007 0.011108052 0.00955096632
v -0.00249948469 0.0124390805 0.00964546297
v -0.0023648066 0.0118683148 0.00797850825
v -0.00237186393 0.0118684331 0.00865004677
v -0.00257351855 0.0130092511 0.00830829795
v -0.00424501533 0.0202355999 0.00968355127
v -0.0046608299 0.0217569768 0.0096719563
v -0.0037131412 0.0181437656 0.00972683821
v -0.0039478275 0.0190945808 0.00966362469
v -0.00363921421 0.0179532487 0.00782711152
v -0.00387850823 0.0189042091 0.00863264315
v -0.010593595 0.0384939164 0.00758286286
v -0.0112342946 0.0400156491 0.00766529609
v -0.00937341619 0.0354504175 0.00623787008
v -0.0111510977 0.0398257785 0.0102058155
v -0.0105903307 0.0384942666 0.0100695295
v -0.00950520765 0.0358313061 0.0100362478
v -0.00996494479 0.0369725674 0.0100670727
v -0.00995753799 0.0369723663 0.00880339649
v -0.00162683625 -0.0092335837 0.00627110433
v -0.00167315779 -0.00980367791 0.00698474934
v -0.00203346927 -0.0124644861 0.0066931122
v -0.00202267291 -0.0124644022 0.00732397893
v -0.00204076455 -0.0122745419 0.00568700442
v -0.00190307293 -0.0113242753 0.00573698385
v -0.00202931161 -0.0122739077 0.0096139377
v -0.00202075136 -0.0124643007 0.00795543939
v -0.00197164621 -0.0120840818 0.00858373847
v -0.00127327046 -0.00410105195 0.00944482163
v -0.001236432 -0.00258035958 0.00944235176
v -0.00141545734 -0.00676215393 0.00941488147
v -0.0013447972 -0.00562168565 0.00948909111
v -0.00131005154 -0.00562196039 0.00822358299
v -0.00475017214 -0.00941945612 -0.0108092567
v -0.00516046025 -0.0124603948 -0.0107817464
v -0.00427011354 -0.00295686675 -0.0108414441
v -0.00406515552 -0.0029572153 -0.0102235964
v -0.00421175314 -0.00409755809 -0.0105295638
v -0.00445659366 -0.00637833774 -0.0108289411
v -0.00435132766 -0.00523791742 -0.0107570514
v -0.0121640796 0.0362146124 -0.0103516281
v -0.0123192621 0.0369752087 -0.00982805714
v -0.00456661358 -0.00257616607 -0.0117294742
v -0.0012128941 -0.00296075689 0.00845391583
v -0.00163358345 -0.0094232792 0.00860054512
v -0.00170150981 -0.0096137803 0.00548662338
v -0.0110676792 0.0396353155 0.00856203586
v -0.0109525993 0.0392546467 0.00575163774
v -0.00453421194 0.0213763341 0.00804501772
v -0.00464219972 0.0217567738 0.00860489998
v -0.00307212421 0.0154812289 0.00826278049
v -0.00282554678 0.0141498335 0.00579883531
v -0.00557573931 0.0213799886 0.0189308356
v -0.00521678897 0.0202388186 0.0185909718
v -0.00557170715 0.0217600316 0.0183384493
v -0.00400814367 0.0152945081 0.0181941371
v -0.00412869779 0.0152948406 0.0188338123
v -0.00383972214 0.0141537711 0.0184986405
v -0.00349178049 0.0147228856 0.015712101
v -0.00567323249 -0.0276660956 0.00879245438
v -0.00765919173 -0.03336595 0.00833349582
v -0.00808985997 -0.0345058031 0.00867816806
v -0.00660852389 -0.0276628658 0.0183684938
v -0.0067299027 -0.0276625287 0.019047698
v -0.00853840075 -0.033362776 0.0184978917
v -0.00826670323 -0.0337439105 0.0157954153
v -0.0083743725 -0.0337435938 0.0165921208
v -0.0023301912 -0.00276681455 0.0184566397
v -0.00234282156 -0.00371728232 0.0183982737
v -0.00273918221 -0.00865906291 0.0187801216
v -0.00218537054 -0.0090408707 0.0154666118
v -0.00660085026 -0.0276658479 -0.00200080406
v -0.00646420103 -0.0276660174 -0.0011810041
v -0.00856752787 -0.033365652 -0.00171104248
v -0.00846690405 -0.0333657749 -0.00108619768
v -0.00926399231 -0.0341250524 -0.0038749089
v -0.00883738976 -0.0329851434 -0.00390351284
v -0.00190402416 -0.00315079209 -0.00128939142
v -0.00249907654 -0.00942304451 -0.00215740525
v -0.00238051335 -0.0094232019 -0.00149428996
v -0.00283672591 -0.00866217446 -0.00426638126
v -0.00598926982 0.014914779 -0.0113577666
v -0.00519803027 0.0213765316 -0.00130537513
v -0.00504510663 0.0206159186 -0.00171037391
v -0.00543171074 0.0219471715 -0.00186208624
v -0.00381594314 0.0152913602 -0.00202963548
v -0.00372786005 0.0152912252 -0.00140395074
v -0.00354208075 0.0141503625 -0.00173220225
v -0.00429918058 0.0156723242 -0.00440517114
v -0.00402879016 0.0145313339 -0.0042259288
v -0.0117339361 0.0396355949 -0.00157768303
v -0.0116448039 0.0396354757 -0.000873120385
v -0.00928686559 0.0335488543 -0.00166281138
v -0.00905731134 0.0331683271 -0.00100713689
v -0.00713353371 0.0274625365 -0.00188613893
v -0.00703994744 0.0274623986 -0.00118187512
v -0.00619363319 0.0263207778 0.00326145883
v -0.00678034499 0.0274620708 0.00109023228
v -0.0110807912 0.0392546281 0.00351019297
v -0.0111971498 0.0396350399 0.00414958503
v -0.0109489486 0.0384939052 0.00125131325
v -0.0026553194 0.00920654833 -0.00147586432
v -0.00262129982 0.00825600605 -0.00205052365
v -0.00216325303 0.00312273228 -0.00221939525
v -0.00204642047 0.00312256604 -0.00151669106
v -0.00261817989 0.00274323276 -0.00463630538
v -0.00249095564 0.00274302415 -0.00401324499
v -0.00200637663 0.00844545849 0.00298070419
v -0.00170010957 0.00274194963 0.000710129098
v -0.00459702034 0.0209956858 0.00307545718
v -0.00451750727 0.00274645118 -0.0114564477
v -0.0037068075 0.00882805791 -0.00701072486
v -0.00354065257 0.00901787262 -0.00623237854
v -0.00323603279 0.00312446686 -0.00720018893
v -0.00304005854 0.00274394569 -0.00650278945
v -0.00379373995 0.00236503361 -0.00929440837
v -0.00384837203 0.00350569398 -0.00929074548
v -0.00626788987 0.0217584167 -0.00660215877
v -0.00470201578 0.0149126276 -0.00694399653
v -0.00455423398 0.0151024703 -0.00616441807
v -0.00523197139 0.0141531527 -0.00943482108
v -0.00546252774 0.0156742521 -0.00918251649
v -0.00322008226 -0.0147445807 -0.00175379205
v -0.00458849501 -0.021205686 -0.00134624518
v -0.00483270595 -0.0217756201 -0.00190224929
v -0.00529943453 -0.0215848982 -0.004456528
v -0.00515241316 -0.0215851031 -0.0037953197
v -0.00277256803 -0.0155053558 0.00295312819
v -0.00435883971 -0.0223463122 0.00313843647
v -0.00441805227 -0.0215860382 0.000537097512
v -0.00434393296 -0.0215861145 0.00116371771
v -0.00139456452 -0.00334141194 0.00290020765
v -0.00133989356 -0.00296125049 0.00348865753
v -0.00205755862 -0.00904342066 0.000378826837
v -0.00205377489 -0.00961367879 0.000931214134
v -0.0107834144 -0.0390650593 -0.00124667177
v -0.0141331227 -0.0457133166 -0.00348922145
v -0.0132160289 -0.0459042639 0.00365336076
v -0.0131574357 -0.045904275 0.00428102212
v -0.0135132745 -0.0459041037 0.0011469312
v -0.0134323221 -0.0459041521 0.00177309324
v -0.00618733186 -0.0284265 0.0032215619
v -0.00831350032 -0.0337460712 0.00115355605
v -0.0117901787 -0.0390637107 -0.00623188959
v -0.0146853551 -0.0455224924 -0.00643251324
v -0.0147106806 -0.045902621 -0.00579922413
v -0.00755890133 -0.0272843111 -0.00691034133
v -0.00754214916 -0.027664531 -0.00635882327
v -0.0100018075 -0.0345041975 -0.00643075071
v -0.00941424258 -0.0329843275 -0.00639119558
v -0.0107053164 -0.0345031135 -0.00906783342
v -0.00349620474 -0.0151213147 0.0181598123
v -0.00362187391 -0.0151209738 0.0187998302
v -0.00376077788 -0.0162614193 0.0184538737
v -0.00491413986 -0.0212020576 0.0188864749
v -0.00513401069 -0.0223423801 0.018545948
v -0.00470767729 -0.0208223201 0.0182805173
v -0.00447980734 -0.0215836316 0.0156993996
v -0.00457091583 -0.0215833522 0.0163370986
v -0.00541108195 -0.0215810426 0.0208145659
v -0.0104005365 -0.0402050503 0.00883309916
v -0.0126559688 -0.0451443754 0.00645796489
v -0.00596601376 -0.0276647564 0.0138648069
v -0.00800353102 -0.0341253355 0.0111987405
v -0.00715413829 0.0270850118 0.0184050761
v -0.00726887491 0.0270853322 0.019083837
v -0.00676826527 0.0270838812 0.0157738943
v -0.00686727138 0.0270841699 0.0164910704
v -0.0071968548 0.0282251667 0.0161973722
v -0.00307134818 0.00883012265 0.0189208165
v -0.00287882355 0.00806934666 0.0184342116
v -0.00302349846 0.00959024299 0.0181675926
v -0.00291916705 0.00274734409 0.0206869561
v -0.00200203247 0.00958667509 0.00826998055
v -0.00130470179 0.00236161961 0.0056968634
v -0.0021081958 0.00806702022 0.0133298188
v -0.00158583233 0.00274353125 0.012978998
v -0.00165319291 0.00274377316 0.0136151053
v -0.00137366995 0.00198236224 0.010754209
v -0.0014576714 0.00350324879 0.0107598417
v -0.00467099901 0.0209972318 0.0131858578
v -0.00473608589 0.0209974498 0.0138218123
v -0.00321842777 0.0149120176 0.0130884638
v -0.00303911325 0.015101308 0.0101553379
v -0.00313631911 0.0152917299 0.0111881895
v -0.00288194907 0.0141507201 0.0108553385
v -0.00845841691 0.0331681557 0.00834761001
v -0.00845642108 0.03316826 0.00905801635
v -0.00889607333 0.0343094319 0.00873222481
v -0.00628181966 0.0270818267 0.0082016699
v -0.0062823412 0.0270819422 0.00891224388
v -0.0063190544 0.0270815752 0.00563833117
v -0.0063027069 0.0270816237 0.00634777406
v -0.00649574399 0.0270830076 0.0133082084
v -0.00656783441 0.0270832628 0.0140630547
v -0.0110616516 0.0392559208 0.0136143519
v -0.0111107118 0.0392561071 0.0142492307
v -0.0110909957 0.0396357439 0.0110899592
v -0.0111135188 0.0396358743 0.0117230602
v -0.0106270127 0.0384945422 0.0114535931
v -0.003802547 -0.0212058928 0.0079959603
v -0.00390471448 -0.0215858035 0.00875282381
v -0.00361305894 -0.0204457399 0.00837799907
v -0.00383565412 -0.0210161675 0.00529418467
v -0.00393211702 -0.0215861406 0.006346724
v -0.00415066816 -0.0223462414 0.00592715945
v -0.00282021123 -0.0155036617 0.0130617637
v -0.00289285672 -0.0155034261 0.0136982249
v -0.00406465447 -0.0212045796 0.0131452028
v -0.00399494916 -0.0215852503 0.011127336
v -0.00198377762 -0.00942178722 0.0135977976
v -0.00430216407 -0.0151231764 -0.00641816529
v -0.004547894 -0.0158831794 -0.00679643499
v -0.00434846757 -0.0145528093 -0.00698743947
v -0.00582259195 -0.0212039091 -0.00702676037
v -0.00564104039 -0.0212041903 -0.00632839371
v -0.0060173762 -0.0223441832 -0.00661895564
v -0.00623711804 -0.0204428639 -0.00913058035
v -0.00306459749 -0.00257872068 -0.00681693852
v -0.00366336689 -0.00942126568 -0.00725048361
v -0.00347263413 -0.00942156743 -0.00655273348
v -0.00341535243 -0.00828107726 -0.00679342076
v -0.00438380614 -0.0101804882 -0.00937326904
v -0.00420608884 -0.00865997467 -0.00938518532
v -0.010080141 0.0331698842 -0.00682024006
v -0.00990775228 0.0331696123 -0.00604231143
v -0.00827318337 0.0263238084 -0.00911248755
v -0.00872664806 0.027845243 -0.00896365754
v -0.0126377791 0.0384964161 -0.00870141666
v -0.0104381936 0.0327902734 -0.00884889904
v -0.0108600846 0.0339314789 -0.00882061105
v -0.00381717295 -0.00409822958 -0.00929283723
v -0.00532084797 -0.0162621494 -0.00919201598
v -0.0050378833 -0.0147418138 -0.00921098888
v -0.00130395091 -0.00258001033 0.0107495347
v -0.00277517526 -0.0162645262 0.0108481795
v -0.00249156938 -0.0147442073 0.0108291637
v -0.00257635955 -0.0153152915 0.00522948662
v -0.00249903579 -0.0151251862 0.00609273836
v -0.00836277939 0.0327882767 0.0112228282
v -0.00879709516 0.0339295045 0.0112519488
v -0.00833968259 0.0327875242 0.0061685578
v -0.00877273362 0.0339287706 0.00635549147
v -0.00471403822 0.0217572805 0.01097818
v -0.00193209352 0.00882576685 0.00534418644
v -0.00212138612 0.0101567376 0.00549503835
v -0.00585938012 0.0210006777 0.0208446234
v -0.00600111578 0.0210010409 0.021485718
v -0.00626004068 0.0225220099 0.0208320133
v -0.00343108037 0.00845092442 0.0207607541
v -0.00550201023 -0.0269056018 0.011031013
v -0.0106089013 -0.0405845158 0.0113734305
v -0.0100956969 -0.0392555036 0.00571392057
v -0.0106282001 -0.0405852497 0.00636147754
v -0.00982618798 -0.038685564 0.00626822887
v -0.00282408507 -0.00295563112 0.0206411071
v -0.00298344553 -0.00295523205 0.0212833825
v -0.00293680327 -0.0040959483 0.0209644604
v -0.00410908926 -0.0154999616 0.0207272675
v -0.00850588828 -0.0284234192 -0.00897845905
v -0.00802470092 -0.0269033872 -0.00901072286
v -0.0129056983 -0.0402026027 -0.00868345238
v -0.0124335727 -0.0390627496 -0.00871510897
v -0.00605302351 -0.027096279 0.00040987588
v -0.00629516505 -0.0280463435 0.000978752621
v -0.0107378308 -0.0398253277 0.00159242796
v -0.0113279149 -0.0394445099 -0.00342072826
v -0.0117104407 -0.0402043164 -0.00371087482
v -0.00164285419 -0.00258083106 0.00039049529
v -0.00156807411 -0.00334127992 0.00113549386
v -0.00164633757 -0.00410156604 0.000706523715
v -0.00314892549 -0.0162653308 0.000728322833
v -0.00372215291 -0.0151240733 -0.00393069303
v -0.00394940702 -0.015884107 -0.00431019953
v -0.0037764837 -0.0147438003 -0.00451916642
v -0.00651269313 0.0202381164 -0.00911210384
v -0.00691109849 0.0217594747 -0.00908539072
v -0.00454897527 0.00997002702 -0.00948061608
v -0.00460687559 0.0202351548 0.000865552749
v -0.00239749695 0.0095864553 0.000677939563
v -0.00304738828 0.00844677072 -0.0042917314
v -0.00319679058 0.00958757382 -0.00428171409
v -0.0091447914 0.0339288749 0.000932972995
v -0.00935406983 0.0327885747 -0.00394781819
v -0.00977663882 0.0339297801 -0.00388001092
v -0.00533704879 0.0202361885 -0.00413821032
v -0.00250408612 -0.00353009952 -0.00438737031
v -0.00675560115 -0.0269053113 -0.00404309621
v -0.00179504475 -0.00333863497 0.0153614897
v -0.00636045402 -0.0280439183 0.0160623435
v -0.00601630006 -0.0269038659 0.0161182173
v -0.0058507761 -0.0280464422 0.0060016769
v -0.00497125974 0.0209981836 0.0157323517
v -0.00123850536 -0.00296118786 0.00537663
v -0.00126359507 -0.00410167547 0.00569410715
v -0.00121535617 -0.00220080279 0.00569087267
v -0.00477306638 0.0221368261 0.00624521216
v -0.00526515907 0.0217591338 0.0163836479
v -0.00547087239 -0.0269064251 0.00629199995
v -0.00718312338 -0.0278551448 -0.00458680885
v -0.00865852274 0.0327875875 0.00145301048
v -0.0085773766 0.0324072465 0.000815979729
v -0.00221795496 0.00825551152 0.00064616435
v -0.00279656262 -0.014745079 0.00121786387
v -0.0109689701 -0.0402051993 0.000976336014
v -0.00302989548 -0.0143620875 0.0162337739
v -0.00320853968 -0.0158827193 0.0156141613
v -0.00413011434 -0.0147393933 0.021360267
v -0.00440186821 -0.0162597448 0.0213784873
v -0.0104421889 -0.0390630662 0.0167307686
v -0.0108325668 -0.0402031466 0.0161253512
v -0.00588245783 -0.0280455258 0.0113723185
v -0.00584931578 -0.028045686 0.0107385051
v -0.00884371065 0.0327899605 0.0166235901
v -0.00273882365 0.00996954553 0.0162142571
v -0.00371462759 0.00959204603 0.0213324092
v -0.00441860454 0.0206163209 0.0112741664
v -0.00438031321 0.0206161402 0.0105610602
v -0.00272696861 -0.0162654351 0.00587117486
v -0.00134720106 -0.00372046349 0.0109892795
v -0.00324552436 -0.00371900434 -0.00735744787
v -0.00166127074 -0.00866244175 0.0109313894
v -0.00177650724 -0.00980284438 0.0108601665
v -0.00154787302 -0.00257902616 0.013608044
v -0.00395583594 -0.0215854347 0.0104141757
v -0.00403918372 -0.0208243113 0.013775086
v -0.00441682758 -0.0223444998 0.0137214586
v -0.00269098184 -0.0143631715 0.0136846891
v -0.0089857839 0.0339302793 0.0141067551
v -0.00855553616 0.032789059 0.0140779065
v -0.0085005071 0.0327888653 0.0134426272
v -0.00344725512 0.0156728625 0.0137353968
v -0.00234813243 0.0095882006 0.0136617012
v -0.00136452948 0.00350232422 0.00601666979
v -0.00135712977 0.00350268907 0.00846358668
v -0.00126274372 0.00198165304 0.00766776968
v -0.00183915405 0.00844576862 0.0077064177
v -0.00453080889 0.0145356841 0.0213871337
v -0.00438168831 0.0145353042 0.0207455438
v -0.00204888685 0.00350532378 0.0161679965
v -0.0023279388 0.00236563361 0.0180814806
v -0.00758159207 -0.0329854079 0.0112493988
v -0.00778813707 -0.0329845957 0.0140264537
v -0.00815155171 -0.0341247171 0.0134192305
v -0.0101577379 -0.0390639678 0.0141853346
v -0.0106327366 -0.0402038023 0.014217183
v -0.0105795376 -0.040203996 0.0135820266
v -0.00332049187 -0.0086575672 0.021305982
v -0.00343762478 -0.00979796238 0.0213138349
v -0.00328022754 -0.00979835633 0.0206716917
v -0.0152419014 -0.046662204 -0.00655309251
v -0.0121900821 -0.0402036607 -0.00588928163
v -0.0123423198 -0.0402034484 -0.00651066564
v -0.00785572827 -0.0326061882 0.00139918341
v -0.00773409614 -0.0329862982 0.00387791405
v -0.00822020136 -0.0341261849 0.00331839081
v -0.00563892117 -0.0269065201 0.00377690699
v -0.01013753 -0.0390655659 0.00407853816
v -0.0106197847 -0.0402053855 0.00411087321
v -0.0108382311 -0.0405853167 0.00353340409
v -0.0140255662 -0.0462836586 -0.00134508207
v -0.0113808364 -0.0405848734 -0.00089081889
v -0.0113151819 -0.040204823 -0.00152681291
v -0.00193234137 -0.0101840068 0.00281784218
v -0.00391242653 -0.0208261851 0.00366114569
v -0.00345673901 -0.0162649639 -0.00142212922
v -0.00367193995 -0.0164547674 -0.00241429685
v -0.00603750721 0.0206175093 -0.00693340274
v -0.00322677451 0.001983881 -0.00735870469
v -0.00497978134 0.00845002476 -0.0114254523
v -0.00346369506 0.0156711489 0.0011046977
v -0.00303986995 0.0145300804 0.00297105056
v -0.00145908038 0.00236154837 0.00286505907
v -0.0115574216 0.0400156006 0.00164738111
v -0.00637299148 0.0263208989 0.00133924035
v -0.00645347405 0.0263209771 0.000634098134
v -0.00887637772 0.0339286961 0.00399397779
v -0.00848387461 0.032787472 0.00333607034
v -0.00883997884 0.0322175026 -0.00206778105
v -0.0116123259 0.0384948291 -0.00391482562
v -0.0111692175 0.0384941883 -0.000905008288
v -0.0112535954 0.0384943075 -0.00157041696
v -0.00621760217 0.016055692 -0.0113424575
v -0.00758090243 0.0217605829 -0.0112905232
v -0.00295205624 -0.0101827672 -0.00398232788
v -0.0030870128 -0.0101825586 -0.00460487045
v -0.00890020002 -0.0345056765 -0.00105714519
v -0.00902643614 -0.0345055275 -0.00183816906
v -0.00225133076 -0.00866042543 0.0161420964
v -0.00232463959 -0.0101812119 0.0155548956
v -0.0075629293 -0.0329862051 0.00643227203
v -0.00802665669 -0.0341261476 0.00575282564
v -0.00751761394 -0.0329858884 0.00891611911
v -0.00592064578 -0.0284262225 0.00798008125
v -0.00376438769 0.0156738814 0.0162435453
v -0.003137436 0.0156711079 0.00613554288
v -0.00279245572 0.0141500644 0.00777033623
v -0.00422259606 0.020235274 0.00786622707
v -0.0112249851 0.040015839 0.00920417346
v -0.0105896788 0.0384940058 0.00837208796
v -0.00171209313 -0.0101836715 0.00781632215
v -0.00123579428 -0.00410141889 0.00766596291
v -0.0046708486 -0.00523737399 -0.0116830114
v -0.00138952921 -0.00676234672 0.00854470767
v -0.00140932389 -0.00714265322 0.00767759793
v -0.00949902367 0.0358310565 0.00845685787
v -0.00997959077 0.0369721241 0.00655483454
v -0.00950630754 0.035830956 0.00758890901
v -0.00259419833 0.0130089521 0.00609911885
v -0.00462864572 0.0173866712 0.0191041809
v -0.0045076441 0.0175763778 0.0182276294
v -0.00338246278 0.0126321139 0.0175205953
v -0.00397443958 0.0156744961 0.0175602883
v -0.00575428596 -0.0278558899 0.00984395947
v -0.00868226308 -0.0360255949 0.00903368462
v -0.00929218344 -0.0375453904 0.00911405403
v -0.00873212889 -0.0360259004 0.00647119293
v -0.00862190034 -0.0358358249 0.00750987278
v -0.00277764117 -0.0056171841 0.0200064033
v -0.00280791218 -0.00732808607 0.0196334254
v -0.00266415393 -0.0025758422 0.0199987944
v -0.00248502591 -0.00428721169 0.0189801883
v -0.00292092958 -0.00827835593 0.0197791643
v -0.00247930363 -0.00865977164 0.0174600389
v -0.00258495053 -0.00980020035 0.0173881743
v -0.0106707057 -0.0375446007 -0.00409638463
v -0.00173344545 -0.00258072466 -0.000274495309
v -0.00210204511 -0.00866319332 -0.000249780744
v -0.00548080495 0.0141535709 -0.0102471011
v -0.00514177885 0.0217566695 -4.59662733e-05
v -0.00362006435 0.0156713128 -0.000147997911
v -0.0124822967 0.0419179164 0.000446214137
v -0.0125557696 0.0419180095 -0.000259399152
v -0.0104090255 0.0369722955 0.000307201641
v -0.0110968212 0.0384940952 -0.000278273132
v -0.0116611999 0.0392552912 -0.00221415074
v -0.0092109954 0.0339289643 0.000226873919
v -0.00684209354 0.0263215173 -0.0024583214
v -0.00787106249 0.0312658437 0.00392657146
v -0.00603808416 0.0251797996 0.0010404638
v -0.0126837566 0.0430590101 0.00424926169
v -0.012186463 0.0419176705 0.00413696934
v -0.012111757 0.0419176891 0.00547409011
v -0.0102981152 0.0369721614 0.00156294485
v -0.0104865441 0.0377329215 0.00295718201
v -0.0114554893 0.0400155149 0.00290372642
v -0.0109930607 0.0388742276 0.00263587455
v -0.00236105314 0.00540417666 -0.00236403011
v -0.00213410961 0.00654447591 -0.000247630902
v -0.00220370293 0.00198221393 -0.00276932446
v -0.00232486357 0.00198239251 -0.00339279161
v -0.00167741673 0.00521329883 0.00262311473
v -0.00144894619 -0.001060265 0.00199594279
v -0.00160359719 0.00331216725 0.00186815206
v -0.00153670111 0.0023615954 0.00200182735
v -0.00285451021 0.0126286978 0.00106385199
v -0.00272465171 0.0126285916 0.00231832522
v -0.0034933486 0.0164316818 0.00248828903
v -0.00476504862 0.00997038744 -0.0101766689
v -0.00477133552 0.00844967365 -0.0108078374
v -0.00279056281 0.00350390282 -0.00525633711
v -0.00273345388 0.00236323592 -0.00526016625
v -0.00376666384 0.0111092599 -0.00590142794
v -0.00445693871 0.0156725831 -0.00518408185
v -0.00428128801 0.0111101205 -0.00795906503
v -0.00486665545 0.0145327225 -0.00788034219
v -0.004138608 -0.0189252719 -0.00200800085
v -0.00358437723 -0.0177854672 -0.00015039061
v -0.00290554389 -0.0143648041 -0.000195906279
v -0.00335668237 -0.0162650887 -0.000797247922
v -0.00311286631 -0.0174057223 0.00360753504
v -0.00523370039 -0.0253864806 0.00311814668
v -0.00541916583 -0.0253863521 0.00123581185
v -0.00529134832 -0.0253864508 0.00249042176
v -0.00535190199 -0.0253864098 0.00186289183
v -0.00145209604 -0.00562240416 0.00349618075
v -0.0020830431 -0.0117044654 0.00353848562
v -0.00236558705 -0.0132248495 0.00292584021
v -0.00186268974 -0.00885352585 0.00188552437
v -0.00195621583 -0.00980384462 0.00202995585
v -0.0125469491 -0.043244388 -0.000812631333
v -0.0126425382 -0.0432442725 -0.00143781397
v -0.011532275 -0.0413449407 0.00042199
v -0.012458208 -0.0432444848 -0.000186992052
v -0.0105613535 -0.0390653014 0.000317415514
v -0.0110448757 -0.040205121 0.00034983558
v -0.0112908948 -0.0405849703 -0.000265260285
v -0.0143023375 -0.0466634445 -0.0019581134
v -0.0144161284 -0.0466633104 -0.00262154941
v -0.0114431512 -0.0421050489 0.00416607969
v -0.0105672525 -0.0402053893 0.00473894132
v -0.0055387211 -0.0269065015 0.00503336918
v -0.00763135822 -0.0329862759 0.00517367991
v -0.00917068124 -0.0360258631 0.00148735091
v -0.00902626198 -0.0360259525 0.00274084718
v -0.00975791086 -0.0377357043 0.00241489802
v -0.00784686953 -0.032986261 0.00278019183
v -0.00846142415 -0.0345061086 0.00246612891
v -0.0135349417 -0.0436232649 -0.00520699332
v -0.0114364075 -0.0390642099 -0.00471610948
v -0.0109417615 -0.0371640585 -0.00597298099
v -0.0113107553 -0.0377338007 -0.00652061915
v -0.0108048916 -0.0375444219 -0.00471897703
v -0.0109551223 -0.037544217 -0.00537996972
v -0.0102764191 -0.0345037766 -0.00751761766
v -0.00382871344 -0.0147401616 0.0200768765
v -0.0040499582 -0.0162606481 0.0198548641
v -0.00591836683 -0.0248122904 0.0191906579
v -0.00581001304 -0.0250027534 0.0183149539
v -0.00631496962 -0.0253816992 0.0203620065
v -0.00517228618 -0.0238635875 0.0163379461
v -0.00540487049 -0.0250039194 0.0157614239
v -0.00537840091 -0.0238629747 0.0176544227
v -0.0058037769 -0.0253831036 0.0176434685
v -0.0117888525 -0.0430535823 0.0134065291
v -0.0101802349 -0.0388736613 0.015193441
v -0.0107593127 -0.0402033739 0.01548885
v -0.0106926775 -0.0402035974 0.014852793
v -0.00614110427 -0.0276642088 0.0153370993
v -0.00893319026 -0.0360243544 0.0140637551
v -0.00953875575 -0.0375441648 0.014143832
v -0.0094831828 -0.0375443622 0.0135085164
v -0.00943457801 -0.0375445522 0.0128736664
v -0.00923523214 -0.0371647924 0.0121497624
v -0.00767636904 -0.0329849981 0.0127557795
v -0.00810019486 -0.0341249071 0.012784197
v -0.00819503702 -0.0345050804 0.0120800175
v -0.00690704118 0.0251841396 0.0202832781
v -0.00721090939 0.0263250992 0.0200668052
v -0.00626799092 0.0251823273 0.0164508894
v -0.00568944635 0.0236605275 0.0155436601
v -0.00633737445 0.024992533 0.017343713
v -0.00588052068 0.0232810769 0.0176486131
v -0.00589962024 0.0236611646 0.0170577802
v -0.00303549389 0.00692935009 0.0197868459
v -0.0034139792 0.00959128141 0.0200490691
v -0.00319099054 0.00807017274 0.0199156925
v -0.0022390543 -0.00105619396 0.0180755202
v -0.00191936677 0.000463634467 0.0161987878
v -0.00207142229 -0.00105665601 0.017195845
v -0.00215103826 0.00198497949 0.0172406565
v -0.0041837981 0.0126342354 0.0213638656
v -0.00146570802 0.0050235251 0.00791822374
v -0.00196442287 0.00654612062 0.0136359734
v -0.00250553992 0.00958872866 0.0149749098
v -0.0018162129 0.00217407756 0.0151260635
v -0.00170837413 0.00236381078 0.0142503958
v -0.0013095669 0.000271403755 0.0106906975
v -0.00131365098 -0.00105917407 0.0110659804
v -0.00126766216 -0.00105940271 0.0102734091
v -0.00143212313 0.000462030119 0.0123371026
v -0.00135778321 -0.00105897407 0.0117005277
v -0.00157413888 0.00350375124 0.0123466244
v -0.00143046735 0.0019826286 0.0116264522
v -0.00414698618 0.0187154319 0.013782314
v -0.00279591698 0.0114900926 0.014954905
v -0.00271713361 0.0114898328 0.0143180331
v -0.00255472143 0.0124393608 0.0107741849
v -0.00271592569 0.0126300007 0.012423181
v -0.00244346727 0.0114888633 0.0115364762
v -0.00339910039 0.0160527378 0.0124689881
v -0.00293613039 0.0141509455 0.0116484594
v -0.0060355626 0.0263209958 0.00763251632
v -0.00604661228 0.0263209194 0.00696219318
v -0.00864331052 0.0325993709 0.0155838197
v -0.00861742627 0.0327892676 0.0147136468
v -0.00516972318 0.0232787784 0.0113245286
v -0.00512642181 0.0232785624 0.0104531879
v -0.00571637554 0.0248005874 0.0126243606
v -0.00669542328 0.0278435778 0.0126900068
v -0.00614437927 0.0263218638 0.0119425207
v -0.00966943894 0.035452228 0.0151394531
v -0.0100078126 0.0369728766 0.011530498
v -0.00940235052 0.035451211 0.0115688518
v -0.0100818258 0.0369732119 0.0129170641
v -0.0106623955 0.0384947211 0.012245453
v -0.00452257972 -0.0238659773 0.00875477772
v -0.00334372674 -0.0177838709 0.0137284556
v -0.00284493342 -0.0143626556 0.0149581917
v -0.00305453059 -0.015502898 0.0150117194
v -0.0053163846 -0.0250041857 0.0151239019
v -0.00523532368 -0.0250044335 0.0144868772
v -0.0046165539 -0.023865398 0.0112874387
v -0.00509607838 -0.0253853146 0.0119117061
v -0.00218930142 -0.00980137102 0.0149142314
v -0.00225533941 -0.0132237673 0.0110896435
v -0.00214139768 -0.0117029417 0.0123846596
v -0.00230756169 -0.0132235615 0.0117642097
v -0.00178150903 -0.00866198353 0.012360529
v -0.0038582806 -0.0143634807 -0.00518474681
v -0.00674579432 -0.0238638278 -0.00775434636
v -0.00700876955 -0.0250040069 -0.00749986712
v -0.00712703355 -0.024623625 -0.00832090154
v -0.00346363825 -0.00714041991 -0.00734282332
v -0.00323030679 -0.010182335 -0.00522685237
v -0.00340135256 -0.0101820687 -0.00592592219
v -0.00967312418 0.0293674767 -0.0104791727
v -0.00869010296 0.0263244901 -0.0105450852
v -0.00993351638 0.0339300223 -0.00473792898
v -0.00951254182 0.0327888094 -0.00480562914
v -0.00682398491 0.0232800338 -0.00711751264
v -0.00635540346 0.0232792757 -0.0050173155
v -0.00650215335 0.0232795142 -0.0057180142
v -0.00795582868 0.0267034657 -0.00743636722
v -0.0136783086 0.0430602171 -0.00452631526
v -0.0131986281 0.0419189222 -0.00463742809
v -0.0106641483 0.0354518853 -0.00543895271
v -0.011745533 0.0384950303 -0.00465590786
v -0.0118726222 0.038495224 -0.00531845214
v -0.0126361502 0.0392567627 -0.00739887217
v -0.00478293514 -0.0158828087 -0.00764910877
v -0.00498611992 -0.0158824828 -0.00834602583
v -0.00151500269 -0.00524068112 0.0123426598
v -0.00158416014 -0.0071416744 0.0116367573
v -0.00141934596 -0.00257950043 0.0123362457
v -0.00139650761 -0.00372023927 0.0117031243
v -0.00320933177 -0.0177843198 0.0124562643
v -0.00261832564 -0.0147437165 0.0124166375
v -0.0027641498 -0.0158841927 0.0117158759
v -0.00296084769 -0.0174056366 0.00588685647
v -0.00721503329 0.0293651111 0.0127248466
v -0.00888464693 0.0339298993 0.0128367934
v -0.00845240522 0.032788679 0.0128078116
v -0.00840663817 0.0327884927 0.0120942052
v -0.00832081866 0.0327876732 0.00774626853
v -0.00832517352 0.0327875949 0.00703602144
v -0.00402088091 0.0187150035 0.0125106787
v -0.00446093827 0.0206164997 0.0119085945
v -0.0016929952 0.00635502161 0.0107164066
v -0.00184113847 0.00654565962 0.0123645272
v -0.0016367482 0.00502444478 0.0116402833
v -0.0022246663 0.00958774425 0.0123902429
v -0.0014820674 0.00502326526 0.00602455065
v -0.00150243193 0.00502320612 0.00531537738
v -0.00146379462 0.00502342219 0.00728650624
v -0.00147088501 0.00502333511 0.00665539131
v -0.00543278968 0.0187190808 0.021447612
v -0.00508334255 0.017197812 0.0214241799
v -0.00321854977 0.00502906507 0.0212991461
v -0.00204133987 0.00502587948 0.0153780039
v -0.00243793195 0.00635752548 0.0170822572
v -0.00295223738 0.00997016113 0.0174917486
v -0.0075199455 0.0293661244 0.0157453436
v -0.00784937013 0.0297470856 0.0171885099
v -0.00888279546 0.032410074 0.0178499147
v -0.00893245079 0.0327902175 0.0172611307
v -0.00690950872 -0.0310854521 0.0114411823
v -0.00707982201 -0.0314652771 0.0120447166
v -0.00561070908 -0.0269051529 0.0126172761
v -0.00604393892 -0.0284253638 0.0119752605
v -0.0113460049 -0.0422942303 0.0113636414
v -0.0119747762 -0.0436237715 0.012333448
v -0.0100561595 -0.0390643477 0.012915344
v -0.0105331419 -0.0402041748 0.0129473256
v -0.0106504438 -0.0405843109 0.012244652
v -0.0119874179 -0.0436247103 0.00601839507
v -0.0117397616 -0.0432446226 0.00797550846
v -0.0118511869 -0.0434346758 0.00709480559
v -0.0104369922 -0.0402052701 0.00701972097
v -0.003068035 -0.00523623917 0.0212890543
v -0.00494119804 -0.0189202651 0.0214146506
v -0.0125571024 -0.040203128 -0.00736469822
v -0.00566524779 -0.0265264641 0.00227864576
v -0.0123013929 -0.0432446487 0.00106567482
v -0.0101332003 -0.0386855826 0.00257822126
v -0.0112512205 -0.039824754 -0.0021232164
v -0.00168399198 -0.00562224677 0.00102484343
v -0.00150088384 -0.00486205192 0.00235469476
v -0.00168681063 -0.00714293122 0.00201189192
v -0.00147505372 -0.00277108769 0.00185953313
v -0.00148656429 -0.00372153311 0.00199846528
v -0.00342226657 -0.0177856404 0.00114139437
v -0.0037125547 -0.0189257804 0.000884537061
v -0.00329060969 -0.0175956842 0.00198126608
v -0.0035546266 -0.0189259108 0.002373975
v -0.00361619075 -0.018925868 0.0017465126
v -0.00416010106 -0.0185450688 -0.0025986745
v -0.00439448003 -0.0189249273 -0.00333297183
v -0.00543341879 0.0171949118 -0.00788181461
v -0.00616365345 0.0202375408 -0.00783285219
v -0.00384200364 0.00844810437 -0.00771219842
v -0.00403435668 0.00844842847 -0.00840984099
v -0.00389141473 0.0171925202 0.000422837707
v -0.00488425512 0.0217564292 0.00222628005
v -0.00446603587 0.0202350318 0.00219823862
v -0.00197274191 0.00654429942 0.00100472954
v -0.00188856048 0.00540358061 0.000762238516
v -0.00224716775 0.00958632026 0.00204946403
v -0.00206669327 0.00844549015 0.00227420917
v -0.00207997113 0.00806527119 0.00164350937
v -0.00281920051 0.00502470601 -0.0048991479
v -0.0123722972 0.041917786 0.00170201831
v -0.0124239959 0.0419178493 0.00107389491
v -0.0128003629 0.0430590436 0.00275705382
v -0.0123272091 0.041917745 0.00233058538
v -0.0079522999 0.030885566 0.0014056582
v -0.00782913249 0.0308854785 0.00266057951
v -0.00744008785 0.029744301 0.00239764829
v -0.00899453182 0.0339287445 0.00250187353
v -0.00849809032 0.0325973183 0.00233042706
v -0.0129406024 0.0422987491 -0.00200994383
v -0.00506444974 0.0202357583 -0.00253803842
v -0.00528420694 0.020616293 -0.00327331596
v -0.00219835271 -0.00410085265 -0.00276968325
v -0.00234092097 -0.00410063704 -0.00351013872
v -0.00850191154 -0.031655021 -0.00461680815
v -0.00198163954 -0.00676003983 0.0154529521
v -0.00234512985 -0.00713921431 0.0174510423
v -0.00220926316 -0.00713959895 0.0166919176
v -0.00212645321 -0.00257727131 0.0174363814
v -0.0071151508 -0.0295631886 0.0177708715
v -0.00762657542 -0.031083161 0.0178051628
v -0.00739913853 -0.0307034403 0.0171977971
v -0.00622679945 -0.0269032642 0.0174744613
v -0.0066086133 -0.0280432142 0.0176579617
v -0.00456385594 0.019096775 0.0163366254
v -0.00409575412 0.0175751634 0.0155947022
v -0.00476171821 0.0190973599 0.0176130738
v -0.00438810745 0.0179561004 0.0169959087
v -0.00545784226 0.0217597056 0.0176597498
v -0.0120689506 0.0419177487 0.00673440006
v -0.0120870257 0.0419177152 0.0061040218
v -0.0120575149 0.0419178009 0.00736522349
v -0.00130992534 -0.00524213165 0.00601300877
v -0.00120632828 -0.00258092 0.00632185722
v -0.00134912715 -0.00543228211 0.00512746349
v -0.00386785902 0.018713668 0.00547397882
v -0.00535794115 0.0217594132 0.0170214605
v -0.00465916377 0.01909706 0.0169746075
v -0.00437594624 0.0187161565 0.0156529602
v -0.00689211395 -0.0291834623 0.0171638019
v -0.00198968523 -0.00257765665 0.0166771952
v -0.00191175181 -0.00561956735 0.015487737
v -0.0135620339 0.0430600457 -0.00386304734
v -0.00788782258 0.0308855157 0.00203292537
v -0.00802073348 0.0308856312 0.000778656919
v -0.0019445389 0.00692449091 0.00163442851
v -0.00204939302 0.00654437952 0.000378279248
v -0.00432454282 0.0194743965 0.00159663532
v -0.00350199593 -0.0177855585 0.000475676119
v -0.00177189801 -0.0056221527 0.000320198946
v -0.0117948204 -0.0421048664 0.00103170914
v -0.00290894671 -0.00523663871 0.0206467975
v -0.0105298767 -0.0390628092 0.0173682384
v -0.0113095501 -0.0421040282 0.0123677934
v -0.00555583462 -0.0269053672 0.0119030587
v -0.00654858863 -0.0299453493 0.0119696232
v -0.00838199165 0.0312686414 0.0172242224
v -0.00806682184 0.0308877248 0.0159004349
v -0.00284176879 0.00996984728 0.0168527514
v -0.00643258169 0.0221423749 0.0220672879
v -0.00476790871 0.0217575114 0.0118502285
v -0.00883986056 0.0339297056 0.0121232523
v -0.00254848902 -0.0147439744 0.011622468
v -0.00135602884 -0.00257976679 0.011542514
v -0.0112569099 0.0369735397 -0.00535973534
v -0.0138016865 0.0430603959 -0.00518910866
v -0.0102241421 0.0343106501 -0.00546845514
v -0.0112881921 0.033932168 -0.0103708832
v -0.00640861178 -0.0234841574 -0.00690852012
v -0.00402705558 -0.0143632209 -0.0058839689
v -0.00605930155 -0.0174015574 -0.0107214795
v -0.00168791658 -0.00828206446 0.0117226634
v -0.00220779818 -0.0117027154 0.0130207008
v -0.00161890057 -0.0021985874 0.0142443972
v -0.00157494959 -0.00524045154 0.0129782688
v -0.00466000056 -0.0238652229 0.0119219413
v -0.0045790677 -0.023865575 0.0106138596
v -0.00402364368 -0.0204440225 0.0144056343
v -0.00469249487 -0.0236748848 0.0129307183
v -0.00276412908 -0.014362921 0.0143211838
v -0.00327255111 -0.0177841019 0.0130920922
v -0.00363515457 -0.0204459969 0.00656365883
v -0.00451937411 -0.0238660909 0.00808349811
v -0.0101982495 0.0373534635 0.012293281
v -0.010140853 0.0373531692 0.0109473038
v -0.0101263747 0.036973387 0.0135516422
v -0.00578205939 0.0251807496 0.0119182263
v -0.00700057345 0.0282245707 0.0146052372
v -0.00577094173 0.024800783 0.0132596092
v -0.00266048848 0.0126297995 0.0117878737
v -0.00352017186 0.0156730991 0.0143718766
v -0.00277942279 0.0126302177 0.0130590284
v -0.00408007577 0.0187152103 0.0131462365
v -0.00151233515 0.00350348861 0.0115529941
v -0.00138077186 0.000461815944 0.0117020691
v -0.00149187003 0.000462259166 0.0129726985
v -0.0024202494 0.00958844833 0.014298127
v -0.00203824905 0.00654637301 0.0142725138
v -0.00189869083 0.0065458836 0.0129999751
v -0.00135373196 0.00350239431 0.00664753607
v -0.00419511274 0.0133944992 0.0208514556
v -0.00215569651 0.00350563414 0.0168067515
v -0.00203081546 0.000844130584 0.016798377
v -0.00180672307 0.000463298464 0.0154806944
v -0.00326561835 0.00959089398 0.0193680581
v -0.00692321872 0.0248041283 0.0209159534
v -0.00605705753 0.0248016864 0.0157656781
v -0.00763139874 -0.0329851806 0.0121211745
v -0.00878263358 -0.0360249244 0.0121194161
v -0.00771694444 -0.0326044001 0.0146532701
v -0.00885353424 -0.0356441587 0.0147294784
v -0.0111268535 -0.041533865 0.0133621423
v -0.0126248803 -0.0451443233 0.00716641964
v -0.00527461199 -0.0238632821 0.0170158744
v -0.00367991719 -0.0147405528 0.0193958376
v -0.00417137006 -0.0174011495 0.0193893146
v -0.0081382636 -0.0299447551 -0.00564778922
v -0.00793122407 -0.0329862162 0.00203583553
v -0.00910168048 -0.0360259116 0.00211431459
v -0.00767708663 -0.0329862908 0.00454515591
v -0.0055847764 -0.0269065164 0.0044048666
v -0.0100848628 -0.0390655696 0.00470659696
v -0.0113908593 -0.0421050489 0.00479416363
v -0.0115024904 -0.0421050414 0.00353846815
v -0.0106667876 -0.0390651934 -0.000465003366
v -0.0119632166 -0.0421046875 -0.000299129315
v -0.00213080482 -0.0117044514 0.00291009806
v -0.00140933786 -0.0056224009 0.00412490405
v -0.00150010746 -0.00562239019 0.00286780996
v -0.00385756139 -0.0208261795 0.00428905711
v -0.00478964346 -0.0238664113 0.00308837276
v -0.00307630561 -0.0170256458 0.00301296823
v -0.00309022632 -0.0147447474 -0.000973011018
v -0.00368730165 -0.0177853405 -0.000854027923
v -0.00491395965 0.00959045906 -0.0107982745
v -0.00458265794 0.00654843356 -0.0108599663
v -0.0028565051 0.0130089335 0.00169557577
v -0.0029345369 0.0126287788 0.000398153585
v -0.0028102838 0.0133891599 0.0029951313
v -0.00140892179 0.001220898 0.00290117017
v -0.00197593053 0.00350267068 -0.00092930143
v -0.0115123587 0.0400155522 0.00227594981
v -0.0103500988 0.0369722247 0.000934840471
v -0.0101325205 0.0369720571 0.00344661158
v -0.0127284816 0.043059025 0.00362067041
v -0.00583373243 0.0251796506 0.00315837841
v -0.00883877836 0.0339286961 0.00462304708
v -0.00769445859 0.0308854412 0.00454632053
v -0.0080532385 0.0316462517 0.00334667042
v -0.00928184018 0.0339290574 -0.000439441123
v -0.0111366054 0.0371634439 -0.00432172883
v -0.01047925 0.0369723924 -0.000359155005
v -0.00371645251 0.0156714246 -0.000812599726
v -0.00442702696 0.0187140312 -0.000764955825
v -0.0060153571 0.0160553548 -0.0107244262
v -0.00537149422 0.0126326727 -0.0107675968
v -0.0075418558 0.0225208662 -0.0105036534
v -0.00236472697 -0.00866009481 0.016820766
v -0.00250998582 -0.0025762408 0.0193173941
v -0.0026238563 -0.00561758224 0.0193250291
v -0.00899381377 -0.0352633297 0.0169889238
v -0.00722023752 -0.0295628887 0.0184095092
v -0.00754020549 -0.0329861417 0.00706233829
v -0.0085334098 -0.0356457345 0.00839211326
v -0.00386868161 0.0156741906 0.0169216059
v -0.00317951175 0.0124414805 0.0165003911
v -0.0043267766 0.0156754628 0.0194392093
v -0.00380199146 0.0130133647 0.019364547
v -0.004987814 0.0187179185 0.0193651095
v -0.00312321307 0.0156711712 0.00676617911
v -0.00258076936 0.0130090192 0.00672980864
v -0.00261488417 0.0130088981 0.00538996747
v -0.00996904727 0.0369721763 0.00722519169
v -0.00156423193 -0.00885328371 0.00754982373
v -0.00315410527 0.0156710539 0.00542612188
v -0.00759330345 -0.032986246 0.00580271799
v -0.0026013758 -0.00865943544 0.0180998147
v -0.00892123394 0.0339287035 0.00336539513
v -0.00670569343 0.0278423037 0.00321684312
v -0.00723729236 0.0286032911 0.000528755016
v -0.0117273321 0.0407763608 0.00359301781
v -0.0116126938 0.0400156677 0.000980022829
v -0.00217050081 0.00958627556 0.00291275955
v -0.00152450765 0.00350222387 0.00286944583
v -0.00328134676 0.0156710185 0.00298724161
v -0.00353800855 0.0156712234 0.000478090602
v -0.0025609755 -0.0143651152 0.00293894089
v -0.00396502763 -0.0208261684 0.00303308247
v -0.00175225723 -0.00866351835 0.00288471649
v -0.0101974607 -0.0390655622 0.00345096621
v -0.0057011554 -0.026906509 0.00314948941
v -0.0075079347 -0.0322263353 0.00331010809
v -0.00793600362 -0.03260611 0.00069402688
v -0.00316254003 -0.00865796395 0.0206638016
v -0.0101035163 -0.0390641615 0.0135501092
v -0.00566761009 -0.0269049481 0.0132526811
v -0.00772862975 -0.0329848044 0.0133908736
v -0.00193798705 0.00350499107 0.015450025
v -0.00461033359 0.0156762041 0.0207608752
v -0.00138458295 0.00350226462 0.00530747604
v -0.00228402927 0.00958796404 0.0130258119
v -0.00346022076 0.0160529502 0.0131046753
v -0.00893178955 0.0339300856 0.0134715447
v -0.00367517699 -0.0204452816 0.0105137797
v -0.00147946295 -0.00257927063 0.0129718659
v -0.00184067723 -0.00866175536 0.0129960859
v -0.00212046155 0.00996738393 0.0102516394
v -0.0035608504 0.0095916586 0.0206905082
v -0.0103562167 -0.0390633196 0.0160539392
v -0.00293355598 -0.0143623762 0.0155957229
v -0.0104851034 -0.0390653796 0.000943892868
v -0.0112949619 -0.0390643999 -0.0040545282
v -0.00288579753 -0.0147449877 0.000473834429
v -0.00550075667 -0.026906468 0.00566241331
v -0.00467986381 0.0217564162 0.00552842347
v -0.0109596169 0.0387448482 0.0149142575
v -0.0111286715 -0.0411005169 0.0154259345
v -0.0113976505 -0.0419374779 0.0145505369
v -0.0111954072 -0.0413139388 0.015202296
v -0.0114170667 -0.0419954993 0.0144900251
v -0.0107627325 -0.0398408249 0.0167522598
v -0.0108630322 -0.0402030572 0.0163697582
v -0.0109140296 -0.0403825343 0.0161805172
v -0.0110525517 -0.040850915 0.0156879332
v -0.0106084198 -0.0392542332 0.0173735041
v -0.0105605265 -0.0390627198 0.0175768994
v -0.012161429 -0.0440372117 0.0123746013
v -0.0114352722 -0.0420484431 0.0144349337
v -0.0109507088 -0.0405076034 0.0160489306
v -0.0120914811 -0.0438574553 0.012559847
v -0.0154392868 -0.0469497889 -0.00680887047
v -0.0157358889 -0.047769662 -0.00644779205
v -0.0156237623 -0.0474624932 -0.00658292603
v -0.0081265904 -0.0257626344 -0.0104548465
v -0.00600602804 -0.0164890345 -0.011120379
v -0.0105165588 0.0316498838 -0.0106138512
v -0.0106365681 0.0319997296 -0.0105883218
v -0.00481677381 -0.00772926444 -0.011529115
v -0.00516188657 -0.0110406568 -0.0114013329
v -0.00453237118 0.000153849935 -0.0116984872
v -0.010477636 -0.0333628803 -0.00974782277
v -0.0084885098 -0.0270488039 -0.0103446217
v -0.0095967669 -0.0307028797 -0.0100106513
v -0.00947546773 -0.0303187612 -0.0100469524
v -0.0148230419 0.0430559441 -0.00968440436
v -0.0139572164 0.04091895 -0.00987349078
v -0.0129511328 0.038356863 -0.010092156
v -0.00552637689 -0.0136677762 -0.011276871
v -0.0117516173 0.0351556726 -0.0103506111
v -0.00669429032 -0.0199369099 -0.0108995689
v -0.0071663647 0.0201736689 -0.0113006504
v -0.00738874404 -0.022932956 -0.0106818192
v -0.00825199578 0.0243496243 -0.0110843014
v -0.0055245352 0.0118725728 -0.0116016706
v -0.00534921 -0.0124600744 -0.0113365231
v -0.00471300492 -0.00637790142 -0.0115719503
v -0.0135020027 0.0397719741 -0.00997262355
v -0.0145144602 0.0423011295 -0.00975190196
v -0.00499015441 -0.00954555906 -0.0114630479
v -0.00629726378 0.0162330233 -0.0114659071
v -0.0091170622 0.0273068193 -0.0109067978
v -0.0129961651 -0.0402024575 -0.00900439173
v -0.00896895211 0.0268198755 -0.0109375026
v -0.010866534 0.0326657258 -0.0105394479
v -0.0072444682 -0.0223422423 -0.0107266754
v -0.00564457383 -0.0144080501 -0.0112376884
v -0.00460123504 0.0025893189 -0.0117121059
v -0.00522485934 0.00975554809 -0.0116488561
v -0.00516991271 0.00931633264 -0.0116567612
v -0.00507978676 0.00857101101 -0.0116696358
v -0.00602399884 0.0148184355 -0.0115155894
v -0.00721264258 0.0203636903 -0.0112915374
v -0.00491475035 -0.00878546946 -0.0114912046
v -0.00506018614 -0.0101696122 -0.0114375418
v -0.0045870021 -0.00400308985 -0.0116328299
v -0.0130425412 0.038593851 -0.0100723542
v -0.0047387993 -0.00672588311 -0.0115610203
v -0.0108722383 -0.034502849 -0.0096307043
v -0.0107388906 -0.0341206305 -0.00967023894
v -0.00647934293 0.0171168093 -0.0114319548
v -0.00452598138 -0.000914530654 -0.0116866259
v -0.00621850602 -0.0176068731 -0.0110522974
v -0.00645680446 -0.018806383 -0.0109753283
v -0.00976220146 0.0293676239 -0.0107725924
v -0.0080385711 0.0235709138 -0.0111272614
v -0.00752530573 -0.0234823953 -0.0106395548
v -0.00680227857 0.0186025873 -0.011370806
v -0.0084204413 -0.0268130433 -0.0103653362
v -0.0082959896 -0.0263710096 -0.0104031656
v -0.00918503944 -0.0293897055 -0.010134194
v -0.0124258297 0.03697538 -0.0102055948
v -0.00484228041 -0.00801828969 -0.0115190679
v -0.0062455791 0.0159745589 -0.011475442
v -0.00465586362 0.00366755784 -0.0117121562
v -0.01255247 -0.0390625671 -0.00913476571
v -0.0128225973 0.0380213819 -0.0101199383
v -0.00452838466 -0.000297876453 -0.0116937337
v -0.00664225081 0.0178685039 -0.0114008784
v -0.0060584927 -0.0167671442 -0.0111035686
v -0.00462355278 0.00306350342 -0.011712539
v -0.00607685745 0.0151005536 -0.0115060853
v -0.0137768891 0.0404676795 -0.00991284288
v -0.007895655 0.0230423957 -0.0111560645
v -0.00632744189 -0.0181643087 -0.0110169845
v -0.00452763122 -0.00134228228 -0.01168082
v -0.00708653638 0.0198342837 -0.0113160023
v -0.00594953634 -0.0161810368 -0.0111385128
v -0.00575991301 -0.0150997126 -0.0111998841
v -0.00677377265 -0.0203035921 -0.0108744055
v -0.00694682822 -0.0210754145 -0.0108198253
v -0.013431076 -0.0412991978 -0.00887680426
v -0.0058094128 0.019860303 0.0218890198
v -0.00590167614 0.0202170927 0.0219060872
v -0.00298388884 -0.00181464839 0.0213470049
v -0.00315536931 -0.00637665717 0.0213681813
v -0.00380898453 -0.0124586979 0.0214718599
v -0.00406453013 0.0115859713 0.0215642415
v -0.00669656787 0.0231251027 0.0220526028
v -0.00518956827 -0.0197331756 0.0217030924
v -0.00492511177 0.0161060765 0.0217252206
v -0.00346917333 0.00731059676 0.0214505773
v -0.00447452534 -0.0163793359 0.0215822961
v -0.0033424045 0.00609857962 0.0214258358
v -0.00419970462 -0.0148893688 0.0215363912
v -0.00415056618 -0.014605606 0.0215282384
v -0.00441981899 -0.0160902552 0.0215731785
v -0.00303466991 -0.00409570476 0.0213513989
v -0.00375801837 0.00959215499 0.0215060543
v -0.00360610359 0.008451364 0.0214770194
v -0.0035167716 0.00771715865 0.0214598272
v -0.00369417015 0.00912145153 0.0214939155
v -0.00608540559 0.0209165514 0.0219400041
v -0.00459782593 0.0145358527 0.0216641445
v -0.00307584391 0.00246540667 0.0213717148
v -0.00681365561 0.0235323906 0.0220741089
v -0.0029840793 -0.000674082839 0.0213492829
v -0.00424094778 0.0126343789 0.0215973258
v -0.00396363763 0.0109694954 0.0215451028
v -0.00552407792 0.0187193099 0.0218362343
v -0.00518092932 0.0172626227 0.0217726845
v -0.00503844023 -0.0190742966 0.0216774102
v -0.00483188406 0.0156767685 0.0217077956
v -0.00474186242 0.0152414972 0.0216910709
v -0.003897961 0.0105353687 0.0215327349
v -0.00564468326 0.0192040838 0.0218586065
v -0.0116422754 0.0409496389 0.0108111277
v -0.011677606 0.041041553 0.0105938427
v -0.0130159482 0.0437606871 0.00399851939
v -0.0117430128 0.0412090197 0.0101976609
v -0.0128379138 0.0434676409 0.00472598476
v -0.0129344026 0.0436294004 0.0043252497
v -0.0113380244 0.0400130264 0.013001292
v -0.0123508824 0.0425685048 0.00693335617
v -0.0124664241 0.0427982621 0.00637309533
v -0.0122404331 0.042337779 0.00749368779
v -0.0114223612 0.0403021164 0.0123292794
v -0.0127614411 0.0433375873 0.005047841
v -0.0112658963 0.0397422053 0.013628046
v -0.0121144578 0.0420590639 0.00816747267
v -0.011451466 0.040394716 0.0121131251
v -0.0130994041 0.0438937359 0.003667193
v -0.0124329058 0.0427326374 0.00653332891
v -0.0122908233 0.0424443223 0.00723518012
v -0.0121432804 0.0421242528 0.00801013038
v -0.0112345293 0.0396125168 0.0139267743
v -0.0147822574 0.0432312004 -0.00923301559
v -0.0144388536 0.0435026921 -0.00730919698
v -0.0146582201 0.0433302745 -0.00856594648
v -0.0141295018 0.0437389091 -0.00533138774
v -0.0133358222 0.0442392156 0.00258971471
v -0.0137043623 0.0440394916 -0.00195327681
v -0.0138633251 0.0439317785 -0.00334174302
v -0.0135785788 0.0441186279 -0.000690423185
v -0.0142133506 0.0436758101 -0.00589556852
v -0.0139921354 0.0438396931 -0.00434351014
v -0.0134001356 0.0442137867 0.00154760911
v -0.0133312568 0.0442408212 0.00267003221
v -0.0137752481 0.043992307 -0.00259567774
v -0.0139066586 0.0439010262 -0.00368722994
v -0.0142455036 0.0436515287 -0.00610695919
v -0.0135191362 0.0441533886 -2.2197728e-05
v -0.0136648044 0.0440650992 -0.00157514098
v -0.0136796422 0.0440558568 -0.00172240939
v -0.0135365147 0.0441433638 -0.000222297313
v -0.0138280345 0.0439562686 -0.00304922904
v -0.0134101287 0.0442095883 0.00139612553
v -0.0142336488 0.0436606035 -0.00603048177
v -0.0135977203 0.044107046 -0.000894926954
v -0.0140830679 0.0437730551 -0.00500385463
v -0.0143308043 0.0435863547 -0.00665039103
v -0.0140345795 0.0438089035 -0.00465778587
v -0.0139500322 0.0438701771 -0.00402615266
v -0.014867099 0.0431629755 -0.00967474934
v -0.0133161517 0.0442439392 0.00295701716
v -0.0136392973 -0.0464427695 0.00213076221
v -0.0152230263 -0.0477973521 -0.00405505486
v -0.0156125892 -0.0480649583 -0.00529579865
v -0.012396032 -0.0447283238 0.00973258447
v -0.0123500088 -0.0446164049 0.0102209551
v -0.0127066923 -0.0453190096 0.00714014284
v -0.0146700488 -0.0473799258 -0.00213198806
v -0.012248259 -0.0443149619 0.0115312124
v -0.0128207654 -0.0454912372 0.00637891656
v -0.0137984138 -0.0465932004 0.00145243516
v -0.0133070955 -0.0461011715 0.00366458134
v -0.013944868 -0.0467364565 0.000803748379
v -0.0149606997 -0.0476054437 -0.00316912471
v -0.0145713305 -0.0472996309 -0.00176381588
v -0.0134547334 -0.0462583266 0.00296010473
v -0.0135594979 -0.0463646725 0.00248231879
v -0.0152929444 -0.0478470512 -0.00428491412
v -0.0147329764 -0.0474298708 -0.00236137491
v -0.0150606055 -0.047679808 -0.00351201789
v -0.0124949571 -0.0449415147 0.00879984349
v -0.0148553755 -0.0475255512 -0.00280115171
v -0.0122240838 -0.0442213602 0.0119362995
v -0.0124162063 -0.0447749831 0.00952878315
v -0.0137256403 -0.0465260111 0.00175583875
v -0.0138810053 -0.0466729738 0.00109169784
v -0.0143490257 -0.0471115932 -0.000903565378
v -0.0126948552 -0.0453000665 0.0072237039
v -0.0154221151 -0.0479371808 -0.00470227469
v -0.0150161972 -0.0476468466 -0.00336002279
v -0.0140975881 -0.0468842648 0.000132547531
v -0.0157379732 -0.0481491722 -0.00568669802
v -0.0141582936 -0.0469409376 -0.000125303355
v -0.0124626849 -0.0448761284 0.00908635464
v -0.0127934907 -0.0454514585 0.00655493094
v -0.0125611583 -0.0450682342 0.00824374799
v -0.0126718143 -0.0452622846 0.00739021692
v -0.0126031078 -0.0451456942 0.007903588
v -0.0144524025 -0.0471998639 -0.00130723021
v -0.0144005129 -0.0471564345 -0.00110835151
v -0.0128952693 -0.0455964357 0.0059128697
v -0.0158689525 -0.0482336208 -0.00608004071
v -0.0159193035 -0.0482657664 -0.00622986676
v -0.00959776435 0.0347407088 0.0168297887
v -0.00964303687 0.0348836519 0.0167630594
v -0.00690759346 0.0240198169 0.0218844712
v -0.0107656196 0.0381934196 0.0152231324
v -0.00861218199 0.0314246453 0.0183824301
v -0.0069745658 0.0243907105 0.0217077713
v -0.0083595505 0.0305085666 0.0188127533
v -0.00819355156 0.0298809633 0.0191080607
v -0.00735402433 0.0263254773 0.0207881164
v -0.00754803559 0.0272153039 0.0203665234
v -0.0103768278 0.037088342 0.0157363061
v -0.0072876527 0.0260046218 0.0209403895
v -0.00848166924 0.0309560411 0.0186024625
v -0.00931744277 0.0338397101 0.0172507688
v -0.0102547714 0.0367324315 0.0159018077
v -0.00921645574 0.0335050896 0.0174073353
v -0.00826920569 0.0301712621 0.0189713854
v -0.00953720976 0.0345470496 0.0169202536
v -0.00764935277 0.0276644267 0.0201539695
v -0.00702869147 0.0246824734 0.021568872
v -0.0105886841 0.0376960561 0.0154539607
v -0.00904829614 -0.0348387584 0.0183359701
v -0.00815926958 -0.0321231 0.0188371968
v -0.0074745398 -0.0298645385 0.0192835424
v -0.00925025158 -0.0354307443 0.0182309635
v -0.00608070241 -0.0244523659 0.0204727929
v -0.00964750536 -0.0365607068 0.0180365201
v -0.00549448607 -0.0215808284 0.0211774893
v -0.00822727196 -0.0323376842 0.0187962241
v -0.00697396928 -0.0280713253 0.0196590275
v -0.00683523994 -0.0275547449 0.0197695829
v -0.00975239277 -0.0368555151 0.0179862697
v -0.00738740247 -0.029562423 0.0193454232
v -0.00828482769 -0.0325186178 0.0187617559
v -0.00659008371 -0.0266000479 0.0199797358
v -0.00672999071 -0.0271510147 0.0198576637
v -0.00883219298 -0.034196239 0.0184512921
f 2283 2285 1
f 277 1104 2269
f 689 2253 1275
f 1102 2278 266
f 701 1108 2240
f 1293 869 685
f 2557 1109 2233
f 700 1110 2230
f 702 1111 2226
f 2583 1118 2211
f 721 1089 2169
f 2532 1128 2324
f 13 391 677
f 676 80 698
f 719 1133 1224
f 2227 284 6
f 2214 308 1116
f 1118 2209 2211
f 44 2204 313
f 2590 1140 2107
f 2199 1034 2884
f 1123 2190 2192
f 2187 314 39
f 758 1952 2382
f 353 1575 2384
f 759 1982 2040
f 1125 2179 316
f 1126 2176 2178
f 711 2170 1233
f 2391 1069 2022
f 2018 1154 2021
f 2390 1156 1155
f 2005 1157 2007
f 2387 1066 2000
f 2386 1065 1994
f 2383 1064 204
f 1072 2156 2158
f 2158 153 2632
f 853 1164 3149
f 2154 319 1132
f 2409 2059 2412
f 828 1173 1916
f 2151 2647 2645
f 1176 1059 1909
f 3063 1057 1867
f 3063 1867 3062
f 3064 1178 1865
f 3064 1865 3061
f 2368 1055 1180
f 1846 1184 1849
f 868 1185 1843
f 2365 1017 2429
f 1192 1052 1813
f 2440 1193 1804
f 24 2136 294
f 49 2134 326
f 2873 2343 327
f 2358 1047 1767
f 1757 1205 1028
f 2129 2130 328
f 2356 1045 1747
f 2126 169 1074
f 330 2123 2124
f 2119 2120 331
f 51 2114 333
f 52 2108 334
f 53 2103 335
f 29 2101 298
f 822 1043 1671
f 2138 1042 1666
f 2093 341 54
f 2859 1188 343
f 55 2084 344
f 2080 346 56
f 2066 1060 2695
f 1073 2061 291
f 23 2060 2378
f 22 2055 351
f 18 2038 2039
f 2037 357 20
f 2325 1039 1606
f 2035 1068 1075
f 2953 200 2972
f 2030 2031 2971
f 949 1260 1541
f 91 2025 374
f 2023 437 200
f 2014 836 835
f 2013 2014 835
f 2008 839 2389
f 2396 842 840
f 1064 1966 204
f 1955 2406 67
f 1947 194 2841
f 1945 1147 193
f 1944 2411 855
f 1943 1944 855
f 1931 444 1169
f 2924 118 2970
f 3065 1291 1331
f 3065 1331 3058
f 2694 1294 1324
f 998 1296 1320
f 2377 1922 2376
f 1907 1909 1059
f 447 1901 279
f 1901 447 205
f 1014 1897 1899
f 1899 2374 2375
f 1891 116 861
f 660 11 2837
f 2709 1307 832
f 1881 2833 2420
f 1871 450 1016
f 1864 2370 2371
f 2699 1315 829
f 1859 428 187
f 659 208 2831
f 1861 2830 2426
f 1294 997 1323
f 868 1843 2427
f 1335 995 1336
f 2685 1339 993
f 3066 1340 1288
f 3066 1288 3056
f 1287 992 595
f 1342 1345 1343
f 2090 2823 2433
f 2727 715 2676
f 1817 1191 2092
f 423 2821 28
f 2440 1804 2439
f 339 654 880
f 1793 1794 458
f 2729 718 2662
f 2730 1905 1363
f 1789 1790 459
f 1789 459 1051
f 464 2818 2445
f 1777 716 823
f 1776 1777 1197
f 2452 1768 1105
f 2358 1767 1201
f 1046 1762 1204
f 1760 1762 1046
f 1758 2591 2592
f 1902 2813 2458
f 1746 174 1085
f 1737 1208 894
f 2640 720 1395
f 2640 1395 2641
f 1734 1737 1010
f 2630 1399 743
f 1709 1712 104
f 1044 1702 2351
f 2618 721 1413
f 2618 1413 2620
f 1416 1417 1415
f 3093 1215 65
f 3093 65 3076
f 1429 723 1430
f 1431 1430 1428
f 1434 724 1436
f 1435 1436 2603
f 1691 1693 1274
f 1689 1690 222
f 1683 481 223
f 912 1677 1217
f 2489 2492 2493
f 2746 1461 2595
f 2488 1675 706
f 1665 858 913
f 1652 1222 227
f 639 1223 921
f 1510 702 2575
f 2757 701 1522
f 2572 1522 2573
f 624 2191 1533
f 1535 951 1534
f 2763 731 1536
f 1538 732 1540
f 1546 1547 948
f 158 1646 487
f 1551 1554 946
f 2504 637 2792
f 1564 2180 1563
f 1566 1567 1565
f 630 1571 1569
f 1642 491 156
f 2547 699 1574
f 2547 1574 2549
f 155 1640 2509
f 634 1225 2791
f 2544 1585 941
f 1590 1591 940
f 2533 1594 938
f 153 1630 1132
f 1600 935 1599
f 1601 1605 1603
f 1609 933 1611
f 2524 2526 926
f 1623 499 152
f 2784 683 1619
f 1618 152 2783
f 2785 2159 2526
f 1632 2155 2518
f 237 1587 508
f 1643 1644 923
f 1581 682 791
f 1579 1581 1233
f 1560 2552 2553
f 241 1556 514
f 1553 64 945
f 1528 518 1242
f 622 99 953
f 1246 1515 1518
f 1518 1245 956
f 619 1247 243
f 2795 917 2496
f 617 1093 807
f 2797 1670 1668
f 1490 530 247
f 1486 2584 2585
f 1483 1117 804
f 1680 695 1681
f 2483 1681 910
f 1476 781 2587
f 1475 1476 1251
f 1474 727 2586
f 2479 1697 904
f 3070 1460 3060
f 2465 1714 898
f 779 1437 1092
f 1740 893 1742
f 1741 1742 1719
f 2457 1746 718
f 1206 1204 1757
f 1426 2609 95
f 607 1260 971
f 1769 1774 1771
f 1418 552 253
f 605 369 83
f 1405 1407 1264
f 1129 36 775
f 1403 1129 775
f 1267 1266 785
f 1398 2631 2739
f 1793 692 1795
f 1794 1795 883
f 1397 1040 2737
f 2821 878 364
f 1808 1812 1810
f 1809 1810 692
f 2823 691 275
f 1190 1823 872
f 1840 869 1842
f 603 2649 2732
f 1183 1849 1017
f 1851 754 1850
f 2830 2083 1852
f 2426 1852 2291
f 1390 2298 979
f 2832 1863 1861
f 2423 1861 691
f 1386 561 256
f 2833 864 1873
f 1874 1878 1875
f 1873 1876 2818
f 2834 1883 1881
f 1349 1881 2672
f 1896 1898 755
f 279 1902 694
f 661 755 1903
f 1904 1908 1905
f 1172 1919 909
f 2253 1923 797
f 1099 1924 2253
f 1360 2356 989
f 2840 856 2409
f 1341 1080 770
f 1958 850 1957
f 1963 849 1965
f 1337 579 101
f 1290 1333 26
f 2402 1969 831
f 1988 845 1989
f 1991 1993 1990
f 1996 844 1995
f 1733 1318 1073
f 2004 839 2005
f 1316 855 1001
f 2703 2503 764
f 593 583 103
f 2019 1153 2018
f 590 2713 2715
f 588 16 2714
f 2050 830 2051
f 1068 587 590
f 587 1303 2713
f 357 2710 2711
f 198 2712 2710
f 2075 1869 2077
f 1188 2086 871
f 2862 1179 2090
f 2363 2090 875
f 196 59 2708
f 2707 355 1981
f 1194 2097 881
f 196 2708 1308
f 2866 1873 464
f 1309 431 1310
f 2354 2118 897
f 2122 2121 899
f 2123 772 2124
f 1148 1966 592
f 2346 2131 905
f 195 2052 2704
f 1147 2701 2702
f 351 1314 1313
f 193 2702 1314
f 1002 1001 1315
f 2699 829 2057
f 2696 350 582
f 582 1001 1298
f 2322 2165 939
f 1327 1882 1058
f 1330 427 2690
f 427 56 2690
f 2368 2082 1334
f 994 1855 1055
f 995 1338 1337
f 753 995 707
f 1338 994 579
f 2538 2224 2744
f 2575 2226 2743
f 340 1345 2680
f 2563 2230 2742
f 1345 262 577
f 2556 2233 2741
f 1013 2240 2735
f 2253 797 2254
f 2258 795 2260
f 574 2670 2671
f 1048 2101 2670
f 1046 2357 2669
f 2667 419 2666
f 419 51 2666
f 570 2655 1364
f 1044 2352 2655
f 1365 415 1366
f 570 1366 1044
f 415 50 1366
f 749 1367 706
f 569 1367 260
f 2282 105 1007
f 327 1376 1375
f 1295 2276 1322
f 566 1378 165
f 2290 2291 263
f 563 1382 1043
f 2272 2291 2290
f 1286 2292 2679
f 47 1656 1387
f 1389 256 560
f 1281 2262 598
f 903 2293 1084
f 1278 2259 2659
f 2259 2260 986
f 76 2256 1364
f 1277 2255 1368
f 2255 568 259
f 2294 2472 568
f 984 1273 983
f 2254 982 1273
f 2296 99 560
f 1019 677 1394
f 2301 558 2639
f 2735 2301 2639
f 2302 121 558
f 2240 2302 2301
f 46 2646 2647
f 1268 559 2243
f 1411 1262 975
f 393 124 1262
f 674 393 1262
f 2306 553 974
f 2741 2306 2617
f 2233 2307 2306
f 255 2634 2635
f 2633 153 1132
f 556 2737 255
f 670 136 539
f 2747 2215 1470
f 2214 137 537
f 2630 743 1628
f 1130 743 1399
f 804 2210 1483
f 2209 138 531
f 978 2630 1267
f 2310 139 529
f 1267 554 1266
f 805 2205 1493
f 2750 2201 1498
f 2202 140 524
f 2603 2311 2752
f 2312 522 959
f 2199 520 955
f 1404 1129 1403
f 1406 151 1407
f 1264 1404 1263
f 142 2191 624
f 1409 1264 1410
f 3040 2188 1542
f 3040 1542 3036
f 315 668 1548
f 370 84 515
f 552 2614 2615
f 552 147 2614
f 45 1570 1419
f 1420 1419 1418
f 1419 147 552
f 1422 1421 1023
f 973 1418 1421
f 146 2180 1564
f 2179 2552 513
f 1037 973 1422
f 1235 2177 629
f 1421 253 551
f 2176 147 511
f 813 2174 1572
f 550 1425 972
f 2171 509 238
f 2167 507 237
f 1260 409 606
f 407 607 549
f 1427 549 1426
f 933 2324 1600
f 1035 549 1427
f 2326 151 501
f 2601 547 2600
f 547 140 2600
f 406 44 1439
f 1439 140 547
f 1445 1444 1446
f 2583 614 1444
f 1444 139 1446
f 1451 404 1452
f 817 2155 1632
f 404 43 1452
f 1452 137 546
f 2637 2331 2788
f 402 42 609
f 2599 542 962
f 1455 1454 1255
f 1454 962 542
f 2335 489 230
f 362 25 403
f 1459 2745 962
f 25 1332 2595
f 611 540 2593
f 540 136 2593
f 2590 1467 1462
f 1462 136 540
f 961 960 1465
f 1465 1253 359
f 269 867 1253
f 1468 960 539
f 101 2273 2589
f 1471 1115 707
f 707 1337 1471
f 1471 101 538
f 1472 312 1473
f 312 803 1473
f 1473 249 537
f 820 2144 1650
f 1021 2216 781
f 107 2137 1667
f 727 608 1478
f 1219 2135 1673
f 1218 2341 1676
f 2342 165 482
f 1478 132 535
f 1092 1487 613
f 166 2343 2798
f 2132 909 911
f 1077 348 1117
f 1484 398 1485
f 2584 1014 2375
f 10 1897 1485
f 168 2130 1694
f 1485 1014 1486
f 1488 1249 531
f 2348 2349 221
f 109 2276 382
f 169 2126 1698
f 712 109 530
f 1214 2124 2468
f 361 2581 2582
f 2581 361 24
f 171 2120 1715
f 2120 476 219
f 1493 1010 1494
f 2119 74 476
f 684 1734 1495
f 173 2116 643
f 2116 1208 475
f 1497 294 107
f 174 2113 1738
f 1498 525 1499
f 100 2263 1499
f 2109 1207 1753
f 1120 599 1501
f 1500 100 525
f 1502 244 524
f 178 2104 1764
f 2102 1198 1772
f 2100 467 886
f 2359 465 215
f 463 2819 213
f 285 89 1505
f 460 459 212
f 2932 1503 2945
f 825 2098 2443
f 523 399 1506
f 882 2820 210
f 2097 880 209
f 180 2096 655
f 878 1192 877
f 793 2091 1814
f 1814 1191 876
f 182 2363 2822
f 1090 722 1514
f 957 956 620
f 1245 2278 620
f 1517 1516 1515
f 1516 2722 1518
f 185 2085 1845
f 2083 1180 866
f 519 918 1524
f 380 2570 2571
f 2570 380 3
f 788 2072 1880
f 2073 2691 449
f 730 729 954
f 2071 448 206
f 518 623 2194
f 1530 1529 1528
f 1529 2763 518
f 952 1528 1532
f 827 2069 1900
f 1242 518 2195
f 2067 1176 1906
f 98 951 1536
f 859 1174 445
f 1173 2064 1915
f 1537 127 516
f 1924 2062 1923
f 2062 1170 857
f 1539 1240 1541
f 698 1968 2561
f 1935 1165 1166
f 786 2053 1949
f 849 2382 1958
f 945 626 2184
f 98 2049 2403
f 791 1552 946
f 2520 2787 1552
f 682 2520 1552
f 1552 2787 1553
f 711 1554 735
f 514 2554 2555
f 2632 2738 1557
f 1558 1557 1556
f 1557 2738 514
f 1562 1237 1561
f 1159 2040 1988
f 96 2039 1996
f 1567 240 513
f 837 2388 2004
f 1571 239 511
f 2771 1576 1575
f 199 2034 662
f 2034 1155 438
f 92 2033 2019
f 392 2545 2546
f 392 7 2545
f 123 2546 1578
f 2954 2919 201
f 510 1580 1579
f 510 105 1580
f 1580 682 1581
f 1582 1584 1583
f 1583 2719 510
f 508 2535 2536
f 1587 1589 1588
f 1588 2784 508
f 1592 2534 2777
f 1593 1024 2778
f 1127 739 1594
f 1595 1128 2780
f 1598 506 1597
f 506 236 504
f 2539 2537 1602
f 1605 1231 1606
f 2957 2918 200
f 1610 124 502
f 1613 235 501
f 1154 2393 2020
f 2020 199 435
f 1155 2017 2015
f 88 2015 1510
f 1156 2012 2016
f 1617 1616 1615
f 1067 2397 2395
f 152 2330 2530
f 125 1997 1417
f 1158 1993 1991
f 1992 36 304
f 82 1991 2547
f 1065 1985 1992
f 1624 928 499
f 926 2526 2159
f 815 1625 927
f 1627 1626 1628
f 318 1627 743
f 1626 926 1628
f 2848 1976 1973
f 204 1967 1963
f 121 1964 604
f 1108 2403 2302
f 2403 204 440
f 850 2404 1961
f 1959 2405 389
f 830 2407 2844
f 2523 63 2522
f 498 2521 2519
f 1098 1634 1633
f 495 1636 232
f 1948 8 281
f 319 1638 744
f 856 1063 2409
f 1167 1940 1937
f 1225 2055 633
f 1937 119 1107
f 492 2508 635
f 2508 492 1003
f 2507 490 2506
f 3101 3110 2793
f 857 1928 1925
f 488 1645 120
f 797 1171 982
f 1647 229 487
f 1920 30 299
f 909 1918 1680
f 366 1172 909
f 1174 1914 1912
f 1062 1913 1920
f 1912 76 365
f 756 1910 2063
f 1906 1908 1904
f 1907 58 349
f 1905 1144 330
f 692 2416 2258
f 772 447 75
f 1900 205 447
f 191 1895 661
f 58 1892 2068
f 1882 57 347
f 1177 1878 1874
f 1875 1104 277
f 2672 2420 2866
f 207 1872 1870
f 57 1869 2075
f 1868 207 451
f 1866 56 346
f 2421 428 27
f 1862 26 295
f 2080 2425 2371
f 1857 208 452
f 1855 55 344
f 1854 426 2860
f 691 2426 2272
f 1017 1848 1829
f 1185 1844 1840
f 2084 2427 1182
f 1837 343 184
f 2364 2429 1189
f 228 486 1648
f 919 764 2503
f 1222 1651 1650
f 2497 290 786
f 2437 54 341
f 114 2438 2727
f 1816 181 423
f 1104 1815 2269
f 877 1812 1808
f 1811 17 288
f 323 1657 1656
f 323 820 1657
f 1657 2796 1658
f 1193 1806 1803
f 913 1664 914
f 2093 2439 1192
f 1664 858 767
f 209 654 455
f 455 338 179
f 654 2441 455
f 2490 2491 2493
f 1667 484 2289
f 1670 821 1668
f 2289 4 381
f 211 1794 1791
f 1670 2797 1671
f 1790 336 421
f 1673 483 1674
f 65 2126 1674
f 1074 749 706
f 1674 1074 1675
f 3091 65 483
f 3091 483 3102
f 213 650 462
f 787 2892 2489
f 1217 787 1676
f 1025 569 1217
f 1678 326 1679
f 214 2445 2817
f 482 1679 912
f 326 2488 1679
f 465 647 2816
f 1772 1774 1769
f 1773 53 335
f 1682 2482 2800
f 2381 2856 2482
f 1685 1684 1683
f 687 1955 1684
f 888 1766 1765
f 1684 67 481
f 1688 2481 2801
f 1765 102 379
f 789 2894 2481
f 413 708 1689
f 1205 1761 1759
f 1760 52 334
f 1756 29 298
f 480 783 2480
f 1696 1022 2803
f 890 1750 1756
f 2456 51 333
f 117 2457 2729
f 694 2458 2893
f 218 1743 1740
f 74 1741 1719
f 1719 1099 689
f 3103 3087 1215
f 1739 474 74
f 1209 1735 1731
f 175 1732 1744
f 1744 1073 291
f 2473 416 1701
f 1730 332 172
f 2470 329 170
f 2470 2473 2806
f 1706 1075 1705
f 900 1706 902
f 835 2035 1706
f 219 1720 1717
f 1711 1710 1709
f 790 2283 1710
f 1710 1 1712
f 1713 2715 2808
f 1721 2193 2810
f 1725 2227 1724
f 2227 6 387
f 1427 1426 1727
f 1727 95 1728
f 2471 50 329
f 1701 416 31
f 2473 170 416
f 695 2474 2891
f 475 1732 175
f 1073 1744 1733
f 1734 1736 1735
f 1735 1209 1737
f 1738 474 1739
f 31 1700 2129
f 1085 1739 2119
f 893 1924 1742
f 1742 1741 1740
f 1924 1099 1742
f 1743 218 473
f 1746 2457 2814
f 417 2477 2350
f 1697 748 1216
f 471 890 2455
f 1750 890 471
f 2109 1753 2453
f 769 2078 2453
f 1754 1016 1755
f 1756 1755 890
f 1103 685 2591
f 1759 420 714
f 1761 1205 1762
f 1692 2872 167
f 360 292 645
f 686 1805 1765
f 292 102 1766
f 1766 888 1767
f 1101 276 1105
f 1770 577 1772
f 911 2483 2799
f 1774 1772 1775
f 1780 1779 1778
f 887 1778 1781
f 467 1781 886
f 466 385 2449
f 885 823 716
f 716 1782 2816
f 716 597 1782
f 912 1679 1677
f 2447 336 1789
f 1669 48 325
f 1804 1811 1052
f 1807 1806 1805
f 412 2494 2138
f 1810 1809 1808
f 2796 1657 1654
f 72 1809 1793
f 1813 1812 877
f 2437 341 1816
f 341 181 1816
f 2501 3 1009
f 1821 1011 1190
f 1649 486 161
f 1011 840 1820
f 424 2432 1824
f 20 2711 2432
f 183 1824 2431
f 1834 1097 2827
f 343 1837 1836
f 1840 1842 1841
f 1841 1851 1843
f 363 2860 426
f 1851 1850 1847
f 1852 2426 2830
f 1847 1184 1851
f 1853 426 1854
f 1856 1853 866
f 1856 866 1180
f 2425 452 2371
f 1862 1056 452
f 1860 2862 428
f 1861 2423 2832
f 1863 2832 1864
f 2422 428 2421
f 1029 2421 2682
f 1872 770 1870
f 1869 57 429
f 1080 1877 1870
f 1877 190 451
f 1872 207 450
f 1873 2420 2833
f 1878 793 1875
f 793 1104 1875
f 1875 2818 1876
f 1879 1878 1177
f 794 679 2419
f 1883 2834 449
f 1886 1885 2836
f 693 1752 1885
f 1030 1887 2934
f 116 386 660
f 1890 1889 1888
f 717 1358 1889
f 1889 116 1891
f 1892 58 1894
f 1895 191 1896
f 278 1898 1897
f 1898 1896 1899
f 447 772 1900
f 2417 772 2123
f 1902 279 1901
f 1908 827 1905
f 827 1144 1905
f 2377 2063 1910
f 1908 1906 1909
f 1910 756 430
f 1913 365 30
f 445 1913 1062
f 366 2873 1916
f 1918 909 1919
f 1921 796 1917
f 1922 1921 1919
f 229 1647 1645
f 1646 46 321
f 120 1645 2640
f 1928 857 1929
f 367 324 1146
f 8 2505 2889
f 1018 2140 2958
f 2889 2506 2300
f 1146 301 2923
f 192 1165 2414
f 1086 1932 1931
f 77 1931 1933
f 1169 444 1168
f 1933 1169 1934
f 302 1940 1939
f 1940 302 119
f 1940 1167 1941
f 2513 1019 773
f 632 13 1019
f 1063 856 1943
f 1942 2840 1944
f 1945 2841 194
f 232 1636 1633
f 352 1951 1950
f 1631 497 154
f 1951 352 3139
f 1953 1952 2843
f 1962 2844 2407
f 1956 2406 1955
f 851 2407 2406
f 1961 1960 79
f 1960 632 79
f 34 604 1964
f 1964 121 440
f 368 2401 2846
f 303 1976 1975
f 799 1973 1976
f 1976 2848 1977
f 1160 1979 1978
f 926 1626 1625
f 354 2399 2400
f 1983 1982 2850
f 2386 2040 1982
f 928 1624 1622
f 1622 94 1096
f 2173 37 433
f 1993 1158 1994
f 1997 125 1998
f 1126 2395 2397
f 2003 2396 1011
f 841 2853 2396
f 2004 85 2187
f 2010 2854 2009
f 836 2010 2009
f 1156 2390 2010
f 371 2012 2011
f 1124 2016 2012
f 86 2011 2013
f 2013 836 2014
f 2015 88 438
f 780 40 437
f 1020 2212 1152
f 2025 2027 2026
f 802 673 2026
f 2026 5 374
f 437 307 2028
f 235 1613 1609
f 124 1610 2618
f 1231 1605 1601
f 1604 16 287
f 81 1602 2537
f 1594 739 1232
f 2543 2537 2775
f 2706 1584 353
f 1970 2545 1971
f 2551 2547 2770
f 836 2009 2035
f 2009 434 1068
f 239 1571 630
f 839 2004 2388
f 842 439 2037
f 840 842 2037
f 240 1567 1566
f 2041 2385 2855
f 846 2850 2385
f 2043 2042 2044
f 2042 97 2044
f 2047 2046 2045
f 203 2847 2046
f 354 2046 2847
f 1969 2845 2384
f 1162 1969 2048
f 1554 711 1233
f 2767 1550 1549
f 850 1958 2382
f 441 2053 2052
f 290 2053 786
f 3150 3145 352
f 2841 1945 2056
f 2056 193 351
f 855 2058 829
f 2411 2839 2057
f 3131 2561 1968
f 2565 2562 2764
f 1240 1539 1537
f 2062 1924 291
f 2064 1173 756
f 242 2566 1535
f 2065 1174 859
f 858 2065 767
f 2067 93 288
f 446 2069 2068
f 2069 446 205
f 2069 827 349
f 9 2568 2890
f 2072 788 2074
f 347 2076 2833
f 2079 1868 2078
f 621 21 293
f 268 2570 2501
f 1868 188 2078
f 19 1524 2147
f 955 2572 2756
f 1522 701 1013
f 346 2081 187
f 1857 2369 208
f 2083 2830 295
f 2085 185 344
f 867 664 359
f 1185 1838 664
f 2366 870 2827
f 1514 722 958
f 2060 2574 2379
f 959 1511 1509
f 873 656 2089
f 2434 454 2088
f 1141 2092 2091
f 2092 1191 1814
f 2091 793 296
f 2094 2821 341
f 2096 180 340
f 463 421 336
f 2101 1198 2102
f 2102 1200 298
f 2104 178 335
f 244 1502 1501
f 1502 44 313
f 1207 2109 2108
f 2109 177 334
f 245 1497 1495
f 2113 174 333
f 1496 24 294
f 2116 173 750
f 1495 107 381
f 806 2580 2749
f 902 1212 900
f 2126 1215 2478
f 1489 247 530
f 1249 1488 1484
f 2131 2346 2871
f 2345 908 2344
f 2344 908 2800
f 2341 482 912
f 2135 1219 326
f 2137 107 294
f 2142 2795 302
f 2144 820 2146
f 2148 160 322
f 249 1473 1471
f 1472 43 312
f 1470 249 538
f 960 1468 1466
f 136 1462 1467
f 405 2593 670
f 1460 42 311
f 3097 157 321
f 3097 321 3107
f 2336 2792 489
f 1454 1455 308
f 1114 2599 671
f 231 635 2152
f 2333 155 493
f 137 1452 1472
f 495 2155 2154
f 319 2155 817
f 496 2157 2156
f 233 1630 2157
f 2157 153 2158
f 139 1444 614
f 2161 2160 2159
f 140 1439 1502
f 499 1620 2330
f 2159 2785 2161
f 2203 2600 2202
f 1620 499 928
f 969 1435 1432
f 970 1431 1428
f 1428 1034 810
f 1430 723 1034
f 2164 2323 2880
f 937 2780 2323
f 2322 939 2777
f 2166 150 507
f 2167 237 2536
f 2170 149 509
f 2171 238 1579
f 972 1425 1423
f 1425 315 812
f 306 38 315
f 2172 148 942
f 2551 1572 2174
f 2174 813 317
f 2177 1235 2178
f 2180 146 316
f 147 1419 1570
f 974 1416 1415
f 2183 145 1238
f 2185 144 1239
f 2191 142 2192
f 2195 2194 2193
f 151 1406 1612
f 2194 2762 1035
f 2196 141 1243
f 2314 87 520
f 2313 957 620
f 243 618 2200
f 2204 2206 2205
f 2201 2750 2203
f 2205 805 313
f 1489 529 247
f 2210 804 2211
f 2215 537 249
f 2215 2747 308
f 671 1254 2598
f 2309 548 969
f 3132 2635 2634
f 2636 320 2637
f 2736 2636 2637
f 2228 86 284
f 2231 2232 1097
f 2615 605 2232
f 2307 125 553
f 2644 2640 2734
f 1403 775 2235
f 2239 2305 2888
f 2237 2740 2238
f 1266 555 675
f 555 2739 2304
f 255 2635 2303
f 2243 1269 2242
f 2247 2246 2245
f 562 1086 2295
f 2257 2256 2892
f 2262 1281 2264
f 1388 19 322
f 1385 561 162
f 1043 1382 1669
f 2275 1293 1103
f 165 1378 1678
f 1135 2651 2342
f 2276 1295 265
f 581 999 2289
f 1273 1376 1373
f 1376 327 166
f 1375 32 327
f 1002 2721 266
f 1299 1004 2279
f 1300 764 1009
f 2281 2288 2894
f 1006 1310 2288
f 2653 31 328
f 1007 2717 2287
f 260 1367 1365
f 1044 1366 1702
f 2284 2714 2283
f 988 2661 2663
f 2662 331 171
f 2661 2662 2665
f 2286 943 1562
f 2288 952 1531
f 1140 2669 2357
f 2273 2274 2588
f 2263 989 2262
f 2257 1364 2256
f 280 2295 77
f 2728 1350 1347
f 281 2299 854
f 2303 557 676
f 2676 337 825
f 1971 2304 848
f 1109 2307 2233
f 262 1345 1342
f 2309 2744 2224
f 2681 342 182
f 1288 2681 2684
f 2682 27 342
f 1340 2682 2681
f 263 2685 2724
f 993 1054 826
f 994 1338 1335
f 2206 1493 2205
f 26 1334 2082
f 2202 1498 2201
f 2885 809 957
f 808 2200 2886
f 811 2316 2198
f 2189 2565 2188
f 2074 2691 2073
f 814 2165 2881
f 410 2330 667
f 1145 2693 1176
f 2153 2516 2331
f 2876 818 2152
f 3080 2793 2151
f 3080 2151 3108
f 2144 2145 1650
f 1315 1001 855
f 2142 2143 917
f 2700 2702 1950
f 2341 1218 2133
f 2345 2344 2486
f 1966 1148 758
f 2351 2805 2125
f 2114 1738 2113
f 2355 2813 2112
f 2707 2708 355
f 1192 878 2094
f 2092 1814 2091
f 1182 1846 2085
f 2369 663 362
f 2076 2077 864
f 2073 1880 2072
f 2375 2070 1077
f 761 1151 760
f 2066 1175 1060
f 756 1173 1061
f 2059 1165 1935
f 2380 1005 1312
f 2042 2043 1978
f 2385 197 356
f 2522 2717 2709
f 1307 2718 2707
f 2022 1154 1153
f 2393 1154 2022
f 838 1157 2008
f 2008 1157 839
f 2398 846 2041
f 2399 2849 1981
f 355 2400 1981
f 1966 849 1967
f 2291 2725 2685
f 2404 850 2051
f 2407 830 1953
f 1953 830 1952
f 1351 1349 1350
f 1944 2840 2411
f 1943 856 1942
f 1168 2414 2838
f 2959 367 2921
f 1929 857 1170
f 2261 2729 2661
f 2415 1914 272
f 1909 1906 1176
f 568 2731 1371
f 1893 2068 1892
f 1864 2832 2370
f 1851 1184 1182
f 1843 1851 2427
f 1842 754 1841
f 1839 2427 2084
f 1023 784 1834
f 1097 688 1821
f 752 2431 2825
f 1191 1817 876
f 1813 877 1192
f 2634 2737 1040
f 1804 1052 2439
f 655 2439 2093
f 2441 654 339
f 368 2739 2631
f 2448 693 1886
f 553 1417 1416
f 1198 1775 1772
f 1767 888 1201
f 2450 2680 1771
f 1762 1205 1204
f 1760 1759 1761
f 890 1755 1207
f 2225 127 1431
f 548 1434 1435
f 2455 2108 1748
f 1747 2814 2355
f 1744 893 1743
f 1737 1209 1208
f 1736 1733 1735
f 2193 1427 418
f 2715 790 1711
f 1702 2470 2806
f 1702 2806 2351
f 1022 783 480
f 2242 687 1685
f 2481 680 1722
f 2482 708 413
f 2490 1220 1666
f 2491 1666 1042
f 2494 1661 1042
f 2494 412 1659
f 522 1510 1511
f 919 2503 2794
f 521 2753 243
f 957 2755 1246
f 520 2757 2572
f 2316 2759 1244
f 1243 2761 2567
f 2189 2765 2562
f 1239 2766 1546
f 1238 2769 1551
f 942 2772 1234
f 509 2773 2544
f 2505 8 390
f 2506 2889 2505
f 507 2776 237
f 745 1644 1642
f 493 2509 924
f 2165 2779 2533
f 503 1601 1602
f 502 1609 1610
f 1636 1635 1633
f 2519 233 496
f 2523 2521 498
f 1626 1627 927
f 2530 2783 152
f 2528 930 500
f 2782 930 2530
f 2531 234 2781
f 3023 3022 1229
f 1132 1630 1631
f 1127 1594 2779
f 2534 7 392
f 740 1591 2776
f 1589 683 1588
f 1586 2535 2878
f 2773 738 1585
f 1584 2706 1583
f 2772 737 1578
f 2545 1970 1577
f 1576 2048 1575
f 491 1642 1643
f 2552 2179 627
f 1555 2554 375
f 735 1554 2769
f 3137 1545 3127
f 733 1547 2766
f 2566 242 517
f 1536 951 2566
f 1534 701 1535
f 1530 731 1529
f 730 954 2761
f 1513 2568 9
f 2759 21 621
f 1525 2570 268
f 2571 1525 1244
f 1245 1518 2722
f 1517 2696 1516
f 1090 1514 2753
f 2574 2060 618
f 1032 130 523
f 2579 10 398
f 2580 806 527
f 2584 1077 1483
f 486 2794 2502
f 2586 1478 536
f 1469 2592 1468
f 2593 405 611
f 1254 962 2745
f 1450 1116 1455
f 1693 1691 1692
f 1437 2203 1092
f 2600 2203 1437
f 2349 2804 2479
f 2614 2176 605
f 1212 2807 2466
f 477 2809 2465
f 978 1399 2630
f 476 1719 1720
f 2118 2811 1210
f 2633 1397 556
f 2647 1268 1393
f 2646 1646 1392
f 2647 1392 1268
f 2648 1391 1269
f 2650 1270 602
f 1386 1389 1387
f 1377 2651 1135
f 2356 1360 1045
f 2668 1760 1356
f 2669 1140 1355
f 2670 2101 1352
f 1341 1141 1080
f 454 2824 1190
f 2689 2688 1289
f 3041 2825 2430
f 3041 2430 3028
f 2368 994 1055
f 2086 2826 1187
f 2692 1325 1293
f 2691 2074 1325
f 2693 1324 1059
f 1322 2693 1145
f 2695 1321 1027
f 2698 1316 582
f 2721 1002 1315
f 2717 1007 1307
f 2713 1008 2284
f 2986 2967 1888
f 2714 1596 936
f 1303 1302 1008
f 2715 2284 790
f 1305 358 943
f 63 2717 2522
f 105 2719 1007
f 2718 1307 1007
f 1310 1530 952
f 2721 2529 929
f 2732 2247 798
f 2733 1087 854
f 2738 255 2554
f 3134 3117 80
f 2737 2634 255
f 2739 368 848
f 3024 3018 932
f 3025 2992 254
f 59 2845 2402
f 1969 2846 2401
f 2750 398 129
f 808 2753 521
f 2754 1589 940
f 809 2755 957
f 87 2757 520
f 2759 2316 811
f 2760 1513 958
f 2761 1243 141
f 143 2763 517
f 85 2765 2189
f 2766 1239 144
f 145 2769 1238
f 1555 2561 948
f 1237 1560 2553
f 148 2772 942
f 2771 1584 941
f 149 2773 509
f 2918 2972 200
f 2776 507 150
f 2777 392 123
f 2778 1592 939
f 2779 2165 814
f 978 2782 1130
f 2783 2530 930
f 2784 500 2535
f 2787 496 64
f 2521 497 233
f 2791 1225 924
f 2790 1641 923
f 2793 46 2647
f 2940 2973 2372
f 1823 2858 2366
f 228 2794 486
f 342 2862 2363
f 2795 1107 119
f 1653 2145 161
f 2796 2496 917
f 1658 2143 162
f 297 2863 1194
f 338 2864 179
f 2800 413 167
f 2801 1722 896
f 1274 1693 2131
f 2802 1685 907
f 2803 480 221
f 332 2868 2354
f 2807 1212 2353
f 2808 1711 899
f 2809 477 2657
f 1714 2869 1705
f 2810 418 172
f 1728 1725 895
f 2813 1902 860
f 300 2870 2347
f 2816 466 215
f 2821 423 181
f 2824 454 2434
f 2827 1821 872
f 2828 1834 870
f 2830 1861 111
f 2833 1881 189
f 2835 1890 862
f 2836 2418 206
f 293 2876 106
f 2969 377 2914
f 1644 2877 2332
f 2839 1096 94
f 2842 441 195
f 2845 59 196
f 2847 1150 2399
f 2848 1161 203
f 2849 1160 202
f 1977 2047 831
f 1981 2043 832
f 2850 432 197
f 2851 1983 846
f 2853 2001 842
f 305 2881 2322
f 1233 2170 2171
f 1585 2882 2321
f 1547 2883 2318
f 2856 1312 708
f 2078 1328 714
f 1591 2885 2313
f 2864 338 2441
f 2865 336 2447
f 2887 393 674
f 745 2877 1644
f 2876 293 21
f 7 2534 675
f 738 2882 1585
f 2881 305 737
f 2883 1547 733
f 2890 2569 562
f 2885 1591 740
f 1704 2893 2293
f 2539 1112 2224
f 2888 932 14
f 2274 274 12
f 2894 1531 680
f 2895 586 2286
f 682 2287 63
f 1293 685 1103
f 2271 276 1101
f 1704 694 2893
f 1681 695 2891
f 280 9 2890
f 281 8 2889
f 1574 699 2887
f 76 2892 2256
f 1277 1681 2891
f 280 2890 2295
f 78 697 2297
f 281 2889 2299
f 375 676 698
f 1971 7 2304
f 932 2888 2305
f 1574 2887 674
f 1095 672 310
f 1114 671 311
f 2214 2215 308
f 169 749 1074
f 1033 2886 2200
f 2314 2199 2884
f 2884 1034 723
f 954 729 2315
f 722 2317 958
f 1071 2181 1037
f 319 2154 2155
f 2396 840 1011
f 2876 2152 106
f 2844 2051 830
f 1961 1957 850
f 1958 1965 849
f 1899 2375 1014
f 1891 861 1888
f 2873 2132 2343
f 2822 1142 182
f 750 2115 2116
f 1469 2590 2107
f 2817 1196 214
f 2980 2100 1197
f 2980 1197 2974
f 336 2865 463
f 2864 882 179
f 2093 2094 341
f 1141 2091 296
f 1737 894 1010
f 2860 2087 1054
f 2080 2081 346
f 2799 2487 911
f 2798 1136 166
f 347 2075 2076
f 2981 2071 2372
f 2981 2372 2973
f 484 225 2797
f 2068 2069 349
f 1145 2067 288
f 2527 2057 94
f 290 2052 2053
f 354 2045 2046
f 199 2854 2034
f 2982 1095 41
f 2982 41 2926
f 3022 3000 1229
f 1020 1152 201
f 1611 933 1600
f 1577 1576 1234
f 2002 198 439
f 1553 945 1551
f 1545 947 1546
f 1977 1975 1976
f 1970 2846 847
f 1533 242 1535
f 1150 2847 1972
f 1512 1517 1033
f 2206 806 2749
f 1959 1960 1961
f 441 2842 1164
f 1476 2587 1251
f 1474 2586 1252
f 442 1948 443
f 443 1947 2841
f 1147 1945 1946
f 2839 2410 1096
f 1166 1937 1938
f 2412 1935 1936
f 444 1931 1932
f 1407 1404 1264
f 1927 1928 1929
f 1923 2253 1924
f 1922 1920 1921
f 1392 559 1268
f 1917 1918 1919
f 272 1914 858
f 445 1912 1913
f 1907 1908 1909
f 1810 93 2416
f 827 2417 1144
f 2652 2464 1275
f 568 2472 2731
f 2654 2485 1277
f 2663 1279 988
f 2261 117 2729
f 1885 2418 2836
f 1890 2835 1083
f 2673 768 1015
f 2292 114 2727
f 1882 1883 449
f 788 2419 1100
f 2724 2689 263
f 1879 1877 1878
f 1871 1872 450
f 1868 1869 429
f 1178 1029 1865
f 1859 1860 428
f 427 1857 2425
f 1855 1856 1180
f 867 269 1844
f 1840 1841 1843
f 2429 2364 2365
f 1830 2429 1829
f 2435 1142 2822
f 1813 1811 1812
f 2438 876 1816
f 355 2708 59
f 832 1307 2707
f 1309 1310 1006
f 1804 1803 1811
f 1312 593 708
f 1950 2702 2701
f 195 2720 2700
f 1792 1195 1791
f 825 2443 2441
f 651 1788 212
f 1787 110 460
f 421 463 648
f 2446 1196 2817
f 2816 115 466
f 115 2816 1782
f 1886 2815 2448
f 2448 2815 385
f 1776 1082 1777
f 1769 1770 1772
f 1768 2102 378
f 1047 1766 1767
f 178 2450 1771
f 2687 2724 993
f 263 2291 2685
f 2684 2683 1288
f 1340 1029 2682
f 1288 1340 2681
f 73 646 468
f 1760 1761 1762
f 2679 2677 1286
f 1203 644 1763
f 1749 1750 471
f 217 1749 471
f 1740 1741 474
f 1734 1735 1737
f 475 1731 1732
f 2665 2663 2661
f 2660 2659 2259
f 988 2261 2661
f 1718 1211 1717
f 1716 1138 1715
f 2472 2476 2806
f 2806 1701 2472
f 1216 641 414
f 1695 1137 1694
f 2483 909 1680
f 2484 2487 2799
f 2486 1136 2798
f 482 1678 1679
f 1268 2243 1393
f 1673 1674 1675
f 2644 2241 2640
f 2736 604 2636
f 225 822 1671
f 1671 1669 1670
f 484 2797 1027
f 1665 1220 272
f 35 368 2631
f 816 554 2630
f 1267 1024 2629
f 1264 1263 1410
f 2796 1031 2496
f 1658 1656 1657
f 2795 2495 1107
f 1420 1418 973
f 45 1419 1420
f 973 1421 1422
f 2497 1652 227
f 1134 1650 1651
f 268 2500 918
f 918 2500 228
f 2583 1444 1445
f 2590 1462 1463
f 1077 1117 1483
f 106 635 380
f 1641 2790 22
f 2790 633 22
f 599 1500 1501
f 2789 1639 155
f 703 285 1504
f 232 2517 2518
f 495 1635 1636
f 2787 2519 496
f 1513 619 958
f 955 520 2572
f 1244 621 293
f 1530 1528 952
f 952 1532 1531
f 1242 2195 1532
f 2565 2189 2562
f 2561 1545 948
f 2557 1550 282
f 2632 1557 1558
f 2784 2528 500
f 943 1237 1562
f 2783 2528 1618
f 2782 410 1130
f 2551 2175 2547
f 238 509 2544
f 2543 2168 2537
f 1592 2777 939
f 1593 2778 938
f 1595 2780 937
f 939 2165 2533
f 936 506 1598
f 2539 1602 1603
f 1592 2778 1024
f 2777 2534 392
f 3018 2997 932
f 2776 1590 237
f 1616 1617 3016
f 510 1582 1583
f 2772 1578 1234
f 1627 1628 743
f 1575 1584 2771
f 813 2550 738
f 1560 1237 628
f 3015 3119 925
f 2768 626 1072
f 154 497 2521
f 2610 812 2559
f 283 2562 2765
f 1532 61 267
f 2762 623 1123
f 1513 2760 2568
f 3101 2793 3080
f 1589 2754 1102
f 2754 620 1102
f 243 2753 1514
f 1033 618 1512
f 959 2576 808
f 2751 1032 523
f 1504 1505 2966
f 807 1093 726
f 2750 2579 398
f 2206 2749 245
f 1490 712 530
f 161 486 2502
f 2500 268 2501
f 379 1489 382
f 1484 1485 1486
f 400 2748 1113
f 1076 2695 821
f 1113 2748 401
f 1472 1473 537
f 2588 2747 1470
f 1074 706 1675
f 787 2489 1676
f 135 611 404
f 1025 1217 1677
f 403 1458 362
f 2487 2798 911
f 2485 2799 910
f 1682 2800 908
f 2381 2482 1682
f 1685 1683 907
f 687 1684 1685
f 1688 2801 905
f 789 2481 1688
f 1696 2803 904
f 2645 1022 1696
f 221 2349 2479
f 2469 2468 2124
f 1706 1705 902
f 2035 1075 1706
f 1438 1439 547
f 1708 1707 901
f 1711 1709 899
f 790 1710 1711
f 1713 2808 898
f 710 2715 1713
f 899 477 2465
f 1721 2810 897
f 763 2193 1721
f 252 1438 547
f 1725 1724 895
f 897 2118 1210
f 1427 1727 1726
f 895 2812 2460
f 969 2602 809
f 718 1746 1085
f 1429 1431 127
f 694 1902 2458
f 970 2606 141
f 1747 2666 2456
f 549 2609 1426
f 86 606 1124
f 769 2453 1753
f 792 1103 1757
f 1103 2591 1758
f 974 2616 149
f 1101 1105 1768
f 2680 1770 1771
f 711 766 2741
f 2741 1414 711
f 975 2619 814
f 776 2621 737
f 2621 776 1411
f 646 1779 1780
f 254 976 2626
f 277 2818 1875
f 214 464 2445
f 2444 2443 884
f 2442 1791 883
f 2736 1396 156
f 2792 2734 2504
f 1807 1805 686
f 773 2642 2512
f 1817 1053 2437
f 2436 2822 875
f 874 2090 2433
f 1821 1190 872
f 688 1011 1821
f 1011 1820 1822
f 1190 873 454
f 3031 3028 2430
f 1834 2827 870
f 871 2086 1187
f 784 1097 1834
f 1422 1023 1835
f 870 2829 2428
f 2732 2649 2247
f 691 1861 2426
f 1031 602 1390
f 1386 1387 561
f 1867 2690 1866
f 2672 1881 2420
f 1886 2836 1887
f 693 1885 1886
f 717 1889 1890
f 1275 1372 2652
f 692 1810 2416
f 1369 2654 1368
f 570 1365 1366
f 365 1364 2655
f 1919 2376 1922
f 1360 1280 2666
f 1169 1168 1934
f 115 597 573
f 1953 2843 852
f 1954 2407 851
f 1956 1955 687
f 851 2406 1956
f 2674 2728 1051
f 34 1964 1965
f 2675 2292 2727
f 368 2846 848
f 578 1342 1053
f 831 1969 2401
f 1983 2850 846
f 2386 1982 1983
f 2686 2689 2724
f 699 1991 1990
f 994 1335 1855
f 3059 2723 1291
f 3059 1291 3052
f 2389 2002 2001
f 760 1151 2002
f 2397 2853 841
f 2003 1011 688
f 841 2396 2003
f 2691 1292 1327
f 1327 996 1882
f 2008 1067 2395
f 17 1295 1322
f 2390 2854 2010
f 2021 1154 2020
f 2022 1069 2394
f 1298 1000 2722
f 2529 2721 2699
f 802 2026 2027
f 1301 592 1311
f 2705 2719 1308
f 2716 585 264
f 2033 436 2391
f 846 2385 2041
f 2043 2044 832
f 1969 2384 2048
f 2049 431 2383
f 850 2382 2051
f 436 16 588
f 2058 2057 829
f 2411 2057 2058
f 1069 1303 589
f 1304 586 264
f 18 1305 2038
f 2079 2078 769
f 355 59 2400
f 1308 2719 2706
f 353 196 1308
f 872 1823 2366
f 184 343 1188
f 182 342 2363
f 113 297 1194
f 1310 431 1149
f 1004 2720 2704
f 2720 195 2704
f 2107 1140 2357
f 2703 2052 290
f 22 351 1313
f 2112 1139 2356
f 351 193 1314
f 172 332 2354
f 898 1714 1705
f 2125 2655 2352
f 2698 2697 1316
f 665 417 2350
f 907 300 2347
f 167 2872 2344
f 166 327 2343
f 1943 2697 757
f 2133 1135 2342
f 23 350 2696
f 2696 582 2722
f 2139 412 2138
f 1073 1318 2061
f 1929 1320 1927
f 1322 2694 2693
f 1059 1324 1907
f 2793 2647 2151
f 923 1644 2332
f 2692 2691 1325
f 2637 320 2331
f 2691 2692 1292
f 1328 188 996
f 1292 1329 996
f 186 427 1330
f 1332 25 345
f 1330 1291 2723
f 2163 1129 2326
f 2324 1128 2325
f 937 2323 2164
f 123 305 2322
f 941 1585 2321
f 2551 2174 2175
f 948 1547 2318
f 1143 2687 826
f 2195 2193 763
f 1339 2860 1054
f 2686 1836 2829
f 940 1591 2313
f 2603 1436 2311
f 752 2683 2684
f 2208 1119 2310
f 1053 1342 1343
f 1345 1344 2680
f 2678 2677 2679
f 2679 1285 2678
f 1346 2441 339
f 2676 2675 2727
f 2675 1346 2726
f 2673 2099 713
f 2231 1097 784
f 2615 2232 2231
f 2741 2233 2306
f 2674 1051 459
f 1051 1348 1789
f 3011 2305 2239
f 3011 2239 3009
f 2672 1350 1349
f 2672 1050 1350
f 676 375 2554
f 2240 1108 2302
f 2735 2240 2301
f 2243 2242 783
f 2648 1269 2243
f 2247 2245 798
f 2246 2247 3007
f 2671 261 574
f 29 1352 2101
f 562 2569 2296
f 2257 2892 787
f 903 1704 2293
f 1046 1356 1760
f 1357 176 572
f 1358 572 1282
f 1286 2269 2292
f 173 419 2667
f 2667 2666 1280
f 599 173 2667
f 1289 2272 2290
f 988 1279 1361
f 2275 1103 792
f 1084 2867 2467
f 2664 2663 2665
f 2663 1729 2812
f 2662 2661 2729
f 2657 2660 986
f 2280 2508 2279
f 2121 2659 2660
f 2281 2894 789
f 1006 2288 2281
f 2660 2657 2121
f 2659 2121 709
f 2284 2283 790
f 1008 2714 2284
f 1363 1905 330
f 260 570 1364
f 169 415 1365
f 1702 1366 2471
f 1367 169 1365
f 1305 943 2286
f 264 586 584
f 1369 2349 2870
f 2349 1369 1276
f 2349 1276 2804
f 985 328 168
f 1274 1372 983
f 1310 952 2288
f 1274 1374 1691
f 999 2277 2289
f 2651 566 165
f 1379 49 1678
f 24 1381 2136
f 2689 1289 2290
f 2689 2290 263
f 2143 1385 162
f 1385 2143 2141
f 561 1658 162
f 1389 1388 322
f 1389 1386 256
f 598 2262 989
f 1278 2258 2259
f 2259 2258 2260
f 2485 1681 1277
f 1368 2255 259
f 2255 2294 568
f 1275 2464 2462
f 982 2254 797
f 984 2254 1273
f 1275 2253 2254
f 1086 77 2295
f 560 562 2296
f 78 2297 3005
f 2733 854 2299
f 158 1392 1646
f 2573 1013 2735
f 2301 2302 558
f 2635 557 2303
f 2644 2792 2643
f 2303 676 2554
f 2643 2792 2336
f 2739 848 2304
f 2638 818 2876
f 3024 932 2305
f 3024 2305 3008
f 21 2638 2876
f 156 1396 1642
f 2636 604 34
f 604 2736 558
f 2633 744 1397
f 776 674 1411
f 766 2556 2741
f 2617 2306 974
f 2306 2307 553
f 605 83 2232
f 556 153 2633
f 778 2563 2742
f 2577 2575 2743
f 35 2631 2161
f 2541 2538 2744
f 2605 2309 969
f 1130 318 743
f 816 2630 1628
f 1399 978 1130
f 1400 2628 1401
f 2993 254 2992
f 1402 2627 2626
f 1470 2215 249
f 1411 814 2621
f 737 2621 2881
f 2917 1477 2944
f 814 2619 2779
f 975 1262 2618
f 1483 2210 2585
f 975 2618 1412
f 1414 149 2170
f 1489 2208 2310
f 711 1414 2170
f 2616 738 2773
f 149 2616 2773
f 605 2615 2614
f 2615 253 552
f 733 2611 2883
f 1423 2610 1424
f 2610 1423 812
f 2610 734 1559
f 1508 2312 959
f 2754 940 2313
f 2313 2885 957
f 1520 2199 955
f 2199 2314 520
f 409 1260 949
f 1538 1260 607
f 2315 2198 2316
f 2197 2196 1243
f 518 2194 2195
f 2607 2196 722
f 517 2191 143
f 730 1122 729
f 625 1241 950
f 950 1241 409
f 141 2606 2761
f 1542 2188 2565
f 809 2605 969
f 2604 809 2885
f 740 2604 2885
f 2186 2185 1239
f 1433 1432 2603
f 2603 1121 1433
f 809 2602 2755
f 668 370 515
f 2184 2183 1238
f 1555 948 2318
f 2601 252 547
f 1439 968 406
f 513 2180 2179
f 511 2177 2176
f 1441 1438 252
f 2174 2173 2175
f 2771 941 2321
f 2 382 2276
f 2 2276 265
f 2171 2170 509
f 2167 2166 507
f 2777 123 2322
f 2322 2881 2165
f 1116 1450 2214
f 1451 135 404
f 1453 135 1451
f 1600 2324 935
f 935 2324 2325
f 501 934 2326
f 934 2163 2326
f 3023 1229 2327
f 3023 2327 3013
f 2599 964 542
f 362 2597 2369
f 2831 12 659
f 2595 403 25
f 1620 667 2330
f 1461 1460 311
f 611 250 540
f 1115 359 753
f 2591 685 1844
f 2589 1470 538
f 538 101 2589
f 2588 1470 2589
f 12 2588 2274
f 2788 2331 2516
f 924 2333 493
f 2983 2837 1475
f 2983 1475 2965
f 2748 1477 401
f 727 1478 2586
f 2335 2336 489
f 3108 2151 3083
f 1118 1480 2209
f 1487 1092 725
f 638 1224 922
f 1481 779 533
f 1482 533 248
f 129 398 1484
f 1014 1485 1897
f 1488 129 1484
f 382 1489 530
f 530 109 382
f 109 712 594
f 712 1117 348
f 1491 804 1490
f 2580 2582 2581
f 2582 68 361
f 2580 1496 2749
f 1492 68 2582
f 245 1010 1493
f 1497 1496 294
f 244 525 1498
f 2264 1499 2263
f 1503 89 373
f 373 1093 617
f 1032 1507 726
f 2795 2142 917
f 2984 1507 2751
f 2984 2751 2962
f 1508 808 2578
f 808 1508 959
f 808 2576 2753
f 1676 2341 912
f 2341 2133 2342
f 1245 1000 2278
f 243 1514 619
f 1102 620 2278
f 1517 23 2696
f 911 2798 2132
f 1515 1033 1517
f 2132 366 909
f 2800 167 2344
f 1520 811 1521
f 811 1520 955
f 905 2131 222
f 905 2801 2346
f 168 328 2130
f 2128 2127 3085
f 2802 907 2347
f 221 2480 2348
f 1698 2126 2478
f 1523 519 1524
f 1525 2571 2570
f 1699 665 2350
f 1525 268 918
f 2351 2125 2352
f 1214 330 2124
f 1388 99 622
f 902 2353 1212
f 518 143 623
f 1123 623 2190
f 899 1709 2122
f 219 1715 2120
f 171 331 2120
f 731 1530 1149
f 2120 2119 476
f 2810 172 2354
f 897 2810 2354
f 2354 2868 2118
f 895 2117 2812
f 950 516 625
f 1537 1429 127
f 1540 142 1539
f 2565 144 1543
f 1543 144 2185
f 1544 733 2564
f 144 2564 2766
f 2563 1544 2562
f 1544 2563 778
f 2896 947 3120
f 2562 1544 2764
f 886 1776 2100
f 215 2449 2359
f 1783 464 214
f 463 2361 2819
f 460 2099 459
f 2559 2183 734
f 825 337 2098
f 2558 1549 735
f 2443 2098 884
f 882 2362 2820
f 145 2558 2769
f 881 2097 209
f 1550 2557 2556
f 1194 2863 2097
f 2556 766 1549
f 626 64 2156
f 2821 2094 878
f 791 682 1552
f 946 1233 791
f 875 2822 2363
f 1072 626 2156
f 2363 2862 2090
f 873 2088 454
f 1555 2555 2554
f 1555 375 698
f 1556 1036 1558
f 627 2553 2552
f 1188 2859 2086
f 2827 872 2366
f 1125 627 2179
f 870 2367 2829
f 943 358 628
f 1845 2085 1846
f 1567 1568 96
f 1859 187 2081
f 1110 394 629
f 1571 316 146
f 1571 1570 45
f 1573 148 2172
f 738 2550 2882
f 2833 2076 864
f 2548 737 2772
f 148 2548 2772
f 2770 2547 2549
f 2549 1574 776
f 2835 862 2372
f 206 1884 2071
f 2048 1576 847
f 1577 2546 2545
f 847 1577 1970
f 737 305 1578
f 305 123 1578
f 1234 1578 1577
f 1580 2282 682
f 1900 2069 205
f 2544 510 238
f 510 2544 1582
f 430 1060 1175
f 828 1061 1173
f 2542 2166 739
f 150 2540 2776
f 1586 2536 2535
f 237 1590 1587
f 2409 1063 2059
f 935 503 1599
f 1605 287 92
f 2051 2382 2050
f 2403 2049 204
f 2845 196 2384
f 2850 197 2385
f 1988 2040 845
f 1996 2039 844
f 836 2035 835
f 2019 2033 1153
f 1153 2033 2391
f 1619 683 266
f 1615 1622 1096
f 1226 1615 931
f 2525 2785 2526
f 2239 2526 977
f 14 2525 2888
f 815 1131 1625
f 2029 833 2392
f 2018 1153 1154
f 1629 1012 925
f 2020 2393 199
f 2393 2022 2394
f 2015 2017 834
f 1510 2015 702
f 662 2034 438
f 86 2013 284
f 1124 2012 371
f 371 2011 86
f 1156 2010 836
f 837 761 760
f 2005 839 1157
f 838 2008 2395
f 2187 39 2004
f 1630 233 497
f 2853 842 2396
f 1631 2154 1132
f 2523 2522 2521
f 1126 2397 369
f 2521 1635 495
f 1997 2000 843
f 3135 1632 2518
f 3135 2518 3126
f 498 63 2523
f 304 1993 1992
f 97 1098 1633
f 2547 1991 699
f 1634 1629 2786
f 2173 1988 1989
f 2851 846 2398
f 1992 1985 36
f 2399 1981 2400
f 2516 155 2515
f 2515 155 2333
f 745 2514 2877
f 155 1639 1640
f 632 2789 494
f 2055 1225 442
f 22 633 2055
f 1948 1225 634
f 634 2510 390
f 1641 22 1313
f 231 1643 636
f 354 59 2402
f 2402 2845 1969
f 230 490 2507
f 2505 2507 2506
f 849 1966 758
f 1963 1967 849
f 1964 1963 1965
f 2302 2403 121
f 1647 321 157
f 632 1960 13
f 1960 1959 389
f 758 1148 1952
f 2050 1952 830
f 3146 2053 853
f 1946 1945 194
f 2840 1942 856
f 1166 1165 1167
f 1937 1940 119
f 1941 192 444
f 2413 2838 2414
f 1375 1926 32
f 1171 1923 857
f 689 1099 2253
f 797 1923 1171
f 1923 2062 857
f 1917 1919 1921
f 1680 1918 695
f 1912 1914 76
f 1920 1913 30
f 1911 859 445
f 1911 1910 859
f 2730 1906 1905
f 2258 2416 795
f 795 2067 1906
f 795 2416 2067
f 75 447 279
f 1893 2374 1896
f 661 1895 755
f 755 1898 1281
f 755 1895 1896
f 1358 116 1889
f 386 11 660
f 116 660 861
f 2836 206 448
f 2418 1884 206
f 2146 1649 2145
f 2498 2503 290
f 2501 919 2500
f 919 1009 764
f 1881 1349 2834
f 228 2500 2794
f 227 1222 1650
f 1652 2497 2499
f 464 1873 2818
f 2499 2497 786
f 2866 2420 1873
f 1873 864 1177
f 1653 2498 2497
f 1080 1870 770
f 2498 290 2497
f 2495 2795 2496
f 1653 2497 227
f 3064 3053 1178
f 2248 2495 2496
f 2496 979 2248
f 2682 2421 27
f 2495 2248 697
f 2424 2370 2832
f 2823 2423 691
f 2862 1860 1179
f 1659 412 48
f 274 659 12
f 26 1858 1290
f 1858 865 1290
f 1858 1862 865
f 1076 914 1664
f 913 858 1664
f 1663 485 226
f 2492 2415 272
f 1339 1854 2860
f 2291 1852 1181
f 2272 2426 2291
f 1852 2083 866
f 2491 2490 1666
f 1846 1182 1184
f 2490 2493 1220
f 1017 1849 1848
f 2365 1183 1017
f 225 484 1667
f 2365 1846 1183
f 1840 1844 869
f 1670 1669 325
f 1182 2427 1851
f 1851 1841 754
f 1670 325 821
f 2828 870 2428
f 184 1835 1837
f 1023 2828 1835
f 224 483 1673
f 787 1217 569
f 49 326 1678
f 1677 1679 2488
f 1189 1825 2364
f 3030 3031 2430
f 2430 2825 2431
f 20 2432 424
f 424 1824 183
f 1190 2824 1823
f 840 2037 1820
f 1818 275 70
f 1079 1818 70
f 2486 2487 2345
f 2487 906 2345
f 1816 1817 2437
f 2484 1686 906
f 2727 2438 715
f 1104 793 1815
f 2292 1815 114
f 1686 907 1687
f 223 1687 1683
f 1793 1809 692
f 1688 103 789
f 72 364 877
f 364 878 877
f 1689 708 1690
f 1192 2439 1052
f 455 2441 338
f 211 458 1794
f 1791 1794 883
f 1794 1793 1795
f 651 212 1790
f 212 459 1790
f 421 651 1790
f 1790 1789 336
f 2475 2476 2472
f 1785 277 71
f 1701 2653 2731
f 1081 1785 71
f 2470 2471 329
f 1702 2471 2470
f 1196 1783 214
f 2816 215 465
f 2353 2469 1213
f 885 647 1049
f 903 1084 1703
f 2267 693 2448
f 1703 2467 2807
f 2353 1213 2807
f 1778 886 1781
f 901 387 1708
f 835 1708 2013
f 2466 1707 900
f 332 1138 2868
f 1344 577 1770
f 1771 1770 1769
f 2118 1211 2811
f 378 2102 1772
f 2462 1719 689
f 1765 1766 102
f 1721 61 763
f 1723 267 61
f 340 2680 2450
f 1210 896 1723
f 1726 172 418
f 1725 95 2227
f 1757 1204 1205
f 218 474 1738
f 1757 1103 1206
f 1753 1207 1755
f 1755 1756 2452
f 1871 1016 1754
f 1745 2459 117
f 2078 714 2453
f 892 2456 333
f 52 1748 2108
f 1756 2454 29
f 1749 2454 1750
f 2108 2455 890
f 2459 2355 2814
f 1752 1749 217
f 892 1747 2456
f 1754 1755 2452
f 2729 2457 718
f 2452 1105 1754
f 2261 1745 117
f 1740 1743 893
f 74 474 1741
f 1719 1742 1099
f 177 420 1759
f 2119 1739 74
f 475 1208 1209
f 1731 1735 1733
f 1733 1732 1731
f 643 2116 475
f 1728 895 2460
f 172 1726 1730
f 1047 645 292
f 1730 1729 332
f 1426 95 1727
f 1764 2451 2450
f 340 2450 2095
f 219 476 1720
f 378 1772 1199
f 1199 577 378
f 1774 1773 335
f 1211 1715 219
f 2808 899 2465
f 898 2808 2465
f 2465 2809 1714
f 2283 1 1710
f 835 1706 900
f 2985 91 887
f 2985 887 2961
f 2449 215 466
f 2448 385 2267
f 885 1049 823
f 1784 2361 2865
f 2476 2351 2806
f 2473 2470 170
f 1785 751 2446
f 2446 751 650
f 751 1081 297
f 2653 1701 31
f 2294 2475 2472
f 2445 1785 2817
f 751 297 650
f 31 416 1700
f 3112 2477 3088
f 2441 2443 2864
f 2803 221 2479
f 414 904 1216
f 904 1697 1216
f 904 2803 2479
f 2479 2804 1697
f 2442 709 1798
f 480 2480 221
f 1597 1797 1
f 209 1799 881
f 1799 1410 2234
f 1800 2234 2235
f 1802 1408 1410
f 655 2440 2439
f 1803 1295 17
f 3090 1694 3075
f 1689 222 1692
f 222 1693 1692
f 167 1689 1692
f 17 1811 1803
f 1692 1691 2872
f 593 103 1690
f 413 1689 167
f 2894 680 2481
f 1812 1811 288
f 907 1686 300
f 1955 67 1684
f 2856 708 2482
f 1815 2292 2269
f 715 1816 423
f 2485 910 1681
f 910 2799 2483
f 423 28 715
f 2483 1680 1681
f 2438 1816 715
f 2436 2435 2822
f 875 874 2436
f 2435 2861 1142
f 2435 2088 2861
f 275 2433 2823
f 2433 1818 874
f 2432 2711 1026
f 1824 2432 1026
f 752 2861 2431
f 2861 183 2431
f 1824 2430 2431
f 343 1143 2859
f 2086 1189 2826
f 1831 62 2181
f 3076 65 3091
f 2126 1074 1674
f 65 1674 483
f 1835 184 425
f 2828 1837 1835
f 1839 1838 2427
f 55 1839 2084
f 1844 685 869
f 363 1845 1846
f 2695 1668 821
f 1668 1027 2797
f 108 2289 484
f 866 1181 1852
f 185 426 1853
f 2725 1854 1339
f 1856 1855 344
f 2425 1857 452
f 2138 2494 1042
f 26 1862 1858
f 865 208 659
f 1654 1657 820
f 323 1656 47
f 1863 1862 295
f 187 428 2422
f 1869 1868 451
f 1877 1080 296
f 1871 276 1872
f 1872 276 770
f 1878 296 793
f 794 1880 863
f 690 2419 679
f 1009 919 2501
f 1883 1882 347
f 1653 161 2502
f 2502 2794 2503
f 161 2145 1649
f 1649 1648 486
f 1083 1884 2418
f 2418 1885 2110
f 1893 191 2068
f 1897 10 278
f 1281 1898 278
f 2417 1900 772
f 1908 1907 349
f 1908 349 827
f 445 2377 1911
f 1913 1912 365
f 1918 1917 695
f 1921 1920 299
f 299 796 1921
f 1223 639 2996
f 388 1930 118
f 1146 324 301
f 1168 444 2414
f 444 192 2414
f 1931 77 1086
f 1933 9 280
f 1933 1934 9
f 280 77 1933
f 1933 1931 1169
f 2874 1936 2339
f 1938 1937 1107
f 2408 2840 2409
f 271 2410 2245
f 603 2409 746
f 798 2408 2732
f 757 1063 1943
f 854 1948 281
f 443 1948 854
f 3152 1949 3147
f 1957 79 774
f 389 13 1960
f 321 1647 1646
f 1962 2405 2404
f 2405 1962 719
f 2640 1645 720
f 440 121 2403
f 1968 80 3118
f 2045 2402 831
f 231 491 1643
f 923 636 1643
f 354 2402 2045
f 1643 1642 1644
f 1975 368 35
f 2401 1977 831
f 1977 2401 1975
f 492 635 231
f 2279 2508 1003
f 2791 924 2509
f 1972 203 1161
f 2879 1972 2328
f 741 1150 2879
f 2513 632 1019
f 35 303 1975
f 303 799 1976
f 202 1160 1978
f 1980 2399 1150
f 2400 59 354
f 1987 775 1984
f 1989 82 2173
f 1993 304 122
f 1995 125 2307
f 843 433 1997
f 2000 1999 843
f 2521 233 2519
f 2036 2002 2389
f 760 2002 2036
f 495 154 2521
f 154 2154 1631
f 2003 83 841
f 1631 1630 497
f 2006 838 394
f 2007 283 2765
f 3026 3027 39
f 2011 836 2013
f 834 395 2015
f 2017 2016 834
f 2019 397 1112
f 128 2021 1434
f 2393 2394 199
f 201 1152 2023
f 40 780 2213
f 780 1152 2212
f 2024 704 1020
f 5 2026 673
f 2027 131 802
f 200 437 2028
f 1625 1626 927
f 2031 2030 705
f 2030 400 705
f 1622 1624 94
f 2031 1457 90
f 2031 705 1457
f 2783 930 2528
f 1619 2528 2784
f 410 2782 2530
f 2025 2032 833
f 91 2032 2025
f 2034 2854 2390
f 2034 2390 1155
f 845 2040 2386
f 2042 1978 97
f 2043 202 1978
f 847 1162 2048
f 234 2531 3017
f 932 1614 14
f 2049 2383 204
f 1609 1613 933
f 2381 1163 852
f 2618 1610 721
f 1005 2380 2843
f 1610 1609 1611
f 852 1163 1953
f 287 1605 1604
f 2052 195 441
f 1602 81 503
f 853 2053 441
f 1602 1601 1603
f 442 2841 2056
f 2056 1945 193
f 855 2411 2058
f 2532 2624 1128
f 2778 939 2533
f 1593 938 1232
f 938 1594 1232
f 938 2778 2533
f 2857 1165 2059
f 2533 2779 1594
f 2378 1168 2838
f 940 1587 1590
f 1590 2776 1591
f 2784 1588 683
f 508 2536 237
f 2065 858 1174
f 1915 2376 1919
f 1175 2066 859
f 941 1582 2544
f 191 446 2068
f 2544 2773 1585
f 2719 1583 2706
f 2282 1580 105
f 510 1579 238
f 392 2546 123
f 1971 2545 7
f 353 1584 1575
f 2076 2075 2077
f 864 2077 1177
f 769 450 2079
f 316 1571 45
f 2369 1857 663
f 1568 1567 736
f 2083 2082 2368
f 2083 2368 1180
f 1237 2553 1236
f 867 1185 664
f 1838 1185 868
f 514 2555 241
f 183 2089 656
f 2089 2088 873
f 946 1554 1233
f 1551 2769 1554
f 64 626 945
f 2767 515 1550
f 2096 2440 655
f 882 652 179
f 464 2360 2866
f 2950 2359 2949
f 824 2360 1783
f 948 1545 1546
f 1546 2766 1547
f 1197 2100 1776
f 2104 2103 2358
f 2358 1201 2104
f 2563 283 700
f 2107 2357 1204
f 2110 217 472
f 2112 2356 2355
f 2111 472 176
f 2355 2459 2813
f 1540 1539 1538
f 1429 1537 723
f 2117 895 1724
f 98 1536 1149
f 1535 2566 951
f 1536 731 1149
f 1536 2566 2763
f 901 1724 387
f 2757 1535 701
f 1528 1242 1532
f 2763 1529 731
f 104 2122 1709
f 954 622 2567
f 2567 2761 954
f 2890 2568 2569
f 2296 2569 99
f 2351 2476 2805
f 106 2571 293
f 2571 1244 293
f 380 2571 106
f 2501 2570 3
f 2147 1524 918
f 2126 65 1215
f 2573 1522 1013
f 2756 2572 2573
f 2572 2757 1522
f 1216 2128 641
f 896 2346 2801
f 1000 1245 2722
f 2722 1516 2696
f 1245 620 956
f 958 619 1514
f 2379 1247 1934
f 1247 618 243
f 959 522 1511
f 2341 2342 482
f 1511 1510 2575
f 2135 2134 2340
f 2340 224 2135
f 2135 224 1673
f 2137 822 225
f 2137 225 1667
f 914 2138 913
f 821 2139 914
f 2140 226 916
f 2141 2143 2142
f 2146 2145 2144
f 2145 227 1650
f 1648 160 2148
f 599 100 1500
f 750 599 1120
f 1120 1501 805
f 2264 10 2579
f 100 1499 525
f 1495 1497 107
f 1734 1010 1495
f 1496 2581 24
f 10 1485 398
f 2375 1077 2584
f 1092 613 779
f 608 132 1478
f 2507 2335 230
f 491 231 2152
f 781 1474 2587
f 2332 2790 923
f 2332 633 2790
f 2154 154 495
f 64 496 2156
f 1471 1473 803
f 496 233 2157
f 1337 101 1471
f 753 707 1115
f 153 2157 1630
f 2273 2588 2589
f 1466 1468 2592
f 1844 269 2591
f 867 359 1253
f 1253 1465 960
f 1465 359 961
f 670 2593 136
f 2330 152 499
f 2159 2160 926
f 2595 2594 2746
f 930 2535 500
f 2329 930 2782
f 978 2329 2782
f 2598 1254 2745
f 2745 1459 2596
f 1459 1454 308
f 931 1227 2162
f 671 2599 962
f 2781 234 2327
f 1460 609 42
f 934 501 235
f 1472 1452 43
f 308 1455 1116
f 2167 2536 1586
f 1232 2167 1586
f 2171 1579 1233
f 2172 942 2321
f 2321 942 2771
f 2177 511 239
f 2180 513 240
f 1502 1439 44
f 2181 1236 2182
f 2182 2553 627
f 725 1092 2203
f 2202 2600 140
f 1037 627 1420
f 2600 1437 2601
f 1036 2768 1558
f 969 548 1435
f 812 315 1548
f 1432 1435 2603
f 2560 668 515
f 1435 1434 1436
f 1428 1430 1034
f 1431 1429 1430
f 2191 517 242
f 2191 2190 143
f 2195 763 61
f 623 2762 2194
f 958 2317 2760
f 407 549 1035
f 1523 2315 2316
f 1523 2316 519
f 1260 606 971
f 2758 2315 1523
f 2313 620 2754
f 808 521 2200
f 521 243 2200
f 1423 1425 812
f 1425 306 315
f 1508 2311 2312
f 2987 1506 2988
f 2988 1506 801
f 2988 801 2946
f 1418 253 1421
f 1420 973 1037
f 2990 617 807
f 2990 807 2989
f 2176 2614 147
f 974 553 1416
f 2206 245 1493
f 1489 2310 529
f 102 2208 1489
f 2210 2209 531
f 1412 2618 2620
f 2212 248 534
f 2213 534 1250
f 1405 1264 1409
f 2215 2214 537
f 3025 254 2626
f 3025 2626 3019
f 2216 250 611
f 2217 611 135
f 978 1267 2629
f 2222 252 2601
f 2309 2605 2744
f 816 2161 1398
f 2225 970 2608
f 606 2228 2308
f 606 2308 971
f 606 86 2228
f 784 551 2231
f 1403 1263 1404
f 744 2633 1132
f 2636 34 320
f 2239 977 1265
f 785 1266 675
f 1266 554 555
f 675 555 2304
f 2734 2640 2641
f 2303 2554 255
f 676 557 80
f 773 1019 1394
f 2647 1393 2645
f 1646 2646 46
f 2646 1392 2647
f 2648 2243 559
f 819 1391 2648
f 2902 2300 2903
f 2248 2298 2297
f 3006 2298 3002
f 3005 2297 3004
f 2249 257 980
f 2649 603 2995
f 159 603 746
f 1270 2650 3021
f 100 571 2263
f 2264 2263 2262
f 1015 679 576
f 576 2268 2728
f 2273 101 579
f 1290 2274 1333
f 2342 2651 165
f 109 580 2276
f 2276 580 2694
f 108 581 2289
f 2276 2694 1322
f 998 999 581
f 1373 1376 166
f 1002 1298 1001
f 1299 2720 1004
f 1136 1373 166
f 983 1372 984
f 1370 1371 985
f 985 2653 328
f 2282 1007 2287
f 63 2287 2717
f 1276 1368 259
f 169 1367 749
f 2471 1366 50
f 1044 2655 570
f 2656 2730 1363
f 1009 2280 1300
f 986 2660 2259
f 2665 2662 171
f 1138 2665 171
f 1293 2275 2692
f 2274 1290 274
f 173 599 750
f 2456 2666 51
f 378 2270 2271
f 794 2268 679
f 2356 598 989
f 678 2671 1284
f 2266 386 2265
f 1760 2668 52
f 1281 278 2264
f 1275 2254 984
f 388 2249 2250
f 1048 2670 574
f 2670 1352 2671
f 391 2241 677
f 2728 1351 1350
f 1012 2238 2740
f 1262 1411 674
f 2226 396 2225
f 2224 397 2309
f 825 1346 2676
f 270 1258 66
f 308 2747 2596
f 296 1080 1141
f 3050 3056 1288
f 2684 2681 182
f 2681 2682 342
f 804 1491 2211
f 1142 2684 182
f 806 2206 2204
f 129 2203 2750
f 993 1339 1054
f 2724 2685 993
f 2685 2725 1339
f 826 2687 993
f 838 2178 1235
f 1335 1338 995
f 2880 762 2164
f 1230 2163 934
f 1336 1855 1335
f 2368 1333 994
f 1866 2690 56
f 2161 816 2160
f 1326 1882 996
f 1176 2693 1059
f 1323 1324 1294
f 1060 1321 2695
f 1319 1060 430
f 1317 999 998
f 820 323 2146
f 119 302 2795
f 324 1221 163
f 2138 914 2139
f 822 2137 2136
f 2698 582 350
f 829 1315 855
f 2699 2721 1315
f 1950 2842 2700
f 2842 195 2700
f 1147 2702 193
f 1083 2110 2111
f 1204 1206 2107
f 1148 592 1005
f 181 341 2821
f 111 295 2830
f 2718 1007 2705
f 1981 832 2707
f 189 347 2833
f 832 2044 2709
f 2709 2717 1307
f 197 585 356
f 859 2066 2065
f 198 2710 357
f 357 2711 20
f 1151 2712 198
f 587 2713 590
f 1303 1008 2713
f 434 587 1068
f 94 2057 2839
f 3139 352 3145
f 2047 203 2046
f 831 2047 2045
f 2399 354 2847
f 97 289 2044
f 843 2040 1159
f 2855 765 2041
f 16 1596 2714
f 589 1303 587
f 2713 2284 2715
f 264 584 2716
f 2707 2718 2708
f 2705 1007 2719
f 2025 833 2027
f 2700 2720 2702
f 1316 1001 582
f 724 435 1091
f 1320 1317 998
f 434 2854 2394
f 1324 2693 2694
f 1327 1292 996
f 2004 2005 85
f 2001 1067 2389
f 2690 1331 1330
f 1331 1291 1330
f 1334 26 1333
f 1338 579 1337
f 845 1994 1158
f 1065 2386 1983
f 1982 759 432
f 847 2846 1162
f 595 1341 1287
f 1971 848 2846
f 578 262 1342
f 1345 577 1344
f 79 1957 1961
f 1962 2407 1954
f 1164 853 441
f 1165 1941 1167
f 1359 1281 598
f 1359 755 1281
f 854 1947 443
f 1361 1084 2293
f 1362 986 2656
f 32 1916 2873
f 365 76 1364
f 570 260 1365
f 1368 2654 1277
f 1370 1276 1371
f 445 1062 2377
f 1910 1911 2377
f 795 1906 2730
f 1373 983 1273
f 860 1902 1901
f 2374 1899 1896
f 862 1890 1888
f 1177 2077 1879
f 1385 1086 562
f 1865 1029 112
f 428 2862 27
f 1389 560 1388
f 560 99 1388
f 1846 2365 363
f 658 681 1561
f 425 1071 1422
f 1806 1807 1803
f 455 1801 1802
f 558 121 604
f 1397 2737 556
f 457 1797 653
f 652 762 2880
f 651 356 2716
f 1398 2739 555
f 460 1786 1787
f 765 461 2852
f 648 765 2855
f 2816 647 885
f 2816 885 716
f 2961 887 1781
f 2961 1781 2977
f 1406 1407 1405
f 887 1780 1778
f 1409 1410 1408
f 2920 2977 1781
f 1772 577 1199
f 553 125 1417
f 1419 552 1418
f 1421 551 1023
f 1757 1028 792
f 1124 371 86
f 607 971 549
f 1751 1752 693
f 892 1746 2814
f 1747 892 2814
f 684 1736 1734
f 1732 1733 1744
f 548 128 1434
f 1713 1075 710
f 1452 546 1451
f 414 1070 2645
f 1454 542 1255
f 403 134 1458
f 1459 962 1454
f 1677 706 1025
f 1468 539 1467
f 539 136 1467
f 2797 225 1671
f 538 249 1471
f 537 137 1472
f 2695 1027 1668
f 286 1476 1475
f 1486 1249 1484
f 1488 531 1487
f 531 138 1487
f 379 102 1489
f 529 139 614
f 1010 245 1495
f 1500 525 1501
f 525 244 1501
f 524 140 1502
f 285 1505 1504
f 522 88 1510
f 1516 1518 1515
f 1244 2759 621
f 1529 518 1528
f 408 142 624
f 2566 517 2763
f 395 1241 625
f 516 1240 1537
f 1539 1541 1538
f 1541 1260 1538
f 1541 950 949
f 494 2789 2516
f 632 2513 2789
f 744 1638 1637
f 1552 1553 1551
f 1557 514 1556
f 1237 1236 1561
f 1567 513 736
f 513 1038 736
f 1571 511 1570
f 394 1235 629
f 512 239 630
f 511 147 1570
f 926 2160 1628
f 1580 1581 1579
f 929 2528 1619
f 1588 508 1587
f 1611 721 1610
f 935 1606 1231
f 506 504 1597
f 1605 1606 1604
f 503 1231 1601
f 1606 1039 1604
f 1606 935 2325
f 1613 501 1612
f 502 235 1609
f 501 151 1612
f 2325 1128 1595
f 1592 1024 785
f 2629 1024 1593
f 1587 940 1589
f 2535 508 2784
f 1582 941 1584
f 105 510 2719
f 942 1576 2771
f 847 1576 1577
f 1110 629 800
f 1561 681 1562
f 1038 2552 1560
f 628 1237 943
f 1624 499 1623
f 1420 1125 45
f 2554 514 2738
f 2524 926 1625
f 1555 698 2561
f 946 1552 1551
f 64 1553 2787
f 1558 1072 2632
f 2560 515 2767
f 950 1541 1240
f 143 518 2763
f 407 1123 732
f 1527 622 954
f 23 1517 1512
f 89 1503 1505
f 3123 3129 1637
f 494 79 632
f 615 806 2204
f 1486 1014 2584
f 2908 2792 637
f 389 1224 638
f 488 229 1645
f 1647 487 1646
f 2209 1480 1479
f 534 1479 1480
f 1476 1021 781
f 400 1113 705
f 1094 727 1474
f 1462 541 1463
f 3049 3054 2746
f 1255 963 1455
f 402 1114 42
f 2214 1450 1449
f 307 1447 1448
f 1446 966 1445
f 1431 970 2225
f 1134 820 1650
f 151 1404 1407
f 2326 1129 1404
f 1076 821 914
f 2289 381 1667
f 381 107 1667
f 1671 1043 1669
f 1675 1219 1673
f 558 2736 2639
f 158 559 1392
f 482 165 1678
f 1390 1270 2298
f 2482 413 2800
f 1684 481 1683
f 2481 1722 2801
f 1694 1137 168
f 222 2131 1693
f 2242 1685 2802
f 1022 480 2803
f 1382 1383 1669
f 417 415 1698
f 415 169 1698
f 3081 2477 2478
f 3081 2478 3092
f 3103 1215 3093
f 1700 416 1699
f 416 170 1699
f 1382 564 1383
f 1378 1379 1678
f 1378 567 1379
f 259 568 1371
f 1710 1712 1709
f 2715 1711 2808
f 1715 1138 171
f 2656 1363 987
f 1717 1211 219
f 476 74 1719
f 2193 418 2810
f 571 1280 989
f 2227 387 1724
f 1727 1728 1726
f 419 173 643
f 475 1209 1731
f 1139 755 1359
f 1357 1358 717
f 1046 2669 1356
f 572 2668 1356
f 474 218 1740
f 1743 473 1744
f 473 175 1744
f 1354 597 716
f 1747 2355 2356
f 2453 177 2109
f 1103 1758 1206
f 1028 1205 1759
f 2673 576 2674
f 578 1053 2092
f 2437 1053 1343
f 1337 707 995
f 1334 1333 2368
f 1768 1200 2102
f 1774 1775 1773
f 1775 1048 1773
f 1775 1198 1048
f 3051 1331 1057
f 3051 1057 3063
f 1332 1330 2723
f 1292 2275 1329
f 996 1329 1328
f 1907 1324 1323
f 1929 1317 1320
f 1927 1320 1319
f 2061 1318 1317
f 213 2819 650
f 1791 1195 211
f 458 72 1793
f 583 1301 1006
f 209 880 654
f 422 180 655
f 1804 1193 1803
f 1310 1149 1530
f 2383 431 1309
f 1813 1052 1811
f 1815 793 1814
f 586 1304 1305
f 3044 761 3039
f 1011 1822 1190
f 590 2715 710
f 1069 589 2394
f 2429 1017 1829
f 1097 1821 2827
f 1023 1834 2828
f 1839 1186 1838
f 1843 1185 1840
f 363 426 1845
f 426 185 1845
f 1848 1849 1847
f 1849 1184 1847
f 1849 1183 1846
f 1180 1055 1855
f 1304 264 1306
f 427 186 1857
f 1862 452 865
f 452 208 865
f 1300 2703 764
f 1863 1864 1862
f 1864 1056 1862
f 1297 1318 1733
f 429 188 1868
f 1877 451 1870
f 451 207 1870
f 1875 1876 1874
f 1876 1177 1874
f 1876 1873 1177
f 1879 190 1877
f 1287 1341 770
f 449 1058 1882
f 1280 1360 989
f 1889 1891 1888
f 1898 1899 1897
f 446 191 661
f 1905 1906 1904
f 118 1384 2249
f 1910 430 859
f 430 1175 859
f 1031 1390 979
f 445 1174 1912
f 366 1916 1915
f 1916 1173 1915
f 1916 32 828
f 1922 1062 1920
f 2241 120 2640
f 1024 1267 785
f 2630 554 1267
f 95 2609 2308
f 779 1259 1437
f 967 1446 1442
f 131 1448 2221
f 1934 1168 2379
f 2412 2059 1935
f 1166 1167 1937
f 1940 1941 1939
f 1942 1944 1943
f 90 1457 2218
f 442 1225 1948
f 1464 2216 1021
f 3149 1164 3140
f 1249 1486 2585
f 2404 2051 2844
f 376 98 2403
f 1964 440 1963
f 440 204 1963
f 1967 204 1966
f 246 2580 527
f 1246 1518 956
f 1244 1525 519
f 2195 61 1532
f 146 1564 1569
f 1982 432 2850
f 240 1566 1563
f 1065 1983 2851
f 2398 2041 2852
f 2173 433 1988
f 433 1159 1988
f 1993 1994 1992
f 1994 1065 1992
f 1994 845 2386
f 1998 2000 1997
f 2000 1066 1999
f 2000 844 2387
f 1067 2001 2853
f 1233 1581 791
f 2854 434 2009
f 2175 82 2547
f 435 199 662
f 438 1155 2015
f 2017 1155 2016
f 1155 1156 2016
f 1232 1586 1593
f 2168 81 2537
f 2022 1153 2391
f 780 437 2023
f 2026 374 2025
f 307 2029 2028
f 493 155 2509
f 2009 1068 2035
f 439 357 2037
f 2040 843 759
f 2385 356 2855
f 2384 1575 2048
f 2382 1952 2050
f 2382 849 758
f 2380 1312 2856
f 2056 351 2055
f 2062 291 2061
f 2064 756 2063
f 2494 226 1661
f 349 58 2068
f 1220 1665 913
f 164 1672 1379
f 1219 1675 2488
f 1218 2489 2493
f 347 57 2075
f 2083 295 2082
f 295 26 2082
f 2085 344 2084
f 104 1712 1797
f 2096 340 2095
f 176 1748 2668
f 1206 1758 2592
f 177 2453 420
f 1200 1768 2452
f 1197 1777 823
f 2102 298 2101
f 2104 335 2103
f 110 1787 383
f 2109 334 2108
f 212 1788 1786
f 2113 333 2114
f 179 1796 1801
f 209 1802 1799
f 331 1085 2119
f 1053 1817 2092
f 328 31 2129
f 2344 2872 2486
f 1056 1864 2371
f 190 1879 2077
f 2135 326 2134
f 2137 294 2136
f 997 1894 1323
f 2142 302 2141
f 2148 322 2147
f 322 19 2147
f 1062 1922 2377
f 1163 67 2406
f 1224 2405 719
f 3107 321 3094
f 96 1996 1565
f 1067 2008 2389
f 1151 198 2002
f 2157 2158 2156
f 92 2019 1603
f 667 318 410
f 2971 2031 2976
f 18 2039 1568
f 2324 933 2532
f 23 2378 350
f 1076 2066 2695
f 2169 1413 721
f 2173 317 37
f 2174 317 2173
f 2070 348 1077
f 2177 2178 2176
f 2178 838 1126
f 2180 316 2179
f 754 2074 1850
f 2188 314 2187
f 1241 834 1124
f 2191 2192 2190
f 2194 1035 2193
f 331 718 1085
f 30 2125 299
f 48 2139 325
f 2203 129 725
f 2205 313 2204
f 2210 2211 2209
f 2211 1491 2583
f 2645 1070 2151
f 1072 2158 2632
f 2538 2539 2224
f 2575 702 2226
f 2228 284 2227
f 2563 700 2230
f 2556 2557 2233
f 1403 2235 2234
f 2237 2238 2236
f 675 2304 7
f 1427 2193 1035
f 1013 701 2240
f 1019 13 677
f 1269 2244 2242
f 40 2213 1447
f 2246 271 2245
f 562 2295 2890
f 2462 689 1275
f 15 2223 1481
f 1015 690 679
f 1795 692 2258
f 273 11 2266
f 1002 266 2278
f 275 691 2272
f 2288 1531 2894
f 4 2277 1736
f 2286 1562 2895
f 3 2280 1009
f 2714 2285 2283
f 1 2285 1598
f 2287 682 2282
f 3 2508 2280
f 2277 4 2289
f 670 312 43
f 670 43 405
f 1101 378 2271
f 2267 385 678
f 11 386 2266
f 2415 2892 76
f 2255 1277 2891
f 1106 388 2250
f 697 2248 2297
f 1111 396 2226
f 2224 1112 397
f 15 399 2223
f 270 5 673
f 2220 1113 401
f 669 2207 1093
f 669 1093 373
f 2197 2317 722
f 2197 722 2196
f 2311 1091 372
f 728 2886 1033
f 729 2198 2315
f 1124 409 1241
f 668 315 38
f 668 38 370
f 2183 2184 1036
f 2183 1036 734
f 2167 1232 739
f 2167 739 2166
f 1037 2181 2182
f 2882 2172 2321
f 2323 2622 2623
f 2323 2623 2880
f 741 2879 1229
f 741 1229 2627
f 2878 2329 978
f 2878 978 2629
f 1228 2628 742
f 1228 742 2162
f 2875 2334 2510
f 2875 2510 2511
f 2874 2337 159
f 2874 159 746
f 1041 747 2149
f 1041 2149 3144
f 2346 896 2461
f 2346 2461 2871
f 324 367 666
f 48 412 2139
f 2873 366 2132
f 2128 1216 748
f 2128 748 2127
f 665 329 50
f 665 50 417
f 2122 104 709
f 2122 709 2121
f 30 2655 2125
f 1724 901 2467
f 1724 2467 2867
f 2672 2866 2360
f 2672 2360 1050
f 2867 2117 1724
f 2099 460 110
f 2099 110 713
f 28 364 2098
f 28 2098 337
f 2089 183 2861
f 2089 2861 2088
f 362 663 345
f 362 345 25
f 2860 363 2087
f 753 359 664
f 757 2857 2059
f 757 2059 1063
f 2049 98 1149
f 2049 1149 431
f 2033 287 16
f 2033 16 436
f 2388 837 760
f 2388 760 2036
f 199 2394 2854
f 2982 2937 1095
f 2011 2012 1156
f 2011 1156 836
f 201 2024 1020
f 1987 2398 2852
f 1987 2852 1986
f 1984 1985 1065
f 1984 1065 2851
f 1978 1979 1098
f 1978 1098 97
f 1980 1160 2849
f 1973 1974 1161
f 1973 1161 2848
f 2843 1952 1148
f 2843 1148 1005
f 2844 1962 2404
f 1950 1951 1164
f 1950 1164 2842
f 3151 786 1949
f 3151 1949 3152
f 2411 2840 2408
f 2411 2408 798
f 2838 2413 2697
f 2838 2697 2698
f 1925 1926 1171
f 1925 1171 857
f 1174 858 1914
f 2416 93 2067
f 2417 827 1900
f 1083 2835 1884
f 794 863 2834
f 794 2834 1349
f 2419 788 1880
f 1057 2690 1867
f 2424 2832 2423
f 2424 2423 1179
f 1853 1854 1181
f 1853 1181 866
f 2369 2831 208
f 1837 2428 2829
f 1837 2829 1836
f 1185 867 1844
f 453 1187 2826
f 453 2826 1833
f 453 658 1832
f 453 1832 1187
f 1826 1143 826
f 1826 826 1825
f 657 425 1188
f 1189 1827 1828
f 1819 2434 874
f 1819 874 1818
f 424 183 656
f 877 1808 1809
f 877 1809 72
f 2438 114 876
f 1805 1806 1193
f 1805 1193 879
f 364 28 2821
f 457 210 2820
f 457 2820 1798
f 1802 209 455
f 457 653 456
f 457 456 210
f 213 462 649
f 213 649 461
f 1796 179 652
f 1784 2447 824
f 1784 824 1783
f 2817 1785 2446
f 1779 73 886
f 1779 886 1778
f 645 469 216
f 645 216 470
f 1202 888 1765
f 2450 178 1764
f 2459 2814 2457
f 2459 2457 117
f 176 472 1748
f 1045 2666 1747
f 174 1738 1739
f 174 1739 1085
f 1745 2458 2813
f 1730 2460 2812
f 1730 2812 1729
f 1708 835 900
f 1708 900 1707
f 75 279 642
f 75 642 478
f 1703 1213 220
f 1703 220 479
f 695 796 2805
f 695 2805 2474
f 1687 223 906
f 1687 906 1686
f 909 2483 911
f 640 1672 164
f 1654 1655 1031
f 1654 1031 2796
f 226 485 1661
f 1649 47 160
f 1649 160 1648
f 2910 2641 2907
f 2788 2514 745
f 2788 745 2637
f 492 231 636
f 2516 2789 155
f 1633 1634 2517
f 1633 2517 232
f 817 1632 3135
f 498 2519 2787
f 14 799 2785
f 14 2785 2525
f 1622 1615 1226
f 1622 1226 928
f 815 1620 1621
f 815 1621 1131
f 1616 1227 931
f 1616 931 1615
f 506 631 505
f 506 505 236
f 2781 1614 2531
f 1597 504 60
f 2625 2780 1128
f 2625 1128 2624
f 2775 2540 150
f 2775 150 2543
f 2542 1127 2620
f 2542 2620 2774
f 2770 2548 148
f 2770 148 2551
f 1572 1573 2550
f 1572 2550 813
f 1556 241 944
f 1556 944 1559
f 1561 1236 62
f 1420 627 1125
f 282 1550 515
f 282 515 84
f 1558 2768 1072
f 2558 145 2560
f 2558 2560 2767
f 2764 2564 144
f 2764 144 2565
f 2558 2767 1549
f 812 1548 2559
f 2764 1544 2564
f 2569 2568 2760
f 2569 2760 1526
f 407 2762 1123
f 1523 1524 19
f 1523 19 2758
f 1527 2758 19
f 2756 2759 811
f 2756 811 955
f 1521 1122 810
f 1521 810 1520
f 1519 1515 1246
f 1519 1246 2755
f 2752 2578 1121
f 2752 1121 2603
f 2576 959 1509
f 399 15 801
f 399 801 1506
f 2752 1508 2578
f 2751 1507 1032
f 1498 1499 2579
f 1498 2579 2750
f 1496 1497 245
f 1496 245 2749
f 1493 1494 1120
f 1493 1120 805
f 285 616 526
f 285 526 89
f 615 406 1248
f 615 1248 528
f 246 2582 2580
f 613 532 248
f 613 248 533
f 536 1478 535
f 536 535 2916
f 1250 534 1480
f 2588 12 2596
f 2588 2596 2747
f 960 1466 269
f 960 269 1253
f 803 961 359
f 803 359 1115
f 612 1464 1021
f 612 1021 286
f 1462 540 250
f 1462 250 541
f 2598 2745 2831
f 2598 2831 2597
f 2599 402 133
f 2599 133 543
f 545 132 608
f 1451 546 251
f 1432 1433 2602
f 1432 2602 969
f 1448 131 307
f 2541 2744 2604
f 2541 2604 740
f 2577 2743 2607
f 2577 2607 1090
f 2606 970 1428
f 306 1425 550
f 306 550 126
f 1423 1424 1261
f 1423 1261 972
f 778 2742 2611
f 778 2611 733
f 1401 1265 977
f 1401 977 1400
f 2616 974 1415
f 2619 975 1412
f 2626 976 1402
f 2573 2735 2638
f 2573 2638 21
f 556 255 2738
f 2639 2736 156
f 2792 2644 2734
f 773 1394 2642
f 301 601 1384
f 301 1384 118
f 1382 563 257
f 1382 257 564
f 600 565 2991
f 1378 566 258
f 1378 258 567
f 982 1375 1376
f 982 1376 1273
f 983 1373 1374
f 983 1374 1274
f 596 574 261
f 596 261 575
f 2463 2464 2652
f 1367 569 1025
f 2260 2730 2656
f 2657 986 1362
f 571 100 599
f 1282 572 1356
f 2728 1347 1348
f 2728 1348 1051
f 339 1285 2726
f 339 2726 1346
f 1078 768 2673
f 2673 1015 576
f 2679 2726 1285
f 1003 1313 1314
f 1003 1314 1299
f 580 109 594
f 582 1298 2722
f 591 1306 264
f 591 264 585
f 585 197 432
f 585 432 591
f 589 587 434
f 589 434 2394
f 1068 590 710
f 761 2712 1151
f 759 1999 591
f 759 591 432
f 591 1999 1066
f 591 1066 1306
f 2522 2709 2044
f 2522 2044 289
f 2716 356 585
f 2708 2718 2705
f 2708 2705 1308
f 353 1308 2706
f 592 1966 1064
f 592 1064 1311
f 352 1950 2701
f 352 2701 1147
f 1301 583 593
f 2052 2703 2704
f 2503 2703 290
f 2702 2720 1299
f 2702 1299 1314
f 2699 2057 2527
f 2699 2527 2529
f 1927 1319 430
f 1927 430 756
f 1943 1316 2697
f 855 1316 1943
f 1317 1929 2061
f 58 1907 1323
f 594 712 348
f 594 348 997
f 1294 580 594
f 188 429 1326
f 188 1326 996
f 1326 429 57
f 1326 57 1882
f 186 1330 1332
f 186 1332 345
f 1057 1331 2690
f 2367 2858 2688
f 2367 2688 2689
f 55 1855 1336
f 2688 2858 1823
f 2688 1823 1079
f 2829 2367 2689
f 2687 1143 343
f 2687 343 1836
f 2686 2724 2687
f 2686 2687 1836
f 2829 2689 2686
f 752 2684 1142
f 752 2825 2683
f 752 1142 2861
f 262 578 595
f 262 595 992
f 422 1343 1345
f 422 1345 180
f 2092 595 578
f 1141 1341 595
f 1343 422 54
f 1343 54 2437
f 2677 2678 2097
f 2677 2097 2863
f 1345 340 180
f 1285 880 2097
f 1285 2097 2678
f 2677 2863 297
f 2677 297 1081
f 2676 715 28
f 2676 28 337
f 2441 1346 825
f 339 880 1285
f 2726 2679 2292
f 2726 2292 2675
f 2675 2676 1346
f 2447 1348 1347
f 2447 1347 824
f 576 2728 2674
f 2673 2674 2099
f 459 2099 2674
f 1078 2673 713
f 824 1347 1350
f 824 1350 1050
f 2447 1789 1348
f 596 1773 1048
f 596 1048 574
f 53 1773 1353
f 575 261 573
f 575 573 597
f 1361 1279 2812
f 1361 2812 2117
f 2668 572 176
f 1139 1359 598
f 1045 1360 2666
f 1280 571 599
f 2117 2867 1084
f 2117 1084 1361
f 2664 1138 332
f 2664 332 1729
f 2664 2665 1138
f 2663 2664 1729
f 1362 2658 1714
f 1362 1714 2809
f 2812 1279 2663
f 718 331 2662
f 2442 2659 709
f 2654 2870 300
f 2654 300 2485
f 2657 1362 2809
f 1363 330 987
f 2260 2656 986
f 30 365 2655
f 1369 1368 1276
f 168 1137 1370
f 168 1370 985
f 2654 1369 2870
f 1137 748 1697
f 1137 1697 1370
f 1697 2804 1370
f 2653 985 1371
f 2653 1371 2731
f 2804 1276 1370
f 2871 2461 2463
f 2871 2463 2652
f 2131 2871 1372
f 2131 1372 1274
f 1374 1136 2872
f 1374 2872 1691
f 2652 1372 2871
f 1374 1373 1136
f 258 566 2651
f 258 2651 981
f 1379 567 164
f 164 567 600
f 567 258 565
f 567 565 600
f 563 1380 980
f 563 980 257
f 163 564 601
f 163 601 324
f 822 1380 563
f 1383 564 163
f 48 1669 1383
f 601 301 324
f 564 257 1384
f 564 1384 601
f 562 256 561
f 562 561 1385
f 2141 302 1086
f 2141 1086 1385
f 47 1387 1389
f 47 1389 160
f 1387 1656 1658
f 1387 1658 561
f 1041 2650 602
f 1041 602 747
f 1389 322 160
f 1390 602 1270
f 2905 2906 2733
f 2995 603 159
f 2642 1394 2644
f 2642 2644 2643
f 819 2648 559
f 819 559 158
f 2336 2875 2642
f 2336 2642 2643
f 2875 2511 2512
f 2875 2512 2642
f 2639 818 2638
f 2639 2638 2735
f 2734 2641 2504
f 720 33 1395
f 2637 745 1396
f 2637 1396 2736
f 156 818 2639
f 745 1642 1396
f 1637 1397 744
f 1132 319 744
f 1040 1397 1637
f 2738 2632 556
f 2632 153 556
f 3003 3001 1265
f 3003 1265 1401
f 1398 555 554
f 816 1398 554
f 2631 1398 2161
f 2628 1400 742
f 1402 741 2627
f 2624 1406 1405
f 2624 1405 2625
f 1404 151 2326
f 2532 1612 1406
f 2532 1406 2624
f 2622 1409 1408
f 2622 1408 2623
f 2625 1405 1409
f 2625 1409 2622
f 1127 2619 1412
f 1127 1412 2620
f 814 1411 975
f 814 2881 2621
f 2617 974 149
f 2617 149 1414
f 1127 2779 2619
f 1414 2741 2617
f 813 1415 1417
f 813 1417 317
f 738 2616 1415
f 1415 813 738
f 1417 37 317
f 605 2176 1126
f 605 1126 369
f 2612 2611 2742
f 2612 2742 2613
f 1261 2612 2613
f 1261 2613 972
f 2612 2320 2883
f 2612 2883 2611
f 944 2320 2612
f 944 2612 1261
f 1559 944 1261
f 1559 1261 1424
f 1424 2610 1559
f 2607 2743 2608
f 2607 2608 141
f 1124 606 409
f 732 607 407
f 2308 2609 971
f 549 971 2609
f 810 1122 730
f 810 730 1428
f 2608 970 141
f 2607 141 2196
f 1090 2607 722
f 730 2606 1428
f 2605 809 2604
f 2605 2604 2744
f 730 2761 2606
f 728 1519 1433
f 728 1433 1121
f 1519 2755 2602
f 1519 2602 1433
f 139 2310 1442
f 1447 307 40
f 251 546 1449
f 251 1449 965
f 1449 546 137
f 1449 137 2214
f 1451 251 545
f 1451 545 608
f 133 402 609
f 133 609 544
f 41 310 610
f 41 610 309
f 133 544 610
f 133 610 310
f 362 1458 2598
f 362 2598 2597
f 402 2599 1114
f 2745 2596 12
f 2745 12 2831
f 134 403 2595
f 134 2595 1461
f 2369 2597 2831
f 2596 1459 308
f 2595 1332 2723
f 2595 2723 2594
f 405 43 404
f 405 404 611
f 1461 311 134
f 11 273 612
f 11 612 286
f 541 69 1463
f 69 541 612
f 69 612 273
f 541 250 1464
f 541 1464 612
f 269 1466 2592
f 269 2592 2591
f 1467 2590 1469
f 1467 1469 1468
f 803 1115 1471
f 132 401 1477
f 132 1477 535
f 286 1475 2837
f 286 2837 11
f 1021 1476 286
f 248 532 1479
f 248 1479 534
f 1479 532 138
f 1479 138 2209
f 613 1487 138
f 613 138 532
f 779 613 533
f 725 129 1488
f 725 1488 1487
f 1481 704 15
f 2585 2584 1483
f 1117 712 1490
f 1117 1490 804
f 2 379 382
f 614 1490 247
f 614 247 529
f 614 2583 1491
f 527 615 528
f 527 528 246
f 615 2204 44
f 615 44 406
f 615 527 806
f 2582 246 526
f 2582 526 616
f 2580 2581 1496
f 1010 894 2115
f 1010 2115 1494
f 2115 750 1120
f 2115 1120 1494
f 4 684 1495
f 4 1495 381
f 313 805 1501
f 313 1501 1502
f 2264 2579 1499
f 2578 2886 728
f 2578 728 1121
f 1504 377 703
f 399 523 130
f 1507 807 726
f 2984 2963 1507
f 808 2886 2578
f 1090 2576 1509
f 1090 1509 2577
f 1511 2575 2577
f 1511 2577 1509
f 1090 2753 2576
f 618 2060 23
f 618 23 1512
f 2574 618 1247
f 2574 1247 2379
f 728 1033 1515
f 728 1515 1519
f 1934 1247 619
f 2198 729 1122
f 2198 1122 1521
f 1246 956 957
f 811 2198 1521
f 2756 2573 21
f 2756 21 2759
f 99 2569 1526
f 99 1526 953
f 1244 519 2316
f 408 624 2314
f 408 2314 2884
f 1527 19 1388
f 953 1243 2567
f 622 953 2567
f 1533 2191 242
f 87 2314 1533
f 951 98 376
f 951 376 1534
f 516 127 396
f 516 396 625
f 701 1534 376
f 395 625 396
f 395 396 1111
f 408 1537 1539
f 408 1539 142
f 723 1537 408
f 1542 2565 1543
f 1544 778 733
f 733 2766 2564
f 1546 947 1239
f 2559 1548 2560
f 2559 2560 145
f 711 735 1549
f 711 1549 766
f 2183 2559 145
f 734 2610 2559
f 1036 1556 1559
f 1036 1559 734
f 735 2769 2558
f 1549 1550 2556
f 1551 945 1238
f 358 18 736
f 358 736 628
f 628 736 1038
f 628 1038 1560
f 239 512 629
f 239 629 2177
f 1563 2180 240
f 84 370 1563
f 370 38 1564
f 1567 96 1565
f 282 84 1566
f 736 18 1568
f 126 800 629
f 126 629 512
f 512 630 306
f 512 306 126
f 1569 1571 146
f 38 306 1569
f 2172 2882 2550
f 2172 2550 1573
f 1572 2551 1573
f 2551 148 1573
f 737 2548 2770
f 737 2770 2549
f 2542 2774 2543
f 2542 2543 150
f 737 2549 776
f 2546 1577 1578
f 1234 1576 942
f 740 2540 2775
f 740 2775 2541
f 2166 2542 150
f 1127 2542 739
f 2541 2775 2537
f 2541 2537 2538
f 740 2776 2540
f 2537 2539 2538
f 505 1595 937
f 505 937 236
f 631 1604 1039
f 631 1039 505
f 1595 505 2325
f 16 1604 1596
f 81 777 1599
f 81 1599 503
f 1597 1 1598
f 235 502 1607
f 235 1607 934
f 1603 1605 92
f 1607 502 124
f 1607 124 393
f 2532 933 1613
f 2532 1613 1612
f 393 2887 1608
f 932 2531 1614
f 2994 3016 1617
f 2994 1617 271
f 1617 1615 271
f 2527 1623 1618
f 2527 1618 2529
f 2530 2330 410
f 410 318 1130
f 1620 928 1226
f 1620 1226 1621
f 152 1618 1623
f 1619 266 929
f 1226 931 2162
f 1226 2162 1621
f 1621 2162 742
f 1621 742 1131
f 2525 2526 2239
f 2525 2239 2888
f 1615 1096 271
f 1623 2527 1624
f 94 1624 2527
f 1131 742 1400
f 1131 1400 1625
f 1625 1400 977
f 1625 977 2524
f 2526 2524 977
f 318 815 927
f 318 927 1627
f 1629 2238 1012
f 682 63 498
f 682 498 2520
f 1635 2521 2522
f 2522 289 1635
f 2787 2520 498
f 2238 1629 1634
f 2238 1634 1098
f 2155 232 2518
f 3126 2518 3125
f 97 1633 1635
f 97 1635 289
f 2517 1634 2786
f 2788 2516 2515
f 2788 2515 2514
f 2333 2877 2514
f 2333 2514 2515
f 2512 1639 2789
f 2512 2789 2513
f 2511 1640 1639
f 2511 1639 2512
f 2512 2513 773
f 1948 634 390
f 1948 390 8
f 1225 633 924
f 2510 2509 1640
f 2510 1640 2511
f 2508 3 380
f 2508 380 635
f 2509 2510 634
f 634 2791 2509
f 1313 1003 492
f 1313 492 636
f 33 411 3079
f 488 638 922
f 488 922 229
f 120 391 638
f 120 638 488
f 389 638 391
f 389 391 13
f 157 411 1645
f 157 1645 1647
f 33 720 1645
f 33 1645 411
f 639 697 78
f 2502 2503 2498
f 2502 2498 1653
f 2146 47 1649
f 920 2149 1651
f 920 1651 1222
f 919 2794 2500
f 1651 2149 747
f 1651 747 1134
f 920 1222 1652
f 920 1652 3142
f 3142 1652 2499
f 1654 820 1134
f 1654 1134 1655
f 697 1107 2495
f 747 602 1655
f 747 1655 1134
f 2493 2492 272
f 2493 272 1220
f 979 2496 1031
f 1031 1655 602
f 916 226 2494
f 640 2134 49
f 640 49 1672
f 858 1665 272
f 2489 2892 2415
f 2489 2415 2492
f 1676 2489 1218
f 912 1217 1676
f 1677 2488 706
f 223 481 1682
f 223 1682 908
f 2486 2798 2487
f 2872 1136 2486
f 2484 2799 2485
f 2484 2485 1686
f 300 1686 2485
f 906 2487 2484
f 67 2381 1682
f 67 1682 481
f 907 1683 1687
f 1688 905 222
f 708 593 1690
f 2127 748 1137
f 2127 1137 1695
f 414 641 1070
f 783 2242 2802
f 783 2802 2480
f 417 1698 2478
f 417 2478 2477
f 1696 904 414
f 1696 414 2645
f 50 415 417
f 2476 2475 2474
f 2476 2474 2805
f 2294 2891 2474
f 2294 2474 2475
f 1213 2469 2124
f 1213 2124 220
f 1701 2806 2473
f 2731 2472 1701
f 2353 2869 2468
f 2353 2468 2469
f 2468 2869 1714
f 2468 1714 2658
f 479 220 478
f 479 478 642
f 1703 1084 2467
f 1213 1703 2807
f 901 2466 2807
f 901 2807 2467
f 1708 387 6
f 2463 1718 1717
f 2463 1717 2464
f 901 1707 2466
f 900 1212 2466
f 1716 1715 1211
f 2118 2868 1716
f 1716 1211 2118
f 1138 1716 2868
f 2461 2811 1718
f 2461 1718 2463
f 2464 1717 1720
f 2464 1720 2462
f 1211 1718 2811
f 1719 2462 1720
f 896 1210 2811
f 896 2811 2461
f 1726 1728 2460
f 1726 2460 1730
f 1427 1726 418
f 475 175 2114
f 475 2114 643
f 643 2114 51
f 643 51 419
f 291 1924 893
f 291 893 1744
f 684 4 1736
f 217 471 2455
f 217 2455 472
f 1745 2813 2459
f 1745 2261 2893
f 2893 2458 1745
f 1746 892 174
f 892 333 174
f 1105 276 1871
f 1105 1871 1754
f 1750 2454 1756
f 177 1759 1760
f 177 1760 334
f 1756 298 2452
f 1759 714 1028
f 216 469 644
f 216 644 889
f 644 2103 53
f 644 53 1763
f 644 469 2358
f 66 360 645
f 66 645 470
f 66 470 646
f 66 646 270
f 1047 469 645
f 646 5 270
f 470 216 468
f 470 468 646
f 1202 2451 1764
f 1202 1764 888
f 879 2095 2451
f 879 2451 1202
f 2095 2450 2451
f 2 686 1765
f 2 1765 379
f 1805 879 1202
f 1805 1202 1765
f 1766 1047 292
f 1101 1768 378
f 1771 1774 178
f 1344 1770 2680
f 1774 335 178
f 886 73 771
f 886 771 1776
f 771 1082 1776
f 91 374 1780
f 91 1780 887
f 5 646 1780
f 5 1780 374
f 1784 1196 2819
f 1784 2819 2361
f 73 1779 646
f 2815 2449 385
f 385 466 115
f 115 1782 597
f 1784 1783 1196
f 213 461 648
f 213 648 463
f 2447 1784 2865
f 751 1785 1081
f 2819 1196 2446
f 650 2819 2446
f 2445 2818 277
f 2445 277 1785
f 384 649 462
f 384 462 113
f 648 461 765
f 2855 421 648
f 2235 1986 649
f 2235 649 384
f 1986 2852 461
f 1986 461 649
f 113 462 650
f 113 650 297
f 1195 2444 884
f 1195 884 211
f 1786 460 212
f 651 421 356
f 1788 651 2716
f 2362 2864 2443
f 2362 2443 2444
f 2444 1195 2820
f 2444 2820 2362
f 1798 2820 1195
f 1798 1195 1792
f 1792 1791 2442
f 1792 2442 1798
f 882 210 456
f 882 456 652
f 60 762 652
f 60 652 456
f 1597 60 456
f 1597 456 653
f 1796 652 2880
f 457 104 1797
f 104 457 1798
f 104 1798 709
f 655 2093 54
f 655 54 422
f 1801 455 179
f 2 265 1807
f 2 1807 686
f 265 1295 1803
f 265 1803 1807
f 876 114 1815
f 876 1815 1814
f 1810 1812 93
f 1812 288 93
f 424 656 2037
f 424 2037 20
f 1816 876 1817
f 2436 874 2434
f 2435 2436 2088
f 2434 2088 2436
f 1819 1818 1079
f 1823 2824 1819
f 1819 1079 1823
f 2434 1819 2824
f 2433 275 1818
f 768 1078 1828
f 768 1828 1827
f 1826 1825 1189
f 2086 2859 1826
f 1826 1189 2086
f 2859 1143 1826
f 713 1833 1828
f 713 1828 1078
f 1833 2826 1189
f 1833 1189 1828
f 690 1015 1830
f 690 1830 1829
f 768 1827 1830
f 768 1830 1015
f 1827 1189 2429
f 1827 2429 1830
f 2181 1071 425
f 2181 425 657
f 383 658 453
f 383 453 110
f 1561 62 1832
f 1561 1832 658
f 658 383 681
f 713 110 453
f 713 453 1833
f 1848 1847 788
f 1848 788 1100
f 1422 1835 425
f 2428 1837 2828
f 2427 1838 868
f 1100 690 1829
f 1100 1829 1848
f 185 1853 1856
f 185 1856 344
f 1850 788 1847
f 2725 2291 1181
f 1181 1854 2725
f 2425 2080 56
f 2425 56 427
f 659 274 1290
f 659 1290 865
f 2424 1179 1860
f 2424 1860 1859
f 2823 2090 1179
f 2823 1179 2423
f 1861 1863 111
f 1178 2422 2421
f 1178 2421 1029
f 1863 295 111
f 187 2422 1866
f 187 1866 346
f 1869 451 190
f 1878 1877 296
f 1880 794 2419
f 1100 2419 690
f 1881 1883 189
f 1883 347 189
f 661 1901 205
f 661 205 446
f 1083 2418 2110
f 1887 1030 1886
f 2836 448 1887
f 1893 1892 1894
f 330 1144 2417
f 2123 330 2417
f 1915 1919 1172
f 1915 1172 366
f 76 1914 2415
f 828 32 1926
f 828 1926 1925
f 1917 796 695
f 1375 982 1171
f 1375 1171 1926
f 1928 1927 756
f 1928 756 1061
f 1061 828 1925
f 1061 1925 1928
f 2413 2414 1165
f 2413 1165 2857
f 2857 757 2697
f 2857 2697 2413
f 302 1939 1932
f 302 1932 1086
f 1932 1939 1941
f 1932 1941 444
f 921 2339 1936
f 921 1936 1166
f 1936 1935 1166
f 2874 746 2409
f 2874 2409 2412
f 697 639 1938
f 697 1938 1107
f 2874 2412 1936
f 1938 639 921
f 1938 921 1166
f 798 2410 2839
f 798 2839 2411
f 1946 2054 352
f 1946 352 1147
f 798 2245 2410
f 271 1096 2410
f 2408 2409 603
f 603 2732 2408
f 1087 1947 854
f 2841 442 443
f 2406 2407 1953
f 2406 1953 1163
f 719 1962 1954
f 2404 2405 1959
f 1959 1961 2404
f 376 2403 1108
f 1968 698 80
f 2781 2328 1972
f 2781 1972 1161
f 2401 368 1975
f 1971 2846 1970
f 1969 1162 2846
f 2847 203 1972
f 14 1974 1973
f 14 1973 799
f 1150 1972 2879
f 1614 2781 1161
f 1614 1161 1974
f 14 1614 1974
f 976 2236 1979
f 976 1979 1160
f 1979 2236 2238
f 1979 2238 1098
f 741 1402 1980
f 741 1980 1150
f 1980 2849 2399
f 1402 976 1160
f 1402 1160 1980
f 1984 775 36
f 1984 36 1985
f 775 1987 1986
f 775 1986 2235
f 1984 2851 2398
f 1984 2398 1987
f 37 1417 1997
f 37 1997 433
f 1990 1993 122
f 83 369 2397
f 83 2397 841
f 1999 759 843
f 1067 2853 2397
f 394 700 283
f 394 283 2006
f 6 284 2013
f 6 2013 1708
f 2395 1126 838
f 662 438 88
f 662 88 372
f 372 1091 435
f 372 435 662
f 801 15 704
f 801 704 2024
f 702 2015 395
f 2016 1124 834
f 128 397 2018
f 724 2020 435
f 780 2023 1152
f 2928 801 2024
f 2928 2024 2935
f 2919 2935 2024
f 2919 2024 201
f 2936 2028 2029
f 2936 2029 2392
f 307 437 40
f 131 2029 307
f 2926 41 309
f 2926 309 2938
f 2036 2389 839
f 2036 839 2388
f 2033 92 287
f 2038 2387 844
f 2038 844 2039
f 198 357 439
f 2381 852 2380
f 2381 2380 2856
f 2379 1168 2378
f 2379 2378 2060
f 2381 67 1163
f 852 2843 2380
f 2056 2055 442
f 2698 2378 2838
f 2062 2061 1929
f 2062 1929 1170
f 2376 2064 2063
f 2376 2063 2377
f 1893 1894 2070
f 1893 2070 2374
f 2064 2376 1915
f 1176 2067 1145
f 2070 2375 2374
f 2071 1884 2835
f 2071 2835 2372
f 2931 861 660
f 2931 660 2952
f 660 2837 2373
f 2981 2951 2071
f 2073 449 863
f 2073 863 1880
f 2073 2072 2074
f 2079 450 207
f 2079 207 1868
f 1869 190 2077
f 2371 2370 2081
f 2371 2081 2080
f 2370 2424 1859
f 2370 1859 2081
f 663 1857 186
f 663 186 345
f 664 1838 1186
f 664 1186 753
f 1182 2085 2084
f 2367 870 2366
f 2367 2366 2858
f 1825 826 1054
f 1825 1054 2087
f 2087 2365 2364
f 2087 2364 1825
f 879 1193 2096
f 879 2096 2095
f 874 875 2090
f 1192 2094 2093
f 458 2098 364
f 458 364 72
f 2096 1193 2440
f 2864 2362 882
f 211 884 2098
f 211 2098 458
f 2865 2361 463
f 2360 464 1783
f 1050 2360 824
f 2948 2815 1886
f 2948 1886 1030
f 1201 888 1764
f 1201 1764 2104
f 2980 2947 2100
f 823 1049 1197
f 2101 1048 1198
f 73 468 2105
f 73 2105 771
f 216 889 2105
f 216 2105 468
f 218 1738 2114
f 218 2114 473
f 2357 1046 1204
f 890 1207 2108
f 2114 175 473
f 894 1208 2116
f 894 2116 2115
f 2353 902 1705
f 2353 1705 2869
f 2121 2657 477
f 2121 477 899
f 75 478 2124
f 75 2124 772
f 665 1699 170
f 665 170 329
f 2124 478 220
f 2352 1044 2351
f 2348 2347 2870
f 2348 2870 2349
f 2480 2802 2347
f 2480 2347 2348
f 223 908 2345
f 223 2345 906
f 2343 2132 2798
f 2147 918 228
f 2147 228 2148
f 324 666 1221
f 228 1648 2148
f 920 3144 2149
f 2338 2337 2874
f 2338 2874 2339
f 1223 2338 2339
f 1223 2339 921
f 487 2150 819
f 487 819 158
f 229 922 2150
f 229 2150 487
f 2335 2334 2875
f 2335 2875 2336
f 2335 2507 2505
f 2335 2505 2334
f 2505 390 2510
f 2505 2510 2334
f 491 2152 818
f 491 818 156
f 924 2332 2877
f 924 2877 2333
f 106 2152 635
f 494 2153 774
f 494 774 79
f 924 633 2332
f 2516 2153 494
f 2155 495 232
f 318 667 1620
f 318 1620 815
f 2535 930 2329
f 2535 2329 2878
f 2328 2327 1229
f 2328 1229 2879
f 504 2164 762
f 504 762 60
f 2781 2327 2328
f 236 937 2164
f 236 2164 504
f 2780 2625 2622
f 2780 2622 2323
f 2319 2318 2883
f 2319 2883 2320
f 777 81 2168
f 2173 82 2175
f 2181 62 1236
f 2182 1236 2553
f 1037 2182 627
f 944 241 2319
f 944 2319 2320
f 2555 1555 2318
f 2555 2318 2319
f 626 2768 1036
f 626 1036 2184
f 241 2555 2319
f 1238 945 2184
f 2186 1239 947
f 2186 947 2896
f 2187 85 2189
f 2187 2189 2188
f 2197 1243 953
f 2197 953 1526
f 950 409 949
f 407 1035 2762
f 1526 2760 2317
f 1526 2317 2197
f 2758 1527 954
f 2758 954 2315
f 1034 2199 1520
f 1034 1520 810
f 522 2312 372
f 522 372 88
f 1033 2200 618
f 2311 1508 2752
f 2928 2946 801
f 244 1498 2202
f 244 2202 524
f 2202 2201 2203
f 89 526 669
f 89 669 373
f 246 528 669
f 246 669 526
f 528 1248 2207
f 528 2207 669
f 2748 2944 1477
f 2210 531 2585
f 539 960 961
f 539 961 670
f 1252 2586 2964
f 312 670 961
f 312 961 803
f 671 1458 134
f 671 134 311
f 962 1254 671
f 543 133 310
f 543 310 672
f 2218 782 90
f 545 2219 401
f 545 401 132
f 251 965 2219
f 251 2219 545
f 548 2309 397
f 548 397 128
f 2221 802 131
f 270 673 1258
f 399 130 2222
f 396 127 2225
f 2228 2227 2308
f 2227 95 2308
f 550 2229 800
f 550 800 126
f 972 2613 2229
f 972 2229 550
f 253 2615 2231
f 253 2231 551
f 1263 1403 2234
f 1263 2234 1410
f 776 1574 674
f 2236 976 254
f 2236 254 2237
f 3008 2305 3011
f 3010 1265 3001
f 391 120 2241
f 2905 2733 2299
f 2905 2299 2901
f 2991 565 2251
f 2991 2251 2942
f 2248 979 2298
f 562 560 256
f 388 118 2249
f 258 981 2251
f 258 2251 565
f 2257 569 260
f 2257 260 1364
f 2891 2294 2255
f 2257 787 569
f 573 678 385
f 573 385 115
f 989 2263 571
f 2265 386 116
f 261 2671 678
f 261 678 573
f 2267 678 1284
f 577 262 992
f 577 992 2270
f 2270 378 577
f 579 994 1333
f 579 1333 2273
f 1292 2692 2275
f 1000 1298 1002
f 1000 1002 2278
f 583 2281 789
f 583 789 103
f 1003 1299 2279
f 2281 583 1006
f 2895 584 586
f 586 1305 2286
f 2285 2714 936
f 2285 936 1598
f 2279 1004 1300
f 2279 1300 2280
f 1297 1733 1736
f 1297 1736 2277
f 2721 929 266
f 1297 2277 999
f 275 2272 1289
f 275 1289 70
f 2274 2273 1333
f 276 2271 1287
f 276 1287 770
f 2271 2270 992
f 2271 992 1287
f 2269 1286 71
f 2269 71 277
f 576 679 2268
f 1284 891 1751
f 1284 1751 2267
f 1283 69 273
f 1283 273 2266
f 990 1283 2266
f 990 2266 2265
f 2293 2893 2261
f 2293 2261 988
f 1795 2258 1278
f 1795 1278 883
f 1272 915 1662
f 1272 1662 2252
f 981 1272 2252
f 981 2252 2251
f 1271 68 1492
f 1271 1492 2250
f 980 1271 2250
f 980 2250 2249
f 1269 851 1956
f 1269 1956 2244
f 1394 677 2241
f 1394 2241 2644
f 2613 2742 2230
f 2613 2230 2229
f 675 2534 785
f 2003 2232 83
f 2229 2230 1110
f 2229 1110 800
f 2743 2226 2225
f 2743 2225 2608
f 1259 779 1481
f 1259 1481 2223
f 2601 1259 2223
f 2601 2223 2222
f 967 1258 673
f 967 673 2221
f 2222 2223 399
f 673 802 2221
f 1257 963 1456
f 1257 1456 2220
f 965 1257 2220
f 965 2220 2219
f 2219 2220 401
f 964 543 672
f 964 672 2218
f 2218 672 1095
f 2218 1095 782
f 671 2598 1458
f 2216 2217 1094
f 2216 1094 781
f 1453 2217 135
f 2217 2216 611
f 1250 966 1447
f 1250 1447 2213
f 1248 968 1440
f 1248 1440 2207
f 2213 2212 534
f 2213 780 2212
f 102 292 2208
f 1413 2169 2774
f 1413 2774 2620
f 2312 2311 372
f 1540 2192 142
f 668 2560 1548
f 2774 2169 2168
f 2774 2168 2543
f 777 2168 2169
f 777 2169 1089
f 1230 122 304
f 1230 304 2163
f 799 303 2161
f 799 2161 2785
f 1088 774 2153
f 1088 2153 2331
f 2150 1224 1133
f 2150 1133 819
f 3083 2151 1070
f 3083 1070 3114
f 2150 922 1224
f 916 1221 666
f 916 666 2140
f 2491 2133 1218
f 2491 1218 2493
f 666 367 2140
f 325 2139 821
f 1219 2488 326
f 796 299 2125
f 796 2125 2805
f 2112 2813 860
f 2112 860 1903
f 330 1214 987
f 1206 2592 1469
f 1206 1469 2107
f 1357 2111 176
f 2111 2110 472
f 1203 991 1354
f 1203 1354 2106
f 889 1203 2106
f 889 2106 2105
f 1082 771 2105
f 1082 2105 2106
f 1200 2452 298
f 2087 363 2365
f 995 753 1186
f 1894 997 348
f 1894 348 2070
f 188 1328 2078
f 1850 2074 788
f 767 2065 2066
f 767 2066 1076
f 2698 350 2378
f 2384 196 353
f 1568 2039 96
f 2021 2020 724
f 2021 724 1434
f 131 2027 2029
f 128 2018 2021
f 1603 2019 1112
f 1603 1112 2539
f 397 2019 2018
f 2007 2765 85
f 2007 85 2005
f 1157 838 2006
f 1157 2006 2007
f 2007 2006 283
f 842 2001 2002
f 842 2002 439
f 1565 1996 1109
f 1565 1109 2557
f 1995 1998 125
f 1995 2307 1109
f 1995 1109 1996
f 1981 2849 202
f 1981 202 2043
f 82 1989 1991
f 1977 2848 203
f 1977 203 2047
f 1965 1958 1088
f 1965 1088 34
f 1108 701 376
f 1957 774 1088
f 1957 1088 1958
f 703 377 1106
f 1930 388 2922
f 860 1901 661
f 860 661 1903
f 1178 1867 1866
f 1178 1866 2422
f 1893 1896 191
f 58 1323 1894
f 717 1890 1083
f 449 2834 863
f 871 1831 657
f 871 657 1188
f 1056 2371 452
f 1336 1839 55
f 62 1831 1832
f 657 1831 2181
f 2623 1408 1802
f 2623 1802 1801
f 2037 656 1820
f 656 873 1820
f 1410 1799 1802
f 881 1799 1800
f 881 1800 1194
f 2235 384 1800
f 2234 1800 1799
f 1796 2880 2623
f 1796 2623 1801
f 1597 653 1797
f 1788 2716 584
f 1788 584 1786
f 1787 2895 681
f 1787 681 383
f 584 2895 1787
f 584 1787 1786
f 1016 769 1753
f 1016 1753 1755
f 2855 356 421
f 716 1777 1082
f 1047 2358 469
f 53 1353 1763
f 2358 2103 644
f 1203 889 644
f 891 1749 1752
f 891 1752 1751
f 2453 714 420
f 2110 1752 217
f 680 267 1723
f 680 1723 1722
f 1749 891 2454
f 52 2668 1748
f 2455 1748 472
f 1725 1728 95
f 1721 1723 61
f 903 479 642
f 903 642 1704
f 1723 896 1722
f 1797 1712 1
f 694 1704 642
f 694 642 279
f 479 903 1703
f 1688 1690 103
f 1220 913 2138
f 1220 2138 1666
f 2913 2340 2911
f 49 1379 1672
f 2340 2134 640
f 108 484 1027
f 915 485 1663
f 915 1663 1662
f 1076 1664 767
f 2140 1663 226
f 1662 1663 1018
f 1662 1018 696
f 1660 2491 1042
f 1660 1042 1661
f 1660 1661 485
f 1660 485 915
f 2494 1659 1221
f 2494 1221 916
f 1383 1659 48
f 1658 2796 917
f 1658 917 2143
f 227 2145 1653
f 2897 490 2899
f 1313 636 1641
f 636 923 1641
f 2529 1618 2528
f 2529 2528 929
f 1608 2887 699
f 1608 699 1990
f 1607 1608 1230
f 1607 1230 934
f 393 1608 1607
f 1611 1600 1089
f 1611 1089 721
f 1599 777 1089
f 1599 1089 1600
f 506 936 1596
f 506 1596 631
f 1039 2325 505
f 631 1596 1604
f 1593 1586 2878
f 1593 2878 2629
f 2534 1592 785
f 1565 2557 282
f 1565 282 1566
f 306 630 1569
f 1110 700 394
f 1563 1566 84
f 1569 1564 38
f 370 1564 1563
f 87 1533 1535
f 87 1535 2757
f 283 2563 2562
f 1111 702 395
f 680 1531 1532
f 680 1532 267
f 408 2884 723
f 2314 624 1533
f 619 1513 9
f 619 9 1934
f 143 2190 623
f 622 1527 1388
f 519 1525 918
f 683 1589 1102
f 285 703 1492
f 285 1492 616
f 373 617 1503
f 616 1492 2582
f 1481 1482 1020
f 1481 1020 704
f 614 1491 1490
f 1249 2585 531
f 2212 1482 248
f 1482 1481 533
f 1445 1480 1118
f 1445 1118 2583
f 1094 1474 781
f 2216 1464 250
f 1255 964 2218
f 1255 2218 1457
f 963 1255 1457
f 963 1457 1456
f 1457 705 1456
f 543 964 2599
f 1449 1450 1257
f 1449 1257 965
f 608 1453 1451
f 608 727 1453
f 1446 967 2221
f 1446 2221 1448
f 966 1446 1448
f 966 1448 1447
f 1119 292 360
f 1119 360 1443
f 139 1442 1446
f 1442 2310 1119
f 1442 1119 1443
f 1442 1443 1258
f 1442 1258 967
f 968 1438 1441
f 968 1441 1440
f 2222 1441 252
f 1440 1441 1032
f 1440 1032 726
f 1438 968 1439
f 2601 1437 1259
f 732 1538 607
f 1954 1391 1133
f 1954 1133 719
f 2645 1393 1022
f 822 2136 1381
f 822 1381 1380
f 1133 1391 819
f 2249 1384 257
f 1043 822 563
f 361 1381 24
f 980 1380 1381
f 980 1381 1271
f 1377 1135 2491
f 1377 2491 1660
f 2651 1377 1272
f 2651 1272 981
f 987 2658 1362
f 987 1362 2656
f 1372 1275 984
f 1367 1025 706
f 1282 990 2265
f 1282 2265 1358
f 2293 988 1361
f 599 2667 1280
f 2356 1139 598
f 1463 1355 1140
f 1463 1140 2590
f 1358 1357 572
f 2669 1355 1283
f 2669 1283 990
f 991 575 597
f 991 597 1354
f 991 1353 596
f 991 596 575
f 596 1353 1773
f 2454 1352 29
f 2671 1352 1284
f 714 1328 1329
f 714 1329 1028
f 2268 1351 2728
f 2092 1141 595
f 1325 2074 754
f 1325 754 1842
f 2691 1327 1058
f 581 1321 1296
f 581 1296 998
f 1294 2694 580
f 997 1294 594
f 17 1322 1145
f 1319 1320 1296
f 1319 1296 1060
f 1296 1321 1060
f 1317 1318 1297
f 1317 1297 999
f 2703 1300 1004
f 2703 1004 2704
f 593 1312 1005
f 593 1005 1301
f 1309 1311 1064
f 1309 1064 2383
f 1301 1005 592
f 1304 1306 1066
f 1304 1066 2387
f 1305 1304 2387
f 1305 2387 2038
f 18 358 1305
f 2391 1302 1303
f 2391 1303 1069
f 1302 2391 436
f 1302 436 588
f 2714 1008 1302
f 2714 1302 588
f 1311 1309 1006
f 1311 1006 1301
f 1027 1321 581
f 1027 581 108
f 1325 1842 869
f 1325 869 1293
f 1028 1329 2275
f 1028 2275 792
f 2688 1079 70
f 2688 70 1289
f 112 1029 1340
f 112 1340 3066
f 2677 1081 71
f 2677 71 1286
f 2268 794 1349
f 2268 1349 1351
f 1352 2454 891
f 1352 891 1284
f 1355 1463 69
f 1355 69 1283
f 1282 1356 2669
f 1282 2669 990
f 2659 2442 883
f 2659 883 1278
f 1358 2265 116
f 1377 1660 915
f 1377 915 1272
f 2260 795 2730
f 259 1371 1276
f 1381 361 68
f 1381 68 1271
f 1391 1954 851
f 1391 851 1269
f 1022 1393 2243
f 1022 2243 783
f 2618 1262 124
f 784 1023 551
f 1032 1441 2222
f 1032 2222 130
f 1443 360 66
f 1443 66 1258
f 1257 1450 1455
f 1257 1455 963
f 1480 1445 966
f 1480 966 1250
f 964 1255 542
f 1608 1990 122
f 1608 122 1230
f 2212 1020 1482
f 968 1248 406
f 395 834 1241
f 516 950 1240
f 2552 1038 513
f 394 838 1235
f 503 935 1231
f 2160 816 1628
f 2898 2899 490
f 2898 490 230
f 389 2405 1224
f 1659 1383 163
f 1659 163 1221
f 2140 1018 1663
f 2468 2658 987
f 2468 987 1214
f 1690 1688 222
f 1075 1713 898
f 1075 898 1705
f 1723 1721 897
f 1723 897 1210
f 1763 1353 991
f 1763 991 1203
f 2110 1885 1752
f 1194 1800 384
f 1194 384 113
f 1822 1820 873
f 1822 873 1190
f 1832 1831 871
f 1832 871 1187
f 425 184 1188
f 1839 1336 995
f 1839 995 1186
f 769 1016 450
f 2691 1058 449
f 1165 192 1941
f 3138 194 3141
f 1158 1991 1989
f 1158 1989 845
f 2852 2041 765
f 433 843 1159
f 2000 1998 1995
f 2000 1995 844
f 2027 833 2029
f 1068 710 1075
f 17 1145 288
f 2862 342 27
f 2106 1354 716
f 2106 716 1082
f 2111 1357 717
f 2111 717 1083
f 2112 1903 755
f 2112 755 1139
f 327 32 2873
f 2491 1135 2133
f 323 47 2146
f 1088 2331 320
f 1088 320 34
f 2163 304 36
f 2163 36 1129
f 303 35 2161
f 2192 1540 732
f 2192 732 1123
f 45 1125 316
f 1422 1071 1037
f 1091 2311 1436
f 1091 1436 724
f 726 1093 2207
f 726 2207 1440
f 2217 1453 727
f 2217 727 1094
f 292 1119 2208
f 2220 1456 705
f 2220 705 1113
f 42 1114 311
f 41 1095 310
f 2232 2003 688
f 2232 688 1097
f 2242 2244 1956
f 2242 1956 687
f 2250 1492 703
f 2250 703 1106
f 2975 2252 1662
f 2975 1662 696
f 278 10 2264
f 1751 693 2267
f 683 1102 266
f 2895 1562 681
f 3118 80 3117
f 1087 2733 2906
f 2300 2506 2904
f 2300 2904 2909
f 2641 2910 2504
f 2300 2909 2903
f 2889 2300 2902
f 2902 2901 2299
f 2902 2299 2889
f 489 2792 2908
f 489 2908 2900
f 230 489 2900
f 230 2900 2898
f 490 2897 2904
f 490 2904 2506
f 2340 2913 2912
f 2340 2912 224
f 3105 224 3115
f 2340 640 2911
f 377 2969 2968
f 377 2968 1106
f 1888 2967 2978
f 2751 2979 2962
f 1888 2978 2960
f 1888 2960 862
f 367 2959 2958
f 367 2958 2140
f 660 2373 2952
f 2837 2983 2373
f 2949 2359 2449
f 2449 2815 2948
f 2449 2948 2949
f 617 2990 2945
f 617 2945 1503
f 2251 2252 2975
f 2251 2975 2942
f 1474 2941 2943
f 1474 2943 2587
f 862 2960 2940
f 862 2940 2372
f 2023 2939 2954
f 2023 2954 201
f 200 2953 2939
f 200 2939 2023
f 91 2985 2032
f 833 2032 2955
f 782 1095 2937
f 782 2937 2956
f 833 2955 2392
f 2028 2936 2957
f 2028 2957 200
f 1475 2933 2965
f 1474 1252 2941
f 1505 1503 2932
f 1505 2932 2966
f 1888 861 2931
f 1888 2931 2986
f 1507 2963 2930
f 1507 2930 807
f 807 2930 2989
f 400 2030 2929
f 400 2929 2748
f 2031 90 2927
f 2031 2927 2976
f 782 2956 2927
f 782 2927 90
f 309 2925 2938
f 3046 3073 2925
f 3046 2925 309
f 118 2924 2923
f 118 2923 301
f 388 1106 2968
f 388 2968 2922
f 367 1146 2921
f 2586 536 2964
f 118 1930 2970
f 2587 2943 1251
f 1475 1251 2933
f 1477 2917 2916
f 1477 2916 535
f 2751 523 2915
f 2751 2915 2979
f 523 1506 2987
f 523 2987 2915
f 2100 2947 467
f 1781 467 2920
f 2359 2950 465
f 2071 2951 448
f 1887 448 2934
f 377 1504 2914
f 1197 1049 2974
f 2627 3020 3019
f 2627 3019 2626
f 2237 3012 2740
f 1265 3010 3009
f 1265 3009 2239
f 2297 2298 3006
f 2297 3006 3004
f 1401 2628 3003
f 1229 3000 3020
f 1229 3020 2627
f 2162 3014 1228
f 2650 1041 2999
f 2650 2999 3021
f 1012 2740 2998
f 1012 2998 3015
f 1012 3015 925
f 932 2997 3017
f 932 3017 2531
f 2162 1227 3014
f 2247 2649 3007
f 2298 1270 3002
f 271 2246 2994
f 254 2993 3012
f 254 3012 2237
f 2327 234 3013
f 639 78 2996
f 2185 2186 3045
f 2185 3045 3038
f 2712 3035 3043
f 761 3044 3035
f 761 3035 2712
f 2710 3042 3034
f 2710 3034 2711
f 2710 3033 3042
f 2712 3043 3033
f 2712 3033 2710
f 2185 3038 3032
f 2185 3032 1543
f 1542 1543 3032
f 1542 3032 3036
f 2430 1824 3037
f 2430 3037 3030
f 2711 3034 1026
f 1824 1026 3037
f 761 837 3039
f 2004 3029 837
f 39 3027 3029
f 39 3029 2004
f 2188 3040 314
f 39 314 3026
f 2746 2594 3071
f 2746 3071 3069
f 1867 3068 3062
f 1461 3067 3060
f 1461 3060 1460
f 2723 3059 3072
f 3057 2683 2825
f 2825 3041 3074
f 2825 3074 3057
f 2594 3055 3071
f 2723 3072 3055
f 2723 3055 2594
f 1461 2746 3054
f 1461 3054 3067
f 1867 1178 3053
f 1867 3053 3068
f 1291 3065 3052
f 1331 3051 3058
f 2683 3057 3050
f 2683 3050 1288
f 2746 3069 3049
f 609 1460 3070
f 609 3070 3047
f 609 3047 1256
f 609 1256 544
f 544 1256 3048
f 544 3048 610
f 309 610 3048
f 309 3048 3046
f 1865 112 3061
f 224 2912 3116
f 224 3116 3115
f 2477 3112 3113
f 2477 3113 2350
f 2793 3110 3111
f 2793 3111 46
f 46 3111 3109
f 1699 3106 3104
f 1699 3104 1700
f 1699 3100 3106
f 2350 3113 3100
f 2350 3100 1699
f 2641 3096 2907
f 46 3109 3094
f 46 3094 321
f 2478 3095 3092
f 1695 1694 3090
f 1695 3090 3089
f 2478 1215 3087
f 2478 3087 3095
f 1700 3104 3086
f 2129 1700 3086
f 2129 3086 3099
f 1695 3089 3085
f 1695 3085 2127
f 2129 3099 3084
f 2130 2129 3084
f 2130 3084 3098
f 2641 1395 3082
f 2641 3082 3096
f 2477 3081 3088
f 157 3097 3078
f 411 157 3078
f 411 3078 3079
f 224 3105 3077
f 483 224 3077
f 483 3077 3102
f 1694 2130 3098
f 1694 3098 3075
f 1070 641 3114
f 1395 33 3082
f 557 3130 3134
f 557 3134 80
f 2635 3132 3130
f 2635 3130 557
f 2786 3136 3128
f 2561 3131 3127
f 2561 3127 1545
f 2518 2517 2786
f 2786 3128 3125
f 2786 3125 2518
f 1638 3124 3133
f 1637 1638 3133
f 1637 3133 3123
f 2786 1629 3122
f 2786 3122 3136
f 1040 1637 3129
f 1040 3129 3121
f 1545 3137 3120
f 1545 3120 947
f 925 3119 3122
f 925 3122 1629
f 319 817 3124
f 319 3124 1638
f 1040 3121 2634
f 1949 2053 3146
f 1949 3146 3147
f 1947 3148 3143
f 352 2054 3150
f 1946 3153 2054
f 1947 1087 3148
f 194 1947 3143
f 194 3143 3141
f 1164 1951 3140
f 194 3138 3153
f 194 3153 1946
f 786 3151 2499
