# Exported from /tmp/growbot_visual_export.blend: hand_r.001
v 0.00745193753 -0.00388164306 -0.0127588836
v 0.00755572971 -0.00373817747 -0.0124850143
v 0.00770925172 -0.00347249163 -0.0119611081
v 0.007420443 -0.00390697597 -0.0127374055
v 0.00745675806 -0.00381778693 -0.0124175195
v 0.00759474095 -0.00356459944 -0.0118830157
v 0.00780891255 -0.00325440802 -0.0115150642
v 0.00775670074 -0.00329640554 -0.0114794578
v 0.00475872727 0.00149839395 -0.0132827489
v 0.00695379358 -0.00249315868 -0.0133159263
v 0.00713369763 -0.00241320231 -0.0130304871
v 0.00742319878 -0.00223203283 -0.0125022428
v 0.00669245748 -0.00222172518 -0.0133836176
v 0.00682419632 -0.00203671656 -0.0131325349
v 0.00704495795 -0.001713773 -0.0126560722
v 0.00644304464 -0.00195786916 -0.0134304455
v 0.00651349965 -0.0017654032 -0.0131815961
v 0.00665592309 -0.00142650842 -0.0126912408
v 0.00358492113 -0.000223829775 -0.0156127084
v 0.00379500771 -0.000136129675 -0.0153374569
v 0.00409754366 7.2161245e-05 -0.0148264309
v 0.00430511963 0.000347900903 -0.0143226534
v 0.00448923837 0.000643001578 -0.0138220182
v 0.00469114631 0.00103607262 -0.0133095691
v 0.00695754308 -0.0037430462 -0.0135319615
v 0.00727322977 -0.00365177891 -0.0130940583
v 0.00748785958 -0.00331447134 -0.0126781845
v 0.00767062791 -0.0030220882 -0.0121758105
v 0.0061744093 -0.00338219991 -0.0140277995
v 0.00655346876 -0.00337047176 -0.0138188582
v 0.00698408857 -0.00287521351 -0.0134027069
v 0.00730598345 -0.00272751646 -0.0129212439
v 0.00759095047 -0.0025499945 -0.0123899076
v 0.00616951752 -0.00337711722 -0.0140289785
v 0.00616403995 -0.00294335559 -0.0138742747
v 0.00651712017 -0.00243544509 -0.0135775506
v 0.00583539344 -0.00253963773 -0.0137382876
v 0.00605672039 -0.00217540679 -0.0134875728
v 0.00607602531 -0.0018027944 -0.0130407028
v 0.00614198297 -0.00145480898 -0.0125335436
v 0.00336049311 -0.00048154284 -0.0154642332
v 0.00364548829 -0.000527041382 -0.0150999948
v 0.00396148302 -0.00043884039 -0.0145326061
v 0.00414227881 -0.000210169586 -0.0139977848
v 0.00428017275 6.30757422e-05 -0.0134732984
v 0.00442374079 0.000330424984 -0.0129474448
v 0.00667862687 -0.00407152064 -0.0133645497
v 0.00709647499 -0.004061752 -0.0128394477
v 0.00717774825 -0.00396490516 -0.0122659467
v 0.00731620844 -0.0037122136 -0.0117313275
v 0.00617037527 -0.00338544464 -0.0140250493
v 0.00620210776 -0.00369505677 -0.013760237
v 0.00616548304 -0.00338036194 -0.0140262274
v 0.00583030004 -0.00324013224 -0.0137688629
v 0.00551861385 -0.00278050499 -0.0135428105
v 0.00545978267 -0.00245305151 -0.0132428529
v 0.00545189949 -0.00202834536 -0.0127534829
v 0.00549585186 -0.0016698651 -0.0122075863
v 0.00533207878 -0.00166045176 -0.0119080655
v 0.00305882259 -0.000713520683 -0.0152596347
v 0.00306127849 -0.000743705197 -0.0147787984
v 0.00334896659 -0.000676453696 -0.0142425895
v 0.00357617205 -0.000496001798 -0.0136965886
v 0.00374531746 -0.000255226565 -0.0131645743
v 0.00389674958 3.95235838e-06 -0.0126368264
v 0.00629868545 -0.00425394159 -0.0130809247
v 0.00631888211 -0.00421706447 -0.0125491153
v 0.00657800678 -0.00407237001 -0.0120446552
v 0.00675622467 -0.00384102063 -0.011510455
v 0.00587235484 -0.00397864403 -0.013196704
v 0.00574584492 -0.00397113618 -0.0126391379
v 0.00545140635 -0.00339440652 -0.013289595
v 0.00532373972 -0.00339000998 -0.0127074774
v 0.00516215106 -0.00313304784 -0.0123596722
v 0.00528351776 -0.00300335977 -0.0133141186
v 0.00520313065 -0.00285129901 -0.0129717998
v 0.00513231661 -0.00263124984 -0.0123665342
v 0.00518430024 -0.00211436138 -0.0118980464
v 0.00526970532 -0.00171062211 -0.0118655292
v 0.00274637598 -0.00073833199 -0.0144272316
v 0.00283997669 -0.000684306258 -0.0140965125
v 0.00299015758 -0.000540281879 -0.0135107636
v 0.00312444917 -0.000342868152 -0.012947307
v 0.00326258037 -0.000115878909 -0.0123997293
v 0.0060050725 -0.0041545853 -0.0122258058
v 0.00609537587 -0.00405958854 -0.0119162695
v 0.00624931976 -0.00384371169 -0.0113675436
v 0.00572837796 -0.00391250104 -0.0123137189
v 0.00576069579 -0.00379794743 -0.0119537897
v 0.00585714681 -0.00357499439 -0.0113925515
v 0.0054096817 -0.00357502815 -0.0123867188
v 0.00529647153 -0.00327331154 -0.0120909372
v 0.00536976848 -0.00306123332 -0.0115136486
v 0.00508935098 -0.00286811846 -0.0120054446
v 0.00512191933 -0.00266497536 -0.0116428137
v 0.00484228227 0.00162910088 -0.013014704
v 0.00499092462 0.00189220603 -0.0124881426
v 0.00505863549 0.00203154492 -0.0122164441
v 0.00789201818 -0.00229862961 -0.0117668323
v 0.00805062335 -0.00210015965 -0.0113438983
v 0.00819026493 -0.00183128309 -0.0108177112
v 0.00824029278 -0.0016495625 -0.0104848612
v 0.00767229125 -0.00206697802 -0.0120146824
v 0.00784443039 -0.0016857544 -0.0114937807
v 0.00799044222 -0.00142293586 -0.010966341
v 0.00799919199 -0.00118903047 -0.0104033314
v 0.00782798231 -0.000891327392 -0.0101349987
v 0.00725745456 -0.00139747723 -0.0121739712
v 0.00745134801 -0.00109614502 -0.0116791856
v 0.00760203507 -0.00082956627 -0.0111549338
v 0.00762478448 -0.000665895874 -0.010543433
v 0.00757860206 -0.000629340531 -0.0101940427
v 0.00680069206 -0.00109169399 -0.0121994978
v 0.00693737809 -0.000762309646 -0.0117027787
v 0.00706859538 -0.000476063229 -0.0111829368
v 0.00723124016 -0.000356567558 -0.0105883889
v 0.00733024767 -0.000372933922 -0.0102538429
v 0.00484292908 0.00118541997 -0.0127927614
v 0.00497704605 0.00146258948 -0.0122691849
v 0.00505537074 0.0018117486 -0.0118297646
v 0.0050295447 0.00202368828 -0.0111651663
v 0.00515286997 0.00225797831 -0.0106171081
v 0.00532989483 0.00251054112 -0.0100931944
v 0.00532745337 0.00275377836 -0.00964477658
v 0.00783509295 -0.00278299279 -0.0116334138
v 0.00802049227 -0.002573526 -0.0110984975
v 0.00815409236 -0.00229582004 -0.0105750449
v 0.00819281489 -0.00189172477 -0.0101056099
v 0.0080995895 -0.00170783838 -0.00957858842
v 0.00813550223 -0.00133722322 -0.00880011264
v 0.00821151119 -0.00120096467 -0.00852794386
v 0.00772078428 -0.00244328752 -0.0121131195
v 0.00807858072 -0.00132431649 -0.0101360017
v 0.00790595729 -0.00119761867 -0.00965842698
v 0.00795095507 -0.00111035397 -0.00906221941
v 0.0081171561 -0.000806010328 -0.00848419871
v 0.00802704412 -0.000422545476 -0.00797842816
v 0.00751815457 -0.000605276553 -0.00983931217
v 0.00760731893 -0.000389201799 -0.0092774909
v 0.00777983107 -0.000105068088 -0.00876812357
v 0.00778418127 4.3802429e-05 -0.00814407505
v 0.00616429513 -0.00111721503 -0.011993492
v 0.00637977291 -0.000757931033 -0.0115492484
v 0.00654212479 -0.000446641818 -0.0110506378
v 0.0066570295 -0.000332195312 -0.010430349
v 0.00697867479 -0.000273958314 -0.00992693473
v 0.00693683792 4.76883724e-05 -0.00934687443
v 0.00722576771 0.000355054624 -0.00884374417
v 0.00730037503 0.000560437329 -0.0082676094
v 0.00591508485 -0.00104794558 -0.0117149735
v 0.00603040727 -0.000831949525 -0.0114146238
v 0.0061996188 -0.000527788186 -0.0109143602
v 0.00628582388 -0.000382239698 -0.0105283055
v 0.0066332072 0.000260062516 -0.00916040875
v 0.00674704649 0.000509350328 -0.00878729764
v 0.00688143168 0.000781699084 -0.00826138165
v 0.00457363855 0.00059119903 -0.0124200657
v 0.00470141694 0.000874954276 -0.0118980166
v 0.00476607354 0.00122429198 -0.0113911713
v 0.00479811197 0.00160751992 -0.0108921835
v 0.00497777015 0.00183737325 -0.010357636
v 0.00517496327 0.00204900699 -0.00981886499
v 0.00524399849 0.00251383567 -0.00930927321
v 0.0052324743 0.00271161576 -0.00876706559
v 0.00758796418 -0.00333001791 -0.0112288538
v 0.00767270429 -0.00308618927 -0.0107447114
v 0.00778325368 -0.00278453366 -0.0102268113
v 0.00784380361 -0.00243092957 -0.00972095598
v 0.00785606913 -0.00191218429 -0.00921872258
v 0.00794004928 -0.00165158813 -0.0087882122
v 0.0081259599 -0.00138507853 -0.00819675345
v 0.00813718699 -0.0012136593 -0.00761312572
v 0.00796532538 -0.00151887676 -0.00916916411
v 0.00797394197 -0.00150343124 -0.00913831312
v 0.00823525153 -0.00100881467 -0.00816424191
v 0.00814271625 -0.000782398041 -0.00783057604
v 0.00570996758 -0.00135372742 -0.0119711347
v 0.00629406748 -0.000366851222 -0.0100717824
v 0.0064020413 -0.000191592379 -0.00973961595
v 0.00652404269 1.60632189e-05 -0.00947429612
v 0.00557191484 -0.0013456773 -0.0117136799
v 0.00568225048 -0.00101813115 -0.0112241842
v 0.00582816405 -0.000753218075 -0.0106977653
v 0.00602396019 -0.000525886193 -0.010156583
v 0.00605421839 -0.000267213443 -0.00960462075
v 0.00624561822 0.000116746291 -0.00918840989
v 0.00626650965 0.000457407907 -0.0086270934
v 0.00639237184 0.000743154436 -0.00810550433
v 0.00404882245 0.000262466288 -0.0121089239
v 0.00417679036 0.000546024647 -0.0115868282
v 0.00423801132 0.00089893199 -0.0110808108
v 0.0043450743 0.0012042101 -0.0105637508
v 0.00455138227 0.00140637462 -0.0100227837
v 0.00472871214 0.001638646 -0.00948879682
v 0.00485417712 0.00192480488 -0.0089673046
v 0.00494806422 0.00224377285 -0.0084534185
v 0.00689456984 -0.00356824347 -0.0109858597
v 0.00700213574 -0.00326348841 -0.0104686785
v 0.00708708912 -0.00293523818 -0.0099569438
v 0.00721002929 -0.00264645671 -0.00943605974
v 0.00733608939 -0.0023609153 -0.00891442318
v 0.00750019494 -0.00211490365 -0.00838362239
v 0.00768930186 -0.00189486868 -0.00784679875
v 0.00779868849 -0.00159200374 -0.00732917897
v 0.00521172211 -0.00192661257 -0.0113377515
v 0.0052963905 -0.00170180458 -0.0107741514
v 0.00535213761 -0.00141590741 -0.0102330567
v 0.00532570947 -0.00124594569 -0.00994650088
v 0.00529319141 -0.0015742525 -0.0115369083
v 0.00535723893 -0.00132801943 -0.0109782759
v 0.00547601981 -0.00110761379 -0.0104219969
v 0.00548422709 -0.000929628499 -0.00987496041
v 0.00549388956 -0.000446891179 -0.00935818348
v 0.00550025888 -3.69931804e-05 -0.0088653788
v 0.00556364004 0.000267504714 -0.00840111263
v 0.00582736265 0.000636229175 -0.00789418258
v 0.00536220521 0.000293518882 -0.00816820562
v 0.00550234411 0.0005369141 -0.00775369396
v 0.00340894214 0.000137978743 -0.0118679004
v 0.00352301146 0.000400502904 -0.0113313925
v 0.00362832379 0.000710103661 -0.0108160079
v 0.00371379778 0.000925983419 -0.010266819
v 0.00402318407 0.00108115515 -0.00971245579
v 0.00422828412 0.00128457369 -0.0091717802
v 0.00438467041 0.0015386052 -0.00864283834
v 0.00444637239 0.00189101335 -0.0081367055
v 0.00639163423 -0.00358433835 -0.0108373463
v 0.00653037243 -0.00328267715 -0.0103273215
v 0.00667116977 -0.00296318205 -0.00982679985
v 0.00680906931 -0.00273780175 -0.00927835144
v 0.00691956235 -0.00254375604 -0.00870656129
v 0.00700957607 -0.00234235218 -0.00813273713
v 0.00705301017 -0.00215331838 -0.00750695961
v 0.00718032336 -0.00187825598 -0.00696284464
v 0.00599432457 -0.00331928255 -0.0108590862
v 0.00616033142 -0.00304038124 -0.010345282
v 0.00631432841 -0.00277114031 -0.00982328784
v 0.00636169128 -0.00258767232 -0.00922857225
v 0.00637049321 -0.00248426432 -0.00863792747
v 0.00666746078 -0.00242390367 -0.00799636636
v 0.00675640721 -0.00230568717 -0.00755927619
v 0.00699935155 -0.00187920383 -0.00664500939
v 0.00549770892 -0.00281295157 -0.0109738838
v 0.00565693248 -0.00253950641 -0.0104554547
v 0.00576819014 -0.00230464339 -0.0099043129
v 0.00573865976 -0.0021946677 -0.00920062885
v 0.00587742496 -0.0023323975 -0.00884613581
v 0.00521792658 -0.00237451703 -0.0111152465
v 0.00536798034 -0.00209711539 -0.0105962362
v 0.00544715254 -0.00179237616 -0.0100711174
v 0.00532642426 -0.00157511653 -0.0094552571
v 0.00513246423 -0.00142969051 -0.0090157073
v 0.00520076836 -0.0011074387 -0.00951442029
v 0.00508198468 -0.000925414846 -0.00901391543
v 0.00502783153 -0.000420157681 -0.00854161661
v 0.00501272967 -0.000155709335 -0.00825185049
v 0.00502422266 4.06074105e-05 -0.0080034472
v 0.00511899637 0.000318153761 -0.00753711583
v 0.00341778854 0.000898466911 -0.00994955003
v 0.00350789772 0.000969734392 -0.00951276999
v 0.00355603383 0.00110712973 -0.00884237885
v 0.0036938875 0.00132340158 -0.00829834118
v 0.00376737094 0.00160631281 -0.00785690174
v 0.00684242835 -0.00216339086 -0.0071880091
v 0.00689761899 -0.00206445297 -0.00699038524
v 0.00606404897 -0.00241306587 -0.00839134026
v 0.00618862407 -0.00235616672 -0.00789655186
v 0.0064148251 -0.00218156097 -0.00731459353
v 0.00646337494 -0.0019434006 -0.00676697399
v 0.00551220216 -0.00203419663 -0.00895065814
v 0.00563397678 -0.00215544086 -0.0085968608
v 0.00554703036 -0.00204642187 -0.00787244365
v 0.00560666295 -0.0019106057 -0.00731182378
v 0.00587024773 -0.00193494721 -0.00690934947
v 0.005360974 -0.00187707203 -0.00898708683
v 0.00517514022 -0.00162335695 -0.0086905146
v 0.00508057838 -0.00151582737 -0.00800781325
v 0.00509351073 -0.00136005948 -0.0074441391
v 0.00500154961 -0.00103436946 -0.00714738853
v 0.00494638551 -0.00115956296 -0.00863244757
v 0.00487615308 -0.000946567161 -0.00823571626
v 0.00483504543 -0.000599368708 -0.00771840289
v 0.00478823483 -0.00059793971 -0.00719548808
v 0.00478293281 -0.000151210465 -0.00770837627
v 0.00468530506 -5.35255531e-05 -0.00720530422
v 0.00326534454 0.00115517236 -0.00851676799
v 0.00331122847 0.001237427 -0.00835246872
v 0.00346795865 0.00156936212 -0.00755642354
v 0.00600295654 -0.00184990722 -0.00652245665
v 0.00546241226 -0.00171459652 -0.0071727531
v 0.00564171094 -0.00173283997 -0.00669058179
v 0.00524661411 -0.00149038481 -0.0072247358
v 0.00505251903 -0.00124716875 -0.00678705005
v 0.00462322589 -0.000657980912 -0.00676945038
v 0.00443740701 -0.000236710301 -0.00679468736
v 0.00794225 -0.000215325737 -0.00770307099
v 0.00775266811 0.000116371317 -0.00770024909
v 0.00730582699 0.000685612671 -0.00775033748
v 0.00698026363 0.000924137654 -0.00785806682
v 0.00517573673 0.00289289025 -0.00834131893
v 0.00810882356 -0.00103827193 -0.00716206664
v 0.00799567532 -0.000529817306 -0.00723951729
v 0.00785809197 -0.000351151219 -0.00676281657
v 0.00769982021 0.000146548613 -0.00735070184
v 0.00756528089 0.000181528507 -0.00672959723
v 0.0073675625 0.000416388153 -0.00640810933
v 0.00726616103 0.000726392609 -0.00740977935
v 0.00709109847 0.00074509508 -0.00684587425
v 0.00717461528 0.000616858131 -0.00645458745
v 0.00667718844 0.000929397298 -0.00755707454
v 0.00671877712 0.00095074554 -0.00704068318
v 0.0049284352 0.00264085107 -0.0080138566
v 0.00496945111 0.00318401237 -0.0066577401
v 0.00502685318 0.00328691443 -0.00645219861
v 0.00780138187 -0.001238622 -0.00676840497
v 0.00762992026 -0.00122142595 -0.00641671987
v 0.00790711027 -0.000958521152 -0.00667913072
v 0.00766553637 -0.000707670348 -0.00637394842
v 0.0075012669 -0.000326581416 -0.00578025589
v 0.00750090368 -0.00015508139 -0.00539582781
v 0.00756735681 -5.49022807e-05 -0.00636340724
v 0.00739354407 0.000176569331 -0.00603805017
v 0.00737421494 0.000250265468 -0.00533157773
v 0.00729358662 0.000562515226 -0.0049567949
v 0.00679331692 0.000897457357 -0.00656829262
v 0.0069870078 0.000787600758 -0.00623042183
v 0.00702998042 0.00092442811 -0.00557514839
v 0.0070048687 0.00107079861 -0.00491506746
v 0.00683289394 0.00132077443 -0.00462671928
v 0.00589474291 0.000801799586 -0.007258086
v 0.00627709506 0.000930955983 -0.00671159523
v 0.00628268393 0.00115734618 -0.00624851556
v 0.00655623944 0.00144915818 -0.00570554612
v 0.00656746561 0.00160355913 -0.00508618681
v 0.00653404044 0.00166372396 -0.00468792534
v 0.00559094595 0.000686671236 -0.00732353004
v 0.00591296749 0.00141522172 -0.006084878
v 0.00601472799 0.0017103412 -0.00568507519
v 0.00614544749 0.00189369882 -0.00511358399
v 0.00624336721 0.00193954515 -0.00476390962
v 0.0050233691 0.00232490432 -0.0061141802
v 0.00504716765 0.00236756681 -0.00602896372
v 0.00441697007 0.00229138834 -0.00770758651
v 0.00448908983 0.00259415596 -0.00692618219
v 0.00485035358 0.00272192922 -0.00656214962
v 0.00499423454 0.00294074137 -0.00605219323
v 0.0048714648 0.00326220412 -0.00544292387
v 0.00480501773 0.00341466791 -0.00512032444
v 0.00745746074 -0.00147492113 -0.00659270678
v 0.00762489857 -0.00122546509 -0.0064132954
v 0.00716459751 -0.00160764484 -0.00644447189
v 0.00736005791 -0.00113257894 -0.0061063827
v 0.00732155424 -0.00072073203 -0.00553274062
v 0.00742920581 -0.000353287905 -0.00504477229
v 0.00738001475 -0.00016530382 -0.00442754803
v 0.00730372546 -2.59377412e-05 -0.00408145599
v 0.00748773338 5.79291955e-05 -0.00503226183
v 0.0073234411 0.000359856815 -0.00464811129
v 0.00712980935 0.000450856227 -0.0040095346
v 0.00693884166 0.000731760636 -0.00368373119
v 0.00709296297 0.000902318221 -0.0046043559
v 0.00688655535 0.00110620051 -0.00427121343
v 0.00674757129 0.00108547928 -0.0037081237
v 0.00564391818 0.000782433897 -0.00691973697
v 0.00573039334 0.000934389769 -0.00661678519
v 0.00580932386 0.00107913092 -0.00635420252
v 0.00646829745 0.00168352877 -0.00432958361
v 0.00634047063 0.00168867502 -0.00377673283
v 0.00530612236 0.000638034195 -0.00701171393
v 0.00529188616 0.00095298735 -0.00650363369
v 0.00537566049 0.00130731461 -0.00610660575
v 0.00554290926 0.00178372278 -0.00559004769
v 0.00570747303 0.00199430343 -0.00504163699
v 0.00582120987 0.00207307586 -0.00441052299
v 0.0058994838 0.00205194019 -0.00389482384
v 0.00453925738 0.00158921629 -0.00633952627
v 0.00490284152 0.00176322483 -0.00611396693
v 0.00514563685 0.00216642022 -0.00570177566
v 0.00510973949 0.00229503424 -0.0049683582
v 0.0052536116 0.00223587127 -0.00449769944
v 0.00396585558 0.0019924345 -0.00734223332
v 0.00425910437 0.0020654588 -0.00678175502
v 0.00466002524 0.00220255041 -0.00641798275
v 0.00496878475 0.00260033505 -0.00565707684
v 0.00483999169 0.0027609095 -0.00512626022
v 0.0046589938 0.00319519523 -0.00470193988
v 0.00447776401 0.00329708704 -0.00428049266
v 0.00662324019 -0.00170223298 -0.00624593161
v 0.00676963478 -0.00143781945 -0.00571939722
v 0.00691280607 -0.00117005722 -0.00519363908
v 0.00702354684 -0.000868600211 -0.00467569288
v 0.00709045678 -0.000521602924 -0.00416830555
v 0.00708936481 -0.000191561237 -0.00367662078
v 0.00696397759 -0.000141512137 -0.00324263237
v 0.00707557099 0.000194540713 -0.0036615897
v 0.00683422526 0.000404907798 -0.00325215282
v 0.00659284089 0.000615206663 -0.00284285285
v 0.00659336988 0.00103413139 -0.00328945648
v 0.00642046845 0.000958474411 -0.002898006
v 0.00621534232 0.00166071206 -0.00337789161
v 0.00604096055 0.00158240111 -0.00299174315
v 0.00454526208 0.000427706982 -0.0066707381
v 0.00469811819 0.000928278198 -0.00632544095
v 0.00483021559 0.00119286065 -0.00612278329
v 0.00541977352 0.00222327444 -0.00407126779
v 0.00551377144 0.00209970772 -0.00355879567
v 0.00559671782 0.00195632875 -0.00308589684
v 0.00422808342 0.000585383154 -0.00638703164
v 0.00436370494 0.00109260762 -0.00625750003
v 0.00480460143 0.00121947308 -0.0061289533
v 0.0048102038 0.00243944279 -0.00468580099
v 0.00491102785 0.00230797939 -0.00421570661
v 0.00502745574 0.00220448663 -0.00368974311
v 0.0034760402 0.00156335754 -0.00704096071
v 0.00386008294 0.00153176975 -0.00648325356
v 0.00474134739 0.0025109835 -0.00470238738
v 0.00453098584 0.00263515324 -0.0043041748
v 0.00433220901 0.00305548706 -0.00399376405
v 0.00605292711 -0.00176831405 -0.00605357671
v 0.00609571161 -0.00170057639 -0.00544183236
v 0.00636057649 -0.00147030817 -0.00488910032
v 0.00644842861 -0.00114506984 -0.00437666755
v 0.00650390796 -0.000828620105 -0.00386309507
v 0.00676034065 -0.000439552299 -0.00341739738
v 0.00687776739 -0.00021085632 -0.00318384008
v 0.00554389926 -0.00169551582 -0.00598195055
v 0.00572929112 -0.00180934195 -0.00554644037
v 0.00629973039 -0.000797262357 -0.00359670888
v 0.00645046448 -0.000554599508 -0.00327326078
v 0.00661391718 -8.05155432e-05 -0.00290786964
v 0.00644600252 0.000380114536 -0.00258130627
v 0.00489532668 -0.0012862084 -0.00624837913
v 0.00615030434 0.000834452221 -0.00241198693
v 0.00445262156 -0.000729520456 -0.00636977609
v 0.00582486903 0.00148127088 -0.0025308684
v 0.0042086076 2.91113975e-05 -0.00639332877
v 0.00396966841 0.000276756706 -0.00602827687
v 0.00509845559 0.00212366297 -0.00320257898
v 0.00527931377 0.00199457374 -0.00279900944
v 0.00418845238 0.000553505379 -0.00636000419
v 0.00392137002 0.000766024343 -0.00598964794
v 0.00366342836 0.000994929927 -0.00558655988
v 0.00443872157 0.00227574306 -0.00384524744
v 0.00456320262 0.00219552452 -0.00334052881
v 0.00469570234 0.0021786599 -0.00275199302
v 0.00315698725 0.00139010581 -0.00665790541
v 0.00331017911 0.00133176474 -0.00610467233
v 0.00343842525 0.00122870551 -0.00564076006
v 0.00434139417 0.00237686513 -0.00386869232
v 0.00414166087 0.00259573897 -0.00344513403
v 0.00398189388 0.0028603354 -0.00289391959
v 0.00774114439 -0.00907569192 -0.00118697807
v 0.00788060296 -0.00889790524 -0.000895266188
v 0.00789403636 -0.00875017326 -0.000498687383
v 0.00754774315 -0.00923125725 -0.00105508498
v 0.00759610813 -0.00912674237 -0.000701250392
v 0.00770811131 -0.00889972411 -0.000371892762
v 0.00779309263 -0.00833869353 -0.0016447017
v 0.00801565312 -0.00817791279 -0.00129343767
v 0.00808469672 -0.00788008701 -0.00076202926
v 0.00805400591 -0.00763888983 -0.000331526389
v 0.00742063997 -0.0079257777 -0.00176632521
v 0.00770651503 -0.00758929737 -0.00150178757
v 0.00788067468 -0.00730383908 -0.000993543072
v 0.0079208957 -0.00718625542 -0.000318155973
v 0.00785525516 -0.00686392514 0.000192905252
v 0.00780545082 -0.00663252035 0.000566925213
v 0.00706418091 -0.00760863675 -0.00173584512
v 0.00707726972 -0.00719904574 -0.0015128518
v 0.00738631608 -0.00679569272 -0.00110988074
v 0.00752721727 -0.00653698528 -0.00057895534
v 0.00756068435 -0.00636469433 2.52364553e-05
v 0.0075538978 -0.00619407231 0.000647164881
v 0.00672206096 -0.00686074561 -0.00134403317
v 0.00670245104 -0.00645131571 -0.00102842366
v 0.00691269012 -0.00612549856 -0.000613341515
v 0.0070329709 -0.00588337751 -6.83536637e-05
v 0.0070560975 -0.00565952435 0.000563500042
v 0.00640052464 -0.00614944287 -0.00082004763
v 0.00645906804 -0.00593117671 -0.000583942805
v 0.00657979958 -0.00560571253 -8.08055629e-05
v 0.00670428528 -0.00545952283 0.000362083723
v 0.00760003785 -0.00877246819 -0.00147754326
v 0.00803170633 -0.00861789472 -0.00107764918
v 0.00798068009 -0.00842146017 -0.000457290735
v 0.00794524513 -0.00788896717 2.68485746e-05
v 0.00787937082 -0.00765750511 0.00058346719
v 0.00783165451 -0.00748292077 0.00100100436
v 0.00701538473 -0.00830231234 -0.00170804153
v 0.00798086356 -0.00743158534 5.16445143e-05
v 0.00792110153 -0.00726385694 0.000374737661
v 0.00778534217 -0.00696003716 0.000977599993
v 0.0066660475 -0.00778603693 -0.00161135604
v 0.00647669006 -0.00742977951 -0.00146882387
v 0.00765277678 -0.00634753751 0.0009334184
v 0.00630964711 -0.00704796612 -0.00126342697
v 0.00615295861 -0.00663314434 -0.0010039144
v 0.00687078433 -0.00541827641 0.000761464995
v 0.006053383 -0.00632142881 -0.000782265444
v 0.00592693361 -0.00590341166 -0.000435996801
v 0.00616144342 -0.00548932748 -2.22375966e-05
v 0.00646531675 -0.00529633835 0.000546663476
v 0.00557990186 -0.0057054311 -0.00019610874
v 0.00566117046 -0.00540655525 7.60352996e-05
v 0.00576931657 -0.00507122464 0.000577747822
v 0.00707208691 -0.00911077112 -0.00111658988
v 0.00721975835 -0.00917272363 -0.00057312625
v 0.00751619181 -0.00884370599 -0.000116180046
v 0.00757010281 -0.00846953224 0.000376575073
v 0.00758922938 -0.00807288848 0.000872452511
v 0.00757289026 -0.00771393394 0.00127187232
v 0.00655147387 -0.00866535306 -0.00134805636
v 0.00753536122 -0.0074666841 0.00150846713
v 0.00616002455 -0.00813816674 -0.00130025286
v 0.0059579974 -0.00780462148 -0.00120308658
v 0.00574632548 -0.0073764394 -0.00100844039
v 0.00556959258 -0.00699755084 -0.000820701593
v 0.00544808991 -0.00666305283 -0.000604334869
v 0.00530022336 -0.00623241626 -0.000313233671
v 0.00520396978 -0.00592415221 -9.07849462e-05
v 0.00511772092 -0.00550502026 0.000277100567
v 0.00514595443 -0.00511547597 0.00072568818
v 0.00491523743 -0.00502668554 0.000946733519
v 0.00579971774 -0.00174620829 -0.00513118645
v 0.00588248158 -0.00160828943 -0.00468650321
v 0.00601490214 -0.00132643629 -0.00416479725
v 0.00613384182 -0.00108794565 -0.00387138338
v 0.00521924486 -0.00166139507 -0.00569782499
v 0.0053175888 -0.00171698863 -0.00522196107
v 0.00549358502 -0.00164123613 -0.00456140097
v 0.00568765262 -0.00142343354 -0.00402484508
v 0.00594918476 -0.0010626947 -0.00359098986
v 0.00600168156 -0.0007218846 -0.00306417909
v 0.00606964855 -0.000375985925 -0.00255653681
v 0.00604329444 2.07738485e-05 -0.00212721247
v 0.0047184471 -0.00135579822 -0.00581424497
v 0.00455625728 -0.00141225243 -0.00538443821
v 0.00591631094 0.000360966136 -0.0019121659
v 0.00424735341 -0.000821944908 -0.00591628347
v 0.00407755515 -0.000892038574 -0.00551372115
v 0.00400997419 -0.000345786684 -0.00597386528
v 0.00376556371 -0.000118094729 -0.00555511471
v 0.00350922742 8.82184831e-05 -0.00517906668
v 0.00370483357 0.000372604874 -0.00553577207
v 0.00344209373 0.000615355675 -0.00514620589
v 0.00317859557 0.000856746221 -0.00475935638
v 0.00412541116 0.00220784731 -0.00300936075
v 0.00423706835 0.00226264703 -0.0026659565
v 0.00287324144 0.00132515258 -0.00578537676
v 0.00297640683 0.00117809256 -0.00524218474
v 0.00305435644 0.000985829043 -0.00478928396
v 0.00407085242 0.00226453342 -0.00302250334
v 0.00404717168 0.00245994749 -0.00271170004
v 0.00487380615 -0.00165044062 -0.00487560453
v 0.00496130297 -0.00161648856 -0.00442513963
v 0.00500952639 -0.00148735603 -0.00383390486
v 0.00526262727 -0.00124454231 -0.0032959138
v 0.00533478707 -0.000903000531 -0.00278726127
v 0.00542017445 -0.000575201178 -0.00227542245
v 0.00557567785 -0.000212893268 -0.00173736049
v 0.00445355941 -0.00142217323 -0.00500089396
v 0.0043644174 -0.00142343307 -0.00436436338
v 0.00456402032 -0.00151416729 -0.00394962542
v 0.00575168384 0.000105986524 -0.00167083868
v 0.00394682121 -0.000924510183 -0.00511105731
v 0.00380704645 -0.000940782716 -0.00460098963
v 0.00366321718 -0.00043109525 -0.00515134819
v 0.00345347985 -0.000244340859 -0.00470962655
v 0.00323439529 -7.43428245e-05 -0.00430137618
v 0.0032946018 0.000295177684 -0.00475621084
v 0.0030851867 0.000482943724 -0.0043919133
v 0.00261654519 0.00120965065 -0.00491327699
v 0.0026974557 0.00100644398 -0.0043793479
v 0.00242868531 0.00110399327 -0.00400343817
v 0.00467712246 -0.00144560926 -0.00354900537
v 0.00477808574 -0.00127790973 -0.0031438903
v 0.00490650814 -0.000988297164 -0.00262495247
v 0.00491023948 -0.000883515109 -0.00200895499
v 0.00512929773 -0.000730478612 -0.00141665735
v 0.00413085008 -0.00129985821 -0.00413391367
v 0.00418879045 -0.00133543252 -0.00362353632
v 0.00432500569 -0.00124417071 -0.00303424918
v 0.00457432494 -0.00108016818 -0.0024861889
v 0.00465210248 -0.00102156959 -0.00212121173
v 0.00373424916 -0.00092665269 -0.00423783669
v 0.00354934158 -0.00089427887 -0.0036300167
v 0.00328379171 -0.000704376842 -0.00336160348
v 0.00345192337 -0.000533310813 -0.00427714316
v 0.00322905625 -0.000327792135 -0.00391854066
v 0.00306497421 -0.00036857347 -0.00341267046
v 0.00288715027 0.000355344731 -0.00391238648
v 0.00271019968 0.000272429199 -0.0035354353
v 0.00272955559 0.000736095768 -0.00393238105
v 0.00239072437 0.000854327867 -0.00370542379
v 0.00408704299 -0.00154191884 -0.00177670608
v 0.00441361219 -0.0013552357 -0.00163409975
v 0.00474082073 -0.00120086665 -0.00107267254
v 0.00374487019 -0.00121194951 -0.00325060287
v 0.00371416239 -0.00128251454 -0.00280339411
v 0.00406778697 -0.00135549693 -0.00214150851
v 0.00439125346 -0.00123138668 -0.00194332167
v 0.00359752611 -0.00105886057 -0.00328609603
v 0.0033170206 -0.000977966702 -0.00302653504
v 0.0028437383 -0.000489369675 -0.00301526184
v 0.00237641647 6.43035164e-05 -0.00304747396
v 0.00188969378 0.000583197514 -0.00314915576
v 0.00404280378 -0.00157750351 -0.00174653623
v 0.00399703486 -0.00166070811 -0.00134828733
v 0.00425862707 -0.0015738837 -0.000751263113
v 0.00334687228 -0.00143729988 -0.00236268621
v 0.0035271598 -0.0016008669 -0.00192124606
v 0.00371204829 -0.00175618636 -0.00146333245
v 0.00292738248 -0.00131475856 -0.00236535352
v 0.00296995696 -0.00158105069 -0.00210596691
v 0.00240850798 -0.000800996204 -0.00255257916
v 0.00191267859 -0.00029842736 -0.00268686959
v 0.00140777172 0.000187868369 -0.00285366457
v 0.00360388029 -0.00187212403 -0.000908552087
v 0.0036345711 -0.00189583888 -0.000472282729
v 0.00293693063 -0.001803839 -0.00149211835
v 0.00327794207 -0.00191638805 -0.00101946224
v 0.00327865174 -0.0020204389 -0.000581425498
v 0.00247853529 -0.00139106438 -0.00215334375
v 0.00252060755 -0.00158309902 -0.00183409732
v 0.00192938186 -0.00113357231 -0.00217083399
v 0.00195442652 -0.00135779148 -0.00190366618
v 0.00143833319 -0.000680174038 -0.0023642478
v 0.000933077186 -0.000194503984 -0.00253229262
v 0.00326531287 -0.00204503722 -9.88563261e-05
v 0.0025849638 -0.00188536919 -0.00120951317
v 0.00263238465 -0.00203470769 -0.000793005456
v 0.00299327332 -0.00211842731 -0.000181750394
v 0.00212015491 -0.00178374304 -0.00124810566
v 0.00218223059 -0.0019878007 -0.000941916718
v 0.00151024596 -0.00112912618 -0.0019803266
v 0.00156026485 -0.00136200979 -0.00162379933
v 0.00116400071 -0.00087105023 -0.00204868638
v 0.000974447699 -0.000976557552 -0.00171686127
v 0.000608206203 -0.000420392433 -0.00215794356
v 0.0004135294 -0.000535085099 -0.00184446538
v 0.00222949707 -0.00218354352 -0.000390591507
v 0.00229300116 -0.00222451426 8.7952576e-05
v 0.00167068432 -0.00181983516 -0.00100072823
v 0.0017409944 -0.00202697772 -0.000542615773
v 0.00182284124 -0.00221343897 -4.31930675e-05
v 0.00125813682 -0.00156595011 -0.00107639132
v 0.00106920686 -0.00167034066 -0.000742335338
v 0.000584906898 -0.00113427965 -0.00114451104
v 0.000588288356 -0.00134342024 -0.000850158394
v 0.000130679618 -0.000695743307 -0.00136321003
v 0.00473576644 0.00377731095 -0.00199594023
v 0.00480541773 0.00390217267 -0.00174653518
v 0.0058789961 0.00100375549 -0.00207596133
v 0.00562950224 0.00150222774 -0.00200327858
v 0.00543970009 0.00178885215 -0.00168174144
v 0.00526603824 0.0020440158 -0.00214406988
v 0.00535013992 0.00220769388 -0.00159977446
v 0.00531765353 0.0025835475 -0.00117225444
v 0.00472909631 0.00250309007 -0.00222818134
v 0.00504254503 0.002915408 -0.00181811315
v 0.00513852341 0.0030817748 -0.00117440242
v 0.00499354163 0.00332836132 -0.000746017613
v 0.00424460322 0.00305770803 -0.00237053959
v 0.00470338576 0.00345988316 -0.00203513936
v 0.00486192061 0.00374500197 -0.00146349985
v 0.00475311093 0.00382779329 -0.000735173351
v 0.00458477391 0.00403054524 -0.000410994224
v 0.00741827348 -0.00589955645 0.000932266237
v 0.00723654497 -0.00571074244 0.000888490235
v 0.00764035014 -0.00671774801 0.0014575012
v 0.00747037632 -0.00618889416 0.00138465199
v 0.00728758145 -0.00603096001 0.00183447066
v 0.00703616487 -0.00554894563 0.00112319319
v 0.00694371667 -0.00553666288 0.00179761928
v 0.00644887937 -0.00515666511 0.00113053352
v 0.00638733385 -0.00509334961 0.0016591209
v 0.00590959843 -0.00491754338 0.00116142584
v 0.00601750938 -0.00489105238 0.00152256363
v 0.00743668387 -0.00696170982 0.00182520552
v 0.00724791316 -0.00677640503 0.00216699694
v 0.0074884803 -0.00650558062 0.00186022418
v 0.00716757216 -0.00634430442 0.00215881015
v 0.00673507387 -0.00570602901 0.00230245758
v 0.00650680065 -0.00559700793 0.00251302263
v 0.00631564995 -0.00507832365 0.00202151458
v 0.00615853164 -0.00507041253 0.00257515907
v 0.00596165797 -0.00481302803 0.00296067214
v 0.00550434692 -0.00479061715 0.00121105684
v 0.00577650219 -0.00469924835 0.00175190729
v 0.00579755707 -0.00448403135 0.00237527024
v 0.00579287345 -0.00435480382 0.00301167183
v 0.00566619821 -0.00406473456 0.00337494235
v 0.00497212168 -0.004674647 0.00130163296
v 0.00502496446 -0.00427182857 0.00171752996
v 0.00538756512 -0.00390802324 0.0022013979
v 0.00546893058 -0.00369720464 0.00277292472
v 0.00541785825 -0.00356775732 0.00342612318
v 0.00525254663 -0.00329879811 0.00374092394
v 0.00460508745 -0.00390917575 0.00184151425
v 0.0046660942 -0.00350960158 0.00213680044
v 0.00498515973 -0.0031805411 0.00264936686
v 0.00502882805 -0.00300004473 0.00324660144
v 0.00499985227 -0.00291565363 0.00373088289
v 0.00578379957 0.000740107324 -0.00166482292
v 0.00565624097 0.000927698042 -0.00114482245
v 0.005642951 0.00130733603 -0.00169549533
v 0.005508848 0.00148916349 -0.00123461918
v 0.00542627554 0.00173459225 -0.000634322525
v 0.00535449712 0.0019361109 -0.000274396705
v 0.00542666297 0.00198287889 -0.00130870857
v 0.00531623792 0.00234741624 -0.000856384984
v 0.00517355371 0.00243596151 -0.000230539765
v 0.00498984335 0.00270130718 0.000115852017
v 0.0043434049 0.00243644696 -0.00232319231
v 0.00517668948 0.00282153091 -0.000785501848
v 0.00500647444 0.00312202936 -0.000452598237
v 0.00480243703 0.00320928288 0.000168764484
v 0.0046031205 0.00347597199 0.000508078898
v 0.00414476823 0.00264282827 -0.0023710411
v 0.00483592274 0.00360670546 -0.000374820025
v 0.00459873863 0.00383311557 -7.13649206e-05
v 0.00440806989 0.00384965236 0.000485064578
v 0.00554229179 -6.49372232e-05 -0.00116539653
v 0.00550705055 2.94120109e-05 -0.000800597016
v 0.00569143379 0.000217112189 -0.00134825241
v 0.00554361055 0.000561544904 -0.000770370825
v 0.00547487335 0.000889723131 -0.000224920514
v 0.00543274125 0.00107266079 0.000188142702
v 0.0055272528 0.00114865939 -0.000752892287
v 0.00547809619 0.00132337958 -0.000442925782
v 0.00531279296 0.00161643082 0.000156615803
v 0.00511489995 0.00182079186 0.000589429284
v 0.00516140508 0.00219286536 0.000117516116
v 0.00494045485 0.00239155721 0.000551823177
v 0.00471732672 0.00258634542 0.000978334341
v 0.00476703094 0.0029612605 0.000514463405
v 0.00453324802 0.00316381548 0.000945518666
v 0.00429506553 0.00335848425 0.00136082165
v 0.00427504163 0.00381533522 0.000889293035
v 0.00411883788 0.00376961194 0.00134053372
v 0.00528034382 -0.000470898405 -0.000889002346
v 0.00533753447 -0.000147657265 -0.000405609026
v 0.00526694302 -3.19760293e-05 0.000128986372
v 0.00541333202 0.000181196316 -0.000383883948
v 0.00534244673 0.000310894335 0.000142445031
v 0.00528219203 0.000806895609 0.000585962087
v 0.0051218383 0.000977738644 0.00101856259
v 0.00525588216 0.00128451968 0.000597998966
v 0.00502216257 0.00149849756 0.0010144487
v 0.00478803366 0.00171174004 0.00142942858
v 0.00487484317 0.00206875871 0.000998857431
v 0.00463918876 0.00226965197 0.00140845904
v 0.00440772111 0.00247805007 0.00183304981
v 0.00446550548 0.0028533726 0.00138150621
v 0.00422479492 0.00304745766 0.00180087762
v 0.00398211787 0.00323801604 0.00221320451
v 0.00397324003 0.00372518389 0.00175333407
v 0.00381268421 0.00367165846 0.00218899059
v 0.00490288762 -0.000952736998 -0.000542362686
v 0.00500588538 -0.000643234875 -2.62818648e-05
v 0.00507735182 -0.000228113728 0.00048632652
v 0.0049821795 -0.000117109506 0.000912636635
v 0.00521288533 0.000109816086 0.00053962582
v 0.00505852234 0.000194290886 0.000956932257
v 0.00490570627 0.000706269173 0.00143904204
v 0.0047178953 0.000844739261 0.00183012302
v 0.00489299512 0.00114689954 0.00146431266
v 0.00465268921 0.00136875536 0.00184572861
v 0.00442333566 0.00161024393 0.00226636045
v 0.00454329886 0.00193867902 0.00185069081
v 0.00430360856 0.00215170393 0.00226037856
v 0.00406300649 0.00236309366 0.00266680028
v 0.00414759945 0.00273086061 0.00224565645
v 0.00387834688 0.0029284854 0.00264949561
v 0.00364160142 0.00360673154 0.00261917152
v 0.00446489686 -0.00137168006 -0.000210305472
v 0.00458958745 -0.00108471652 0.000311000855
v 0.0046605994 -0.000741981727 0.000819376786
v 0.00468286686 -0.000359587488 0.00133913488
v 0.00454927888 -0.000301562715 0.00172522082
v 0.00480113784 -5.96186146e-05 0.00140094315
v 0.00463239755 7.34917121e-05 0.00177593669
v 0.00451500854 0.000585135538 0.00217119348
v 0.00440825941 0.000904304557 0.0023911139
v 0.00422000512 0.00133719505 0.00269613788
v 0.00400325004 0.00148002862 0.00308323815
v 0.0041634473 0.00179636152 0.0027122912
v 0.00391030125 0.00201587612 0.00309536839
v 0.00376221444 0.00260901148 0.00309421611
v 0.00395051949 -0.0017112589 0.000103351631
v 0.0040963795 -0.00144629017 0.000629757415
v 0.00420352165 -0.00114109437 0.00114683656
v 0.00426181033 -0.000785139622 0.00165214762
v 0.0042759846 -0.000525849755 0.00197875872
v 0.00426730001 -0.000308568822 0.0022223019
v 0.00420872401 0.000227268785 0.00262761186
v 0.00405335706 0.000418703246 0.00302119181
v 0.00426465785 0.000682144077 0.0026627956
v 0.0040533524 0.000781726791 0.00305375317
v 0.0038484931 0.00122552388 0.00341761112
v 0.00370845292 0.00157928187 0.00362951262
v 0.00327809365 -0.00199703407 0.000379075413
v 0.00354578556 -0.00174824067 0.00093469047
v 0.00369930989 -0.00149123487 0.00146294234
v 0.00378578296 -0.0011645637 0.00197504275
v 0.00381229492 -0.000848517404 0.00250028144
v 0.00369536947 -0.000826538075 0.0029199603
v 0.00294168107 -0.00215128553 0.000280228414
v 0.00395114301 -0.000611218624 0.00257001817
v 0.00384670263 -0.000490088831 0.00297349296
v 0.00386075256 6.84827683e-05 0.003464618
v 0.0037543634 0.000285338057 0.00405711588
v 0.00385387102 0.000546736934 0.00347933336
v 0.00370526314 0.000864365138 0.00385068334
v 0.00359859248 0.00134057435 0.00392182171
v 0.00427166559 -0.00318011735 0.00227085245
v 0.0042814007 -0.0027753152 0.00269715465
v 0.00439509051 -0.00257614185 0.003156811
v 0.00449006772 -0.00228989637 0.00380301615
v 0.00442524953 -0.00188234414 0.00425518723
v 0.00447342265 -0.00172842341 0.00451774709
v 0.00401354535 -0.00251484872 0.00291090412
v 0.00402450515 -0.00249520107 0.00295014936
v 0.00430075964 -0.00198666938 0.00394827686
v 0.00421554642 -0.00162437325 0.00418102322
v 0.00428010663 -0.00140161952 0.0045284708
v 0.00297936285 -0.0020795688 0.000700330012
v 0.00297006406 -0.00198573712 0.00128362747
v 0.00315558142 -0.00180031813 0.00176952919
v 0.00337262056 -0.00160930376 0.00231308094
v 0.00354895392 -0.00137599697 0.00284682726
v 0.00366748846 -0.00104644347 0.00330207497
v 0.00385332876 -0.000972198206 0.00395567669
v 0.00394911179 -0.000735265086 0.00454061339
v 0.00268288143 -0.00217790972 0.000635854551
v 0.00270181475 -0.00211164006 0.00123447925
v 0.00372934644 -0.000656408549 0.00329182739
v 0.00379230711 -0.0004429252 0.00371132162
v 0.00378571427 -0.000142340054 0.0042624725
v 0.00360775134 0.00312370248 0.00304852589
v 0.00347013539 0.00353364833 0.00301576196
v 0.0036621585 0.00224435888 0.0034963591
v 0.0035484517 0.00276107015 0.00339789595
v 0.00326314149 0.00336788991 0.00353862392
v 0.00305300113 0.00351383584 0.00383937801
v 0.00353478245 0.00196366105 0.00382821728
v 0.0033051651 0.00250139926 0.00399629725
v 0.00310256612 0.00264820037 0.00427553058
v 0.00321515021 0.00300630135 0.00388403051
v 0.00292118406 0.0032054605 0.0042721522
v 0.00262621208 0.00340281636 0.00465667248
v 0.00366903283 0.000454097259 0.00439488841
v 0.00353245996 0.000940736383 0.00444990396
v 0.00334894727 0.00121277617 0.00479540322
v 0.00340342429 0.00163167086 0.00424438901
v 0.00318950485 0.00164223649 0.00474337535
v 0.00323362229 0.00211227359 0.00432679756
v 0.00296872784 0.00231382647 0.00471433531
v 0.00270622829 0.00251967227 0.00511044823
v 0.00279142614 0.00289874105 0.00470352173
v 0.00246784044 0.00309828157 0.0051036207
v 0.00213633873 0.00328363106 0.00547537394
v 0.00380633026 -0.000479036447 0.00486792531
v 0.0036486187 0.000132443412 0.004816995
v 0.0034931954 0.000370852707 0.00530835148
v 0.00352749228 0.000705911545 0.0047748778
v 0.00331612886 0.000902293716 0.005259139
v 0.00308191893 0.00105772039 0.00566159468
v 0.00301120803 0.00157150661 0.00517847529
v 0.00284784846 0.00151295518 0.00560409203
v 0.00283826026 0.00198216341 0.00515084155
v 0.0025075383 0.00220028521 0.00557323964
v 0.00215510395 0.00237948401 0.00591789
v 0.00227610534 0.00276691024 0.00557332113
v 0.00204920094 0.00288549601 0.00579156773
v 0.00416490948 0.00167322042 -0.0139678707
v 0.00445303274 0.00168235647 -0.0135666262
v 0.00386792375 0.00198596786 -0.0140316887
v 0.0039792778 0.00216084137 -0.0137396958
v 0.00362570584 0.00225828309 -0.0140500637
v 0.00369438389 0.00241727848 -0.0137885148
v 0.00194049673 0.00437380979 -0.014131234
v 0.0015558335 0.00476274733 -0.0142582469
v 0.00126859779 0.00509490911 -0.0142222885
v 0.00332739623 6.12278818e-05 -0.0157292299
v 0.00352364895 0.000307074224 -0.0154835591
v 0.00377967278 0.000658381672 -0.0150311431
v 0.0040141046 0.000992321409 -0.0145640019
v 0.00423717033 0.00135542173 -0.0140806427
v 0.00453231949 0.00142656779 -0.0136500904
v 0.0028327289 0.000571514713 -0.0158350561
v 0.00303183636 0.000817268388 -0.0156016331
v 0.0032958989 0.00117504201 -0.0151546989
v 0.00353317382 0.00151126855 -0.0146894967
v 0.00375377084 0.00182146183 -0.0142673459
v 0.00256284256 0.00083320681 -0.0158411339
v 0.00262510451 0.0010785932 -0.0156188738
v 0.00273592724 0.00150088978 -0.0151614472
v 0.00279499078 0.00189248472 -0.0146732721
v 0.00319654029 0.0022165929 -0.0141850831
v 0.00327315601 0.00253135385 -0.0137279881
v 0.00245773979 0.0021462515 -0.0144722518
v 0.00247877417 0.00244760048 -0.0141640035
v 0.00253159646 0.00287247542 -0.0137575539
v 0.00146438973 0.00279645319 -0.0152867176
v 0.00170495501 0.00296504935 -0.0149067463
v 0.00197441294 0.00318965479 -0.0143946512
v 0.00223481143 0.00337555143 -0.0139265293
v 0.000890965341 0.00300803361 -0.015824249
v 0.00119476393 0.00305821397 -0.0155497184
v 0.00148945372 0.00349053857 -0.0151096433
v 0.00172880385 0.00382843451 -0.0146458568
v 0.00197496545 0.00409941189 -0.0142022381
v 0.000528962817 0.00338853057 -0.0159226228
v 0.000750079751 0.00365623226 -0.0156859029
v 0.00103101553 0.00402757805 -0.015250477
v 0.00126645225 0.00436232612 -0.0147840222
v 0.00142159616 0.00458208611 -0.014480209
v 0.00023933663 0.00367231155 -0.0159377232
v 0.000296737766 0.00394417346 -0.0157034528
v 0.000428317348 0.00435218867 -0.015244673
v 0.000587990275 0.00468364405 -0.0147554111
v 0.00074141752 0.00503043272 -0.0142560825
v 0.00302308984 -0.000210923667 -0.015639795
v 0.00253963331 0.000313825207 -0.0157297831
v 0.00229995023 0.000642791856 -0.0156932324
v 0.00222785491 0.000945863081 -0.0154414829
v 0.00215984043 0.00146584946 -0.0149605051
v 0.00235194759 0.00183571794 -0.014753771
v 0.00194328465 0.00156021991 -0.0146989981
v 0.00210833712 0.00192302489 -0.0144967986
v 0.00201253686 0.00241912296 -0.0140195405
v 0.00195469731 0.00269619073 -0.0137775587
v 0.00117994077 0.00249511935 -0.0151507799
v 0.00148283108 0.00255296566 -0.0146384081
v 0.00177706219 0.00266377837 -0.0140762627
v 0.0019280524 0.00272387452 -0.0137839774
v 0.000675279414 0.00268879929 -0.0156623479
v 0.000964196166 0.00251101772 -0.0154483849
v 0.000221055234 0.00311451452 -0.0158262774
v -5.81280328e-05 0.00348301255 -0.0158010237
v -0.000148520106 0.00383140496 -0.0155226486
v -0.000154178124 0.0042537991 -0.0150327412
v -6.02400396e-05 0.00457271421 -0.014518843
v 5.27407974e-05 0.00487360684 -0.0139796613
v 0.00268527796 -0.000467345177 -0.0153434174
v 0.00252667186 -0.000517375825 -0.0149007794
v 0.00222193636 7.1195187e-05 -0.0154574243
v 0.00206012279 1.54154841e-05 -0.0150262704
v 0.00203410722 0.000427325722 -0.0155096669
v 0.00188353972 0.000518393703 -0.0150729828
v 0.00178701873 0.00100500125 -0.0146256676
v 0.00173032272 0.00124144705 -0.0140509298
v 0.00176696654 0.00150264322 -0.0134921344
v 0.00185015891 0.00176007708 -0.0129444553
v 0.00180856884 0.0014518596 -0.0146071268
v 0.00177337404 0.00163372327 -0.0142593412
v 0.00176612462 0.00194052409 -0.0137111191
v 0.00176384894 0.00225562742 -0.0132308044
v 0.000851092394 0.00230532303 -0.0148742674
v 0.00095547433 0.00237471354 -0.0144018931
v 0.00111883041 0.00251776399 -0.0138193369
v 0.00124058011 0.00266175484 -0.0133059453
v 0.00031476072 0.00250752317 -0.0154412184
v 0.00035513402 0.00244702329 -0.0149544002
v 0.000448112609 0.00246485253 -0.014305328
v 0.000647334615 0.00257063657 -0.0137141319
v 0.00074368855 0.00267555239 -0.0133837275
v -9.29736998e-05 0.0028790785 -0.015538116
v -0.000221729046 0.00285632955 -0.0149532044
v -0.000410826411 0.00305771688 -0.0146539994
v -0.000335615361 0.00324533926 -0.0155939162
v -0.000425647013 0.00340879639 -0.0152336806
v -0.000469465274 0.00361223845 -0.0146585843
v -0.000394825824 0.00404633395 -0.0141618773
v -0.000284664799 0.00434839306 -0.0136440704
v 0.00243790261 -0.000516092463 -0.0145267351
v 0.0024188098 -0.000436245988 -0.0141030811
v 0.00243495335 -0.000277889485 -0.0134870745
v 0.00249602413 -8.33948725e-05 -0.0129017085
v 0.00260184682 0.000147096289 -0.01234686
v 0.00195214292 1.24541111e-06 -0.0146391243
v 0.00192574831 7.29437452e-05 -0.0142203029
v 0.00193030154 0.000221977709 -0.0135963922
v 0.001990441 0.000415723538 -0.013010391
v 0.00210443744 0.000652788905 -0.0124611175
v 0.00174391933 0.000320060528 -0.0146625433
v 0.00171659898 0.00047977455 -0.0143655678
v 0.00170626806 0.00076920318 -0.0138077885
v 0.00176241843 0.00104608992 -0.0132622961
v 0.0018682339 0.00132172077 -0.0127300452
v 0.000843765214 0.00283577153 -0.0130253602
v -4.60001174e-05 0.00260430272 -0.0146022849
v 8.81995074e-05 0.00262824749 -0.0142866168
v 0.000306250528 0.002749176 -0.0137082608
v 0.000532008242 0.00291786203 -0.0131899808
v -0.000115308445 0.00267631328 -0.0146189798
v -0.000260709552 0.00295042014 -0.0143855521
v -0.000204490265 0.00317915436 -0.0137808891
v -8.04974698e-05 0.00342426077 -0.0132384328
v -0.000508468831 0.00336158811 -0.0143123316
v -0.000463830074 0.0035803474 -0.0139093157
v -0.000352911185 0.00385703659 -0.0133790197
v 0.0046267421 0.00192121835 -0.0131007554
v 0.00477817561 0.00218839757 -0.0125770122
v 0.00485774875 0.00235452829 -0.0121907936
v 0.00415538764 0.00244786893 -0.0132327806
v 0.00431218417 0.00271936157 -0.0127126956
v 0.00439437432 0.00290151732 -0.0122682229
v 0.00382862845 0.00271919416 -0.0132773621
v 0.00396739133 0.00300245173 -0.0127581311
v 0.00407022983 0.00314588635 -0.0124089485
v 0.00247623073 0.00422955398 -0.0134908315
v 0.00264003361 0.00441645551 -0.0130953426
v 0.00272327755 0.00462190202 -0.0126967197
v 0.0030694236 0.00533943251 -0.0112703517
v 0.00310081011 0.00539569743 -0.0111579653
v 0.00222653616 0.00444938149 -0.0137371067
v 0.00241780817 0.004818758 -0.0132346889
v 0.00252436451 0.00502915587 -0.0126350699
v 0.00240204856 0.00529555883 -0.012342032
v 0.00280201994 0.00561574753 -0.01139211
v 0.00284883566 0.00582160009 -0.0110637117
v 0.00270932866 0.00613743346 -0.0108191837
v 0.00175801036 0.00504845986 -0.0138652176
v 0.00195372943 0.00535126077 -0.0133716762
v 0.00205635373 0.00557917915 -0.0128146475
v 0.00205887924 0.0056734439 -0.0124185504
v 0.00230903504 0.00612568576 -0.0115064243
v 0.00243588816 0.00624771789 -0.0111609483
v 0.00267905276 0.00616888981 -0.0108264768
v 0.00133814756 0.00535598863 -0.0139019219
v 0.00146696204 0.00568559533 -0.0134031167
v 0.00163463433 0.00588866137 -0.0128518119
v 0.00175034814 0.00593724987 -0.0125103621
v 0.002035229 0.00641092379 -0.0115135554
v 0.00206595892 0.00646601245 -0.0114035187
v 0.00487743504 0.00244304887 -0.0118907113
v 0.00484961132 0.00253660046 -0.0113716992
v 0.00494390167 0.00275781588 -0.0108089866
v 0.00509643601 0.00302588008 -0.010285994
v 0.00515398616 0.00315104239 -0.00960314553
v 0.00505567202 0.00341779203 -0.00924329739
v 0.00440335693 0.00298142829 -0.0119608417
v 0.0044093458 0.00308825797 -0.0115249269
v 0.00451928703 0.00332206162 -0.0109728873
v 0.00464851875 0.00357138249 -0.0104340035
v 0.00468719751 0.00374786509 -0.00983336568
v 0.0046938723 0.00388038252 -0.0092895031
v 0.00342620863 0.00284839747 -0.0132296616
v 0.00358269224 0.0031459094 -0.0127225155
v 0.00380100217 0.00331156934 -0.0121767167
v 0.00381913059 0.00351930084 -0.0115758926
v 0.00394756859 0.00376798306 -0.0110364677
v 0.00406498928 0.00400780328 -0.010489529
v 0.00407724502 0.00421562186 -0.00987607054
v 0.00428236462 0.00421478692 -0.00943243504
v 0.00284626288 0.00320643792 -0.0132469488
v 0.00302530639 0.00349582592 -0.0127420351
v 0.00315416651 0.00374484807 -0.012202898
v 0.00325962575 0.00397504633 -0.0116478028
v 0.00340525806 0.00423755916 -0.0111201033
v 0.00353553961 0.00448772451 -0.0105819358
v 0.0036050675 0.00466875127 -0.00997105893
v 0.00349778775 0.00495717674 -0.00965597108
v 0.00247650035 0.00385355251 -0.0135086197
v 0.00271325 0.00402245251 -0.0129185366
v 0.00279931794 0.00440383982 -0.012398799
v 0.00286708749 0.00456509367 -0.0118335783
v 0.00303989043 0.00491895806 -0.0113145979
v 0.00320743024 0.00518862996 -0.0108469678
v 0.00327436626 0.00532880798 -0.0102302833
v 0.00329245324 0.00546206534 -0.00961177982
v 0.00227889116 0.00409433851 -0.0138345538
v 0.00266213063 0.00487270718 -0.0123386784
v 0.00249940366 0.00514229015 -0.0120434789
v 0.00260375952 0.00538358837 -0.0115704108
v 0.00299013406 0.00573155098 -0.0108286683
v 0.00288728531 0.00598555896 -0.0105161406
v 0.00293756812 0.00610906165 -0.00982705597
v 0.00201047212 0.00570719223 -0.0120720305
v 0.00211737771 0.00589883747 -0.011689228
v 0.00230916846 0.00644760439 -0.0109956944
v 0.00248240982 0.00641801022 -0.0106195724
v 0.00245496444 0.00662666373 -0.00995140988
v 0.000837061321 0.00540582836 -0.0137869352
v 0.000871970085 0.00570248347 -0.0132021802
v 0.00112213381 0.00588431396 -0.0127065089
v 0.00143524923 0.00596922822 -0.0121777337
v 0.0016045894 0.00626236293 -0.0115836766
v 0.00173901755 0.00656305626 -0.0111242039
v 0.00176528469 0.00679173693 -0.0105412379
v 0.00188292004 0.00696371123 -0.00996039342
v 0.00529738003 0.00296857581 -0.00927738473
v 0.00513339695 0.00327464449 -0.0089845527
v 0.00467827357 0.00394052127 -0.00896535814
v 0.00384656573 0.0044155186 -0.00966437347
v 0.00407357095 0.00436051609 -0.00923585892
v 0.00374864694 0.00451725535 -0.00968796108
v 0.00359790958 0.00480199698 -0.00936662871
v 0.00336581888 0.0052498295 -0.00929910038
v 3.40435654e-05 0.00501329219 -0.0133661563
v 0.000333066098 0.00538963731 -0.012895057
v 0.00054623466 0.00560865551 -0.0124076717
v 0.000747891609 0.00581565173 -0.0118678249
v 0.00086841255 0.00610694848 -0.011347523
v 0.000960486126 0.00642779982 -0.0108340736
v 0.00110412738 0.0066950731 -0.0103082024
v 0.00123050727 0.00690886378 -0.00975438114
v 0.00198190054 0.00201455876 -0.0124088563
v 0.00214199047 0.00227530207 -0.0118843094
v 0.00221730629 0.0024451511 -0.0115504134
v 0.00185651181 0.00241031917 -0.0125719719
v 0.00200960552 0.0026788339 -0.0120493621
v 0.00213466398 0.00286046369 -0.0114913639
v 0.00210111379 0.00325962575 -0.010966097
v 0.00204618508 0.00348210498 -0.0106153637
v 0.00127480645 0.00293867104 -0.0126459161
v 0.00151800364 0.00318919751 -0.0121675786
v 0.00165679911 0.00344621111 -0.0116352178
v 0.00172816147 0.00357825286 -0.0110878302
v 0.00198181299 0.00354898674 -0.0106308702
v 0.0010007422 0.00316230603 -0.0124293305
v 0.000929385191 0.00355177117 -0.012152222
v 0.0010611075 0.00378844468 -0.0116814571
v 0.0013110782 0.0037195331 -0.0113195945
v 0.000427334802 0.00417628605 -0.0121029867
v 0.000465736026 0.00424512569 -0.0119654816
v -0.000121002784 0.00459486619 -0.0131133767
v 0.00011014659 0.00471047498 -0.0125051243
v 0.000262310263 0.0049331761 -0.0120193288
v 0.000325403875 0.00538060116 -0.0115320329
v 0.000351625844 0.00578682311 -0.010989639
v 0.000565247494 0.00615404453 -0.0105866427
v 0.000746859936 0.00644829404 -0.0100848805
v 0.00059920561 0.00656148884 -0.00906405412
v 0.000891415053 0.0066714175 -0.00977650471
v 0.00276434096 0.000423171499 -0.0118306605
v 0.0029026398 0.000679785793 -0.0112979608
v 0.00302910013 0.000887123984 -0.0107654305
v 0.00330481492 0.000880666194 -0.0103756161
v 0.00228479062 0.000943229301 -0.0119570959
v 0.00244675763 0.00121888169 -0.0114405379
v 0.00249357359 0.0013650232 -0.0110045476
v 0.0020257365 0.0015969231 -0.0122120138
v 0.00218452211 0.00185661786 -0.0116865775
v 0.00224501034 0.0021057236 -0.0111199617
v 0.00216040364 0.00238746544 -0.0105460174
v 0.00206420058 0.00258971658 -0.0101733385
v 0.0022179205 0.00263107009 -0.0111771347
v 0.00214415602 0.00284135225 -0.0107687134
v 0.002026767 0.00313442806 -0.0102024702
v 0.00194091734 0.00343002984 -0.0096070813
v 0.00190674327 0.00366665539 -0.00913708564
v 0.000914561795 0.00296268566 -0.0127718542
v 0.0014562693 0.00366278621 -0.0108652031
v 0.00163694366 0.00366157782 -0.0103497589
v 0.00154831749 0.00375715178 -0.00972918794
v 0.00180074584 0.00377678568 -0.00916261878
v 0.000707593979 0.00322709023 -0.0126319043
v 0.00070180255 0.00357568194 -0.0123122409
v 0.000909775728 0.00396083621 -0.011519745
v 0.00102681131 0.00390101341 -0.0110535491
v 0.000927567831 0.00396729726 -0.0102987252
v 0.00113946735 0.00385196926 -0.00994106103
v 0.00011148979 0.00372405956 -0.0127423462
v 0.000313716475 0.00401221029 -0.0123390099
v 0.000492093619 0.00433901325 -0.0116699496
v 0.000449366169 0.004431949 -0.0110917212
v 0.000363611965 0.00447678752 -0.0105423275
v -0.000165202422 0.00411357731 -0.0128600812
v 2.08346173e-05 0.00428464729 -0.0124796676
v 0.000246476498 0.00468717236 -0.0116778947
v 0.000193131389 0.00490694027 -0.0112579605
v 0.000110507593 0.00522293057 -0.0106286192
v 7.88780162e-05 0.00554348808 -0.0101451455
v 4.31742519e-05 0.00583106931 -0.0095793549
v 0.000266031944 0.00621678913 -0.00907298364
v 0.00284658652 0.0010642017 -0.0105886115
v 0.00302262744 0.00102926034 -0.0101255002
v 0.00291887298 0.00115399831 -0.00942124333
v 0.00311438809 0.00113455695 -0.00893081911
v 0.00340762455 0.00142905465 -0.00800879672
v 0.00342295528 0.00145653752 -0.00795390084
v 0.0024875463 0.00143286074 -0.0106869303
v 0.00243932358 0.00150364428 -0.0101814372
v 0.00237700762 0.00158530218 -0.00957053714
v 0.00227637356 0.00176923873 -0.010692006
v 0.00220572343 0.00197102362 -0.0103501873
v 0.00209366763 0.00225611241 -0.00971460156
v 0.00200684182 0.0025006677 -0.00916021783
v 0.00197943719 0.00281426637 -0.0086097708
v 0.00198946567 0.00296953833 -0.00831303652
v 0.0020028674 0.00278314739 -0.00978651922
v 0.00195666729 0.00298980391 -0.00939108618
v 0.00193879695 0.00340287294 -0.0088256672
v 0.00182735303 0.0034732311 -0.00825096201
v 0.00129272102 0.0038766698 -0.00952969678
v 0.00154396961 0.0039271554 -0.00897787884
v 0.0014572856 0.00393743953 -0.00832589157
v 0.000745857134 0.00411226973 -0.0100912079
v 0.000892365351 0.00407145172 -0.00970334932
v 0.000846776878 0.00428193575 -0.00902822241
v 0.000816105283 0.00435426272 -0.00858893525
v 0.000326513196 0.00451963255 -0.0102035198
v 0.000300337677 0.00460281922 -0.00973605737
v 0.000311330426 0.00475703273 -0.0091165388
v 0.000294728554 0.00483145751 -0.00872660894
v 8.27515032e-05 0.00486028288 -0.0102301994
v 3.82600119e-05 0.00505792163 -0.00989070907
v 1.39900949e-05 0.00535469968 -0.00933271553
v -8.53324309e-07 0.00556373224 -0.00876836199
v 0.00265534152 0.00130910543 -0.00917918142
v 0.00289420015 0.00128649292 -0.00874734391
v 0.00305395853 0.0014501746 -0.00818309467
v 0.00306210574 0.00155312265 -0.00762921851
v 0.00235568802 0.00164083927 -0.0092424918
v 0.00235499069 0.00172655331 -0.00886989478
v 0.0023903097 0.00190033391 -0.00826696586
v 0.00234893966 0.0019735035 -0.0077796299
v 0.00213781418 0.00193431589 -0.00926587544
v 0.00209563458 0.00211919425 -0.00899403449
v 0.0020829998 0.00244467286 -0.00845365971
v 0.00196313486 0.00264167273 -0.00796122197
v 0.00168673939 0.00311594037 -0.00780163985
v 0.00115108641 0.00399143342 -0.00803376921
v 0.000637484947 0.00428327266 -0.00815361459
v 0.000100588892 0.00474798493 -0.0082807038
v -0.000154949841 0.00522423442 -0.00834538694
v 0.00261854194 0.00158317538 -0.0072481283
v 0.00217772671 0.00190847204 -0.00734936073
v 0.0017491004 0.00248539727 -0.00744192116
v 0.00156950823 0.00284855952 -0.00748657249
v 0.00319920294 0.00578601006 -0.00920165516
v 0.0029045511 0.00626069494 -0.00915183127
v 0.00273035793 0.00650511356 -0.00890515745
v 0.00243375404 0.00676203799 -0.00926064141
v 0.00259186095 0.00664901035 -0.00893851928
v 0.00201741094 0.00703419559 -0.00947866868
v 0.0049678525 0.00337601942 -0.00830552075
v 0.00476259412 0.00360106979 -0.00797853991
v 0.00458809873 0.00395889673 -0.00851175375
v 0.00446886942 0.00395231647 -0.00804517511
v 0.00395971164 0.00444358215 -0.00851513818
v 0.00405109813 0.00433318736 -0.00814539101
v 0.00352139166 0.00486082863 -0.00860161707
v 0.00334262336 0.00504367705 -0.00831605867
v 0.00322522689 0.00556409173 -0.00889264047
v 0.00307946606 0.00557332346 -0.00836654194
v 0.00301277218 0.00611615134 -0.00884834211
v 0.00276894402 0.00623031426 -0.00845043641
v 0.00269251736 0.00638937345 -0.00779957417
v 0.00270562759 0.00662048813 -0.00742378505
v 0.00223819469 0.00695983414 -0.00903656892
v 0.00233264407 0.0068021426 -0.00866792165
v 0.00227102614 0.00691482471 -0.00794492476
v 0.00231993524 0.00706591597 -0.00749627734
v 0.00157561153 0.00704808766 -0.00921057072
v 0.00172932702 0.00711476896 -0.00859353691
v 0.00182921835 0.00725829462 -0.00799349509
v 0.00195340812 0.00736027351 -0.00762385782
v 0.00481058331 0.00297155604 -0.00779661071
v 0.00468177861 0.00330411317 -0.00754854782
v 0.00477019697 0.00341415219 -0.00692646531
v 0.00488705654 0.00371103082 -0.00638404163
v 0.00478066737 0.00402204972 -0.00600263616
v 0.00434283493 0.00392362475 -0.00764571596
v 0.00438949931 0.00408989377 -0.00712228473
v 0.00451844744 0.00433898624 -0.00658320775
v 0.00449041743 0.00444041844 -0.00602934882
v 0.00367161864 0.00461846823 -0.00824645441
v 0.00381696853 0.00445306581 -0.00788165536
v 0.00388776301 0.00459210621 -0.00723359128
v 0.00399774732 0.00482594501 -0.00668158149
v 0.0039719292 0.00491836248 -0.00617578765
v 0.00363076688 0.00466091279 -0.00825629476
v 0.0033971204 0.00488357153 -0.00798762776
v 0.00336247706 0.00507537602 -0.00732883718
v 0.00344060431 0.00528359041 -0.00675510243
v 0.00342352665 0.00535892695 -0.00635926519
v 0.00295628794 0.00554692931 -0.00796903111
v 0.0029943001 0.00568501791 -0.00753122615
v 0.00307365484 0.0058942195 -0.00695832772
v 0.00300426804 0.00603116164 -0.00636015693
v 0.00284673576 0.00633703824 -0.00602734508
v 0.0027784016 0.00593208428 -0.00797585119
v 0.00286412658 0.00607451471 -0.0076898695
v 0.00280539133 0.00650204858 -0.00717053656
v 0.00270521012 0.00664901873 -0.00653351983
v 0.00261962204 0.00667641731 -0.00606004056
v 0.00230461638 0.00712628011 -0.00717232283
v 0.00224296609 0.00718299719 -0.00667175837
v 0.00215526344 0.00721771782 -0.00615791837
v 0.000886388938 0.00678770989 -0.00893927086
v 0.00110647944 0.00705143809 -0.00835040491
v 0.00141572487 0.00737859169 -0.00793824345
v 0.00170660135 0.00751207676 -0.00739320368
v 0.00160745718 0.00763204368 -0.00667889975
v 0.00174722925 0.0075578629 -0.00627356069
v 0.00439388165 0.00252363528 -0.00746751297
v 0.00450030016 0.00270820991 -0.00719632581
v 0.00477534393 0.00301712519 -0.00698651047
v 0.00495495414 0.00349973212 -0.00607213518
v 0.00480617443 0.00379745779 -0.00567549653
v 0.00467505446 0.00387443858 -0.0050464808
v 0.00452381372 0.00417451747 -0.00469096377
v 0.00445491681 0.00448454916 -0.00569163077
v 0.00437587593 0.00451504998 -0.00523194857
v 0.00427295128 0.00453045312 -0.00473823585
v 0.0039377464 0.00496355258 -0.00583896786
v 0.00385775603 0.00500408374 -0.00533208158
v 0.00376483076 0.00502272043 -0.00486593414
v 0.00336045539 0.00538088055 -0.00600274513
v 0.0032630302 0.00538860867 -0.00535209756
v 0.00342680886 0.00526674138 -0.00496228226
v 0.0030075321 0.00581190269 -0.00605299603
v 0.00283470307 0.00601754617 -0.00558692543
v 0.00265561021 0.00621196022 -0.00514328387
v 0.00253432267 0.00668049138 -0.00568836182
v 0.00238658208 0.00664993934 -0.0052068159
v 0.00207279716 0.00722407084 -0.0057881712
v 0.00191970437 0.00718392478 -0.00532578956
v 0.000425483449 0.00643646996 -0.00857364479
v 0.000678344513 0.00673161959 -0.00827900227
v 0.00132949743 0.00779514108 -0.0064228694
v 0.00148914056 0.00767151592 -0.00601747632
v 0.00136658759 0.00763189094 -0.00545777101
v 0.00412019156 0.00230203243 -0.00729956152
v 0.00415300764 0.00236086012 -0.00718205655
v 0.00462335674 0.00359573634 -0.00469371257
v 0.00438836217 0.00383533188 -0.00427089445
v 0.00414706068 0.00406362256 -0.00387065648
v 0.00411078706 0.00447269995 -0.00431413762
v 0.00393814268 0.0043975045 -0.00392176583
v 0.00351008959 0.00497771474 -0.0043765544
v 0.00354325073 0.00481421314 -0.00401533628
v 0.00162374892 0.00375203858 -0.00791301671
v 0.00297626597 0.00547973951 -0.00508010387
v 0.00302858045 0.00531113194 -0.00471298723
v 0.00160023978 0.00377646438 -0.00791868009
v 0.00279081007 0.00567242596 -0.00512477756
v 0.00250492035 0.00589606818 -0.00473288959
v 0.00222110678 0.00612343242 -0.00433356874
v 0.00218098052 0.00655724667 -0.00475309417
v 0.00200281269 0.0064721494 -0.00438050134
v 0.00170684967 0.00708539737 -0.00486712204
v 0.0015293787 0.00700154947 -0.00449203327
v -3.28705646e-05 0.00601183856 -0.00837598089
v 0.0010804073 0.00750068668 -0.00495113293
v 0.00112746144 0.00730972737 -0.00459366385
v 0.00316378102 0.00145473902 -0.00715868967
v 0.00418584375 0.00341581646 -0.0037833862
v 0.00398545852 0.00384310936 -0.00344388979
v 0.00376965525 0.0043346649 -0.00349335535
v 0.00312133739 0.00505974796 -0.00411167182
v 0.00324003818 0.00487160729 -0.00371314026
v 0.00151486543 0.0035035396 -0.00759650301
v 0.0027321442 0.0051946966 -0.00419746013
v 0.00260960963 0.0050948658 -0.00368511816
v 0.00119393249 0.00383641128 -0.00766837969
v 0.00231692754 0.00555017125 -0.00429705624
v 0.00208702195 0.00576836243 -0.00389930676
v 0.000460988143 0.00420117006 -0.00777503941
v 0.00183705031 0.00641150214 -0.00395394908
v -7.23472331e-05 0.00467226654 -0.00788937695
v 0.00138731941 0.00695996825 -0.00408164598
v -0.000376626034 0.00548635935 -0.00791377109
v -0.000616346486 0.00571613759 -0.0075467648
v 0.000632240321 0.00748813851 -0.00467519276
v 0.000788606296 0.0073745586 -0.00428378163
v 0.00270156027 0.00145274191 -0.00677656056
v 0.00280124159 0.00135217863 -0.00624532858
v 0.00404284243 0.00314490707 -0.00346298446
v 0.00393651752 0.003344486 -0.00312363147
v 0.0020065743 0.00183595042 -0.00695164874
v 0.00158073008 0.00241786288 -0.00703424634
v 0.00135717902 0.00307221897 -0.0070671048
v 0.00113085331 0.00335427187 -0.00654375134
v 0.000999443815 0.00352878822 -0.00620123371
v 0.0023139515 0.00513957767 -0.00342883379
v 0.000912749325 0.00376506476 -0.00717113446
v 0.000796548382 0.00370009802 -0.00663903868
v 0.000960497418 0.00356925325 -0.00621061493
v 0.00200793194 0.0054575284 -0.0035025496
v 0.000276197912 0.00412521744 -0.00733551104
v 0.000115942559 0.00407223077 -0.00689877803
v -0.000245255651 0.00460587069 -0.00745795155
v -0.000409547472 0.00454564765 -0.00703567266
v -0.000533698592 0.00512827327 -0.00751855318
v -0.000755056622 0.00535141071 -0.00709856302
v -0.000978260068 0.00557124056 -0.00668518059
v 0.000342408195 0.00518521061 -0.0139689082
v 0.000244101044 0.0051061362 -0.013901866
v -0.00173335546 0.00608169893 -0.0144755747
v -0.00154953753 0.00620031683 -0.0142179718
v -0.00197888236 0.00632560533 -0.0146451471
v -0.00175355677 0.00660746591 -0.0143648293
v -0.00246521691 0.00682125334 -0.01484871
v -0.00220345869 0.0071513732 -0.0145114856
v -0.00286313891 0.00724266563 -0.0148629379
v -0.0028421462 0.00760331564 -0.0146172158
v -0.00311723049 0.00789885223 -0.0144936424
v -0.00228735548 0.00542640826 -0.0147509864
v -0.00197568093 0.00569934165 -0.0144890249
v -0.00169522292 0.00581394695 -0.0139838541
v -0.00297972467 0.0056817201 -0.0153178275
v -0.00259575457 0.0057186475 -0.015060354
v -0.00218096864 0.00609036861 -0.0148208402
v -0.00323927356 0.00595259806 -0.015382017
v -0.00296191289 0.00625055796 -0.0152482754
v -0.00263545779 0.00661163172 -0.0150461188
v -0.00349660497 0.00621270901 -0.0154344533
v -0.00350378221 0.00664375629 -0.0152646163
v -0.00317356433 0.00720045576 -0.0149789983
v -0.00320443814 0.00760530168 -0.0147888549
v -0.00383294746 0.00702106394 -0.0151088675
v -0.00368835777 0.00730287423 -0.0148724373
v -0.00346924155 0.0076996116 -0.0144902952
v -0.00258491398 0.00520252995 -0.014541164
v -0.00240337057 0.00525917765 -0.0142081436
v -0.00217136252 0.00543463882 -0.013660986
v -0.00301463855 0.005653637 -0.0152940182
v -0.00294339121 0.00541866338 -0.0149110844
v -0.00327957654 0.00592017965 -0.0153545309
v -0.00349167641 0.00577425351 -0.0151034417
v -0.00351542886 0.00619756756 -0.0154216159
v -0.00387725048 0.00640509231 -0.0150698042
v -0.00422195625 0.00664329762 -0.0146567049
v -0.00399090257 0.00689401105 -0.015001148
v -0.00409458857 0.00697121723 -0.0146110868
v -0.004002125 0.00733677996 -0.0141019914
v -0.00283869356 0.00505737914 -0.0143415248
v -0.0027639172 0.00513899792 -0.0140472874
v -0.00261461665 0.00534728728 -0.0134934671
v -0.00316315051 0.00523013668 -0.0144538153
v -0.00316844601 0.00532401027 -0.014026938
v -0.00307403016 0.00554532604 -0.0134643111
v -0.00373399165 0.00565202953 -0.0146246823
v -0.00376854232 0.00574710639 -0.0140711665
v -0.00367328734 0.00596909737 -0.0135091124
v -0.00407057116 0.00610901415 -0.0146827465
v -0.00415997114 0.006399028 -0.0143063674
v -0.00405887514 0.0065647345 -0.0136996266
v -0.00424612686 0.00680612586 -0.014264944
v -0.0041747205 0.00699482858 -0.013882596
v 0.000449211802 0.00537179504 -0.013661582
v 0.000563904643 0.00557556376 -0.0132570509
v -0.000777868088 0.00721273106 -0.0132736973
v -0.000567693496 0.00735451095 -0.0129706245
v -0.000289048534 0.00760938833 -0.0124762505
v -0.000225324999 0.00788577087 -0.0119326208
v -8.96925339e-05 0.00814346224 -0.0113997152
v 0.000166903017 0.00838257279 -0.0108912895
v 0.000288570533 0.0086305812 -0.010349636
v -0.00105518475 0.00749144284 -0.0134512456
v -0.000799070811 0.00781133305 -0.0131347105
v -0.000522966962 0.00817879289 -0.0126959896
v -0.000450916938 0.00838211831 -0.0121181095
v -0.000331426621 0.00862360373 -0.0115725826
v -0.000102231046 0.00895333104 -0.0111018717
v 3.76743264e-06 0.00918396376 -0.0105471434
v -0.0015460602 0.00799416192 -0.0136054568
v -0.00127571798 0.00833372772 -0.0132631278
v -0.00100842537 0.00869409926 -0.012818397
v -0.000941835227 0.00889303349 -0.0122367935
v -0.000828818535 0.00912931096 -0.0116868522
v -0.000601908425 0.00945720077 -0.0112145822
v -0.000493584899 0.00968970358 -0.01066144
v -0.00192359439 0.00839339942 -0.0135976411
v -0.00191357685 0.00876603555 -0.0133355856
v -0.00160314841 0.00912151579 -0.0128662894
v -0.00154788129 0.00929045025 -0.0122592244
v -0.00135423022 0.00944622606 -0.0116987787
v -0.00130687328 0.00986272935 -0.0112388879
v -0.00109983119 0.0101078516 -0.0107014738
v -0.00219141156 0.00906510931 -0.0131972339
v -0.00207582768 0.00932234153 -0.0128348237
v -0.00197246042 0.0094750151 -0.012461463
v -0.00159280526 0.0101004951 -0.0110569103
v -0.00148914452 0.0102887126 -0.0106832962
v 0.000257793348 0.00521782506 -0.0135310404
v 0.000406986568 0.0054493444 -0.0131500382
v 0.00104266859 0.00690391567 -0.00946861319
v 8.91675008e-05 0.00793918595 -0.00967382174
v -0.00124847516 0.00644447887 -0.0137244929
v -0.000950171845 0.00679012015 -0.0132607799
v -0.000696136383 0.00689946488 -0.012706941
v -0.000483875163 0.00709544308 -0.0121645406
v -0.000378915924 0.00740290713 -0.0116479872
v -0.000222464674 0.00765687181 -0.0111190295
v 6.67991117e-07 0.0078415554 -0.0105740102
v 0.000147770508 0.00806057174 -0.010000512
v -0.00145553518 0.00699255476 -0.0139410542
v -0.00123657216 0.00727285584 -0.0136410529
v -0.0019111773 0.00753184455 -0.0140837962
v -0.00171779608 0.00778333843 -0.0138018467
v -0.00248563942 0.00797555782 -0.0141455047
v -0.00222873478 0.0083718868 -0.0137273017
v -0.00226677582 0.00876180176 -0.0134908687
v -0.00188293762 0.0093574049 -0.011961055
v -0.00182670134 0.00951908343 -0.011603307
v -0.00174703391 0.0098066777 -0.0113332719
v -0.00299962144 0.0082025202 -0.0141155906
v -0.00281490269 0.00855351519 -0.0136431046
v -0.0025684163 0.00889152009 -0.0132155297
v -0.00251465198 0.00920539722 -0.0126537262
v -0.00227729883 0.00935230311 -0.0120864846
v -0.00218334375 0.00945262611 -0.0114704352
v -0.00192922214 0.00984475948 -0.011056086
v -0.00183753506 0.0101679424 -0.0105255377
v 0.000196602545 0.00580669334 -0.0106875002
v 0.000308350543 0.00598395383 -0.0104297437
v 0.000487318961 0.00628094841 -0.00992861856
v 0.000736551709 0.00662555266 -0.00942238886
v -0.000691799331 0.00704639405 -0.0103353094
v -0.000551174628 0.00721542537 -0.0101064323
v -0.000238698209 0.00762634072 -0.00963394437
v -0.00144986389 0.00597553747 -0.0134334806
v -0.0012585253 0.00619325414 -0.0128961196
v -0.00109751127 0.00644247793 -0.0123660639
v -0.000974494964 0.00673118094 -0.0118451603
v -0.000816869433 0.00698392559 -0.0113159204
v -0.000615427387 0.00714818342 -0.010686365
v -0.000348658534 0.00744201988 -0.0102764303
v -0.00013578299 0.00769924559 -0.00995740481
v -0.000376497628 0.00758968061 -0.00931888726
v -0.00346075743 0.00806483254 -0.0139178764
v -0.003345181 0.00836126506 -0.0133987665
v -0.00319061265 0.00861718599 -0.0128702624
v -0.0029915818 0.00882691052 -0.012331049
v -0.00274566421 0.00898792129 -0.0117805405
v -0.00255956221 0.00921107829 -0.0112444405
v -0.00246090745 0.00952509325 -0.010729406
v -0.00234668958 0.00982293766 -0.0102106221
v 0.000122811063 0.00574733783 -0.0106371762
v 0.000177133712 0.00587840797 -0.0103402585
v 0.000229996396 0.00607396755 -0.00975313317
v 0.000343410298 0.00627719099 -0.00931681599
v -0.00069613324 0.00704290718 -0.0103323534
v -0.000644384651 0.00714045018 -0.0100428658
v -0.00053441769 0.00733935228 -0.00961599033
v -0.00200900575 0.00568246748 -0.0131306062
v -0.00196035253 0.00599371735 -0.0125601441
v -0.00174494996 0.0062734345 -0.012100623
v -0.00160328252 0.00658264291 -0.0115951942
v -0.00145743263 0.0068280017 -0.0110589685
v -0.00123088364 0.00695697777 -0.0104868105
v -0.000988023588 0.00706048124 -0.00990686193
v -0.000715895323 0.00732706301 -0.00936214626
v -0.00227848766 0.00613528024 -0.0122821862
v -0.00224588043 0.00635688938 -0.0120025082
v -0.00224117097 0.00680782227 -0.0115210228
v -0.0020617866 0.0069902949 -0.0110163894
v -0.00180924742 0.0069163614 -0.0106517738
v -0.0027014073 0.00737762917 -0.011468444
v -0.00265591568 0.0074591795 -0.011305551
v -0.00355281215 0.00784676336 -0.0121581499
v -0.00319866277 0.0078975698 -0.0117822113
v -0.0029553636 0.00816202443 -0.0113358274
v -0.00299025094 0.0085938992 -0.010815178
v -0.00304223364 0.00877285749 -0.0103970636
v -0.00283569843 0.00921458658 -0.00949055888
v -0.00387081038 0.00761686126 -0.0135790892
v -0.00370985758 0.00786614884 -0.0130490484
v -0.00354830502 0.00804267358 -0.0124875503
v -0.0032474203 0.00838509388 -0.0120384097
v -0.0029622959 0.00867075659 -0.0115612568
v -0.0028706775 0.00890666991 -0.0110051567
v -0.00289533171 0.00907121971 -0.0103648612
v -0.00276050158 0.00932492316 -0.00981833041
v -0.00246373052 0.005623654 -0.01297417
v -0.00235252222 0.00587013923 -0.0125952987
v -0.00169356493 0.00696011446 -0.0102394558
v -0.00156189292 0.00705177709 -0.00974223856
v -0.00148092769 0.00713908626 -0.00912231021
v -0.00290726777 0.00582483457 -0.012951022
v -0.00261578942 0.0061523281 -0.0124565065
v -0.0025435451 0.00657035504 -0.0120262476
v -0.00250307471 0.00685802288 -0.0117004374
v -0.0022180588 0.00715091638 -0.0108498614
v -0.00206814846 0.00712575857 -0.0104056969
v -0.0021397199 0.00731445011 -0.00971237291
v -0.00215832423 0.00739475433 -0.00928877294
v -0.00350562017 0.00624933373 -0.0129964398
v -0.00326915248 0.00658491114 -0.0125306882
v -0.0030161615 0.00693377946 -0.0120762037
v -0.00282548857 0.00720513705 -0.0116973324
v -0.00265805749 0.00753014302 -0.0109905843
v -0.0026777247 0.00764211966 -0.0104259606
v -0.00267983112 0.00778579619 -0.00979750883
v -0.00267207506 0.00788676366 -0.00939421635
v -0.00389998266 0.00683791284 -0.0131809711
v -0.00369544816 0.00714780483 -0.0126934415
v -0.00349503011 0.00750746578 -0.0122344829
v -0.00321413483 0.00757435476 -0.0118321804
v -0.00293365098 0.00791455433 -0.0110029504
v -0.0029787384 0.00815026462 -0.010596293
v -0.00299500977 0.00850964896 -0.0100558791
v -0.0029242509 0.00869128667 -0.00947296433
v -0.00402519293 0.00725944852 -0.0133570395
v -0.00384570914 0.00752258813 -0.0128391087
v -0.0037180467 0.00769383553 -0.0125019727
v -0.00302839046 0.00893434417 -0.0100152465
v -0.00297536422 0.0090294024 -0.00982537307
v -0.00185811217 0.00711023528 -0.00877829455
v -0.00225724792 0.00738786953 -0.0089078024
v -0.00272947317 0.00791328028 -0.00904156454
v -0.00296321511 0.00830479153 -0.00907117687
v 0.000376956188 0.00889296737 -0.00980588607
v 0.000360780861 0.00909300335 -0.00945596024
v 8.18303088e-05 0.00939212553 -0.00997336395
v 6.89865556e-05 0.00948672928 -0.00951200165
v -0.000421679928 0.00989291258 -0.0100834612
v -0.000433463254 0.00998534076 -0.00963588431
v -0.00104549958 0.0103036668 -0.0101554617
v -0.000820867834 0.0102894856 -0.00974440295
v -0.00140773144 0.0104112886 -0.0103684962
v 0.00107718224 0.00696578715 -0.00934502855
v 0.000148347695 0.0080452757 -0.00946191326
v 0.000288798707 0.00834780373 -0.00945493206
v 0.000222908042 0.00882736966 -0.00904281531
v 0.00011029368 0.00905330293 -0.00841209851
v 0.000118639728 0.00923581608 -0.00806489307
v -7.09829619e-05 0.00944682956 -0.00910304021
v -0.000231942162 0.00951856654 -0.00848231278
v -9.28696827e-05 0.00945557281 -0.00811584294
v -0.000572789111 0.00994595792 -0.00922736153
v -0.000706097868 0.00994127709 -0.00869414117
v -0.00132635306 0.0104326401 -0.00993538275
v -0.00121246465 0.0102889081 -0.00940669328
v -0.00108645344 0.0101669058 -0.00883459952
v -0.00165384368 0.0103630768 -0.0100153107
v -0.00168753939 0.0103740729 -0.00955512654
v 0.000922273961 0.00684118457 -0.00923938677
v 0.000894795812 0.00710772397 -0.00806121342
v 0.000988721848 0.00738523714 -0.00782231987
v 0.0011071465 0.00769893965 -0.00731265079
v 0.00120073603 0.0077913804 -0.00685155578
v -3.74473166e-06 0.00792293902 -0.00935819093
v -9.7201264e-05 0.00809988938 -0.00823805295
v 0.000111716276 0.00823892653 -0.00800478738
v 0.000334970595 0.00848498009 -0.00749052595
v 0.000331827847 0.00866343826 -0.00708201528
v -0.000140532153 0.00792644825 -0.00912408531
v -5.30909747e-05 0.00823311321 -0.00859245751
v 0.000152066292 0.00863400754 -0.00821384881
v 0.000218771864 0.00905077159 -0.007756704
v 0.000159792951 0.00912122894 -0.00704207225
v -1.36535964e-05 0.00935825519 -0.00671110302
v -0.000455824367 0.00974759553 -0.00825642701
v -0.00022084685 0.00965572335 -0.00793679338
v -0.000217766268 0.00973262731 -0.00726098847
v -0.000323631102 0.00974312704 -0.0067762183
v -0.000746031641 0.00998184178 -0.00835340004
v -0.000713716785 0.010094123 -0.00800325628
v -0.00074766879 0.0102121849 -0.00735308696
v -0.000840514142 0.0102256881 -0.0069094114
v -0.00175802782 0.0100773023 -0.00904742256
v -0.00140668498 0.0101699485 -0.00852705073
v -0.00139899645 0.0104016801 -0.00796585251
v -0.00124790031 0.0104894955 -0.00735221896
v -0.00114302884 0.0104590282 -0.00699473033
v -0.00215242524 0.010037614 -0.009672557
v -0.00199480634 0.0101150544 -0.00935009494
v 0.000253442442 0.00643024174 -0.00827856455
v 0.00050628162 0.00678183697 -0.00804781448
v 0.000451007742 0.00732682971 -0.00764331874
v 0.000645229535 0.00778028602 -0.00722437538
v 0.000874965684 0.00788552128 -0.00660123676
v 0.000795285101 0.00792484637 -0.00599269802
v 0.000994642032 0.00785333663 -0.00554851722
v -0.000717100804 0.00743745314 -0.00848786347
v -0.000423860271 0.00775430258 -0.00824920181
v 3.9258739e-06 0.00779134221 -0.00775101455
v 0.000373246556 0.00806287304 -0.00728989206
v 0.000350023503 0.00840586331 -0.00673705898
v 0.000252347993 0.00841152854 -0.00619010115
v -0.000638837693 0.00754158385 -0.00881532952
v -0.000399203855 0.00786127895 -0.0085007837
v 0.000217903551 0.00890829507 -0.00670625502
v -4.08096821e-06 0.00907118991 -0.00625794474
v -0.000234115461 0.0092196567 -0.00583845749
v -0.000436954928 0.00972465985 -0.0063854279
v -0.000588203548 0.00968781952 -0.00591644319
v -0.000958850374 0.0102031892 -0.00651520304
v -0.00111018261 0.0101661971 -0.00604652148
v -0.00261162734 0.00943025574 -0.00924024824
v -0.00228309864 0.00975378975 -0.0088593578
v -0.00215578079 0.0100001199 -0.00825326145
v -0.00207993435 0.010311096 -0.00769903418
v -0.00186751038 0.0104754493 -0.00719369575
v -0.00147904898 0.0104687605 -0.00663449522
v -0.00147340214 0.0104219895 -0.0061427718
v -0.00243462576 0.00968335941 -0.009416393
v -0.00223010639 0.00987649895 -0.00921230856
v -0.00223166123 0.0102984151 -0.00739617972
v -0.00220114505 0.01035312 -0.00728690857
v -3.09135066e-05 0.00621806271 -0.00812987424
v -4.08547348e-05 0.00651220977 -0.00779751176
v -0.000166292884 0.00692072138 -0.00749961939
v 0.000330576266 0.00788971782 -0.00562812807
v 0.000653867028 0.00777355768 -0.00529107871
v -0.000967575237 0.00722643035 -0.00831400137
v -0.00079811638 0.00729899667 -0.00797992572
v -0.000465849531 0.00723195635 -0.00757177826
v 6.30125869e-05 0.00826987345 -0.00571005791
v -0.000143090117 0.00842616055 -0.00543044135
v -0.00112271251 0.00717935804 -0.00859700702
v -5.96171594e-06 0.00877491385 -0.00579697592
v -0.000362789549 0.00896792021 -0.0054251384
v -0.000717688177 0.00916438363 -0.00504639419
v -0.000775738852 0.00960965827 -0.00547504285
v -0.0009552025 0.00952223781 -0.00510708941
v -0.0012893267 0.0100947861 -0.00561084365
v -0.00146369915 0.0100164926 -0.00522466004
v -0.00287992693 0.00904545747 -0.00897267461
v -0.00278669223 0.0094368672 -0.00847419724
v -0.00255866023 0.00980697572 -0.0080440538
v -0.00264567928 0.00993279275 -0.00715943798
v -0.00245434395 0.00999565236 -0.00764894579
v -0.00259338901 0.0100265313 -0.00697220024
v -0.00221481686 0.0104162544 -0.00684816856
v -0.00220155343 0.0104036443 -0.00636286614
v -0.00181003439 0.0103473365 -0.00575666223
v -0.00178770628 0.0102306968 -0.00529758818
v -0.00291220285 0.00946261548 -0.0082049882
v -0.00281448662 0.00963577069 -0.00788689684
v -0.00256357878 0.00997831859 -0.00740745943
v -0.00241680327 0.0102345878 -0.00691324379
v -0.0024959438 0.010266291 -0.0064583174
v -0.000359876547 0.00596053433 -0.00786138885
v -0.000516667729 0.00607867446 -0.00749273691
v -0.00064008421 0.00657283235 -0.00713625178
v -4.78823786e-05 0.00776571222 -0.00531644421
v 9.5676296e-05 0.00756037515 -0.00487297494
v 0.000280760287 0.00751565071 -0.0041909283
v -0.00121781603 0.00703932391 -0.00810695533
v -0.00124624348 0.0069738524 -0.00766266929
v -0.000919510319 0.00686315261 -0.00720356172
v -9.87065141e-05 0.00781851821 -0.00532868737
v -0.000436667789 0.00804446265 -0.004984478
v -0.000763944234 0.00828956161 -0.00460200896
v -0.00171319896 0.00704988744 -0.00823946111
v -0.00158797449 0.00695424341 -0.00777112925
v -0.000599178078 0.00862954371 -0.0049383617
v -0.000827006472 0.00880087819 -0.00460386649
v -0.00240495056 0.00735738594 -0.00842612144
v -0.00113076391 0.00945370831 -0.00467385491
v -0.00287558651 0.00788564608 -0.00855419226
v -0.00173260504 0.00995165762 -0.00472548604
v -0.00312907808 0.00847175159 -0.00859529153
v -0.00325853704 0.00898597948 -0.0081166923
v -0.00340550952 0.00906814449 -0.00773723144
v -0.00280843815 0.0098018758 -0.00704844203
v -0.00275614788 0.00989561342 -0.00686120428
v -0.00269964337 0.0101396888 -0.00594925927
v -0.0024095187 0.0101817921 -0.00547417626
v -0.00207008119 0.01014362 -0.00502146594
v -0.0031309356 0.00928667467 -0.0080558192
v -0.00321662193 0.00932296179 -0.0076577682
v -0.00305056269 0.0096132718 -0.00711576361
v -0.00289270747 0.00987131521 -0.00657993741
v -0.00279919617 0.0100348657 -0.00621887529
v -0.000772813451 0.0058086561 -0.00708285719
v -0.000942550832 0.00610328559 -0.00664713047
v -0.00111167447 0.0063990159 -0.00620920444
v -0.000282567082 0.00749229593 -0.00457819458
v -0.000145766375 0.00762546388 -0.00412678858
v -0.00156077358 0.00686132256 -0.00726567674
v -0.00144199282 0.00673813839 -0.00676518725
v -0.00132185302 0.00661738915 -0.00625983346
v -0.00057039375 0.00779134454 -0.00464752829
v -0.00063379138 0.00809347723 -0.00427407585
v -0.00217347476 0.00703429058 -0.00790214539
v -0.00205738237 0.00692018028 -0.00740600005
v -0.00194212934 0.0068045673 -0.00691285962
v -0.000824682007 0.00852717273 -0.00423747487
v -0.00257307757 0.00729483645 -0.00799795706
v -0.0027417026 0.00722684572 -0.00759119447
v -0.00305915112 0.0078106788 -0.00811550021
v -0.00322731258 0.00774351927 -0.00770707661
v -0.00211838144 0.0100330422 -0.00445141923
v -0.00329320342 0.00821209792 -0.0081724776
v -0.00347143179 0.00835856609 -0.00774828158
v -0.00361328153 0.00883680489 -0.00730360392
v -0.00374356634 0.00893802568 -0.00685001304
v -0.00352350716 0.00941015407 -0.00582814962
v -0.00323008373 0.00964790024 -0.00569964526
v -0.002905617 0.00982322078 -0.00515611609
v -0.00254667504 0.00997543521 -0.00457484741
v -0.00351426541 0.00912703015 -0.00726981042
v -0.00356370956 0.00921176933 -0.00678865239
v -0.00341579528 0.00947854854 -0.00617170939
v -0.00319572748 0.00970075466 -0.00598371401
v 0.00227108272 0.0014762776 -0.00641607866
v 0.00237360783 0.00139974291 -0.00590354484
v 0.00247478089 0.00132078398 -0.00539585296
v 0.00184506457 0.00177872367 -0.00652799709
v 0.00169428904 0.00174273062 -0.00605732063
v 0.0014243878 0.00236479263 -0.00661411881
v 0.00123012357 0.00237483159 -0.00608458417
v 0.00100424513 0.00261821365 -0.00576405041
v 0.001255507 0.00273010228 -0.0066404324
v 0.00112530938 0.00289691705 -0.00631323364
v 0.000930142938 0.00318136998 -0.00578335673
v 0.000768018537 0.00342757325 -0.00532661425
v 0.000483636628 0.00375095103 -0.00635418994
v 0.00053665461 0.00369838718 -0.00584245007
v 0.000578035717 0.00362496311 -0.00537237851
v -1.22787314e-05 0.00404177979 -0.00649782829
v -0.000149253872 0.00403052662 -0.00597773399
v -0.000541624031 0.00451209629 -0.00663209334
v -0.000689414097 0.00448145531 -0.00615072669
v -0.000845403934 0.00502558611 -0.00668334216
v -0.0010486854 0.00524168741 -0.0062446068
v -0.00125212863 0.00545749813 -0.00580645259
v 0.0019499443 0.00145050057 -0.00556446798
v 0.00213418272 0.00138632825 -0.00511574233
v 0.00205438561 0.00141015835 -0.00444401009
v 0.00223259977 0.00130772381 -0.00405067252
v 0.00158404652 0.00172674132 -0.00566863175
v 0.00148214225 0.00175132335 -0.00513956556
v 0.00142145262 0.00179671997 -0.00469181687
v 0.00122448371 0.00216069049 -0.00574484048
v 0.0010568276 0.00237022433 -0.00538504403
v 0.000965384534 0.00233665761 -0.00482999114
v 0.000871366123 0.00284241652 -0.00537265697
v 0.000653178431 0.00309165986 -0.00489570666
v 0.000411581073 0.00329893711 -0.00450258097
v 0.000140661723 0.00384992315 -0.00549327768
v 0.000199563336 0.00366682466 -0.00500121247
v 0.000249387755 0.00346745434 -0.00454165088
v -0.000215523818 0.00404990744 -0.00561903231
v -0.00036140217 0.00402269373 -0.00513081951
v -0.000770345563 0.0044890428 -0.00578202633
v -0.000907036301 0.00447829906 -0.00526091503
v -0.00108461536 0.00493988115 -0.0058275573
v -0.00136196928 0.00515471399 -0.00536014512
v -0.00166714529 0.00531967217 -0.00499235559
v 0.00180580607 0.00153323961 -0.00421309518
v 0.00185484206 0.00136554043 -0.00380808325
v 0.00137547753 0.00183242513 -0.00434695603
v 0.0012284976 0.00180323643 -0.00386268855
v 0.000842623122 0.0023105985 -0.00443276437
v 0.000682648388 0.00225811522 -0.00399502646
v 0.000534957682 0.00275302725 -0.00446249312
v 0.000299518404 0.00290244119 -0.0041707526
v -0.000195613713 0.00369525002 -0.00461865496
v -0.000153359899 0.00344171794 -0.00431649759
v -0.000539426343 0.00395218376 -0.00469590537
v -0.000740411808 0.00382618164 -0.00440501701
v -0.00109265989 0.00440167636 -0.00482081808
v -0.00128426799 0.00429248437 -0.00449635275
v -0.00147062039 0.00485288724 -0.00491464883
v -0.00171553204 0.00493352441 -0.00472271256
v 0.0013933751 0.00108488929 -0.00328519801
v 0.000888520502 0.00157127879 -0.00345180579
v 0.000380033103 0.00205115625 -0.00363142113
v -0.000106838706 0.00256978301 -0.00373363704
v -0.00060143671 0.00307455868 -0.00386351906
v -0.00110907317 0.00355596235 -0.00404008664
v -0.00160779303 0.00405334914 -0.00418472756
v -0.00210426934 0.00455475878 -0.00432133395
v 0.000906710513 0.000681058329 -0.00300668902
v 0.000407296524 0.00117720128 -0.00315381493
v -9.10355011e-05 0.00167528377 -0.00329706678
v -0.000587015064 0.00217758352 -0.00343189505
v -0.00108441361 0.00267733866 -0.00357180531
v -0.00158535189 0.00317074964 -0.00372438831
v -0.00208654627 0.00366370054 -0.00387789006
v -0.00258554076 0.00416059559 -0.00402351376
v 0.000429391919 0.000293981982 -0.00269471295
v -7.41748372e-05 0.00078268029 -0.00285670906
v -0.000574964681 0.00127635687 -0.00300876168
v -0.00107460655 0.00177209126 -0.00315670366
v -0.00157526578 0.00226600096 -0.00330828968
v -0.00207697088 0.00275803776 -0.00346361822
v -0.00257716537 0.003252781 -0.00361353951
v -0.00307509163 0.00375159085 -0.00375533826
v 5.40828623e-05 3.12709017e-05 -0.00226980122
v -0.000143282814 -8.82419699e-05 -0.00196595141
v -0.000544816896 0.000470159808 -0.00233676122
v -0.000533290964 0.000224937132 -0.00204611849
v -0.0010104517 0.000964270032 -0.00254699774
v -0.00151135051 0.00145775115 -0.00269944081
v -0.00201029354 0.00195473759 -0.00284488127
v -0.0025095297 0.00245120004 -0.00299136923
v -0.00300571322 0.00295313355 -0.00312692835
v -0.00349671813 0.00346435141 -0.00324394344
v -0.000380445621 -0.000220594826 -0.00155227119
v -0.000897285063 0.000530352117 -0.00212462293
v -0.000866413466 0.000286711787 -0.00179295125
v -0.00123009644 0.000833500235 -0.00219921302
v -0.00141581579 0.000734865374 -0.00185366033
v -0.00174398615 0.00132271554 -0.0023161259
v -0.00193129224 0.00122123607 -0.00197625533
v -0.00224838639 0.00182113191 -0.00243274425
v -0.00243796897 0.00171557139 -0.00210102508
v -0.00275371689 0.00231842441 -0.00255035236
v -0.00294439588 0.00221089832 -0.00222255941
v -0.00324706291 0.00282687414 -0.0026695854
v -0.00343727157 0.00272019114 -0.00234010885
v -0.00372316502 0.00335148163 -0.00279071415
v -0.00391101558 0.00324902614 -0.0024527933
v -0.00110436534 0.00572072342 -0.00625827024
v -0.00125426741 0.00600254163 -0.00579154398
v -0.00140864262 0.00627634255 -0.00534083135
v -0.00188053038 0.00671660993 -0.00641949847
v -0.00176750741 0.00662446581 -0.00590944896
v -0.00165467989 0.00653197197 -0.00540009793
v -0.00249779993 0.00690943655 -0.00706064096
v -0.00239547202 0.00681539346 -0.00655031297
v -0.00229487545 0.00671824813 -0.00604618154
v -0.00290522305 0.0071680015 -0.00716617145
v -0.00305939373 0.00712592201 -0.00670765247
v -0.00339186052 0.00768384896 -0.00728135323
v -0.00354497996 0.00764365448 -0.00681906892
v -0.00362089183 0.00808996521 -0.00732845441
v -0.0037689996 0.00822449662 -0.0068742279
v -0.00384941977 0.008700273 -0.00645278674
v -0.00371667161 0.00903363246 -0.00586494152
v -0.00353684463 0.00918853376 -0.00536187692
v -0.0034416141 0.0094831679 -0.00481615448
v -0.00319764251 0.00985346828 -0.00438991096
v -0.00377499335 0.00906645879 -0.00643900596
v -0.00369372638 0.00921214279 -0.00614800956
v -0.00371707208 0.00960157532 -0.00455188891
v -0.0036073667 0.00984216202 -0.00426982623
v -0.00144099898 0.00557056535 -0.00534378272
v -0.00160343177 0.00586444512 -0.00494828727
v -0.00176800415 0.00615448924 -0.00456045382
v -0.00221749768 0.00662805466 -0.0055561075
v -0.00208442635 0.00649128808 -0.00507474132
v -0.00195472129 0.00634848606 -0.00460543158
v -0.00281305029 0.00685498817 -0.00621215627
v -0.00270203594 0.00671368092 -0.00570134772
v -0.00260465778 0.00654792786 -0.00523936795
v -0.00316752726 0.00711162947 -0.00632040156
v -0.00332136941 0.00707013905 -0.00586070633
v -0.00364799262 0.00763348024 -0.00643531
v -0.00383827602 0.00764895929 -0.00587614113
v -0.00408885442 0.00786098465 -0.00557319215
v -0.00386801083 0.00798128359 -0.00646517612
v -0.00395890884 0.00812365487 -0.00611047493
v -0.00403352687 0.00830582716 -0.00553926826
v -0.00402825326 0.00882447511 -0.00502798334
v -0.00384454057 0.00920779165 -0.00478567649
v -0.00433667889 0.00899201632 -0.00478286529
v -0.00415831385 0.00937947538 -0.00456408784
v -0.00414597476 0.0097804321 -0.00408850424
v -0.00210287166 0.00551264081 -0.00451353798
v -0.00205917563 0.00592028163 -0.00436188467
v -0.00259183557 0.00606646203 -0.00457731076
v -0.00224589277 0.00611427845 -0.00440686243
v -0.00317358179 0.00665732473 -0.00531260576
v -0.00311790546 0.00644704467 -0.00501138764
v -0.00355227548 0.00695709232 -0.00538972858
v -0.00375368982 0.00683032162 -0.00510037551
v -0.00387763651 0.00740923733 -0.00549162133
v -0.00414714543 0.00748010073 -0.00532223936
v -0.00444973679 0.00799957104 -0.00516596949
v -0.00460056309 0.00842490327 -0.00488546491
v -0.00475847442 0.00879722927 -0.00467786845
v -0.00490042521 0.00925355777 -0.00430939998
v -0.00468057906 0.00966789853 -0.00388286612
v -0.0051203412 0.00931607373 -0.00404306501
v -0.00499729393 0.00955995731 -0.00374037656
v -0.00256695691 0.00511673884 -0.00433695223
v -0.00305243535 0.00563786365 -0.00443417905
v -0.00356847839 0.00610419596 -0.00464085024
v -0.00406048493 0.0066136173 -0.00476145232
v -0.00454697665 0.00713292649 -0.00486230571
v -0.00502016861 0.00776875904 -0.00478005875
v -0.00499914307 0.00817584898 -0.00474111177
v -0.00538320933 0.00794617645 -0.00459622266
v -0.00529798307 0.00835882686 -0.00449146051
v -0.00544034597 0.00886884611 -0.00412482023
v -0.00544746825 0.0090845041 -0.0038809008
v -0.00542575074 0.00936208293 -0.00352165755
v -0.0030813769 0.00466315169 -0.0041578291
v -0.003572179 0.0051747337 -0.00427411683
v -0.00405980507 0.00569200702 -0.00437903591
v -0.00454369513 0.00621597935 -0.00447057327
v -0.00501511618 0.00676230527 -0.00451746164
v -0.00545302359 0.00741204014 -0.00444537541
v -0.00572876912 0.00756661734 -0.00421267143
v -0.00549912127 0.00785294082 -0.00451717479
v -0.00570697151 0.00796337798 -0.00416746177
v -0.00585876871 0.00845500175 -0.00375805609
v -0.00592191936 0.00872887205 -0.00352763315
v -0.00593425008 0.00901639648 -0.00320658484
v -0.0035682756 0.00425890181 -0.00388015644
v -0.00405635824 0.00477535836 -0.00398670742
v -0.00453914702 0.00530130323 -0.0040743053
v -0.00501150172 0.00584595464 -0.00412453664
v -0.00549936621 0.00644769706 -0.00404666364
v -0.00579231745 0.0065991357 -0.00375245931
v -0.00567604136 0.00696186675 -0.00413308479
v -0.00589693012 0.00712814648 -0.00382705661
v -0.00608418928 0.00759478891 -0.00363476202
v -0.00623566937 0.00806952734 -0.00330955419
v -0.0064403303 0.00822753552 -0.00294221845
v -0.00619963836 0.00848259032 -0.00326740905
v -0.00634282688 0.00856060069 -0.00288747414
v -0.00398360938 0.00398294255 -0.0033462299
v -0.0044668559 0.00450806879 -0.00343546248
v -0.00497834338 0.00503349863 -0.00344103575
v -0.00528232241 0.00514252624 -0.00318555743
v -0.0053563877 0.00563564245 -0.00359991449
v -0.00554394675 0.00553371012 -0.00326094846
v -0.00561138382 0.00611666776 -0.00367767038
v -0.00586331496 0.00624261191 -0.00342036015
v -0.00619900459 0.00688621402 -0.00328016863
v -0.00642209966 0.00705136079 -0.00299619487
v -0.00626144139 0.00737315323 -0.00336002745
v -0.00647082599 0.00748304045 -0.00297481078
v -0.00668237032 0.00797009282 -0.00249701808
v -0.00663533201 0.00830101408 -0.00245801685
v -0.00419609481 0.00387914898 -0.00291181216
v -0.00438001705 0.00378373591 -0.00255982415
v -0.00466804672 0.00440828921 -0.00303062075
v -0.0048483694 0.00431932835 -0.00266574416
v -0.00498488499 0.00477236183 -0.0031100281
v -0.00527875917 0.00488437759 -0.00283709401
v -0.00579723017 0.00541600352 -0.00274103018
v -0.00608548615 0.00554686831 -0.00244928175
v -0.00613478385 0.00606253464 -0.00288758753
v -0.00630955258 0.00598353054 -0.00250282325
v -0.00632113498 0.00648802146 -0.00293824333
v -0.00657806406 0.00669574132 -0.00253841141
v -0.00683462666 0.00690412102 -0.00213726377
v -0.00669791643 0.0072236429 -0.00253888872
v -0.00687716994 0.00737671787 -0.00212617824
v 0.00313170766 0.0063200458 -0.00264981133
v 0.00313645718 0.00632856041 -0.00263280445
v 0.00291251484 0.0065477849 -0.00270261196
v 0.00291726436 0.00655629905 -0.00268560508
v 0.00397079391 0.0040060454 -0.0027646122
v 0.00436639506 0.00414344063 -0.00228324253
v 0.00448631682 0.004453931 -0.00171352143
v 0.00430655945 0.00470914552 -0.00139980833
v 0.00372486259 0.00442751264 -0.00290693319
v 0.00398971466 0.00478592189 -0.00246053864
v 0.00412934367 0.00504360534 -0.00192874542
v 0.00406773388 0.00510808267 -0.00139487954
v 0.00325104757 0.00495218439 -0.0030372811
v 0.00355907157 0.00534531893 -0.00262032775
v 0.00371688418 0.00561762881 -0.00210093544
v 0.00365131302 0.0057155313 -0.001379241
v 0.00348295318 0.00594450627 -0.00112800521
v 0.00273359939 0.00536209857 -0.00304721505
v 0.00310114818 0.00592015591 -0.00271669612
v 0.00326379552 0.00617009681 -0.00231385627
v 0.00320220599 0.00625480292 -0.00157640048
v 0.00316675892 0.00630854489 -0.00119744823
v 0.00218736124 0.00598581787 -0.00320692407
v 0.00259806518 0.00648255646 -0.00285775866
v 0.00275279069 0.00672612526 -0.00244951667
v 0.00273236306 0.00678266864 -0.00170945667
v 0.00268974714 0.0068349503 -0.00130704255
v 0.00186151918 0.00655187061 -0.00345008983
v 0.00215419848 0.00693266233 -0.00302267214
v 0.0022932149 0.00718985358 -0.00249046157
v 0.00224256772 0.00729448628 -0.00182890636
v 0.00219895924 0.00734612159 -0.00142515963
v 0.00141159003 0.00709575461 -0.0035967268
v 0.00164819381 0.00743144145 -0.00313106738
v 0.00177301606 0.00767721515 -0.00258917641
v 0.00172837917 0.00778668234 -0.00193172041
v 0.00168903661 0.00783616304 -0.00155497459
v 0.000864459376 0.00756145362 -0.00367707573
v 0.00112099771 0.00791317504 -0.00322501105
v 0.00124105252 0.00815511402 -0.00267986907
v 0.00120622269 0.00826432556 -0.00197047577
v 0.00136056775 0.00813768618 -0.00164148549
v 0.00407219352 0.00363471219 -0.0026070266
v 0.0043451474 0.00374951051 -0.00233946252
v 0.00455770642 0.00427720137 -0.00139858085
v 0.00439726887 0.0045166593 -0.00107329257
v 0.00429151673 0.00453108316 -0.000452264328
v 0.00403792132 0.00515678804 -0.00106104056
v 0.00391772622 0.0051420331 -0.000469764753
v 0.00370699889 0.00532963499 -0.000135274982
v 0.00378089352 0.00556980353 -0.00107414008
v 0.00355325569 0.0057592513 -0.000783597759
v 0.00340020494 0.00575533928 -0.000192320847
v 0.00240030023 0.0052943714 -0.00311964075
v 0.00307689398 0.00630894676 -0.000822655624
v 0.00294369692 0.00630446617 -0.000289034098
v 0.00209428067 0.00561232213 -0.00319335656
v 0.00259880535 0.00683448557 -0.000931515591
v 0.00246580038 0.00683035003 -0.000397206051
v 0.00210830383 0.00734588737 -0.00104982848
v 0.00197672565 0.00734430924 -0.000510410464
v 0.00160249998 0.007839242 -0.00118245184
v 0.00147355301 0.00784238055 -0.000633611402
v 0.00100928883 0.00845087599 -0.00173924258
v 0.00110829086 0.00830671843 -0.00138107594
v 0.000955783296 0.00832344871 -0.000769560807
v 0.000299166742 0.00797701161 -0.00374318985
v 0.000593272853 0.00839448255 -0.0033185936
v 0.000694013899 0.00862088706 -0.00276028039
v 0.000668693101 0.00872771814 -0.00219438202
v -0.000174574059 0.00856188498 -0.0037692897
v 4.41874145e-05 0.00885860994 -0.00339760934
v 3.81098944e-05 0.00909965206 -0.0027507823
v 0.000200972194 0.00907516107 -0.00235777767
v -0.000746884733 0.00899040513 -0.00397170521
v -0.00058980583 0.00928550586 -0.0034132523
v -0.000371224916 0.00929259509 -0.00292231818
v -0.00123550941 0.00952036493 -0.00404015277
v -0.00102050172 0.00950137153 -0.00362029253
v -0.00167495781 0.0098250499 -0.0042824503
v -8.87095957e-05 0.00789480284 -0.00383760175
v 0.000627812697 0.00876752101 -0.00185299513
v 0.000532568491 0.00878176838 -0.00139614951
v 0.000423777907 0.00878872257 -0.000914530247
v -0.000455099565 0.00826355442 -0.00389148854
v -0.000204352167 0.00932205096 -0.00251713907
v -4.67058271e-07 0.00920348521 -0.00214278419
v -7.46729784e-05 0.00921339449 -0.00140153361
v 5.06123179e-05 0.00908972695 -0.00102000125
v -0.0007686342 0.00862764753 -0.00403678184
v -0.000824204762 0.00946806185 -0.00319190696
v -0.000572032121 0.00945451949 -0.00275804708
v -0.000589837553 0.00954515673 -0.00216466817
v -0.000675960036 0.00958271883 -0.00164513255
v -0.00145728514 0.00970895588 -0.00381859019
v -0.00126187806 0.00964241847 -0.00340424618
v -0.00125799351 0.00976813585 -0.00278949738
v -0.0012370724 0.00986393355 -0.00218066853
v -0.00103109889 0.00977603439 -0.00177310058
v -0.0019266234 0.00992194843 -0.00404819287
v -0.0020046737 0.00994791184 -0.00336665032
v -0.00178570254 0.00998604577 -0.00275121746
v -0.00166844146 0.0100447712 -0.00240877341
v -0.00250078877 0.0100567127 -0.00398648018
v -0.00243002339 0.0100817056 -0.00354536483
v 0.00418552943 0.00451851683 -6.64772379e-05
v 0.0040182909 0.00451907422 0.000488911581
v 0.00379391387 0.00473534036 0.000805547636
v 0.00396009069 0.00490790419 -9.80700133e-05
v 0.00373093062 0.00512094749 0.000214741987
v 0.00355798844 0.00511811348 0.000764512748
v 0.00329096732 0.00574015826 0.000195683271
v 0.003146142 0.00571483187 0.000687666296
v 0.00283869472 0.00629269192 9.60812904e-05
v 0.00269529456 0.00626992062 0.000593167264
v 0.00236505643 0.00682200119 -1.49945263e-05
v 0.0022235075 0.00680254772 0.000488719437
v 0.00188204879 0.00734084006 -0.000132336339
v 0.00170000806 0.00735422783 0.000454174471
v 0.00144262414 0.00754118897 0.000724323851
v 0.00138189155 0.00784133747 -0.000257593871
v 0.00125897722 0.00780234905 0.000350275601
v 0.00137137494 0.00761521608 0.000707160856
v 0.000861627224 0.00832039863 -0.00039184175
v 0.000725695863 0.00831101649 0.00013198785
v 0.00403490337 0.00430194428 0.000842681155
v 0.00379305799 0.00444842875 0.00126222288
v 0.00355028035 0.00459324243 0.00167842605
v 0.003430838 0.00508852396 0.00116473285
v 0.00327706151 0.00504715182 0.00162466441
v 0.00302631501 0.00569113344 0.0010828916
v 0.00287477579 0.00565377157 0.00155083439
v 0.00258126878 0.00625088811 0.0009844366
v 0.00244066864 0.00618489645 0.00153703347
v 0.00211264286 0.00678605819 0.000877833227
v 0.00198254827 0.00676103123 0.0013099527
v 0.00175749871 0.00718702655 0.000796482258
v 0.00151753088 0.00732589234 0.00108948408
v 0.00102783251 0.00793822668 0.000619645114
v 0.00107654545 0.00777461566 0.000987990759
v 0.000624270411 0.00830211863 0.000514664105
v 0.00042003463 0.00829802454 0.00104368338
v 0.00378840603 0.00415846473 0.00172148703
v 0.00352256396 0.00431351876 0.00212902739
v 0.0031289761 0.00500072353 0.00203916081
v 0.0027376283 0.00561614102 0.00195787195
v 0.00250840373 0.00596001372 0.00190835795
v 0.000111652655 0.00845132582 0.00133088371
v 0.0034905402 0.00403033057 0.00258256611
v 0.00220244611 0.00632320438 0.00183811923
v 0.00184588425 0.0067327721 0.00175540545
v 0.00137205317 0.00726192351 0.00164444745
v 0.000874445657 0.00776594551 0.00152380671
v 0.000465641497 0.00813899375 0.00142108579
v 0.00325571373 0.00446676649 0.00253295968
v 0.00296783331 0.00494614523 0.00247271499
v 0.0025090999 0.00560820196 0.00246536406
v 0.00222803047 0.00580829754 0.00277047814
v 0.0022136406 0.0061218394 0.00220752647
v 0.00199727761 0.00609053206 0.0027171371
v 0.00169679488 0.00668553635 0.00217058742
v 0.0015374627 0.00663420418 0.002610625
v 0.00122653646 0.00721756136 0.00205719192
v 0.00106837647 0.00716833118 0.00250142743
v 0.000732154003 0.00772417709 0.0019343528
v 0.000575035694 0.00767681422 0.00238231826
v 0.000198352267 0.00824008323 0.00171405263
v 5.11745457e-05 0.00815319642 0.00225144811
v 0.00319321826 0.00419832347 0.00297098723
v 0.00290004397 0.00437375158 0.00337425945
v 0.00280503742 0.00488788402 0.00289724348
v 0.00263994234 0.00482622115 0.00331664621
v 0.00248775259 0.00539745251 0.00282711186
v 0.00224805158 0.00551260309 0.00313672936
v 0.00181402219 0.00599020161 0.00322589581
v 0.00154440629 0.00611152453 0.00353550911
v 0.00137636159 0.0065773055 0.00303399796
v 0.00121201808 0.00651699025 0.00345609197
v 0.000912005082 0.00711523695 0.00292157521
v 0.000747906277 0.00705536036 0.00334454537
v 0.000419897493 0.00762471277 0.00280162459
v 0.000256634783 0.00756633421 0.00322758732
v -0.000103525701 0.00810144655 0.00267045572
v -0.000265105627 0.00804608595 0.00310244504
v 0.00311261299 0.0039153141 0.00342136505
v 0.00281234877 0.00409394829 0.00381075917
v 0.00251259096 0.00427349051 0.0042019668
v 0.00245908019 0.00475342805 0.0037534954
v 0.00228661578 0.00467855483 0.00414651074
v 0.00207415083 0.00537224114 0.00366020575
v 0.00190213555 0.00529817259 0.00405482808
v 0.0018341206 0.00573222945 0.00360371429
v 0.00153031049 0.00587385381 0.0039018488
v 0.00100878114 0.00637565833 0.00399046298
v 0.000732572749 0.00646447251 0.00426690327
v 0.000537120271 0.00695849769 0.00380180217
v 0.000359279453 0.00687398622 0.00417556614
v 4.80395975e-05 0.00747123361 0.00368334982
v -0.000129785505 0.00738675054 0.00405716989
v -0.00046015589 0.00796188042 0.00354897068
v -0.000633926713 0.00788466446 0.00393730775
v 0.00270529441 0.00379857305 0.00426046131
v 0.00244974066 0.00394258555 0.00455554668
v 0.00205148477 0.00450943643 0.00468187407
v 0.00179956411 0.00462194858 0.00495199254
v 0.00169232173 0.00520209176 0.00451142155
v 0.00151053083 0.00511049945 0.00487104058
v 0.0012858751 0.00579714961 0.0044049928
v 0.0011047161 0.00570668932 0.00476687495
v 0.00104738888 0.00611133408 0.00434372202
v 0.000720098033 0.00623909337 0.00459985249
v 0.000164359692 0.00677597849 0.00456201797
v -0.000327721587 0.00728526618 0.0044411486
v -0.000823916867 0.0077871792 0.00430554803
v 0.00218177936 0.00378317013 0.00508007919
v 0.00199323287 0.00367946713 0.00541550899
v 0.00202914514 0.00418495433 0.00502096536
v 0.0017179288 0.00433379412 0.00530899968
v 0.00124840625 0.00490427483 0.00543261413
v 0.000999318901 0.00500484696 0.00568893319
v 0.000864498434 0.0055861529 0.00524420291
v 0.000686444982 0.00550126052 0.00561720505
v 0.000418564712 0.00614180975 0.00513176061
v 0.000247763935 0.00606991909 0.00553073222
v -6.57238998e-05 0.00665953197 0.00501491595
v -0.000233610917 0.00659286417 0.00542432116
v -0.000563529495 0.00716385525 0.0048963991
v -0.000732505112 0.00709523633 0.00530190673
v -0.000590932439 0.00811708905 0.00723246671
v -0.00106792082 0.0076615396 0.00477658259
v -0.00123861339 0.00758984266 0.00517594256
v -0.000881627318 0.00837887824 0.00709723588
v 0.00168528245 0.00351954484 0.00593002699
v 0.00140928826 0.0036694489 0.00621948903
v 0.00140463095 0.00421696249 0.00581699284
v 0.00121726794 0.00411538081 0.00615665875
v 0.00123440858 0.00457288278 0.00575673534
v 0.000902662287 0.00474491436 0.00612123357
v 0.00059068721 0.00495238882 0.00655652722
v 0.000503686955 0.00542694237 0.00605534762
v 0.000360270933 0.00544467475 0.00661292626
v 0.000226688047 0.00577048585 0.00704313722
v 0.000461818068 0.00614860281 0.00778172724
v 8.64089816e-05 0.00601281645 0.00595427817
v 3.65405285e-05 0.00606796285 0.00639915559
v 8.77679777e-05 0.00618708879 0.00707398029
v 0.000230472258 0.00642571179 0.00751079572
v -0.000384372805 0.00654428266 0.00584064377
v -0.000364486477 0.00665118266 0.00621916912
v -0.000258398621 0.00688188709 0.00677383598
v -8.72702221e-05 0.00716490811 0.0072841472
v -0.00088386226 0.00704617565 0.00571863446
v -0.000827091164 0.00718487101 0.00608117646
v -0.000651789014 0.00747124851 0.00658864202
v -0.000489945465 0.00780747924 0.00710556423
v -0.00139033294 0.00754049048 0.00559291709
v -0.00136085821 0.00766131934 0.00599171408
v -0.00115552125 0.00797185581 0.0064786966
v -0.000971349189 0.00823402312 0.00684491452
v -0.000574783073 0.00814603921 0.00729029346
v -0.000840901048 0.00845188648 0.00724306609
v 0.000545604271 0.00629880279 0.00808174349
v 0.000386063795 0.00672906032 0.00811447762
v 0.000267478812 0.00709271897 0.00862080418
v 0.000191242652 0.00729902647 0.00888913963
v 2.83189001e-05 0.00740325497 0.00783233531
v 8.56778934e-06 0.00753273908 0.00847281981
v -1.57687355e-05 0.00760264276 0.00887535699
v -0.000404162885 0.0080023529 0.0075899791
v -0.000400628254 0.00810938701 0.00829840451
v -0.000438174175 0.00819789618 0.0088360263
v -0.000831741432 0.00853194017 0.00755032757
v -0.000839416287 0.00866223313 0.00814417005
v -0.000873093726 0.00878719613 0.00883365609
v -0.00102715823 0.00903960597 0.00911560841
v 0.000326237234 0.00878295023 -0.000534502906
v 0.000189602375 0.00877230708 -1.31916022e-05
v -0.000339827209 0.00936002005 -0.00114021241
v -0.000229306519 0.00921701826 -0.000743969344
v -0.000375764619 0.00920161232 -0.000174805173
v -0.000752105727 0.00959415548 -0.00127969624
v -0.000871478172 0.00957117788 -0.000689300476
v -0.000728968123 0.00943602622 -0.000281103072
v -0.00148994825 0.00996665005 -0.00195298169
v -0.00143546134 0.00991917681 -0.00141465699
v -0.00139098603 0.00985375606 -0.000912181451
v -0.00229061372 0.010081606 -0.00311771873
v -0.00216378132 0.0101348283 -0.0027201171
v -0.00206840225 0.0101750633 -0.00206233934
v -0.00199414138 0.0101342546 -0.00151565939
v -0.00303256745 0.0100818649 -0.0038505618
v -0.00278553902 0.0101699363 -0.00325973122
v -0.00284515833 0.0103099691 -0.00268374663
v -0.00260528293 0.0103402827 -0.00216168305
v -0.00345847802 0.0100873755 -0.00373437628
v -0.00333208824 0.0102560334 -0.00315431575
v -0.0032649585 0.0103498902 -0.00286391703
v 8.61003064e-05 0.00876173936 0.000370901427
v -6.21789368e-05 0.00873022154 0.000850516721
v -0.000480380608 0.00919014961 0.000210046885
v -0.000626377296 0.00916272309 0.000697835232
v -0.00115943339 0.00966449175 -0.000415565097
v -0.00112171541 0.00956194568 7.87953613e-05
v -0.00108494912 0.00945769344 0.00056974683
v -0.00183738163 0.0100642843 -0.00105787872
v -0.00167619833 0.00993198343 -0.000645197928
v -0.00178954354 0.00988719054 -6.93445327e-05
v -0.00247997069 0.0102960169 -0.00170798844
v -0.00228033029 0.0102096014 -0.0012742813
v -0.00234975526 0.0101692304 -0.00062297273
v -0.00216985052 0.0100644818 -0.00019179075
v -0.00316419266 0.0104083419 -0.00245479215
v -0.00302894297 0.0104126185 -0.00182395417
v -0.00290697976 0.0103676459 -0.00122953299
v -0.00280434522 0.0103249075 -0.000831854995
v -0.00399395963 0.0100390054 -0.0035606157
v -0.00380294397 0.0102570578 -0.00302333245
v -0.00356392306 0.0104061831 -0.00253118481
v -0.00353087904 0.0104803517 -0.00192858954
v -0.000191799249 0.00869864598 0.00125242095
v -0.000760975061 0.00912714377 0.00110313378
v -0.00151862658 0.00968451519 0.000441533979
v -0.00146877568 0.00954082515 0.000931234914
v -0.00190378074 0.00986798853 0.000322068925
v -0.00205520913 0.00983082503 0.000790409162
v -0.00266059535 0.0102278311 -0.000356870354
v -0.00257749925 0.0101319803 0.000157578848
v -0.00249656243 0.0100322617 0.000664298423
v -0.00344622298 0.0104900859 -0.00149057538
v -0.00336529361 0.0104518896 -0.00114371465
v -0.00322814728 0.0103707882 -0.00049456046
v -0.00312070921 0.0102972798 2.93144258e-05
v -0.00449621258 0.00997241214 -0.00338701135
v -0.0043438538 0.0102377487 -0.00286260503
v -0.00421922002 0.0104040289 -0.00228086393
v -0.00400579162 0.0104787871 -0.00163475284
v -0.00382555882 0.0104930941 -0.00103580439
v -0.00375454244 0.0104709836 -0.000622336403
v -0.00484023243 0.00989283901 -0.00325109926
v -0.00469156401 0.0101620099 -0.00272758165
v -0.00458125956 0.0103431782 -0.0021492925
v -0.0045264475 0.0104270587 -0.00176955713
v -0.00185557012 0.00962157082 0.00129474641
v -0.00219217804 0.00979333837 0.0011973246
v -0.0029906556 0.0101950504 0.000510703307
v -0.002906407 0.0100835543 0.00101612206
v -0.00366268097 0.0104080364 -0.000149947824
v -0.00355129037 0.0103265438 0.000369970687
v -0.00344181573 0.0102416184 0.000883029774
v -0.00448799599 0.010471357 -0.00133594347
v -0.00446445448 0.0104575958 -0.000824878109
v -0.00409259275 0.0104451366 -0.000264004921
v -0.00406533713 0.0104096336 0.000240460504
v -0.00534715969 0.00969694275 -0.00301145576
v -0.0052069379 0.0099677695 -0.00248640846
v -0.00501937326 0.0101894075 -0.00194995652
v -0.00478709256 0.0103569981 -0.00141662965
v -0.00480045471 0.0103843268 -0.000917807221
v -0.00331588415 0.0101351421 0.00136769528
v -0.00398618635 0.0103523359 0.000713570509
v -0.00387172541 0.0102559375 0.00122089195
v -0.00479808031 0.0103999712 -0.000459773582
v -0.0047975271 0.0103600267 8.05221498e-06
v -0.0044112131 0.0103580896 0.000595645164
v -0.00437190849 0.0103189042 0.00108749559
v -0.0058753551 0.00937172119 -0.00270112767
v -0.00575237814 0.00966046564 -0.0021802343
v -0.00559479976 0.00991325919 -0.0016510057
v -0.00538709108 0.0101139685 -0.00110970146
v -0.00510973856 0.0102730896 -0.000552298268
v -0.00511592999 0.0102777211 -9.10852104e-05
v -0.00432346435 0.0102527002 0.00157364015
v -0.00516118389 0.0102396365 0.000407148735
v -0.00514451321 0.0101971813 0.000847635092
v -0.00472159171 0.0102275331 0.00145720132
v -0.00633212086 0.00897228438 -0.0023735927
v -0.00624860823 0.00930203125 -0.0018622058
v -0.0061183325 0.00958319288 -0.00133955397
v -0.00594675075 0.00982143637 -0.000806952012
v -0.00572466152 0.0100072026 -0.000262183836
v -0.00545471907 0.0101259649 0.000308767427
v -0.00548181916 0.0100906063 0.000740167161
v -0.00685803732 0.00805985648 -0.00209006225
v -0.00562799163 0.00997901522 0.00131475821
v -0.00539358333 0.010038753 0.00172894204
v -0.0067399065 0.00842916034 -0.00203992613
v -0.00668923464 0.00888582692 -0.00153078313
v -0.00659418292 0.00920358486 -0.00101661624
v -0.0064431089 0.00946313608 -0.00048895448
v -0.00624757074 0.00967648905 4.94179258e-05
v -0.00598588167 0.0098211132 0.000603725552
v -0.00576594984 0.00991409365 0.00103589112
v -0.00701426389 0.00783556234 -0.00177771214
v -0.00589280576 0.00984619372 0.00157302048
v -0.00588162569 0.00986597408 0.00195173791
v -0.00706436206 0.00809587166 -0.00154414505
v -0.0070680771 0.00840542838 -0.00118447747
v -0.00699669495 0.00874777883 -0.000676012598
v -0.00683841947 0.00899984874 -0.000146615988
v -0.00667209784 0.00924355723 0.000384718558
v -0.00647971407 0.00946018845 0.000922331354
v -0.00619694171 0.00967236981 0.00148180069
v -0.00618675351 0.00974599272 0.00209701876
v -0.000354608172 0.00862945616 0.00177618372
v -0.000276582083 0.00843600556 0.00216886215
v -0.000918396283 0.00907923747 0.00155001506
v -0.00142073876 0.00939388573 0.00141444348
v -0.00064786349 0.00873050373 0.00207352033
v -0.000639540725 0.00854857732 0.00254471274
v -0.000632242765 0.00836481526 0.00301223737
v -0.00106454431 0.00903436728 0.00196319097
v -0.00122264505 0.00898524281 0.00240763882
v -0.00171413622 0.00945203193 0.00169828336
v -0.00183801132 0.00936584175 0.00224350858
v -0.00232460909 0.00971794501 0.0017333983
v -0.00219293777 0.00955499616 0.00214507151
v -0.00282403361 0.00996869616 0.00151482597
v -0.00100049644 0.00866276026 0.00291919755
v -0.000945682055 0.0084014833 0.00340334675
v -0.000894124387 0.00813436788 0.0038758344
v -0.00137556239 0.0089349281 0.00282543106
v -0.00154599396 0.00886369869 0.00322572538
v -0.00200573541 0.00930361636 0.00267139776
v -0.00217756256 0.00922988541 0.0030666946
v -0.0026311297 0.0097787939 0.00202255463
v -0.00256826798 0.00959373452 0.00252032815
v -0.0025118771 0.00939707458 0.00299493293
v -0.00323748123 0.0100216568 0.00187382498
v -0.00316512026 0.0098973373 0.00235831691
v -0.0037519536 0.010169059 0.00174722751
v -0.00125700783 0.00843985099 0.00379301375
v -0.00125591888 0.0082421843 0.00411406811
v -0.00175215025 0.00877055991 0.00367982476
v -0.00193116639 0.00868394133 0.00404937938
v -0.00235630479 0.00915879756 0.00350209814
v -0.00251679169 0.00910539646 0.00393800205
v -0.00292315241 0.00964891724 0.0028816401
v -0.00290574878 0.00952624995 0.00336594111
v -0.00288679078 0.00940636918 0.00385580701
v -0.00364132458 0.0100823408 0.00222627539
v -0.00356488256 0.00993911643 0.00271565933
v -0.00347839622 0.00981389917 0.00324100908
v -0.00419464149 0.0101671992 0.00207783072
v -0.0040653469 0.010082542 0.00258370722
v -0.0046871244 0.0101888534 0.00194403995
v -0.00158171449 0.00814844016 0.00464928756
v -0.00175301405 0.00807565451 0.00504647382
v -0.00136568886 0.00890245195 0.00700469315
v -0.00214821775 0.0085820388 0.00451090932
v -0.00232047355 0.00850753952 0.00490467064
v -0.00161001552 0.00920342375 0.00701906439
v -0.00269558653 0.00903426576 0.00437344192
v -0.00287040952 0.00895516388 0.00475801062
v -0.00328818895 0.0096646212 0.00372915249
v -0.00323711289 0.00947130565 0.00421799347
v -0.003194961 0.00926199276 0.0046748789
v -0.00397416577 0.00997323822 0.00307949446
v -0.0038692106 0.00983536616 0.00356414984
v -0.00375721534 0.00971011631 0.00407401705
v -0.00465378724 0.0101521006 0.00241965917
v -0.00451916642 0.0100485217 0.00292148883
v -0.00438704528 0.00994046032 0.00341436826
v -0.00502887415 0.0100975176 0.00231006811
v -0.00500885397 0.0100663351 0.00277680741
v -0.00190615281 0.00802516099 0.00546441646
v -0.00192624819 0.00811232999 0.00592381787
v -0.00171783497 0.00842534192 0.00640870212
v -0.00147057651 0.00874539837 0.00676271506
v -0.00245992071 0.00846805889 0.00531327631
v -0.00244065397 0.00860435236 0.00582115166
v -0.00222700043 0.00892157853 0.00630246243
v -0.00192622561 0.0092450818 0.00681447191
v -0.00302760093 0.00890141074 0.0051787179
v -0.00299809966 0.00906175375 0.00574783748
v -0.00278844032 0.00937576778 0.00623187236
v -0.00261624972 0.00965964235 0.00674145902
v -0.00361658982 0.00951279048 0.00460006297
v -0.00357479253 0.00930492673 0.00505330414
v -0.00348192872 0.00933490694 0.00574620627
v -0.00345566124 0.00977820158 0.00626706332
v -0.00333813298 0.0100658648 0.00674610445
v -0.00433556736 0.0097960718 0.00393880764
v -0.00420561852 0.00965207908 0.00441955449
v -0.00407178421 0.00951505359 0.00491421716
v -0.00370205031 0.0100849736 0.00644910801
v -0.00366840395 0.0101452898 0.00656958669
v -0.0049968604 0.0099952966 0.0032755516
v -0.00485870987 0.00985990372 0.003772191
v -0.00472413329 0.00971810333 0.00425603101
v -0.0058041634 0.00988625456 0.00255361176
v -0.00536039053 0.00995100848 0.00316486438
v -0.005356309 0.00989719667 0.00361172762
v -0.00618953258 0.0097754132 0.00243937247
v -0.00133200758 0.00896283053 0.00712529663
v -0.00160325947 0.00921553466 0.00704325642
v -0.001320443 0.00904481858 0.00743091851
v -0.00131620723 0.00918451045 0.00801585149
v -0.00133014563 0.00931867026 0.00865237135
v -0.00133878551 0.00940538011 0.00906223338
v -0.00182152493 0.0094496021 0.0072619617
v -0.00186145713 0.00965172239 0.00793422014
v -0.00187654456 0.00981445238 0.00859655812
v -0.00169639545 0.00975186098 0.00896405149
v -0.00249565626 0.00990201533 0.00728623429
v -0.00251236768 0.0100724231 0.00791998766
v -0.00230418495 0.0100692371 0.00838169921
v -0.00306287664 0.0101910988 0.00729991635
v -0.00290588289 0.0102329403 0.00772599783
v 0.00665698852 -0.00910859648 -0.000868403469
v 0.00676516397 -0.00908548664 -0.000489844941
v 0.00686901296 -0.00891872216 9.74571012e-05
v 0.00693584746 -0.00865664426 0.000647379726
v 0.00704454444 -0.0083205495 0.00114855578
v 0.00718449056 -0.00800051633 0.00145698607
v 0.00628635194 -0.00882804487 -0.000949165318
v 0.00612301007 -0.00877035037 -0.000405476021
v 0.00630183425 -0.00876643509 0.000179613329
v 0.00651735906 -0.00865884405 0.000765353267
v 0.00669428287 -0.00839363784 0.00128296448
v 0.00697462773 -0.00791770965 0.00169092114
v 0.0059452327 -0.00843548123 -0.00101807725
v 0.0057059573 -0.00827507582 -0.000677805569
v 0.0053663142 -0.00778339524 -0.000577225583
v 0.0051726508 -0.00743485708 -0.000450111489
v 0.00497981394 -0.00702624395 -0.000250928017
v 0.00481610466 -0.0066240076 -1.6554055e-05
v 0.00469783647 -0.00629287073 0.000200591719
v 0.00464156736 -0.00588431256 0.000599965104
v 0.00461781723 -0.00558803137 0.000914596894
v 0.00449887291 -0.00525619136 0.00113157975
v 0.00582019752 -0.00860175956 -0.000130178028
v 0.00594829023 -0.00859791785 0.00019398157
v 0.00612547435 -0.0085211657 0.000805868127
v 0.00621867599 -0.00832330436 0.00138057629
v 0.00629286189 -0.00801752601 0.00190656795
v 0.00554095022 -0.00836134329 -0.000202095631
v 0.00549915154 -0.00831365772 0.00017710196
v 0.00541622285 -0.00817839988 0.000875797938
v 0.0056390306 -0.00815806538 0.00145972951
v 0.00583900092 -0.0079829758 0.00201602094
v 0.00523949787 -0.00805499777 -0.00027315144
v 0.00502964482 -0.00782162417 4.5933004e-05
v 0.00488446048 -0.00778133469 0.000664587482
v 0.00474795187 -0.00732296705 9.75808362e-05
v 0.00448438572 -0.00709612435 0.000540835259
v 0.00432227785 -0.00678645587 0.00114078075
v 0.00440541701 -0.00662555639 0.00144909322
v 0.00438554771 -0.00661493 0.000546681811
v 0.00439299271 -0.00642292248 0.00093903346
v 0.00432391372 -0.00612674421 0.00138373137
v 0.00407137536 -0.00561064854 0.00155508483
v 0.00516288821 -0.00799405761 0.00111649442
v 0.00529980334 -0.00797803141 0.00146433432
v 0.00548822572 -0.00781223178 0.00202850159
v 0.00483398745 -0.00774924736 0.00101251598
v 0.00483892718 -0.0076481849 0.00142791017
v 0.00496617239 -0.0074004624 0.00196814863
v 0.00444335025 -0.00734313624 0.000923340092
v 0.00444529345 -0.00714040175 0.00128362502
v 0.00450499775 -0.00682560727 0.00177647942
v 0.0041160509 -0.00623105653 0.00182051468
v 0.00389551208 -0.00586103974 0.00181810639
v 0.00189422525 -0.00227512955 0.000434285204
v 0.00133565499 -0.0020372807 -0.000167795239
v 0.00141722627 -0.00217931136 0.000305553898
v 0.000750836567 -0.00175485481 -0.000215490218
v 0.000779138179 -0.00191612332 0.000138018368
v 0.000206868775 -0.00105564436 -0.000932405237
v 0.000268523465 -0.00130022294 -0.000546841533
v -7.79716065e-05 -0.000812185637 -0.000999265932
v -0.000254039653 -0.000893519144 -0.000619154831
v 0.000994491042 -0.00215895474 0.000665976317
v 0.000362059975 -0.0016678269 3.35196964e-05
v 0.000414195645 -0.00186481536 0.000509288162
v 8.07188189e-05 -0.00144635234 -3.30044859e-05
v -8.92621611e-05 -0.00151677383 0.000368902867
v -0.000463613542 -0.000989406952 -0.000162724857
v -0.000636150653 -0.00106441067 0.00023002956
v 4.35006041e-05 -0.00181813457 0.000884481007
v -0.000270882563 -0.00159017683 0.000806269469
v -0.000823114475 -0.00114211184 0.000671040209
v 0.00686164666 -0.00738728093 0.00219140924
v 0.00695913844 -0.0070086848 0.00236393162
v 0.00654999539 -0.00723555172 0.00247535948
v 0.00660043769 -0.00678953482 0.00251341355
v 0.00636029011 -0.00627278257 0.0026620212
v 0.00618947996 -0.005883276 0.00287096715
v 0.00599402376 -0.00547194155 0.00306951976
v 0.00586560555 -0.00504540745 0.00333710248
v 0.0057217693 -0.00487295119 0.00378761184
v 0.00584472949 -0.00457481667 0.0033405982
v 0.00563877868 -0.0043581496 0.00377454143
v 0.00543672079 -0.00413450273 0.00422242517
v 0.00439511286 -0.00472930539 0.00145960774
v 0.00457043061 -0.00433514686 0.00159792148
v 0.00547450501 -0.00375889568 0.00374189089
v 0.00526299747 -0.00358301238 0.00417083362
v 0.00507333037 -0.00330391619 0.00478589069
v 0.00501031242 -0.00312318304 0.00508895563
v 0.00410902267 -0.00454061618 0.00165795023
v 0.00416898495 -0.00404869206 0.00183703552
v 0.00422657141 -0.00356102735 0.00200761505
v 0.00495065097 -0.00288254418 0.00407794444
v 0.00490112323 -0.00281202304 0.00458772248
v 0.00484722247 -0.00274406443 0.00510460045
v 0.00639932789 -0.00765436888 0.00226058322
v 0.00602826523 -0.00740114925 0.00242499611
v 0.00613833778 -0.00693711732 0.00256461115
v 0.00556974998 -0.00705706794 0.00256834319
v 0.0057157008 -0.00664021634 0.0027714821
v 0.00559551595 -0.00617593713 0.00312326057
v 0.00556311803 -0.00593401864 0.00336109148
v 0.00550752133 -0.00557546224 0.00370247546
v 0.00540638668 -0.00514843082 0.00405785115
v 0.00531549798 -0.00484574074 0.00428159209
v 0.00516421348 -0.00442123087 0.00456045568
v 0.00387874432 -0.00526025984 0.00168589596
v 0.00503011281 -0.00407364406 0.00477378769
v 0.00493191509 -0.00372786797 0.00503762998
v 0.00482717622 -0.00334032578 0.00534114288
v 0.00366005767 -0.00482478878 0.00187885237
v 0.00348142744 -0.00444930047 0.00205979776
v 0.00464035105 -0.00284072035 0.00553256692
v 0.00554758683 -0.00753372535 0.00234663649
v 0.005192379 -0.0070935376 0.0024556797
v 0.00518952403 -0.00662858551 0.00291892909
v 0.00524377171 -0.00636614021 0.00317067234
v 0.00456329854 -0.00667335605 0.00241643609
v 0.00458231429 -0.00647585234 0.00300149177
v 0.00494947797 -0.00624219794 0.00345137296
v 0.00485099014 -0.00579479802 0.00403601909
v 0.00498716859 -0.00543082133 0.00423319917
v 0.00397088565 -0.00622604042 0.00240500714
v 0.00408830401 -0.00634453213 0.00283341343
v 0.0045782635 -0.00568223884 0.00431602076
v 0.00473461254 -0.00528451661 0.00446723448
v 0.00462002307 -0.00477004331 0.00481950399
v 0.00362965325 -0.00568303838 0.00221984112
v 0.00336151337 -0.00550912693 0.00261340616
v 0.00452405633 -0.00446207775 0.00504202256
v 0.00445606466 -0.00410747575 0.00536056794
v 0.00437395601 -0.00372952642 0.00568595016
v 0.00341233145 -0.00510571897 0.00218477496
v 0.00317217107 -0.00493733631 0.00251207198
v 0.00419337023 -0.00333364168 0.00588808488
v 0.00427102018 -0.00635129958 0.00325230323
v 0.00437437324 -0.00621529436 0.00363946194
v 0.00447227107 -0.00598427188 0.0040303017
v 0.00368984952 -0.00608968176 0.0026798707
v 0.00388589548 -0.00616100198 0.00303835538
v 0.00393349538 -0.00598341366 0.00364649761
v 0.00415618625 -0.0057245288 0.00419487804
v 0.0041802153 -0.00530329347 0.00463668909
v 0.0042367992 -0.00498112198 0.00489130244
v 0.00357415038 -0.00596947176 0.0026520004
v 0.0033931667 -0.00570532959 0.00294498773
v 0.00333261932 -0.00556094572 0.00360280182
v 0.0033928568 -0.00536712166 0.00418873737
v 0.00349206943 -0.00507776998 0.00469391281
v 0.00385055924 -0.00474694837 0.00512912543
v 0.00378063414 -0.00432075933 0.00559196481
v 0.00399447931 -0.00397314318 0.00582935428
v 0.00296373502 -0.00504800584 0.00298625091
v 0.00285738753 -0.00503741391 0.00347342063
v 0.0028562895 -0.00495774671 0.00412223209
v 0.00311066932 -0.00500504905 0.00451605534
v 0.00354062789 -0.00425125286 0.0058147856
v 0.00362754613 -0.00366437668 0.00605806522
v 0.00323801464 -0.00488894992 0.00488889636
v 0.0033412762 -0.00469446275 0.00526597071
v 0.00341012795 -0.00453778915 0.00552815292
v 0.00270560361 -0.00477177976 0.00429687463
v 0.00290355319 -0.00477657001 0.00470747612
v 0.00294159586 -0.0045335656 0.00529703917
v 0.00312038325 -0.00429923926 0.00576558011
v 0.00311823376 -0.00390911428 0.00613711495
v 0.00440404564 -0.00266772439 0.00579698617
v 0.00400837138 -0.00296957046 0.00604622625
v 0.00367555115 -0.00314725726 0.00616200827
v 0.0037455014 -0.00373934046 0.00207084138
v 0.0038138649 -0.00329331588 0.00224352162
v 0.00393084204 -0.00276014302 0.00259027537
v 0.0041577029 -0.00239812233 0.00333087891
v 0.00424110983 -0.00224860152 0.00362953939
v 0.00464795157 -0.00240444695 0.00403860258
v 0.00459926622 -0.00219526701 0.00436325045
v 0.00454526767 -0.0020394749 0.00499602593
v 0.00336883264 -0.00299201836 0.0024716414
v 0.00352902198 -0.00255731889 0.00275692134
v 0.0038251183 -0.00224578939 0.00315060071
v 0.00398617471 -0.00194444775 0.00375267956
v 0.00395127805 -0.00163178728 0.00402288791
v 0.00423899805 -0.00136199978 0.0048700124
v 0.00275027077 -0.00202648249 0.00164484303
v 0.00272467476 -0.00216084509 0.00203533773
v 0.00311502675 -0.00219987892 0.00264205132
v 0.00348271267 -0.00185789086 0.00310658105
v 0.00361818681 -0.00158993469 0.00363439205
v 0.00375336199 -0.00142615498 0.00397521257
v 0.00402814569 -0.000938648067 0.00487158215
v 0.00193806773 -0.00228634547 0.00093665882
v 0.00239487574 -0.0021726361 0.0015378301
v 0.00240760576 -0.00221773819 0.00189575448
v 0.00151006517 -0.00230114325 0.000819249195
v 0.00324879424 -0.00399933988 0.00224939454
v 0.0030635416 -0.00363572384 0.00240662624
v 0.0046073352 -0.00235839048 0.00548097258
v 0.00284138811 -0.00316859921 0.00261960761
v 0.00288700452 -0.00272647245 0.00271034474
v 0.00243477523 -0.00266997283 0.0026114895
v 0.00281966617 -0.0026565087 0.00269412389
v 0.00158021622 -0.00233170763 0.00128148892
v 0.00159658189 -0.00231610099 0.0018128308
v 0.00193743454 -0.00237051118 0.00224764948
v 0.00109162193 -0.00225909008 0.00115997274
v 0.00120852713 -0.00232377741 0.00172477565
v 0.000472461019 -0.00205081562 0.00100700499
v 0.002881967 -0.00442827493 0.00267401757
v 0.00268671825 -0.00408257777 0.00279545668
v 0.00241467496 -0.00355568225 0.00298047066
v 0.00217545009 -0.00337226666 0.00331047294
v 0.00209106179 -0.00287404773 0.00290474715
v 0.00189017307 -0.00299987663 0.00319598126
v 0.00129661302 -0.00231392938 0.00216177478
v 0.00142391014 -0.00251973933 0.00267200498
v 0.00152631954 -0.00277016452 0.00309311831
v 0.000660134421 -0.00222752965 0.00150959217
v 0.000801277929 -0.00231192634 0.002016888
v 0.000932123512 -0.00241478416 0.00248730951
v 9.74021459e-05 -0.00197808375 0.00136623392
v 0.000147340572 -0.00214513717 0.00183379638
v -0.000433164241 -0.00164679612 0.0012357462
v -0.000987080974 -0.00120175141 0.00109448389
v 0.00277781649 -0.00469620759 0.00296338159
v 0.00255124178 -0.00445056567 0.00327210012
v 0.00234535336 -0.00434016529 0.00395573722
v 0.00216793036 -0.00406276388 0.00424175151
v 0.00325840479 -0.00335331541 0.00628624391
v 0.00229455018 -0.00392921641 0.0033206977
v 0.00213488378 -0.00365966884 0.00369346538
v 0.00200663344 -0.0036621429 0.00421635341
v 0.00157276122 -0.00312385336 0.00369515829
v 0.00165693858 -0.00323425047 0.0041338061
v 0.00092533807 -0.00267615705 0.00308658718
v 0.000991699751 -0.00285629882 0.00336645124
v 0.000326836715 -0.00235412223 0.00235482329
v 0.000440209813 -0.00251860311 0.00293353852
v 0.000506836455 -0.00276688463 0.00334486528
v -0.000289638992 -0.0019149899 0.0017336345
v -0.000157504546 -0.00209321757 0.00213237037
v -0.000271687779 -0.00215803739 0.002720644
v -0.000589079224 -0.0016995226 0.00165558269
v -0.000741471595 -0.00177317194 0.00218066084
v -0.000643229461 -0.00195307226 0.00259039411
v -0.00114179356 -0.00125351071 0.00151350023
v -0.00129974959 -0.00130237569 0.00195846613
v 0.00243080757 -0.00448626978 0.00423067994
v 0.0022817743 -0.00425635232 0.00458117668
v 0.00226425775 -0.00417260081 0.00530548766
v 0.002288969 -0.00395661499 0.0058267992
v 0.00261375774 -0.00356454495 0.0062811533
v 0.00188327953 -0.00368867861 0.00461398438
v 0.00176829589 -0.00366574363 0.00519024301
v 0.00171758339 -0.00362747139 0.00556584448
v 0.00201980607 -0.0031380076 0.00642236741
v 0.00113380631 -0.00310442504 0.00395858474
v 0.00135189784 -0.00317364 0.00439729821
v 0.00128842006 -0.00314594759 0.00506402878
v 0.00122417673 -0.00312019745 0.00544179045
v 0.00167219155 -0.00278682122 0.00647879578
v 0.000722072728 -0.00296199718 0.00384821836
v 0.000627830334 -0.00295035751 0.00439181458
v 0.000901117048 -0.00291774236 0.00505794305
v 0.000968839158 -0.00287715485 0.00536897359
v 0.000145886035 -0.00246348837 0.00324501772
v 0.000178975344 -0.00261513237 0.00363964355
v -4.12719673e-05 -0.00261584576 0.00414981786
v -0.000332619704 -0.00213436293 0.00307570514
v -0.000489063328 -0.0021034556 0.00370177929
v -0.000404000049 -0.00225126417 0.00406011008
v -0.00103348948 -0.00168176042 0.00247383374
v -0.000918900361 -0.00178840919 0.00285150646
v -0.00106123812 -0.00173128513 0.00347867794
v -0.00143998431 -0.00134248938 0.00236760895
v -0.00155874668 -0.00134326483 0.00285728765
v -0.00164893619 -0.00133089791 0.00328503596
v 0.00206811586 -0.00375004811 0.00597602688
v 0.00212266296 -0.0036522639 0.00617134571
v 0.00175798265 -0.00352228992 0.00585180102
v 0.00186017423 -0.00333909504 0.00621772278
v 0.00123592885 -0.00303805899 0.00574728381
v 0.00139344088 -0.00276283082 0.00628381455
v 0.000309882103 -0.00287803239 0.00463834126
v 0.000435819675 -0.00283911498 0.00514852349
v 0.000539525005 -0.00274186535 0.00568671292
v 0.000695726019 -0.0024824203 0.00629695179
v -0.000109587563 -0.00259811035 0.00450991467
v -0.000202219991 -0.00254093762 0.0052212812
v -3.77014512e-05 -0.00264456868 0.00559825078
v -0.000753900444 -0.00193569018 0.00396691542
v -0.000620373408 -0.00208867574 0.00431064051
v -0.000712682551 -0.00204578438 0.00503553264
v -0.00112242135 -0.00170781277 0.00383391045
v -0.00118596491 -0.00165846071 0.00431056693
v -0.00124166894 -0.00157249661 0.00491259294
v -0.00171243073 -0.00130928494 0.00364184496
v -0.00182779459 -0.00123620336 0.00432333676
v -0.0016660851 -0.00129903795 0.00475935731
v 0.000119128963 -0.00259940187 0.00599836977
v 0.000226132222 -0.0024072486 0.00639046216
v -0.000414274866 -0.00236615678 0.00545549765
v -0.000227651617 -0.00243156892 0.00579858571
v -0.000153868459 -0.00220374716 0.0063947048
v -0.00075319648 -0.00200568675 0.00537666958
v -0.000783853058 -0.00195006467 0.00574384397
v -0.000777846319 -0.00179986132 0.00636676326
v -0.00125136389 -0.00150760915 0.00523271225
v -0.0012798782 -0.00144325814 0.00562864309
v -0.00131158275 -0.00132338889 0.00627727993
v -0.00207096688 -0.00105959433 0.00456604455
v -0.00184493605 -0.00111044734 0.00493690651
v -0.00177802041 -0.000938155048 0.00551488576
v -0.00173122552 -0.000755143294 0.00610998878
v 0.00439330423 -0.00189496251 0.00546145951
v 0.00410538213 -0.00136723125 0.0054021338
v 0.00374949281 -0.00075872743 0.00531724747
v 0.00344660482 -0.000622252584 0.00567613263
v 0.00355228595 -0.000250276731 0.00529087614
v 0.00332556129 2.03161762e-05 0.00569271483
v 0.0030901935 0.00027541467 0.00606360519
v 0.00327745639 0.000587102491 0.00572686736
v 0.00296219997 0.000771995925 0.00607767189
v 0.0026612631 0.000982559286 0.00647975085
v 0.00265077595 0.00142712286 0.00605199672
v 0.00247225352 0.00134138938 0.00642331876
v 0.00238284119 0.00194041547 0.00598557061
v 0.00212731515 0.00204569567 0.00624130247
v 0.00173840183 0.00263334997 0.00636769971
v 0.00149147178 0.00279629533 0.00667288713
v 0.00427009352 -0.00215387717 0.00583458226
v 0.00393955316 -0.00193735119 0.0062121856
v 0.00394692505 -0.0014220028 0.00582370348
v 0.00375298434 -0.0015353756 0.00613981765
v 0.00371032977 -0.00102420186 0.00575451693
v 0.0034003295 -0.000917672354 0.00599158742
v 0.00302736065 -0.000415178773 0.0061521288
v 0.00286317198 -1.38024916e-05 0.00638478436
v 0.0026938084 0.000370422087 0.00658962224
v 0.00250457344 0.000726898958 0.00673259422
v 0.00215728418 0.00121692475 0.00690429704
v 0.00185468351 0.00137801305 0.00720870867
v 0.00181641197 0.00181409146 0.00682447199
v 0.00162088894 0.00169788185 0.00713491999
v 0.00158946658 0.00223630224 0.00675760023
v 0.00132131437 0.00237569865 0.00698787207
v 0.00373847829 -0.00248574908 0.00626549218
v 0.00376678375 -0.00207632058 0.00633000862
v 0.00334820733 -0.00226798514 0.00646912493
v 0.00337118306 -0.00188326417 0.00643752702
v 0.0029194199 -0.00124781381 0.00648021512
v 0.00262251729 -0.000813976512 0.0065565533
v 0.00245634653 -0.00041615346 0.00678211218
v 0.00231368258 -5.96694881e-05 0.00699338084
v 0.00212277286 0.000293805497 0.00713035604
v 0.00173415977 0.000903898501 0.00731068803
v 0.00173559389 0.00128222187 0.00728992373
v 0.0012872346 0.00114599848 0.00745075941
v 0.00130518572 0.0014611138 0.00733888475
v 0.000880752166 0.00205465942 0.00738600688
v 0.00328353187 -0.00296413014 0.00635887217
v 0.00282863039 -0.00236994959 0.00659067929
v 0.00285393139 -0.00204135198 0.00659166556
v 0.00236192229 -0.00216251379 0.00670625921
v 0.00239683967 -0.001761797 0.00667482521
v 0.0020827062 -0.00117461919 0.0068080714
v 0.00192138413 -0.00076810387 0.00705099246
v 0.00180905906 -0.000443141209 0.00726957014
v 0.00162441004 -7.84433214e-05 0.00742896274
v 0.00127977482 0.000455720234 0.00755364075
v 0.000845862494 0.00107056065 0.00756115979
v 0.000866561779 0.00141612743 0.0074553513
v 0.000447855797 0.00124247337 0.00761552062
v 0.00046325865 0.00165654835 0.0076912879
v 0.000175858993 0.00209968444 0.00850041024
v 0.000335810968 0.00231502089 0.00889423862
v 0.000458125171 0.00257549225 0.00942947157
v 0.00274767564 -0.00312180049 0.00649813702
v 0.00234618201 -0.00278722309 0.00658047106
v 0.00182158477 -0.00232216041 0.0066083502
v 0.00196956284 -0.00186003628 0.00673283823
v 0.00141055626 -0.00201628986 0.00670780148
v 0.00146528904 -0.00149351149 0.00699800067
v 0.00149236678 -0.00102030882 0.00718917511
v 0.00108827895 -0.00125921203 0.00729381992
v 0.00114348216 -0.000781138311 0.00744076632
v 0.00119971717 -0.00030121475 0.00759140775
v 0.000684783095 -0.000427871593 0.00766590517
v 0.000738073606 -3.35472869e-05 0.00769206882
v 0.000304256508 0.000566963339 0.00772283785
v 1.39213516e-05 0.000975013827 0.00777839124
v -8.99109145e-05 0.00147829263 0.00809808355
v -4.19355638e-05 0.00177740341 0.00852122623
v 0.000137685463 0.00196337258 0.00912561826
v 0.000263767899 0.00224888977 0.00964725949
v 0.00134252943 -0.00243251421 0.00646864809
v 0.000824850751 -0.00214498327 0.00672365259
v 0.000935547752 -0.00170964701 0.00709544914
v 0.000378602883 -0.00193166803 0.00699586421
v 0.000516027561 -0.00143854786 0.00727066398
v 0.000637008459 -0.000974905211 0.00748658413
v -5.81145287e-06 -0.00106114091 0.00742123229
v 0.000141027267 -0.000588056399 0.00758879492
v 0.000281975139 -0.000125532621 0.00773526262
v -0.000766811252 -0.00026991457 0.00728963735
v -0.000402473612 -0.00019010331 0.00750143407
v -4.79395385e-05 0.000225537922 0.00771228923
v -0.00091029238 -0.000120839337 0.00725507503
v -0.000797417946 0.000164474768 0.00748818787
v -0.000678413431 0.000693117036 0.00793558545
v -0.00071791251 0.00103065022 0.00836700574
v -0.000431633234 0.00126436155 0.00893477071
v -0.000239994217 0.00148176635 0.00947220437
v -0.000104450592 0.00175745343 0.00999612454
v 0.000310899341 -0.00221596053 0.00669057015
v 5.51074045e-05 -0.00191915513 0.0068654702
v 4.18466516e-05 -0.00153899973 0.00718062744
v -0.000623179367 -0.00153008185 0.00688830018
v -0.000335091725 -0.00110471062 0.00729891658
v -0.000359514146 -0.000713481451 0.0074822139
v -0.00117881759 -0.00107122585 0.0068137534
v -0.000803277246 -0.000639293692 0.00722786039
v -0.000459779345 -0.000609307142 0.00745806145
v -0.0016196603 -0.000520033005 0.0066609201
v -0.00132107723 -0.000172468892 0.00713875704
v -0.00129427109 0.000217719804 0.00760028837
v -0.0013549102 0.000538668246 0.00826611556
v -0.00118960754 0.000691782101 0.00866838731
v -0.000865393784 0.000841023168 0.00926784705
v -0.000693289214 0.00107872393 0.00980057474
v -0.000542337366 0.00133840216 0.0103282072
v -0.00179089629 0.000297254417 0.00873781554
v -0.00161964283 0.000334152573 0.00903245248
v -0.00136993558 0.000491224811 0.00958387274
v -0.00120403362 0.000735370093 0.0101151066
v -0.00103771861 0.000979086151 0.0106464401
v 0.000495813205 0.00272819144 0.00977576151
v 0.000379906414 0.0025803321 0.0101287263
v 0.000396795338 0.0027670362 0.0107502928
v 0.000396576157 0.00291526271 0.0111566773
v 2.09647405e-05 0.00204366446 0.0105176056
v 0.000131257009 0.00234558689 0.0110354433
v 0.000167923456 0.00267795543 0.0114812301
v -0.000389449357 0.0015960692 0.0108563052
v -0.000273428275 0.00189203967 0.0113755241
v -0.000273247919 0.00227509532 0.0118275927
v -0.000867277617 0.00121851591 0.0111787673
v -0.000766861951 0.00153070025 0.0116942255
v -0.000777579553 0.00190096069 0.0121152233
v -0.00203792471 9.94227157e-05 0.0089081917
v -0.00203102385 0.000114443057 0.00925733428
v -0.00201713084 0.00020352134 0.0098805055
v -0.00177196774 0.000451436441 0.0104158632
v -0.00158735225 0.000676138501 0.0109516038
v -0.00226048403 0.000158920768 0.0101852966
v -0.00218586484 0.000291835924 0.0106113544
v -0.00209235237 0.000472303218 0.0111946836
v -0.00142194226 0.000920795486 0.0114827193
v -0.0013702818 0.00126703468 0.0120100686
v -0.00117054151 0.00163919898 0.0122812456
v -0.00193378003 0.00073487201 0.0117187416
v -0.0017719582 0.00100870954 0.0120285237
v -0.000611295749 -0.000343824795 -0.00112544862
v -0.000785425887 -0.000421684294 -0.000738398347
v -0.00113639713 0.000132553992 -0.0012511838
v -0.00130854035 5.82563516e-05 -0.000857018807
v -0.00165729399 0.000613314915 -0.00137547276
v -0.00182946317 0.000538970577 -0.00098140107
v -0.00217343541 0.00109915074 -0.0014976142
v -0.00234703487 0.00102224282 -0.00110866304
v -0.00268550823 0.00158914574 -0.00161870418
v -0.00286000781 0.00151062384 -0.00123297703
v -0.0031924143 0.00208408711 -0.00173991139
v -0.00336714648 0.00200514868 -0.00135501602
v -0.00368338078 0.00259491568 -0.00185876281
v -0.00385806873 0.00251605641 -0.00147370936
v -0.00415553898 0.00312502612 -0.00197252887
v -0.00433099968 0.00304478197 -0.00159024191
v -0.000983506558 -0.000508327328 -0.000289806398
v -0.00115456316 -0.000580677064 0.000108249325
v -0.00149346376 -1.78035989e-05 -0.000417399628
v -0.0016610804 -8.39865388e-05 -7.02611578e-06
v -0.00201046071 0.000466068595 -0.000544459093
v -0.00217673741 0.000402287696 -0.00012928748
v -0.00253112451 0.000946853543 -0.000669612491
v -0.0026983486 0.000881374173 -0.000257833424
v -0.00304380176 0.00143547251 -0.000794128049
v -0.0032114007 0.00136932125 -0.000383691338
v -0.00354998303 0.00193076744 -0.000916819961
v -0.00371767394 0.00186445122 -0.000506712589
v -0.00404297002 0.00244001462 -0.00103410531
v -0.00421139039 0.00237239082 -0.000626609719
v -0.00452377368 0.00296240719 -0.00114526891
v -0.00469389651 0.00289173122 -0.00074386975
v -0.0013350558 -0.00065317296 0.000544846815
v -0.00182935863 -0.000146657636 0.000421241595
v -0.00233708881 0.000345992681 0.000293574354
v -0.00285698706 0.000826456991 0.000163860313
v -0.00337175652 0.00131302257 3.91735957e-05
v -0.00388220605 0.00180479349 -8.09996127e-05
v -0.00438314769 0.00230692094 -0.000195969158
v -0.00487205805 0.00282111042 -0.000308862014
v -0.00461842073 0.0036646584 -0.00208373321
v -0.00479548983 0.00358153065 -0.0017072059
v -0.00507718232 0.00420796545 -0.00219619391
v -0.00525484793 0.00412376784 -0.00182180398
v -0.00552522112 0.00476163998 -0.00230844901
v -0.0057015866 0.00467977393 -0.001929402
v -0.00581605267 0.00514789717 -0.00238174899
v -0.0060980604 0.0052789771 -0.00208320399
v -0.00650506979 0.00581827294 -0.00197199895
v -0.00672307145 0.00594919082 -0.00166779407
v -0.00669492781 0.00637157401 -0.00210729404
v -0.0069451984 0.0065770247 -0.00169808825
v -0.00706263212 0.00709608383 -0.00170316338
v -0.00500154588 0.0034884722 -0.00125317462
v -0.00517436909 0.00341295614 -0.000861443463
v -0.00546840299 0.00402467744 -0.00136265904
v -0.00564275961 0.00394641235 -0.000976418669
v -0.00591120217 0.00458385237 -0.00147294335
v -0.00608460978 0.00450728787 -0.0010833058
v -0.00632207608 0.00517549552 -0.00157571631
v -0.00649310974 0.0051031867 -0.00117757823
v -0.00651912764 0.00548166595 -0.00162407756
v -0.00680381805 0.00566200726 -0.00122801715
v -0.00704825716 0.0062559708 -0.0012640357
v -0.00535685709 0.00333885499 -0.000423485006
v -0.00583183346 0.00386701408 -0.000533968967
v -0.00627964456 0.00442309491 -0.000636791112
v -0.00668432377 0.00502206711 -0.000733669149
v -0.00689015398 0.00537032681 -0.000784427801
v -0.00149790198 -0.000710804248 0.000972301932
v -0.00198990642 -0.000200168579 0.000856926956
v -0.00249603484 0.000295353238 0.000734995527
v -0.00301526929 0.00077700743 0.000607658003
v -0.00353143527 0.00126106956 0.000477970752
v -0.00404488621 0.00174745952 0.000347049383
v -0.00454908051 0.00224375702 0.000220434784
v -0.00504002208 0.00275430479 0.000100267876
v -0.00164726097 -0.000758257404 0.00138766749
v -0.0018039135 -0.00080478529 0.00183730142
v -0.00213418435 -0.000243534741 0.00126882736
v -0.00228769914 -0.000284437876 0.00172969606
v -0.00263719982 0.000254491053 0.00114477298
v -0.002789689 0.000215426582 0.0016093147
v -0.00315294811 0.000738949282 0.00101505802
v -0.00330565427 0.000699495547 0.00147882174
v -0.00367089105 0.00122158218 0.00088658242
v -0.00382403308 0.00118134718 0.00134878594
v -0.00419696048 0.00169782247 0.000764266355
v -0.00435449276 0.00164971664 0.0012107481
v -0.00471986178 0.00217907247 0.000650409551
v -0.00488401763 0.00211909367 0.00107317558
v -0.00522521883 0.00267802505 0.000540073728
v -0.00539433025 0.00260916236 0.000945094682
v -0.00194093562 -0.000842315203 0.00224425341
v -0.00206614914 -0.000845610048 0.00274984539
v -0.00215524784 -0.000838075182 0.00315222377
v -0.00241682515 -0.000315616373 0.00213126326
v -0.00254372181 -0.000323961547 0.00262206071
v -0.00264373422 -0.000324375986 0.00303545874
v -0.00291696889 0.000185732963 0.00200962299
v -0.00305361813 0.000136121002 0.00257880986
v -0.00294235954 -3.9292674e-05 0.00295771356
v -0.00343517866 0.000667996763 0.00188066042
v -0.00358576048 0.00063235109 0.00235203048
v -0.00395499961 0.00114868814 0.00175160845
v -0.00410813978 0.00110845664 0.00221381872
v -0.00449097157 0.00161262404 0.00161732954
v -0.00464612152 0.00156878913 0.00207234221
v -0.00503038708 0.00207404513 0.00148650212
v -0.00518837851 0.00202511624 0.00193133997
v -0.00555214519 0.00255490746 0.00136622682
v -0.00571355224 0.00249985652 0.00179883605
v -0.00222537224 -0.000821795024 0.00351355388
v -0.0023316436 -0.000778007146 0.00414358824
v -0.00272052037 -0.000313454249 0.00340133207
v -0.00283777644 -0.000289357966 0.00399203412
v -0.003313781 0.000253532431 0.00285573932
v -0.00323404558 0.000114655646 0.00323524047
v -0.00340851606 0.000127341365 0.00379834906
v -0.00371484272 0.000601207721 0.00275356835
v -0.0038661072 0.00054907205 0.00330176717
v -0.00377029902 0.000371227623 0.00368714426
v -0.00424678531 0.00106962095 0.00262187794
v -0.00440296391 0.00102394237 0.00307320803
v -0.00479344185 0.00152297609 0.00248631719
v -0.00495294295 0.00147134089 0.0029257487
v -0.00534508983 0.00197174936 0.00235171942
v -0.00550689222 0.00191598898 0.00278291176
v -0.00587421609 0.00244331034 0.00222191098
v -0.00603662198 0.00238646846 0.00265094242
v -0.00238041626 -0.000744552293 0.00449035736
v -0.00239366572 -0.000672938244 0.00485424697
v -0.0023581991 -0.000499038666 0.00545707485
v -0.00235473993 -0.000252361206 0.00609410554
v -0.00290722027 -0.000272530131 0.0043529002
v -0.00297062262 -0.000231230515 0.0047942386
v -0.00301131979 -0.000135259063 0.00543711986
v -0.00276870141 -0.000127865409 0.00595525373
v -0.00350408303 0.000123156584 0.00417703018
v -0.00361324195 0.000138947973 0.00479152659
v -0.00343749998 5.47228847e-05 0.00521427579
v -0.00414318591 0.00066309364 0.00358711649
v -0.00414880691 0.000535064144 0.00404888438
v -0.00414042175 0.000432142057 0.0045608026
v -0.00454599084 0.000981582794 0.0034842554
v -0.00470139319 0.000937295496 0.00393836387
v -0.00510516437 0.00142158533 0.0033430662
v -0.00526420819 0.00137077074 0.00378413708
v -0.00565975439 0.00186571828 0.00320066605
v -0.00581888342 0.00181475084 0.00364143169
v -0.00618846621 0.00233701593 0.00306800287
v -0.00634723529 0.00228669448 0.00351005979
v -0.00263465196 -6.14424935e-05 0.0063510933
v -0.00326053635 3.55794327e-06 0.00565699907
v -0.0030299956 1.21101621e-05 0.00615028059
v -0.00387905235 0.000263051828 0.00503899157
v -0.00371974986 0.00019379158 0.00547022885
v -0.00380599848 0.000272603706 0.00614385167
v -0.00454637315 0.000683569931 0.00442362158
v -0.00437032105 0.000540357782 0.00480199605
v -0.00443325797 0.000531937811 0.00552575989
v -0.00426117983 0.000441216864 0.00593260303
v -0.0048381933 0.000899944338 0.00434516463
v -0.00495401071 0.000890776631 0.00478642248
v -0.00506473798 0.000894950354 0.00526409084
v -0.00540461065 0.00133052177 0.00419339444
v -0.00551721081 0.00127347966 0.00478342874
v -0.00537631614 0.00110134063 0.0051552467
v -0.00595454825 0.00177831249 0.00404745853
v -0.00609907415 0.00175352395 0.00454051606
v -0.00647695083 0.00225504139 0.00391202886
v -0.00662145112 0.00223029777 0.00440517534
v 0.00158503908 0.0031793681 0.00628295541
v 0.00132423919 0.00332067511 0.00657107681
v 0.000956920092 0.0039202366 0.00669427682
v 0.000746623205 0.00408550166 0.00702568237
v 0.00078939501 0.00447162101 0.0065648607
v 0.000569934025 0.00465761591 0.00698251557
v 0.000516969478 0.00488454569 0.00755724404
v 0.000646462489 0.00515373237 0.0080861086
v 0.00039176346 0.00523126964 0.0069389916
v 0.000328586902 0.00557636796 0.00731247663
v 0.000454007997 0.00579064386 0.0077663078
v 0.000216170854 0.00599193061 0.00740174018
v 0.0002288869 0.00601472612 0.00744727254
v 0.00094923313 0.00306198513 0.00712664379
v 0.000715304282 0.00323712477 0.00742670288
v 0.000877312268 0.00354171125 0.00704455655
v 0.000629916089 0.00375928916 0.00743862614
v 0.000589056523 0.00403262675 0.00796361547
v 0.000726700004 0.00429552607 0.00849335082
v 0.000502405397 0.00432521896 0.00744040357
v 0.000578205392 0.0044809063 0.0077422196
v 0.000708881707 0.00475104479 0.00827027764
v -0.00247080345 0.00623493083 0.00666175736
v -0.00246208347 0.00625056308 0.00669298135
v -0.00271298923 0.00649434421 0.006571481
v -0.00266828877 0.00657447707 0.00673154183
v 0.000628660549 0.00250554434 0.00754816039
v 0.000505833421 0.00294055766 0.00785368122
v 0.00053263444 0.00319044036 0.00840100273
v 0.000677092117 0.00345470244 0.00892815366
v 0.000485422381 0.00341072655 0.00787051953
v 0.000583139306 0.00357497181 0.00819438696
v 0.000725362683 0.00384155521 0.00872099958
v -0.00229947828 0.00523451064 0.0069608679
v -0.00208297046 0.00539164385 0.00732966606
v -0.00203976268 0.00568070076 0.0078726802
v -0.00209613098 0.00588117633 0.00820673257
v -0.00300043402 0.00552924396 0.00641974946
v -0.00259910338 0.00570271909 0.00665382203
v -0.00231000781 0.00606847601 0.00700665079
v -0.00223790389 0.0061954367 0.00767031871
v -0.00229406287 0.0062677525 0.00821536593
v -0.00329636782 0.0058685788 0.00629423652
v -0.00297447247 0.00621133111 0.00643629581
v -0.00261836685 0.00668731797 0.00701100426
v -0.00262566749 0.00678932481 0.00748128677
v -0.00271097524 0.00687132496 0.00822514202
v 0.000222763905 0.00209986535 0.00794292428
v 0.000220023692 0.00225790567 0.00820751023
v 0.000429552776 0.00265462999 0.00869803783
v 0.000559472886 0.00290719862 0.00923510268
v -0.00226311595 0.00437166076 0.00736410497
v -0.00202831207 0.00456518307 0.00772815943
v -0.00193407468 0.0048258137 0.00827115402
v -0.00194465101 0.00509499479 0.00883913878
v -0.0028808713 0.00461563468 0.00676607015
v -0.00247001345 0.00473868754 0.00701416517
v -0.00201774761 0.00499121146 0.00751192309
v -0.00196119817 0.00529100001 0.00804583821
v -0.00204703305 0.00563573651 0.00856830366
v -0.00312805455 0.00507804798 0.00649258541
v -0.00273409346 0.00516512571 0.00665045017
v -0.00232877373 0.00631251791 0.00855254475
v -0.00411920296 0.00537873385 0.00614285097
v -0.00372162717 0.00544452015 0.00622997526
v -0.00259173289 0.00671726512 0.00854309369
v -4.6838868e-06 0.00189423887 0.00814306829
v 4.58300565e-06 0.0019108511 0.00817625131
v -0.00238756137 0.00356206414 0.00794413127
v -0.00225578202 0.00371754589 0.00821604487
v -0.00211458583 0.0039767148 0.00874665659
v -0.00207116152 0.00413733162 0.00911044516
v -0.00290148612 0.00377919199 0.00721284002
v -0.00250623981 0.00386579381 0.00752197206
v -0.00213359599 0.00402760133 0.00802669581
v -0.00201368378 0.00430888403 0.0085521806
v -0.00200557499 0.00454230234 0.00912673026
v -0.00361700077 0.00403034082 0.00664178608
v -0.00314460672 0.00412352849 0.00686395448
v -0.00267152488 0.00421794876 0.00708858715
v -0.0038314953 0.00437461026 0.00643227948
v -0.00354489498 0.00465408992 0.00644795643
v -0.00420163712 0.00497283833 0.00618820312
v -0.00380991353 0.00502879918 0.00625643041
v -0.00107397814 0.000884411857 0.00824700203
v -0.00107059279 0.000890480587 0.00825912412
v -0.00264884741 0.0032972584 0.00808131695
v -0.0024859542 0.00339877699 0.00843991339
v -0.00232268311 0.00364565593 0.00897051301
v -0.00220284518 0.00398010761 0.00946327858
v -0.00320539693 0.00337880501 0.0073614032
v -0.00285784109 0.00330614345 0.00778533844
v -0.0020616434 0.00429187436 0.00949694589
v -0.00382402679 0.00365057983 0.0067748283
v -0.00352087198 0.0034983221 0.00703977421
v -0.00470836461 0.00388411013 0.00633051386
v -0.00431702519 0.00393240573 0.00643683458
v -0.0049822554 0.00422535744 0.00620539812
v -0.00470605912 0.00448618736 0.00618382217
v -0.00214851624 -0.00012916213 0.00661292905
v -0.00193757331 4.50007647e-05 0.00716662034
v -0.00175618322 0.000260635716 0.00770780165
v -0.00164188712 0.000415445713 0.00817551371
v -0.00119128707 0.000790052814 0.00832700357
v -0.00118790171 0.000796121545 0.00833912566
v -0.00312517816 0.00290130777 0.00838427339
v -0.00293282187 0.00298905699 0.00876983255
v -0.00273652654 0.00320162391 0.00930838753
v -0.00260817213 0.00348478043 0.00983057637
v -0.00404412905 0.00283623976 0.00737631414
v -0.00369085232 0.00293402234 0.00754946982
v -0.00330213504 0.00287690619 0.00809601136
v -0.0047559524 0.00303371809 0.00679161074
v -0.00424822373 0.00309229665 0.00700265123
v -0.00374726462 0.00313873985 0.00718945311
v -0.00486791786 0.00342596811 0.00653941324
v -0.0045385696 0.00343796634 0.0066082119
v -0.00534710707 0.00389597798 0.00629934156
v -0.00254321145 6.25490793e-06 0.00665536104
v -0.00241492083 0.000113935326 0.00726541877
v -0.0023429119 0.000166341255 0.00786774792
v -0.00194087939 0.000244827301 0.00845605042
v -0.0030259334 0.000160393771 0.00671300385
v -0.00301048229 0.000239219575 0.00731320959
v -0.00279940711 0.000152960245 0.00773458928
v -0.00354429986 0.000320382998 0.0067776721
v -0.00345219439 0.000386290485 0.00709246565
v -0.00342845311 0.00270773144 0.00862480421
v -0.00346465479 0.00271152169 0.00909183081
v -0.00326556759 0.00287727988 0.00961851235
v -0.00310134562 0.0031231707 0.0101493411
v -0.00418522209 0.00272274972 0.00747253466
v -0.00418006862 0.00262299762 0.00790219568
v -0.00377374096 0.00261067785 0.00851966068
v -0.00374071812 0.00259744353 0.00901579298
v -0.00480386661 0.00299517764 0.00682428665
v -0.00467971154 0.00279895635 0.00729559409
v -0.0045519243 0.00260924781 0.00777990837
v -0.00530314445 0.00313696591 0.00682413578
v -0.00525966939 0.00296396459 0.00709806522
v -0.005809817 0.00353509001 0.00666362839
v 0.000681732665 0.00546065252 0.00862239674
v 0.000678513898 0.00569823524 0.0090688942
v 0.000586378097 0.00606309809 0.0083919419
v 0.000601224136 0.00612560939 0.00907057896
v 0.000537636166 0.00643750047 0.00957317743
v 0.000465404475 0.00665662158 0.00990706868
v 0.000491225277 0.00652273512 0.0084513491
v 0.000407490385 0.00675244397 0.00875205826
v 0.000295092643 0.00707856799 0.00925025158
v 0.000255681836 0.00708925398 0.00989445578
v -3.21178086e-05 0.00766217802 0.00920001417
v -0.00012650076 0.00768958637 0.00989265647
v -0.000335242163 0.00786563847 0.0101868594
v -0.00046536373 0.00824871194 0.00916807726
v -0.000543406873 0.00828528404 0.00964980479
v -0.000647688867 0.00829392951 0.0101200035
v -0.000751312415 0.00863613375 0.0091371052
v -0.000922065345 0.00887699798 0.00942428689
v -0.00104648306 0.00890348386 0.0100443354
v 0.000749082479 0.00457590865 0.00904652383
v 0.000764637371 0.00485248305 0.00960351061
v 0.000777660694 0.00503834151 0.00996513758
v 0.000722491415 0.00504054222 0.00882133748
v 0.000715371571 0.00543820346 0.00938284304
v 0.000745319121 0.00549059827 0.00998430327
v 0.000662543171 0.00580219971 0.010416599
v 0.000686617743 0.00589265069 0.00943582878
v 0.000654222909 0.00607838342 0.0097204065
v 0.000482321717 0.0063580377 0.0103535056
v 0.000283849833 0.00652140565 0.0107797002
v 0.000167809194 0.00709125819 0.0102678891
v -4.72581596e-05 0.00710505806 0.0108087035
v -0.000308645191 0.00732621877 0.011119931
v -4.90625971e-05 0.0074815671 0.0102491379
v -0.000309654744 0.00766480342 0.0105460966
v -0.000493914413 0.00765947253 0.0111054219
v -0.000762774725 0.00827404391 0.0105119953
v -0.000900385785 0.00826165173 0.0110298125
v -0.00117209204 0.0088751344 0.010443504
v -0.00132899522 0.00882815756 0.0108922403
v 0.000700336415 0.00371386507 0.00949170999
v 0.000718475319 0.0039348742 0.00995765626
v 0.000736719463 0.00411306927 0.0092816921
v 0.000746638398 0.00433277152 0.0099378014
v 0.000750617473 0.00478488673 0.0103361299
v 0.000652869407 0.00494395569 0.0108170323
v 0.000775039778 0.00521919457 0.0103418557
v 0.000570115517 0.00548206922 0.0108199762
v 0.000348112895 0.00571432849 0.0112369452
v 0.00047123991 0.00603693258 0.0108190374
v 0.000218674773 0.00622010278 0.0112175792
v -3.24058346e-05 0.00640593376 0.0116214361
v -6.9947564e-05 0.00689126737 0.011159868
v -0.000312385266 0.00699515035 0.0114352833
v -0.000737271737 0.0075026257 0.011439167
v -0.00120780314 0.00805054419 0.0113954609
v -0.0029020519 0.00707802596 0.00848048273
v -0.00169450114 0.00856948365 0.0112938685
v 0.000585640897 0.00312101981 0.00980058219
v 0.000669690548 0.00366236665 0.0102949217
v 0.000667860382 0.00386815867 0.0108231213
v 0.000603354885 0.00405466603 0.0112396153
v 0.000733011926 0.0041122078 0.0103313457
v 0.000716652779 0.00425446918 0.0106160929
v 0.000532687642 0.00459094765 0.0112423599
v 0.000330036855 0.00483737839 0.0116886571
v 0.00045002799 0.00513968989 0.0112422165
v 0.000230865902 0.00536395796 0.0116821779
v -2.76012579e-05 0.00551776588 0.0119813997
v 0.000125877094 0.00589658134 0.0116742961
v -0.000202800962 0.00601502648 0.0118676089
v -0.0019608303 0.00526309246 0.00916704722
v -0.000727592269 0.00659714779 0.0118538095
v -0.00206798315 0.00569385523 0.00923817325
v -0.00215822272 0.00603577448 0.00968500879
v -0.00122012221 0.00710563175 0.011731334
v -0.00237084553 0.00637924625 0.00901501067
v -0.00238894229 0.00646864809 0.0097296359
v -0.00251103658 0.00672483956 0.0100573199
v -0.00171562913 0.00760877877 0.0115981987
v -0.00278614694 0.00693106279 0.00879486464
v -0.00287177716 0.00702747703 0.00953017175
v -0.0028974642 0.0070997281 0.0099484371
v -0.00220930343 0.0081152115 0.0114716245
v 0.000521705078 0.00288690906 0.0101555996
v 0.000539102475 0.00305618625 0.0105657903
v 0.000485966797 0.0032585666 0.011187505
v 0.0004439076 0.00377511233 0.0116472347
v 0.000311602547 0.0039418228 0.0120964628
v 0.000429606764 0.0042516957 0.0116560273
v 0.000173145148 0.00444964785 0.0120458016
v -0.000259098248 0.00504049845 0.0121685686
v -0.000220361864 0.0053627165 0.0121128559
v -0.000901688705 0.00548562407 0.0121426471
v -0.000638550031 0.00572304474 0.0120743122
v -0.00196887879 0.00501210429 0.00955180638
v -0.00196677027 0.0052315006 0.0101765636
v -0.00200144015 0.00547760725 0.0106446482
v -0.00140665076 0.0059790276 0.0120067401
v -0.00113646686 0.00622907933 0.0119636357
v -0.00199293322 0.00548527529 0.00953130797
v -0.00208129431 0.00584720075 0.00995483901
v -0.00209186156 0.00591311278 0.0106391003
v -0.00217578257 0.00620345259 0.0111479256
v -0.0019406944 0.00642349012 0.0116925593
v -0.00160579826 0.00675650779 0.0118265664
v -0.00224254094 0.00630532578 0.0100401379
v -0.00238678092 0.00660565682 0.0103116091
v -0.00243102433 0.0067669549 0.0109370966
v -0.00230328203 0.0070150774 0.0114769954
v -0.00206347578 0.00729281548 0.0116794175
v -0.00287317997 0.0071919472 0.0102453846
v -0.0028591766 0.00732835568 0.010775608
v -0.00273326319 0.00757500716 0.0113167549
v -0.002536227 0.00781692006 0.0115422094
v 0.000153219458 0.00290149078 0.0117233228
v 0.000121059435 0.00318921334 0.0120155271
v 8.50856304e-06 0.0036335988 0.0123746311
v -0.000317983853 0.00409435667 0.012439332
v -0.000806321157 0.00461035594 0.0123318695
v -0.00216599437 0.00416854303 0.0100645646
v -0.0021109255 0.00439312775 0.0106365439
v -0.00209936267 0.00453773141 0.0110123605
v -0.00129855878 0.00511936424 0.0122104399
v -0.00202563661 0.00445971824 0.00987959374
v -0.0020200687 0.00473573385 0.0104396483
v -0.00206022337 0.00508976541 0.0110234115
v -0.00205685012 0.00536775775 0.0115330918
v -0.00179673033 0.00555978809 0.0119649395
v -0.00203434471 0.00565557741 0.0110312682
v -0.00207934063 0.00582813146 0.0113088917
v -0.002012891 0.00603006501 0.0116901901
v -0.000317091879 0.0025289061 0.012062666
v -0.000494373089 0.00293011265 0.0123743629
v -0.00042349103 0.00334599754 0.0125449728
v -0.00108698243 0.00338645652 0.0125783961
v -0.000812556886 0.0036441111 0.0125504769
v -0.00156765967 0.00390266953 0.0124400537
v -0.00129192881 0.00416266406 0.0124168089
v -0.00248922175 0.00377770839 0.0103504993
v -0.00237848237 0.00407916633 0.010868446
v -0.00225548446 0.00439101364 0.0113687133
v -0.00203215424 0.00441776961 0.0120477257
v -0.00172601978 0.00471500214 0.0122408848
v -0.00212286762 0.00469881762 0.0114048086
v -0.00208626757 0.00489119999 0.0117798904
v -0.00196666224 0.00506310118 0.0120795965
v -0.000820391288 0.00215369905 0.0123505453
v -0.000996150426 0.00253433362 0.0125417709
v -0.00139554334 0.00309984619 0.0126231303
v -0.00189587008 0.00359435286 0.0124727357
v -0.00296593108 0.00339899259 0.0106732305
v -0.00283732172 0.00368188368 0.0111954808
v -0.00263775443 0.00389105128 0.0117348237
v -0.0023274608 0.00389222265 0.0121912044
v -0.00719784247 0.00677821832 -0.00129738427
v -0.00724488962 0.00737055345 -0.00128123013
v -0.00744526554 0.00769772194 -0.000724834506
v -0.00746488245 0.0079397941 -0.000140752818
v -0.00738712121 0.00808642898 0.000156461407
v -0.00724365516 0.00791272521 -0.00125344552
v -0.00731877983 0.0080033103 -0.000913147524
v -0.00731659168 0.00822272711 -0.000323813205
v -0.00721092662 0.00840527192 0.000210570099
v -0.00705325231 0.00876556151 0.000730467145
v -0.00694128918 0.00906574912 0.00124870776
v -0.00679090805 0.00932601932 0.00177620247
v -0.00661077583 0.00955537986 0.00231086416
v -0.00708829798 0.00584272528 -0.000831202487
v -0.00731212273 0.00645792438 -0.000857637322
v -0.00757664442 0.00665869983 -0.000453589717
v -0.00743265264 0.00696579972 -0.000859189546
v -0.0075866757 0.00713806832 -0.000436571776
v -0.00761795044 0.00764523447 4.94624546e-05
v -0.00755469734 0.00796307344 0.000527957047
v -0.00757047208 0.00813268591 0.00119175389
v -0.00752796512 0.00826728903 0.00156065845
v -0.00739031192 0.00820048247 0.000566782546
v -0.00737425359 0.00836582202 0.00102023873
v -0.00735823484 0.00856264681 0.00160600164
v -0.00723403599 0.00891241338 0.00210702233
v -0.00710314605 0.00919293612 0.00262982212
v -0.00552558107 0.00327068684 -1.70766325e-05
v -0.00600212021 0.00379604497 -0.000133155379
v -0.00645228988 0.00434789713 -0.000244424184
v -0.00685775839 0.00494545465 -0.00034412794
v -0.00718449429 0.00555376941 -0.000392427057
v -0.00747802155 0.00573867047 2.48581637e-06
v -0.00742242206 0.00614083139 -0.000420605327
v -0.00766379945 0.00633862335 -2.4234585e-05
v -0.00789383426 0.00655674795 0.000412750407
v -0.00775095541 0.00683610979 -2.71985191e-05
v -0.00787113979 0.00699172076 0.000432086061
v -0.0078817727 0.00746184727 0.000914745033
v -0.00780985318 0.0078036394 0.00142333924
v -0.00774103682 0.00806937553 0.00183767674
v -0.00771556143 0.00825116411 0.00208944851
v -0.00766498083 0.00848614983 0.00244077714
v -0.0075345831 0.00876718387 0.00296345842
v -0.0057152384 0.00319081941 0.000425770879
v -0.0058859014 0.00311917556 0.000825237075
v -0.00619403459 0.00371436193 0.000311231503
v -0.00636483217 0.00364247593 0.00071021344
v -0.00664962595 0.00426185317 0.000203659758
v -0.00682074064 0.00418939907 0.000601507083
v -0.00705792056 0.00485713733 0.00010588346
v -0.00722824456 0.00478610117 0.000506562763
v -0.00728594838 0.00526058488 4.99335001e-05
v -0.00755865499 0.00543951755 0.000446234306
v -0.00782577321 0.00562846661 0.000862543471
v -0.0077665383 0.00600601127 0.000415748567
v -0.00795966759 0.00622269604 0.000833673519
v -0.0081320107 0.00647664396 0.00132603024
v -0.00801474974 0.00673503987 0.000823788228
v -0.00810986664 0.00686021661 0.00132850523
v -0.00810250826 0.00723369373 0.00179040618
v -0.00806454197 0.00769535918 0.00229288731
v -0.00816123094 0.00789095741 0.00287734158
v -0.0080701476 0.00815383624 0.0034200917
v -0.00795533322 0.00806846563 0.00233847345
v -0.00800053962 0.00816100556 0.0026972685
v -0.0078893397 0.00840298366 0.00324486406
v -0.00605369126 0.00305689732 0.00125317182
v -0.00621794909 0.00299673551 0.0016755726
v -0.00653718365 0.00357652875 0.00114125875
v -0.00670253718 0.00351440231 0.00155973516
v -0.00699208537 0.00412426144 0.00103186595
v -0.00715568662 0.00406527659 0.00145661819
v -0.0074003567 0.00472034607 0.000937445147
v -0.00755970832 0.00466897944 0.00137741328
v -0.0076355054 0.00514340773 0.000887402566
v -0.00786289293 0.00532368943 0.00130427792
v -0.00807837769 0.00552531099 0.00176377688
v -0.00803722162 0.0058792159 0.00126258924
v -0.0081813978 0.00612784037 0.00173593697
v -0.00830351189 0.0064104409 0.0022586924
v -0.00837170053 0.00663400348 0.00271178922
v -0.00821978878 0.0066632214 0.00172366539
v -0.00825369451 0.00679568667 0.00205191132
v -0.00831544399 0.00700241141 0.00271312427
v -0.00829488784 0.00739259413 0.00316416798
v -0.00819986872 0.00771038607 0.00367832696
v -0.00637510465 0.002943011 0.00209625531
v -0.00653596641 0.00288893748 0.00253081741
v -0.00685357396 0.00346559938 0.00197624485
v -0.00701137818 0.00341700669 0.00242175395
v -0.00729710422 0.00402421132 0.001866568
v -0.00744739361 0.00398909068 0.00233898638
v -0.00769379828 0.00463380804 0.00178236561
v -0.00785085652 0.00463780807 0.00233689137
v -0.00805143919 0.00487784063 0.00267495634
v -0.00790342316 0.00501616858 0.00174833811
v -0.0080764778 0.00529792299 0.00208719564
v -0.00821682066 0.00537693407 0.00272348337
v -0.00834972225 0.00569471484 0.00314238155
v -0.00823823269 0.00577304652 0.00215092301
v -0.00831271522 0.00595014263 0.00249170559
v -0.00839113072 0.00627249386 0.0031147087
v -0.00837771501 0.00653944165 0.00361442007
v -0.00828857254 0.0068101408 0.00415379647
v -0.00839268882 0.00680887047 0.00309663452
v -0.00836298615 0.00696114358 0.0033991863
v -0.00827282574 0.00723078568 0.00393880811
v -0.00668376684 0.00284273806 0.00294511952
v -0.00684097828 0.00279520778 0.00339275179
v -0.00714592449 0.00338146836 0.00282701757
v -0.00729641924 0.00334597984 0.00329870218
v -0.00756204454 0.00396955479 0.00273068249
v -0.00774178701 0.00400468521 0.00330849597
v -0.00795317627 0.00425828435 0.0036131707
v -0.0078283418 0.00442068279 0.00268387538
v -0.0080060605 0.0046489141 0.00302909873
v -0.00811288971 0.00471766712 0.00369771989
v -0.00823116209 0.00505994679 0.00408749375
v -0.00819780026 0.00514521822 0.00304850051
v -0.00830612518 0.0054620998 0.00346155325
v -0.00830954686 0.00553060742 0.00410438841
v -0.0082903197 0.00589066651 0.00461460883
v -0.00840714294 0.00591373304 0.00351529755
v -0.00838543382 0.00608033873 0.00384642021
v -0.00830560084 0.00634354958 0.00439214567
v -0.00696220854 0.00277038058 0.00378893455
v -0.00710051972 0.00275673275 0.00430424465
v -0.00740367454 0.00333239301 0.00368535472
v -0.00755917979 0.00337165222 0.00429664645
v -0.00776213128 0.00361298863 0.00459092483
v -0.00771634374 0.00381629122 0.0036304798
v -0.00787926279 0.00402758038 0.00397795858
v -0.0079787774 0.00409640698 0.0046760384
v -0.00813404378 0.00440714695 0.00498625729
v -0.00807284191 0.00451456895 0.00398481265
v -0.0081814155 0.00482016383 0.00442428002
v -0.00822841283 0.00489335041 0.00504012452
v -0.00827002712 0.00527372677 0.00445785001
v -0.00826985668 0.00545423012 0.00482739089
v -0.00392637542 0.00937058497 0.00541246403
v -0.00383466086 0.00950407702 0.00576002151
v -0.00377052091 0.00980063435 0.00614405191
v -0.0035604469 0.010291487 0.00693277456
v -0.00481258892 0.00949098729 0.0048716818
v -0.00457841996 0.00953384675 0.00532429898
v -0.00443720166 0.00971577503 0.00582230929
v -0.00411602063 0.0100510763 0.00631487137
v -0.00394734275 0.0103230029 0.00678750593
v -0.00542942015 0.00967088528 0.00417937757
v -0.00509447884 0.00957561005 0.00455814367
v -0.00495003769 0.00968342554 0.00563119911
v -0.00488824025 0.0098504452 0.00588085083
v -0.00475173024 0.0102214888 0.00635676226
v -0.00459958659 0.0105070667 0.00687109539
v -0.00627103634 0.00969755091 0.00297672767
v -0.00596860889 0.00972120743 0.00344809331
v -0.00567510491 0.00971789099 0.00387456059
v -0.00644280016 0.00966775417 0.00268971734
v -0.00305429869 0.00685081352 0.00648175087
v -0.00300341845 0.00694202445 0.00666394085
v -0.00511818612 0.0093747871 0.00510478904
v -0.00506325066 0.00947326794 0.00530149927
v -0.00593355857 0.00932783447 0.0045039542
v -0.00556095876 0.00934546161 0.00497469539
v -0.00536999991 0.00957360491 0.00552379666
v -0.00543868123 0.00992298126 0.00593827991
v -0.00518452097 0.0103262644 0.00642517395
v -0.00506717339 0.0105838533 0.00696323672
v -0.0067452183 0.00935850572 0.00334995403
v -0.00645641377 0.00935402047 0.00376815116
v -0.00614540279 0.0093396809 0.00420728885
v -0.00581025472 0.0101300841 0.00613164483
v -0.00568325538 0.0104074376 0.00652381778
v -0.00553529616 0.0106332218 0.00706925383
v -0.00692067249 0.00933254231 0.00306205451
v -0.00379962614 0.00637452817 0.00620536925
v -0.00344433868 0.00677267648 0.00636538491
v -0.00315253739 0.0071538589 0.00679813139
v -0.0031134733 0.00730274152 0.00736048073
v -0.00318457372 0.00739092287 0.00803598389
v -0.00409720046 0.00664619915 0.00619870238
v -0.00408593332 0.00707244454 0.00633971952
v -0.00377071928 0.00753449695 0.00672821142
v -0.00370502612 0.00773270894 0.00731042633
v -0.00371342758 0.00779964076 0.00795692671
v -0.00446209265 0.00747111486 0.00647307839
v -0.00435895752 0.00773981912 0.00678969733
v -0.00421464164 0.00794673245 0.00734559912
v -0.00412751269 0.00800184347 0.00772331841
v -0.00634002173 0.00905050244 0.00479292171
v -0.00620514853 0.00919991266 0.00517471926
v -0.00598568842 0.00958828535 0.00561879016
v -0.00591549836 0.00980480295 0.00585735589
v -0.00722074974 0.00893309806 0.00361934025
v -0.00688275602 0.00892297365 0.00410301471
v -0.00659212982 0.00894437078 0.00469429139
v -0.00658528414 0.00915786438 0.00530193141
v -0.00642276276 0.00960539561 0.00573228672
v -0.00634214282 0.0100183953 0.00616760319
v -0.0062487442 0.0104054753 0.00668272516
v -0.00609740801 0.0106339743 0.00722585898
v -0.00738342153 0.00889385492 0.00333451992
v -0.00674242899 0.0102046002 0.00648419932
v -0.00664758077 0.0103828562 0.00680543249
v -0.00650767237 0.0106232287 0.00734581379
v -0.00423814496 0.00550231338 0.00611419976
v -0.00417821668 0.00594123034 0.00614631409
v -0.00456398586 0.0065795253 0.00619822275
v -0.00448598387 0.0069620423 0.00626808265
v -0.00391377695 0.00794108585 0.00816057529
v -0.00504693855 0.0068448903 0.00628630817
v -0.0049730218 0.00730933063 0.00648605358
v -0.00485158805 0.0077964603 0.00689891819
v -0.0046830033 0.00802289508 0.00743826944
v -0.00454339944 0.00814758055 0.00807077903
v -0.00539631816 0.00759039214 0.00671937969
v -0.0052968883 0.00782211591 0.00701043336
v -0.00515180267 0.00807296764 0.00754412357
v -0.00504034059 0.00821622089 0.00801294483
v -0.00769476779 0.0084696738 0.00382769457
v -0.00735178031 0.00853627361 0.00442759693
v -0.00714059081 0.00873336568 0.00496973936
v -0.00719112949 0.00915488042 0.00553007703
v -0.00699805468 0.00959554687 0.00589788007
v -0.00684662582 0.00992874894 0.00618487131
v -0.00768577633 0.008608534 0.00350290816
v -0.00750462944 0.00929643121 0.00581833161
v -0.00739216711 0.00956801884 0.00602172548
v -0.00711518805 0.0100157773 0.00643774122
v -0.0070356559 0.010290402 0.00696009723
v -0.00688034296 0.0105455481 0.00748877972
v -0.00468082307 0.00544672785 0.00609991886
v -0.00460741855 0.0058206562 0.00611336809
v -0.00534573896 0.00588382967 0.0061470056
v -0.00505932793 0.00616297033 0.00616200455
v -0.00566705363 0.00611487217 0.00620869594
v -0.00560864713 0.0066020675 0.00636576442
v -0.00554522034 0.00709826406 0.00654081255
v -0.00495046843 0.00830040965 0.00841222703
v -0.00601025624 0.00689541455 0.00659861043
v -0.0058372179 0.00728476746 0.0067495741
v -0.00582146319 0.00773834344 0.00719887204
v -0.00569380587 0.00802222453 0.00772089325
v -0.00538953952 0.0082448991 0.00828731805
v -0.00789830089 0.00759217935 0.00463955011
v -0.00787929911 0.00762624294 0.00470758975
v -0.00795149524 0.00782750547 0.00428204611
v -0.00781557243 0.00805177912 0.00474588154
v -0.00780549413 0.00855018198 0.00524713611
v -0.00780589366 0.00886694249 0.005620162
v -0.00783183426 0.00910215173 0.00585954869
v -0.00786835607 0.00944852643 0.0062145344
v -0.00781990215 0.00981469825 0.00671747606
v -0.00768933911 0.01009556 0.00724019716
v -0.00754864514 0.0103658959 0.00776535831
v -0.00538934814 0.00461982656 0.00613654638
v -0.00533186272 0.00495674647 0.0061190133
v -0.00573387789 0.00551688019 0.00617557904
v -0.00600466505 0.00595279131 0.00629265653
v -0.00617703283 0.00633950625 0.00649602711
v -0.0063176346 0.00669384748 0.00670779357
v -0.00639808271 0.00704691838 0.00700626615
v -0.0064252303 0.00749163982 0.00749099674
v -0.00634519011 0.00780474674 0.00794968754
v -0.00604444323 0.00818529632 0.00843696948
v -0.00651354855 0.0078136744 0.00818417035
v -0.0063747149 0.00809143949 0.00857619382
v -0.00805778801 0.00715834834 0.00464673666
v -0.00801763684 0.0073552588 0.00499511743
v -0.00813089777 0.00742219202 0.00432308111
v -0.00820941012 0.00776276737 0.0051945569
v -0.00834482536 0.00825694762 0.00559291523
v -0.00819319487 0.00858234428 0.00571894506
v -0.00854227226 0.0083232047 0.00588038657
v -0.00840839371 0.00867969822 0.00599832647
v -0.00845637824 0.00918546319 0.00651045144
v -0.00839755684 0.00954086334 0.00701589044
v -0.00832784642 0.00983354822 0.00759289041
v -0.0081339702 0.010125895 0.00804897677
v -0.00583658274 0.0045048208 0.00626503304
v -0.00583565608 0.0048773475 0.00619317777
v -0.00618799776 0.00464861095 0.00638569193
v -0.00619366858 0.005032124 0.00636336347
v -0.00654415926 0.00560369994 0.00655826461
v -0.00671346812 0.00599589664 0.00677258475
v -0.00682073412 0.00631560199 0.0069923806
v -0.00689154631 0.00668560993 0.00732496101
v -0.00691950507 0.00713117421 0.00780949602
v -0.00691123446 0.00734476 0.00807354227
v -0.00831121486 0.00612332672 0.00503974874
v -0.00688246824 0.00752312923 0.0083261067
v -0.00682051573 0.00786135625 0.00881588086
v -0.00827017613 0.00648728898 0.00505163707
v -0.00836988632 0.00692374539 0.00543807447
v -0.00860346109 0.00737468433 0.00562744495
v -0.00877589826 0.0077612726 0.00583056267
v -0.00888257846 0.00808036979 0.00605049962
v -0.00894116517 0.00839862414 0.00633996632
v -0.00896456465 0.00883945171 0.00682559982
v -0.00890451204 0.00919357315 0.00733133545
v -0.00883731805 0.0094403429 0.00772092398
v -0.00621128595 0.00407579122 0.00660948735
v -0.00645511318 0.00417134911 0.00678534526
v -0.00630917726 0.00455113873 0.00646833237
v -0.00662270328 0.0047097411 0.00675393548
v -0.00693275826 0.005185463 0.00696358085
v -0.00713428203 0.00561710075 0.00724647148
v -0.00736775715 0.00576010952 0.00760846166
v -0.00834683701 0.00521339662 0.00540468656
v -0.00713394163 0.00602680165 0.00728691462
v -0.00729046762 0.00615641847 0.00765356049
v -0.00732943229 0.00668307254 0.0081483135
v -0.00732949842 0.0069853249 0.00850471575
v -0.00844866782 0.00579737313 0.00542430673
v -0.00870687887 0.00601934548 0.00576660177
v -0.00731451903 0.00717801927 0.00875396002
v -0.0072818622 0.00746667851 0.00914231315
v -0.0084704943 0.00629822537 0.00546319876
v -0.00876678806 0.00646535773 0.00574274501
v -0.00905761495 0.00696349936 0.00594495237
v -0.00922392588 0.00736107072 0.00617000926
v -0.00935502816 0.00770554226 0.00638406351
v -0.00941002369 0.00801175274 0.00666458812
v -0.00942012388 0.00843876135 0.00715342537
v -0.00936371833 0.00879667141 0.00765828276
v -0.00932570547 0.00902526826 0.00798364636
v -0.00134884764 0.00946997199 0.00938260276
v -0.00147065229 0.00948591437 0.00995701924
v -0.00207746401 0.0100228908 0.0088081155
v -0.00188963441 0.0099360086 0.00917519536
v -0.00199140911 0.0099655306 0.00982720871
v -0.00274448679 0.0102617554 0.0081330277
v -0.00250449404 0.0102293622 0.00856420677
v -0.00251060817 0.0103261024 0.00917747617
v -0.00259060203 0.0103615373 0.00966239721
v -0.00342337368 0.0103540225 0.00731902663
v -0.00315503357 0.0103988703 0.00793603435
v -0.00316377101 0.0105611412 0.00854242221
v -0.00315218 0.0106431637 0.00915823784
v -0.00293962914 0.0105559994 0.00956012402
v -0.00404524105 0.010568535 0.00744904578
v -0.00387040502 0.010676275 0.00798233133
v -0.00369664747 0.0107907224 0.00857630186
v -0.00358294696 0.0108302999 0.00892513432
v -0.00447088713 0.0106344242 0.00734416023
v -0.00160331011 0.00945189502 0.0103609944
v -0.00177701516 0.00937479734 0.0107495664
v -0.00211619842 0.00993783958 0.0102258194
v -0.00228418736 0.00987098925 0.01063486
v -0.00269081304 0.0103536174 0.010044245
v -0.00283691962 0.0103259943 0.0105316406
v -0.00341986702 0.0107297851 0.00939644128
v -0.0033668289 0.010706136 0.00993441418
v -0.00332967378 0.0106540127 0.0104155131
v -0.00436322065 0.0107307294 0.00773240766
v -0.00427549472 0.0108033316 0.00803185254
v -0.00410091272 0.0109184422 0.00862526055
v -0.00398576166 0.0109162359 0.00926953182
v -0.00388441654 0.0108705694 0.00986026134
v -0.00479737949 0.0107405018 0.00757300342
v -0.00487012882 0.0109224608 0.00813424308
v -0.00463598873 0.0110373739 0.00871514995
v -0.00451828865 0.0110680172 0.0091506606
v -0.00539672188 0.0108205574 0.00763656106
v -0.00530354353 0.0109373881 0.00801185798
v -0.00323157432 0.0074310936 0.00840436481
v -0.00218760921 0.00907692965 0.0111693218
v -0.00350308511 0.00770301512 0.00833569281
v -0.00268535968 0.00957605522 0.0110281529
v -0.0031843246 0.0100730024 0.0108826337
v -0.00375988428 0.0108837364 0.0102854203
v -0.00371510093 0.0105990143 0.0105927456
v -0.00439571217 0.0109964292 0.00961879641
v -0.00417504739 0.0109700067 0.01008284
v -0.00431580935 0.0109210815 0.0105170878
v -0.00520833256 0.0110459039 0.00839747116
v -0.00513376761 0.0110898735 0.00882788282
v -0.00497171562 0.0110788755 0.0094731776
v -0.00479993876 0.0111067584 0.0101257879
v -0.00471742824 0.0111244004 0.0104857609
v -0.00601718109 0.0108121745 0.00774645992
v -0.00562204188 0.0110054333 0.00830269232
v -0.00555418711 0.0110896779 0.00894539151
v -0.00547730643 0.0110881627 0.00934452005
v -0.00643867999 0.0107352063 0.00762439054
v -0.00328244129 0.00746286381 0.00875256211
v -0.0033711018 0.00753162894 0.00941722095
v -0.0034042045 0.00759228552 0.0098162638
v -0.00270514865 0.0086177513 0.0113372765
v -0.00377771957 0.00788549054 0.00859411154
v -0.00388665777 0.00800148398 0.00935974438
v -0.00370021211 0.00791512616 0.00975738745
v -0.00320322416 0.00911629386 0.0111949435
v -0.00444035325 0.00821622089 0.00867330469
v -0.00430505583 0.00824704114 0.00914290454
v -0.00369828171 0.00962024555 0.0110634156
v -0.00465368107 0.0101001775 0.010934528
v -0.00426636543 0.0101020141 0.0109285479
v -0.0048983898 0.0104296273 0.0108158402
v -0.00463820016 0.0106617622 0.0107369479
v -0.00539751491 0.011111958 0.00977685302
v -0.00525511941 0.0109847263 0.0103762019
v -0.0048482893 0.0110191405 0.0105750039
v -0.00634887535 0.0108664325 0.00800014194
v -0.006246062 0.0110119572 0.00847772881
v -0.00616056705 0.011045604 0.00912888627
v -0.00578955095 0.0110847782 0.00968535524
v -0.00578244496 0.0111188488 0.0101994984
v -0.00668410864 0.0107740089 0.00795182027
v -0.00662693894 0.0109706791 0.00860476308
v -0.00655818451 0.0110274479 0.00901047885
v -0.0033657141 0.00769593101 0.0101035219
v -0.00334124803 0.00784638524 0.0106508909
v -0.00321181118 0.00809587073 0.0111896349
v -0.00302104373 0.00833125692 0.0114129633
v -0.00408375682 0.00817917101 0.00958160963
v -0.00389054907 0.00813343469 0.00994502567
v -0.00390843675 0.00829595048 0.0105842212
v -0.00374279707 0.00857455656 0.0110982759
v -0.00351183536 0.0088403048 0.011285699
v -0.00485468423 0.00833584368 0.00872912817
v -0.00458892994 0.00836690795 0.00937292352
v -0.00467999559 0.00852283463 0.0100312214
v -0.00449154945 0.00858632475 0.0106016956
v -0.00433057128 0.00899333134 0.011050201
v -0.00400227774 0.00934927445 0.0111566558
v -0.00533413421 0.00839698128 0.00883241743
v -0.00520927832 0.00852267444 0.00943441503
v -0.005090639 0.00860241242 0.00990273617
v -0.00471269805 0.00969661586 0.0110328626
v -0.00435611792 0.00973907392 0.0110486113
v -0.00522363745 0.0101372404 0.0109049343
v -0.0057344744 0.010612905 0.0107169049
v -0.00653504254 0.0109640807 0.00950226933
v -0.00645870343 0.0110359844 0.00992467161
v -0.00630886434 0.0110016633 0.0104227196
v -0.00740496488 0.0106331296 0.00829123892
v -0.00716796611 0.0108034052 0.00883959979
v -0.00687160995 0.0108949607 0.00940287858
v -0.00684063789 0.0109958043 0.0100514507
v -0.00678047957 0.0110806152 0.0103734601
v -0.00498618931 0.00868498441 0.010298756
v -0.00487161241 0.00873351283 0.0106341485
v -0.00476619694 0.00888691563 0.0109901587
v -0.00588720012 0.00840501115 0.0089828521
v -0.00573783927 0.00855041482 0.00956813898
v -0.00554811675 0.0086639775 0.0101605598
v -0.00549720693 0.00890581962 0.0107591767
v -0.00518822204 0.00919184089 0.0110405525
v -0.00625318661 0.00834826194 0.00911347289
v -0.00614015199 0.00853140838 0.00969000906
v -0.00608137948 0.00861318782 0.0100292666
v -0.00585329765 0.00914953649 0.0109942602
v -0.00579541735 0.00956887472 0.0109963808
v -0.00626186328 0.0101360697 0.0108495923
v -0.0071120779 0.0105255498 0.0107035972
v -0.0067724837 0.0105534419 0.0106842387
v -0.00804804265 0.0103138424 0.00856946968
v -0.00772776175 0.0105110165 0.00914231595
v -0.00747940037 0.0106694875 0.00969341211
v -0.00721987057 0.0108005675 0.010319693
v -0.00693937484 0.0109528061 0.0104818214
v -0.00599860633 0.00873116404 0.0104136169
v -0.00592206419 0.00886837766 0.010687694
v -0.00671734754 0.00817068201 0.00933200307
v -0.00655046059 0.00841380283 0.00986347441
v -0.00632749032 0.00862507895 0.0103532765
v -0.00627498422 0.00907703117 0.0108984178
v -0.00620118529 0.00948898774 0.0109956935
v -0.00682627782 0.00961500406 0.0109452093
v -0.00655592419 0.00986535847 0.0109027112
v -0.00721577136 0.0101526631 0.0107958354
v -0.00681437412 0.0101632979 0.0108121494
v -0.0084598558 0.0100203976 0.00895857625
v -0.00826153718 0.0101915915 0.00945129991
v -0.00808327273 0.0104228938 0.00998551026
v -0.00777424453 0.0104654878 0.0104888948
v -0.00721912365 0.0078180097 0.00964869559
v -0.00712018739 0.00813173223 0.0101637989
v -0.00701743783 0.00844149105 0.0106798187
v -0.00703257089 0.0087435944 0.0110139521
v -0.00734234927 0.00913631264 0.0110229114
v -0.00784008577 0.00963546243 0.0108817918
v -0.00893453509 0.00965580624 0.00930094253
v -0.00877694134 0.00985307992 0.00976470951
v -0.00854507368 0.0100286873 0.0103118327
v -0.00823470298 0.00997460261 0.010703153
v -0.00850239117 0.00982813165 0.00790641457
v -0.00841566548 0.00998156797 0.00819990225
v -0.00878668204 0.00959599018 0.00797875598
v -0.00868951064 0.00980322063 0.00836566649
v -0.00929256063 0.0091990903 0.00823726598
v -0.00918168761 0.00944057573 0.00868467148
v -0.00834282674 0.0101143261 0.0084776096
v -0.00858835317 0.00994564779 0.00868198741
v -0.00906018633 0.00957809854 0.00902503915
v -0.00411135331 0.000363539439 0.00639617816
v -0.00469458709 0.000660591759 0.00577114942
v -0.00463780202 0.000554557773 0.00627891673
v -0.00512281246 0.000920923543 0.00561720319
v -0.00525947567 0.00091022905 0.00613841182
v -0.00575023517 0.0013897171 0.00504445517
v -0.00564889517 0.00129268505 0.00541293062
v -0.00582065247 0.00134907663 0.00600055838
v -0.00619225157 0.00175126106 0.0049175676
v -0.00628720457 0.00177535776 0.00541568315
v -0.00637175515 0.0017992123 0.00586957019
v -0.00670921942 0.00223238626 0.00477853743
v -0.00682802638 0.00220861193 0.00539262593
v -0.00670176465 0.00204707216 0.00577410869
v -0.00505360169 0.000636386918 0.00665194774
v -0.00542006642 0.000853741542 0.00656143669
v -0.00596969062 0.00130188186 0.00641570473
v -0.00649349904 0.0017739716 0.00626610359
v -0.00709011406 0.00232317275 0.00567027088
v -0.00707384106 0.00217396417 0.00613629771
v -0.00745812152 0.00229103933 0.00650680996
v -0.00283785304 -2.1412241e-05 0.00829519052
v -0.00241715042 -1.31542038e-05 0.00879401807
v -0.00233993353 -1.6093727e-06 0.00940170418
v -0.00232994696 4.09440145e-05 0.00979723036
v -0.00335817318 0.000257288164 0.00759732118
v -0.0032782997 0.000133038557 0.00796702877
v -0.0040020654 0.000405068509 0.00686311629
v -0.00387868332 0.000384406536 0.0074514132
v -0.00378080457 0.000243343762 0.00794010889
v -0.00452510593 0.000511495629 0.00695590489
v -0.00441114837 0.000523947179 0.00730262557
v -0.00372432033 0.00263148895 0.00946069881
v -0.00366804632 0.00271813036 0.00981058925
v -0.00358601147 0.00289001223 0.0104014222
v -0.00453765038 0.00249959645 0.00829734653
v -0.00451787561 0.00248182728 0.00879060011
v -0.00411663949 0.00255376007 0.00935289357
v -0.00402601669 0.00265305233 0.00994314067
v -0.00391209591 0.00279180496 0.0105416542
v -0.00516437553 0.00267157797 0.00768436166
v -0.00504655112 0.00255038287 0.00815208443
v -0.00490884343 0.00246483227 0.00869100448
v -0.00576044805 0.00313965068 0.00702785375
v -0.00568648335 0.00289957714 0.00750989839
v -0.00561218057 0.00266011013 0.00799315609
v -0.00602628291 0.00339687965 0.00696612429
v -0.00620970502 0.00330236298 0.00731990207
v -0.00321161468 -0.000151603104 0.00859798118
v -0.00318603241 -0.00022922887 0.00902323425
v -0.0028387811 -0.000147198618 0.00961390603
v -0.00258154026 3.82096187e-05 0.0101208901
v -0.00251925341 0.000201216899 0.0107498281
v -0.00241331407 0.000368773472 0.0113361506
v -0.00422584824 -0.000137385097 0.00824497454
v -0.0037526614 -0.000106255466 0.00841682497
v -0.00356804347 -0.000280035194 0.00890280772
v -0.00429608673 0.000137143652 0.00791072566
v -0.00391885778 0.000132298912 0.00803425629
v -0.00501948269 0.000514979358 0.00710786134
v -0.00470512826 0.000380782294 0.00749993231
v -0.00559486076 0.000774690881 0.0069461083
v -0.00482960138 0.00247059856 0.00913251564
v -0.00474181585 0.00252178544 0.00950896647
v -0.00469298149 0.00264106574 0.0102036195
v -0.00442414079 0.00274951826 0.0107058249
v -0.00613915361 0.00123238866 0.00681946566
v -0.00546999741 0.00254877401 0.00847571623
v -0.00527495611 0.00253484375 0.00897548813
v -0.00535173528 0.00262787356 0.0095620919
v -0.00510563236 0.00265878928 0.0101221986
v -0.00665681437 0.00171549874 0.00669187773
v -0.00605143281 0.00288495165 0.00787954219
v -0.00601669261 0.00277612126 0.00836165063
v -0.00591359567 0.00270971144 0.00904233474
v -0.00577815436 0.00268818391 0.0093749892
v -0.00705734268 0.00202515908 0.00660312967
v -0.0064332597 0.00319522992 0.00778586697
v -0.00658363709 0.00315995049 0.00825796835
v -0.0035340914 -0.000337199075 0.00938847382
v -0.0034631812 -0.000259951979 0.00984473154
v -0.00340066035 -0.000110044552 0.0104211504
v -0.00310185994 8.51578661e-05 0.0109706372
v -0.00289702951 0.000288856798 0.0115112476
v -0.00425404403 -0.000160064665 0.00826420262
v -0.00425625173 -0.000285909104 0.00869730208
v -0.00390862394 -0.000357412384 0.00928920694
v -0.00385169126 -0.00029330008 0.00996992644
v -0.00377574097 -0.000209939666 0.0103220688
v -0.00474263867 -8.36730469e-05 0.0082226228
v -0.00466095656 -0.000231868471 0.00856179465
v -0.00544733088 0.000354522374 0.00755136553
v -0.00537252706 0.00017224357 0.00785882957
v -0.00590996118 0.000548671 0.00751475152
v -0.00587532856 0.000277539948 0.00781193189
v -0.00499255955 0.002691295 0.0105408765
v -0.00492604729 0.00273656729 0.0108524766
v -0.00641882513 0.00106628053 0.00726402178
v -0.00565373432 0.00272751041 0.00978708267
v -0.00540660927 0.00275659165 0.0103450781
v -0.00548328366 0.002842983 0.0109454542
v -0.00692463946 0.00155095011 0.00709397858
v -0.00641067792 0.0029005988 0.00872296747
v -0.00626873085 0.0028769488 0.00905778818
v -0.0060696546 0.00286963838 0.00964154955
v -0.00617471337 0.00301577128 0.0103499638
v -0.00597421173 0.00296412967 0.0107823955
v -0.00742079085 0.00205138745 0.00684370007
v -0.00669282721 0.00314480765 0.00864594057
v -0.00673304871 0.00319475681 0.00902835187
v -0.00682759844 0.00333696161 0.0097418949
v -0.00668337848 0.00327224028 0.010122586
v -0.00369658112 -0.000110385095 0.0107166497
v -0.00360957929 9.93671711e-06 0.0111500872
v -0.00345292967 0.000237909408 0.0116920006
v -0.00460404996 -0.000416530296 0.0091048805
v -0.00451626349 -0.000386682805 0.00950247981
v -0.00444294093 -0.000270736404 0.0101318043
v -0.00407653721 -0.000164549798 0.0106371902
v -0.004004132 -1.71333086e-05 0.0112738265
v -0.00388391898 0.000248696306 0.011806963
v -0.00524398033 -0.000141998287 0.00846286863
v -0.0051401183 -0.000286709284 0.00894769002
v -0.00498707406 -0.000334522454 0.00960784964
v -0.00488283206 -0.000272016274 0.0100274002
v -0.00573997758 -2.38915673e-05 0.00839543063
v -0.00565658649 -0.000177252456 0.00879522227
v -0.00631009741 0.000523061492 0.00776890386
v -0.00628828024 0.000303727575 0.00802879408
v -0.00684208982 0.000757550122 0.00775198918
v -0.00680863205 0.000497548608 0.00798674393
v -0.00582214165 0.00293309218 0.0112219956
v -0.00736386888 0.00123215467 0.00754234241
v -0.006427221 0.00315435696 0.0105765946
v -0.00625103153 0.00310023036 0.0110310763
v -0.00786919147 0.00171770551 0.00737405941
v -0.00706990901 0.00354103488 0.0099796867
v -0.0068768058 0.00342817116 0.0103395749
v -0.0069109071 0.00348780816 0.0110306907
v -0.00478217565 -0.00021766813 0.0104386099
v -0.00469394214 -0.000152191205 0.0108342925
v -0.00454858178 -2.1730666e-06 0.0114183864
v -0.00439754594 0.000288449286 0.011930503
v -0.00555570005 -0.000290408265 0.00929022674
v -0.00544878514 -0.000253010774 0.00969598442
v -0.00530863507 -0.000149209984 0.0103565808
v -0.00518760551 -7.62863783e-05 0.0109341573
v -0.00502972957 6.07293332e-05 0.0115212658
v -0.00486915605 0.000341440667 0.0120356809
v -0.00618789485 -4.21574805e-05 0.00867667235
v -0.00602881704 -0.000136840274 0.00910733175
v -0.00610187976 -8.66508344e-05 0.0097350385
v -0.00585111976 -6.41043298e-05 0.0102706924
v -0.00663079647 0.000154526671 0.00857174024
v -0.0067356918 9.248266e-05 0.00911958516
v -0.00651411293 5.37349842e-06 0.00953079481
v -0.00726174749 0.000720960787 0.00792451482
v -0.00720818248 0.0004854484 0.00840232801
v -0.00715413038 0.000250811223 0.00888188928
v -0.00765417516 0.00102044898 0.00783437584
v -0.0078267362 0.000945403008 0.00822704565
v -0.00818232633 0.00149403699 0.00770926336
v -0.00835600402 0.00141698914 0.00809793454
v -0.00572933769 -2.23006355e-05 0.010682283
v -0.00563728716 1.49016269e-05 0.0110140881
v -0.00546437316 0.000164013356 0.0115909409
v -0.00532878609 0.000424626283 0.0121223964
v -0.00637539476 3.00233951e-05 0.00994624291
v -0.00613174262 5.84408408e-05 0.0104848193
v -0.00622482598 0.00019899942 0.0111260535
v -0.00607347907 0.000359862694 0.0116629973
v -0.00589203229 0.000572827528 0.0122054992
v -0.00695558265 0.000204642536 0.00931608304
v -0.00679508178 0.0001907025 0.00978977606
v -0.00690850569 0.000360958744 0.0105046509
v -0.00670690602 0.000345464097 0.0109807933
v -0.00754510472 0.000523724826 0.00877520163
v -0.00741791166 0.000450035557 0.00913110469
v -0.00754885422 0.000625389861 0.00988108385
v -0.00738049857 0.000574675156 0.0103019318
v -0.00799605902 0.000881891698 0.00865602586
v -0.00807304494 0.000920379534 0.0091416277
v -0.00811266247 0.00100350683 0.00966463797
v -0.00851715542 0.00136005064 0.00852134265
v -0.00860833935 0.00139559899 0.009053207
v -0.00864445698 0.00146411522 0.00949866697
v -0.00654494856 0.000340717845 0.0114044687
v -0.00646311976 0.000499345362 0.0117019825
v -0.00630884618 0.000690453686 0.0122630158
v -0.0071719191 0.000515936175 0.010739618
v -0.00694471179 0.000483742682 0.0111845434
v -0.00686576869 0.000661371974 0.011733314
v -0.0067998087 0.000859799562 0.0123153459
v -0.0077978801 0.000804663403 0.0101197241
v -0.00759718893 0.000725696329 0.0105143785
v -0.00760382507 0.000828126445 0.0111561548
v -0.00761870481 0.00104801706 0.0117985439
v -0.00736673269 0.00109602534 0.0123554086
v -0.00814046618 0.00105382805 0.00999710616
v -0.00818335824 0.00112239085 0.0104708876
v -0.00819545053 0.00125803542 0.0111061493
v -0.00816880912 0.0013946367 0.0115847448
v -0.00867622998 0.00151124364 0.00983384345
v -0.00873458851 0.00158479204 0.0103933355
v -0.00876847282 0.00175483502 0.0110608554
v -0.0085774092 0.00171449012 0.0114093889
v -0.00785383303 0.00126693468 0.0120202256
v -0.0077143535 0.00126930699 0.012365737
v -0.00816398766 0.00147120073 0.0118949628
v -0.00817438494 0.00156572275 0.0123458141
v -0.0089564696 0.00198862446 0.0112585062
v -0.00875894912 0.00189368753 0.0116202161
v -0.0087403385 0.00201628078 0.0122783016
v -0.0016061503 0.00134853367 0.0122786174
v -0.00143149658 0.0017601985 0.0125019811
v -0.00159085239 0.00218964205 0.0127316136
v -0.00242831442 0.00257480796 0.0126827154
v -0.00202311715 0.0025860751 0.0127065489
v -0.00265852106 0.00288136536 0.012563508
v -0.00238591386 0.00313576125 0.0125290807
v -0.00349244243 0.00310632866 0.010966789
v -0.00342256669 0.00329803862 0.0114908423
v -0.0029831063 0.00338483276 0.0121301701
v -0.0026151028 0.00350171584 0.0123384297
v -0.00379258324 0.00298116636 0.0111132711
v -0.00372520904 0.00310370699 0.0113992216
v -0.00227151439 0.000648768444 0.0118561676
v -0.00201013777 0.001091977 0.0122764027
v -0.00208841218 0.00163895683 0.0126968278
v -0.00195257261 0.00206195866 0.0128227184
v -0.00247654156 0.00215716986 0.0127389152
v -0.00211261003 0.00222823583 0.0127841672
v -0.00298846047 0.00257289642 0.0126027111
v -0.00376054505 0.00313627115 0.0118593154
v -0.00361907389 0.00298290001 0.0122898463
v -0.00417880993 0.00291113812 0.0112561919
v -0.00399316475 0.00302257901 0.0117880991
v -0.00405021477 0.00298513588 0.0122352578
v -0.00277064834 0.000574064092 0.0120329615
v -0.00278317253 0.000958181219 0.0126097193
v -0.00263403263 0.00126475433 0.012795236
v -0.0031364141 0.00114242383 0.0128932428
v -0.00308769313 0.00151129486 0.0128155705
v -0.00352779403 0.00207464816 0.0126926266
v -0.00436764956 0.00262546469 0.0124974679
v -0.00403344538 0.00258658873 0.0124933124
v -0.00480638724 0.00284924451 0.0114624426
v -0.00457351096 0.00286067813 0.0121151498
v -0.00410605688 0.00294021866 0.0122733405
v -0.00525162742 0.00287483819 0.0115739722
v -0.00515754474 0.00290613621 0.011933445
v -0.00330082956 0.000523239141 0.0122064706
v -0.00318583474 0.000794321415 0.0126147885
v -0.00372657832 0.000528582139 0.012322695
v -0.00354335108 0.00104351249 0.0127805341
v -0.00346791325 0.00148144783 0.0128248036
v -0.00407358259 0.00157788408 0.0128157409
v -0.00380803412 0.00181962561 0.0127560366
v -0.00452283723 0.00215925509 0.0126817729
v -0.00416416768 0.0021877992 0.0126718916
v -0.00507013872 0.00256118667 0.0124733113
v -0.005717644 0.00295288651 0.0116650434
v -0.00561909983 0.00290019554 0.0121639203
v -0.00633680634 0.00316084572 0.0117300423
v -0.00615773071 0.00306714512 0.0121243065
v -0.00696529262 0.00353814987 0.011473597
v -0.00426603621 0.000547557778 0.0124638509
v -0.00416555302 0.000771449879 0.0128146289
v -0.00472994335 0.000592546072 0.0125708841
v -0.00462004822 0.00103269611 0.0128870448
v -0.00507583888 0.0016281401 0.0128328856
v -0.0055668056 0.00213942514 0.0127160056
v -0.00607601926 0.00261800108 0.0125337895
v -0.0066224644 0.00326257478 0.0119896187
v -0.00658052927 0.00306008779 0.0123072304
v -0.0070503829 0.00354239158 0.0118451333
v -0.00721565541 0.00348041113 0.0122639006
v -0.00518886466 0.000676302123 0.0126571152
v -0.00509657897 0.00089866051 0.0129365502
v -0.00581138907 0.000906259636 0.0127620399
v -0.00551954145 0.00122299243 0.0129273646
v -0.00631295331 0.00146070751 0.0128860762
v -0.00604530703 0.00170620927 0.0128338821
v -0.00679943897 0.00197852287 0.0127787571
v -0.00653542159 0.0022175198 0.0127135711
v -0.00728277676 0.00249473425 0.0126514547
v -0.00701871188 0.00273381686 0.0125864409
v -0.00776862679 0.00300889229 0.0125257205
v -0.00750451069 0.00324806618 0.0124608902
v -0.00619000336 0.000863076886 0.0126869287
v -0.00658705086 0.00116754719 0.0127594937
v -0.00716134347 0.00154863112 0.0127450926
v -0.00761167705 0.00219369819 0.0127184028
v -0.00810182933 0.00270644389 0.0126044396
v -0.0076038125 0.00140574388 0.0127242953
v -0.0080304984 0.00179034891 0.0127173532
v -0.00855062157 0.00227982132 0.0126274209
v -0.00717905024 0.00276625133 0.00467130775
v -0.00731990812 0.00276633259 0.00525077805
v -0.00753454911 0.0029737493 0.00557925878
v -0.00749884453 0.0031983275 0.00461629871
v -0.00767251011 0.00341033866 0.0049339789
v -0.00777480239 0.0034072632 0.00554896239
v -0.00792979449 0.00392135093 0.00494989939
v -0.00811275747 0.00410735421 0.00544306682
v -0.0082632117 0.00461528916 0.00538465567
v -0.00729692914 0.00253805122 0.00562045164
v -0.00756717613 0.00269249617 0.00603272906
v -0.00791277364 0.00336897001 0.00595656224
v -0.00810782891 0.00379440398 0.00591103267
v -0.00758515485 0.00242302497 0.0064762095
v -0.00629314501 0.00368012651 0.00690110447
v -0.006604678 0.0038330711 0.00719569158
v -0.00701478776 0.00445510074 0.00732216053
v -0.0072212778 0.00459072413 0.00758339837
v -0.00831530988 0.00425823918 0.00586608751
v -0.00710757403 0.00495043024 0.00719543453
v -0.00732241385 0.00506308302 0.00758817419
v -0.00754618971 0.0055298293 0.00803867076
v -0.00770665007 0.00563538587 0.00848401804
v -0.00847677793 0.00482683303 0.00578427222
v -0.00753528159 0.00589005463 0.00805671979
v -0.00764115341 0.00605168194 0.00851493329
v -0.0076301638 0.00662731891 0.00900554471
v -0.00772987027 0.00678018201 0.00945947412
v -0.00877433363 0.00536810514 0.00594705064
v -0.00898710638 0.0056823846 0.00600573653
v -0.00752259605 0.00700525474 0.0090499185
v -0.00763935596 0.00705542928 0.00949701108
v -0.00927926227 0.00613268185 0.00610844977
v -0.00952046737 0.00656621158 0.00626609521
v -0.00970088691 0.00704066455 0.00659171725
v -0.00994417164 0.00717918016 0.00690821465
v -0.0096552372 0.00743490085 0.00665455079
v -0.00981219485 0.00750557613 0.00697685452
v -0.00980868004 0.00796845648 0.00749739073
v -0.00977560878 0.00835061166 0.00799662713
v -0.00977733172 0.00867549889 0.00851227716
v -0.00972671434 0.00888251886 0.00911626592
v -0.00784832798 0.00282739033 0.00640595611
v -0.00688499259 0.00374690141 0.00768030854
v -0.00706150569 0.00371298101 0.00820142776
v -0.0073015485 0.00390486093 0.00852854643
v -0.00808903296 0.00328729325 0.00633598771
v -0.00708076917 0.00406418834 0.00763593381
v -0.00730199413 0.00432472583 0.00795212109
v -0.00751794316 0.00442163646 0.00859144703
v -0.00768144475 0.00472171791 0.00893347152
v -0.00839773007 0.00393974688 0.00620130915
v -0.007512521 0.00482259318 0.00801518094
v -0.00761964032 0.00500701042 0.00836866815
v -0.00774448179 0.00528525654 0.00890267268
v -0.00786300562 0.0055549657 0.00942290574
v -0.0088713523 0.00454967422 0.0063079074
v -0.0077691162 0.00580889639 0.0088811256
v -0.007861441 0.00595183577 0.00941933319
v -0.00790827535 0.00646547414 0.00986746699
v -0.00918028038 0.00496775191 0.00634802319
v -0.00940806419 0.00525512453 0.00635296246
v -0.00784463249 0.00689351279 0.00990131497
v -0.00972332433 0.00583983958 0.0065299375
v -0.00997140165 0.0060382057 0.00685601775
v -0.00976050273 0.00631809933 0.00651643891
v -0.00997272786 0.00645459816 0.00688931905
v -0.0101179592 0.00695410743 0.00733833201
v -0.0102185532 0.00707580056 0.00783878379
v -0.0100469403 0.00728038838 0.00735277496
v -0.010129828 0.00741952006 0.00786987226
v -0.010118152 0.00783249922 0.0083516771
v -0.0100893965 0.00821913779 0.00884987414
v -0.00995497312 0.00849598832 0.00937352423
v -0.00789438561 0.00253135897 0.00671536103
v -0.00703468686 0.00349574839 0.00856301282
v -0.00720865512 0.00372286001 0.00885490514
v -0.00727731641 0.00378588331 0.00964274071
v -0.0074441852 0.00399945769 0.00991362799
v -0.0084024081 0.00307607977 0.00672590919
v -0.00749200303 0.00422012061 0.00889043231
v -0.0076277284 0.00447969604 0.00929762609
v -0.00772399874 0.00455595506 0.00997714605
v -0.00788266584 0.00486214366 0.010292734
v -0.00886723492 0.00363422511 0.00670263031
v -0.00777152041 0.00494380947 0.00931396801
v -0.00788302533 0.00528238248 0.00976051576
v -0.00800166745 0.00535067916 0.0103498651
v -0.00931178499 0.0042168228 0.00668952148
v -0.00958868302 0.00433251169 0.00687715458
v -0.00796209648 0.00575057417 0.00981917977
v -0.00803483557 0.00589410402 0.0101398882
v -0.00943245925 0.00469222479 0.00655154651
v -0.00977083948 0.00487268064 0.00689146994
v -0.0100908689 0.00508603407 0.00729710376
v -0.00994359516 0.00540308096 0.00690805074
v -0.010148529 0.00563739799 0.00730492314
v -0.0103300102 0.00591375772 0.00778577849
v -0.0101921139 0.00617413688 0.00731613301
v -0.010298267 0.00631160941 0.00779212173
v -0.0103298435 0.0068097515 0.0082310047
v -0.0104171745 0.00703376997 0.00883505959
v -0.0104510263 0.00721095596 0.00924689136
v -0.0102862436 0.00722651742 0.00824876223
v -0.0103273913 0.00737749226 0.00863790512
v -0.0103561552 0.00757445162 0.00926185958
v -0.0102284783 0.00790614635 0.00974520389
v -0.00836008694 0.00222911849 0.00725743547
v -0.00714768935 0.0036218476 0.00996095035
v -0.00733705843 0.00386147015 0.0102167698
v -0.00743215298 0.00397432735 0.0109326895
v -0.00890674908 0.00278112525 0.00723493751
v -0.00924427342 0.00288977521 0.00744298892
v -0.00767675973 0.00437778607 0.0102557037
v -0.007816853 0.00462523568 0.0106614372
v -0.00923678372 0.00336195994 0.00706242025
v -0.00942735188 0.00325463386 0.0073906132
v -0.00800776109 0.00510755042 0.010671339
v -0.00945807807 0.00380456867 0.00696472777
v -0.00972160324 0.00395635748 0.00726737734
v -0.0100312214 0.00445432402 0.00743154669
v -0.0101967594 0.00484935846 0.00771414675
v -0.0103295501 0.00499469507 0.00821993127
v -0.0102540283 0.00529420562 0.00770498021
v -0.0103694983 0.00555415591 0.00819718279
v -0.0104666296 0.00584418653 0.00874462817
v -0.0105393566 0.0060415091 0.00914492086
v -0.0103872679 0.00609057397 0.0081797773
v -0.0104338359 0.00624711951 0.008533746
v -0.0105186962 0.0064703864 0.0091528073
v -0.0104889031 0.00696529495 0.00960389897
v -0.0104545839 0.00718899257 0.0101673836
v -0.0104267877 0.00738366321 0.0096201878
v -0.0103722941 0.00754049886 0.00996842515
v -0.00865415763 0.00202349573 0.00759133231
v -0.00882937387 0.00194368861 0.00797449332
v -0.00898737647 0.00247813901 0.00750794122
v -0.00924088433 0.00259028003 0.00779889338
v -0.00962715968 0.00310345017 0.00791486353
v -0.00983740203 0.00327611272 0.00831018016
v -0.00996845774 0.0038294401 0.00775585556
v -0.0100504551 0.00380149158 0.00830453821
v -0.0102052372 0.00413090643 0.00882956851
v -0.0102911741 0.00433281343 0.00910596084
v -0.0101522421 0.00418746145 0.0077160839
v -0.0102137234 0.00435805833 0.0080184238
v -0.0103199435 0.00472663902 0.00857616961
v -0.0103933495 0.00479323138 0.00918247923
v -0.0105090719 0.00513559952 0.00959684141
v -0.0104011334 0.00520086894 0.00860323291
v -0.0104658324 0.00539193209 0.00897082128
v -0.0105628613 0.00569161028 0.00956334546
v -0.0105884653 0.00598268863 0.0101089012
v -0.0106069706 0.00627066428 0.0106696915
v -0.0105961561 0.00622632867 0.00953478552
v -0.0105673969 0.00639780471 0.00989519432
v -0.0105558988 0.0066546048 0.0104632126
v -0.00899950322 0.00187952886 0.00840402301
v -0.00908378046 0.00191896176 0.0089239683
v -0.0091212038 0.00199239515 0.00939605571
v -0.00942665525 0.00245834421 0.00831349287
v -0.00948374067 0.00250303932 0.00874325447
v -0.00955976639 0.0026331949 0.00940670073
v -0.00972626172 0.00290941261 0.00969345123
v -0.00963416323 0.00278990739 0.00827624928
v -0.0097856177 0.0031049801 0.00857927743
v -0.0098687727 0.00324449618 0.0091793742
v -0.0099647399 0.00339219463 0.00978378113
v -0.0101294415 0.00370428758 0.0100728339
v -0.00998619571 0.00356151653 0.00867537968
v -0.0100816824 0.00377739337 0.00897204503
v -0.0102265775 0.00408191979 0.00949201453
v -0.0102964304 0.00414862484 0.0101764705
v -0.0104288207 0.00448758993 0.0105229123
v -0.0103784837 0.00456087105 0.00948269852
v -0.0104847271 0.00488157151 0.0099428501
v -0.0104978736 0.00493958686 0.0105718318
v -0.0105726644 0.00534108607 0.0111254929
v -0.0105806654 0.00534629542 0.0099778818
v -0.0105844326 0.00553303771 0.010332888
v -0.0106091583 0.00581600936 0.0108979205
v -0.00915344618 0.00203914638 0.00973155163
v -0.00921557285 0.00210369611 0.010267877
v -0.00926669315 0.00225661439 0.0109487837
v -0.00942446012 0.00252387021 0.0111757582
v -0.00947035383 0.00248226733 0.00969561003
v -0.00962140318 0.00271739089 0.0100257304
v -0.00965592824 0.00280065252 0.0107417265
v -0.00966964103 0.00288555375 0.0111648496
v -0.00990440417 0.00324026635 0.0100440932
v -0.0100265164 0.00348350522 0.0104340753
v -0.0100399898 0.00353830191 0.0111928983
v -0.010170633 0.00382220419 0.0115299989
v -0.0102428235 0.00397266122 0.010436669
v -0.0103386473 0.00426737079 0.010863902
v -0.0103551736 0.00432667462 0.0115663894
v -0.0104463305 0.00469651911 0.0108897332
v -0.0105070714 0.00494095078 0.0113074975
v -0.00911731459 0.00215574051 0.0112197613
v -0.00926547218 0.00238068937 0.011478873
v -0.00924591534 0.00251540355 0.0121696144
v -0.00968238153 0.00294799195 0.0114870453
v -0.00968795642 0.00306563359 0.0120175984
v -0.00993821677 0.0033636326 0.0114941308
v -0.0100688459 0.0036563836 0.0118219992
v -0.0102942102 0.00411300175 0.0118854558
v -0.00762898382 0.00736983912 0.00998752937
v -0.00757957296 0.00773501722 0.0104907025
v -0.00757522602 0.00819038879 0.0109820943
v -0.00740767689 0.00854245946 0.0111188376
v -0.00796533003 0.00855978299 0.0111224316
v -0.00769534148 0.00880948454 0.0110786278
v -0.00843215361 0.00908996724 0.0109868431
v -0.00816518441 0.00933425687 0.0109322267
v -0.00939907599 0.00924038142 0.00950600952
v -0.00925876014 0.00947967172 0.0100862095
v -0.00883874297 0.00953929685 0.0106592216
v -0.00842281431 0.00964598823 0.0108300075
v -0.00803816319 0.00669720909 0.0104385465
v -0.00811307877 0.00680920761 0.0107732462
v -0.00790014118 0.00699081132 0.0102530122
v -0.0080057187 0.00719820894 0.0108204512
v -0.00808664039 0.00770041253 0.0111747868
v -0.00841694139 0.00814712048 0.0112173334
v -0.00891279336 0.0086496491 0.0110829612
v -0.00979733746 0.00874872319 0.00990276691
v -0.00966216158 0.00902479142 0.0104265995
v -0.00936843269 0.00901952386 0.0108510936
v -0.00814987533 0.00566146616 0.0107435696
v -0.00816178974 0.00613256963 0.0107488856
v -0.0082546277 0.00657292036 0.0110670477
v -0.00853923149 0.00703387707 0.0112956557
v -0.00851430558 0.00740537513 0.0113490671
v -0.00915546343 0.00747398194 0.011379811
v -0.00888819713 0.00771880383 0.011326259
v -0.00962441694 0.00799432583 0.0112106176
v -0.0093531739 0.00824627653 0.0111713056
v -0.010129028 0.00821933616 0.0102604302
v -0.00993548706 0.00843680929 0.0108267628
v -0.00963237789 0.00862619467 0.0110224737
v -0.00747688627 0.00402561063 0.01133959
v -0.0078807082 0.0046385699 0.0112994807
v -0.00813371409 0.0053310534 0.0112013351
v -0.00829832349 0.00548525853 0.0115929134
v -0.0082516754 0.00586879766 0.0111347307
v -0.00851207413 0.00606556656 0.011508503
v -0.00898796692 0.00666923122 0.0115737505
v -0.00948021654 0.00717821717 0.01145228
v -0.0104902051 0.00745575083 0.0107435761
v -0.0101038609 0.00762249576 0.0111946901
v -0.0103666149 0.00776434829 0.010554566
v -0.0102669615 0.00795506686 0.0109468913
v -0.0075558736 0.00403476227 0.011706965
v -0.00771457842 0.00398455467 0.0121492473
v -0.0079476377 0.00465742033 0.0116586322
v -0.00813896395 0.00454873266 0.0119841034
v -0.00810476206 0.00501092756 0.0116503797
v -0.00845965557 0.00511766458 0.0118419509
v -0.0090187192 0.00569127314 0.0118436189
v -0.00951255579 0.00619741715 0.0117164683
v -0.0106391162 0.00644434802 0.0110389246
v -0.0100121424 0.00669324864 0.0115687205
v -0.0105881905 0.00687231822 0.0110514378
v -0.010417562 0.00704063242 0.0113839647
v -0.00825527124 0.00352245336 0.0124007137
v -0.00799068995 0.00376246078 0.0123375468
v -0.00873816479 0.00403838418 0.0122703556
v -0.00847238302 0.00428054295 0.0122114839
v -0.00921736564 0.00455668848 0.012134905
v -0.00895045605 0.00480086915 0.0120800724
v -0.00969722867 0.00507186772 0.0119887283
v -0.00942735001 0.00532137277 0.0119445296
v -0.0102748312 0.00553718954 0.0116764149
v -0.00989782251 0.0058457423 0.0117989993
v -0.0105500221 0.0062138252 0.0113704456
v -0.0103480611 0.00638490869 0.0116333002
v -0.01061201 0.00662640482 0.0114067392
v -0.0105789816 0.00668561365 0.011525006
v -0.00859532133 0.00321320258 0.0124785192
v -0.00908994954 0.00371792493 0.012348529
v -0.00959180947 0.00420968281 0.0121926442
v -0.0101279486 0.00463664765 0.0119600752
v -0.0104000513 0.00513999676 0.0116986241
v -0.00904661417 0.00278535811 0.0125066154
v -0.00952032022 0.00330834836 0.0123685608
v -0.00997305661 0.00384165393 0.0121879522
v -0.0102543104 0.00418452965 0.0120283291
v -0.00965395011 0.00891520455 0.00857642945
v -0.0095318146 0.00911702495 0.00894443411
v -0.00932684168 0.00933878776 0.0091770459
f 5 2 1
f 5 1 4
f 6 3 2
f 6 2 5
f 8 7 3
f 8 3 6
f 14 13 10
f 14 10 11
f 15 14 11
f 15 11 12
f 17 16 13
f 17 13 14
f 18 17 14
f 18 14 15
f 27 26 1
f 27 1 2
f 28 27 2
f 28 2 3
f 31 30 25
f 31 25 26
f 32 31 26
f 32 26 27
f 32 11 10
f 32 10 31
f 33 32 27
f 33 27 28
f 33 12 11
f 33 11 32
f 35 34 29
f 35 29 30
f 36 35 30
f 36 30 31
f 13 36 31
f 13 31 10
f 38 37 35
f 38 35 36
f 16 38 36
f 16 36 13
f 17 39 38
f 17 38 16
f 18 40 39
f 18 39 17
f 42 20 19
f 42 19 41
f 43 21 20
f 43 20 42
f 44 22 21
f 44 21 43
f 45 23 22
f 45 22 44
f 46 24 23
f 46 23 45
f 48 26 25
f 48 25 47
f 26 48 4
f 26 4 1
f 48 49 5
f 48 5 4
f 49 50 6
f 49 6 5
f 52 30 29
f 52 29 51
f 30 52 47
f 30 47 25
f 34 53 51
f 34 51 29
f 53 54 52
f 53 52 51
f 35 54 53
f 35 53 34
f 37 55 54
f 37 54 35
f 38 56 55
f 38 55 37
f 39 57 56
f 39 56 38
f 40 58 57
f 40 57 39
f 61 42 41
f 61 41 60
f 62 43 42
f 62 42 61
f 63 44 43
f 63 43 62
f 64 45 44
f 64 44 63
f 65 46 45
f 65 45 64
f 67 48 47
f 67 47 66
f 68 49 48
f 68 48 67
f 69 50 49
f 69 49 68
f 52 70 66
f 52 66 47
f 70 71 67
f 70 67 66
f 54 72 70
f 54 70 52
f 72 73 71
f 72 71 70
f 55 75 72
f 55 72 54
f 75 76 73
f 75 73 72
f 56 76 75
f 56 75 55
f 76 77 74
f 76 74 73
f 57 77 76
f 57 76 56
f 58 78 77
f 58 77 57
f 59 79 78
f 59 78 58
f 81 62 61
f 81 61 80
f 82 63 62
f 82 62 81
f 83 64 63
f 83 63 82
f 84 65 64
f 84 64 83
f 86 68 67
f 86 67 85
f 87 69 68
f 87 68 86
f 71 88 85
f 71 85 67
f 88 89 86
f 88 86 85
f 89 90 87
f 89 87 86
f 73 91 88
f 73 88 71
f 91 92 89
f 91 89 88
f 74 92 91
f 74 91 73
f 92 93 90
f 92 90 89
f 77 94 92
f 77 92 74
f 94 95 93
f 94 93 92
f 78 95 94
f 78 94 77
f 104 103 99
f 104 99 100
f 105 104 100
f 105 100 101
f 106 105 101
f 106 101 102
f 108 15 12
f 108 12 103
f 109 108 103
f 109 103 104
f 110 109 104
f 110 104 105
f 111 110 105
f 111 105 106
f 112 111 106
f 112 106 107
f 113 18 15
f 113 15 108
f 114 113 108
f 114 108 109
f 115 114 109
f 115 109 110
f 116 115 110
f 116 110 111
f 117 116 111
f 117 111 112
f 118 96 9
f 118 9 24
f 119 97 96
f 119 96 118
f 120 98 97
f 120 97 119
f 125 28 3
f 125 3 7
f 126 100 99
f 126 99 125
f 127 101 100
f 127 100 126
f 128 102 101
f 128 101 127
f 132 33 28
f 132 28 125
f 132 103 12
f 132 12 33
f 103 132 125
f 103 125 99
f 133 106 102
f 133 102 128
f 134 133 128
f 134 128 129
f 134 107 106
f 134 106 133
f 136 135 130
f 136 130 131
f 138 112 107
f 138 107 134
f 139 138 134
f 139 134 135
f 140 139 135
f 140 135 136
f 141 140 136
f 141 136 137
f 113 142 40
f 113 40 18
f 114 143 142
f 114 142 113
f 115 144 143
f 115 143 114
f 116 145 144
f 116 144 115
f 117 146 145
f 117 145 116
f 146 117 112
f 146 112 138
f 147 146 138
f 147 138 139
f 148 147 139
f 148 139 140
f 149 148 140
f 149 140 141
f 151 150 142
f 151 142 143
f 152 151 143
f 152 143 144
f 153 152 144
f 153 144 145
f 155 154 147
f 155 147 148
f 156 155 148
f 156 148 149
f 157 118 24
f 157 24 46
f 158 119 118
f 158 118 157
f 159 120 119
f 159 119 158
f 160 121 120
f 160 120 159
f 161 122 121
f 161 121 160
f 162 123 122
f 162 122 161
f 163 124 123
f 163 123 162
f 50 165 8
f 50 8 6
f 165 125 7
f 165 7 8
f 166 126 125
f 166 125 165
f 167 127 126
f 167 126 166
f 168 128 127
f 168 127 167
f 169 129 128
f 169 128 168
f 171 131 130
f 171 130 170
f 173 134 129
f 173 129 169
f 174 173 169
f 174 169 170
f 174 135 134
f 174 134 173
f 135 174 170
f 135 170 130
f 175 136 131
f 175 131 171
f 176 175 171
f 176 171 172
f 176 137 136
f 176 136 175
f 142 177 58
f 142 58 40
f 146 179 178
f 146 178 145
f 147 180 179
f 147 179 146
f 181 59 58
f 181 58 177
f 150 181 177
f 150 177 142
f 151 182 181
f 151 181 150
f 152 183 182
f 152 182 151
f 153 184 183
f 153 183 152
f 184 153 145
f 184 145 178
f 185 184 178
f 185 178 179
f 186 185 179
f 186 179 180
f 154 186 180
f 154 180 147
f 155 187 186
f 155 186 154
f 156 188 187
f 156 187 155
f 189 157 46
f 189 46 65
f 190 158 157
f 190 157 189
f 191 159 158
f 191 158 190
f 192 160 159
f 192 159 191
f 193 161 160
f 193 160 192
f 194 162 161
f 194 161 193
f 195 163 162
f 195 162 194
f 196 164 163
f 196 163 195
f 197 165 50
f 197 50 69
f 198 166 165
f 198 165 197
f 199 167 166
f 199 166 198
f 200 168 167
f 200 167 199
f 201 169 168
f 201 168 200
f 202 170 169
f 202 169 201
f 203 171 170
f 203 170 202
f 204 172 171
f 204 171 203
f 79 209 205
f 79 205 78
f 181 209 79
f 181 79 59
f 209 210 206
f 209 206 205
f 182 210 209
f 182 209 181
f 210 211 207
f 210 207 206
f 183 211 210
f 183 210 182
f 211 212 208
f 211 208 207
f 184 212 211
f 184 211 183
f 185 213 212
f 185 212 184
f 186 214 213
f 186 213 185
f 187 215 214
f 187 214 186
f 188 216 215
f 188 215 187
f 218 217 215
f 218 215 216
f 219 189 65
f 219 65 84
f 220 190 189
f 220 189 219
f 221 191 190
f 221 190 220
f 222 192 191
f 222 191 221
f 223 193 192
f 223 192 222
f 224 194 193
f 224 193 223
f 225 195 194
f 225 194 224
f 226 196 195
f 226 195 225
f 227 197 69
f 227 69 87
f 228 198 197
f 228 197 227
f 229 199 198
f 229 198 228
f 230 200 199
f 230 199 229
f 231 201 200
f 231 200 230
f 232 202 201
f 232 201 231
f 233 203 202
f 233 202 232
f 234 204 203
f 234 203 233
f 90 235 227
f 90 227 87
f 235 236 228
f 235 228 227
f 236 237 229
f 236 229 228
f 237 238 230
f 237 230 229
f 238 239 231
f 238 231 230
f 239 240 232
f 239 232 231
f 240 241 233
f 240 233 232
f 93 243 235
f 93 235 90
f 243 244 236
f 243 236 235
f 244 245 237
f 244 237 236
f 245 246 238
f 245 238 237
f 246 247 239
f 246 239 238
f 95 248 243
f 95 243 93
f 205 248 95
f 205 95 78
f 248 249 244
f 248 244 243
f 206 249 248
f 206 248 205
f 249 250 245
f 249 245 244
f 207 250 249
f 207 249 206
f 250 251 246
f 250 246 245
f 208 251 250
f 208 250 207
f 212 253 251
f 212 251 208
f 253 254 252
f 253 252 251
f 213 254 253
f 213 253 212
f 214 255 254
f 214 254 213
f 215 256 255
f 215 255 214
f 217 257 256
f 217 256 215
f 218 258 257
f 218 257 217
f 260 223 222
f 260 222 259
f 261 224 223
f 261 223 260
f 262 225 224
f 262 224 261
f 263 226 225
f 263 225 262
f 265 234 233
f 265 233 264
f 267 240 239
f 267 239 266
f 268 241 240
f 268 240 267
f 241 268 264
f 241 264 233
f 268 269 265
f 268 265 264
f 269 242 234
f 269 234 265
f 271 247 246
f 271 246 270
f 247 271 266
f 247 266 239
f 271 272 267
f 271 267 266
f 272 273 268
f 272 268 267
f 273 274 269
f 273 269 268
f 251 275 270
f 251 270 246
f 275 276 271
f 275 271 270
f 252 276 275
f 252 275 251
f 276 277 272
f 276 272 271
f 277 278 273
f 277 273 272
f 254 280 276
f 254 276 252
f 280 281 277
f 280 277 276
f 255 281 280
f 255 280 254
f 281 282 278
f 281 278 277
f 256 282 281
f 256 281 255
f 282 283 279
f 282 279 278
f 257 284 282
f 257 282 256
f 284 285 283
f 284 283 282
f 258 285 284
f 258 284 257
f 287 262 261
f 287 261 286
f 291 274 273
f 291 273 290
f 274 291 289
f 274 289 269
f 278 292 290
f 278 290 273
f 292 293 291
f 292 291 290
f 279 293 292
f 279 292 278
f 283 294 293
f 283 293 279
f 285 295 294
f 285 294 283
f 297 141 137
f 297 137 296
f 298 149 141
f 298 141 297
f 299 156 149
f 299 149 298
f 302 176 172
f 302 172 301
f 302 296 137
f 302 137 176
f 304 297 296
f 304 296 302
f 305 304 302
f 305 302 303
f 307 298 297
f 307 297 304
f 308 307 304
f 308 304 305
f 309 308 305
f 309 305 306
f 299 310 188
f 299 188 156
f 310 299 298
f 310 298 307
f 311 310 307
f 311 307 308
f 312 300 164
f 312 164 196
f 315 301 172
f 315 172 204
f 317 302 301
f 317 301 315
f 318 317 315
f 318 315 316
f 318 303 302
f 318 302 317
f 321 305 303
f 321 303 318
f 322 321 318
f 322 318 319
f 322 306 305
f 322 305 321
f 323 322 319
f 323 319 320
f 309 326 325
f 309 325 308
f 326 309 306
f 326 306 322
f 327 326 322
f 327 322 323
f 328 327 323
f 328 323 324
f 310 330 216
f 310 216 188
f 311 331 330
f 311 330 310
f 331 311 308
f 331 308 325
f 332 331 325
f 332 325 326
f 333 332 326
f 333 326 327
f 334 333 327
f 334 327 328
f 335 334 328
f 335 328 329
f 336 218 216
f 336 216 330
f 338 337 332
f 338 332 333
f 339 338 333
f 339 333 334
f 340 339 334
f 340 334 335
f 343 312 196
f 343 196 226
f 346 345 341
f 346 341 342
f 346 314 313
f 346 313 345
f 349 315 204
f 349 204 234
f 350 316 315
f 350 315 349
f 242 351 349
f 242 349 234
f 351 352 350
f 351 350 349
f 352 318 316
f 352 316 350
f 353 319 318
f 353 318 352
f 354 320 319
f 354 319 353
f 357 323 320
f 357 320 354
f 358 357 354
f 358 354 355
f 358 324 323
f 358 323 357
f 359 358 355
f 359 355 356
f 361 328 324
f 361 324 358
f 362 361 358
f 362 358 359
f 362 329 328
f 362 328 361
f 363 362 359
f 363 359 360
f 331 365 364
f 331 364 330
f 332 366 365
f 332 365 331
f 367 335 329
f 367 329 362
f 368 367 362
f 368 362 363
f 336 369 258
f 336 258 218
f 369 336 330
f 369 330 364
f 370 369 364
f 370 364 365
f 371 370 365
f 371 365 366
f 337 371 366
f 337 366 332
f 338 372 371
f 338 371 337
f 339 373 372
f 339 372 338
f 340 374 373
f 340 373 339
f 374 340 335
f 374 335 367
f 375 374 367
f 375 367 368
f 378 377 371
f 378 371 372
f 378 342 341
f 378 341 377
f 379 378 372
f 379 372 373
f 380 379 373
f 380 373 374
f 381 343 226
f 381 226 263
f 383 382 376
f 383 376 377
f 383 345 344
f 383 344 382
f 345 383 377
f 345 377 341
f 384 346 342
f 384 342 378
f 385 384 378
f 385 378 379
f 385 347 346
f 385 346 384
f 386 348 347
f 386 347 385
f 388 351 242
f 388 242 269
f 389 352 351
f 389 351 388
f 390 353 352
f 390 352 389
f 391 354 353
f 391 353 390
f 392 355 354
f 392 354 391
f 393 356 355
f 393 355 392
f 395 359 356
f 395 356 393
f 396 395 393
f 396 393 394
f 396 360 359
f 396 359 395
f 398 363 360
f 398 360 396
f 399 398 396
f 399 396 397
f 400 368 363
f 400 363 398
f 401 400 398
f 401 398 399
f 369 402 285
f 369 285 258
f 370 403 402
f 370 402 369
f 371 404 403
f 371 403 370
f 375 406 405
f 375 405 374
f 406 375 368
f 406 368 400
f 407 406 400
f 407 400 401
f 409 408 402
f 409 402 403
f 410 409 403
f 410 403 404
f 410 377 376
f 410 376 409
f 377 410 404
f 377 404 371
f 380 412 411
f 380 411 379
f 412 380 374
f 412 374 405
f 413 412 405
f 413 405 406
f 414 381 263
f 414 263 288
f 415 382 381
f 415 381 414
f 382 415 409
f 382 409 376
f 416 385 379
f 416 379 411
f 417 416 411
f 417 411 412
f 417 386 385
f 417 385 416
f 418 387 386
f 418 386 417
f 419 388 269
f 419 269 289
f 420 389 388
f 420 388 419
f 421 390 389
f 421 389 420
f 422 391 390
f 422 390 421
f 423 392 391
f 423 391 422
f 424 393 392
f 424 392 423
f 425 394 393
f 425 393 424
f 291 426 419
f 291 419 289
f 426 427 420
f 426 420 419
f 428 429 424
f 428 424 423
f 429 430 425
f 429 425 424
f 430 396 394
f 430 394 425
f 431 397 396
f 431 396 430
f 293 432 426
f 293 426 291
f 433 399 397
f 433 397 431
f 294 434 432
f 294 432 293
f 435 401 399
f 435 399 433
f 295 436 434
f 295 434 294
f 402 436 295
f 402 295 285
f 407 439 438
f 407 438 406
f 439 407 401
f 439 401 435
f 408 440 436
f 408 436 402
f 440 441 437
f 440 437 436
f 409 441 440
f 409 440 408
f 413 444 443
f 413 443 412
f 444 413 406
f 444 406 438
f 445 444 438
f 445 438 439
f 447 415 414
f 447 414 446
f 415 447 441
f 415 441 409
f 447 448 442
f 447 442 441
f 449 417 412
f 449 412 443
f 450 449 443
f 450 443 444
f 450 418 417
f 450 417 449
f 456 453 452
f 456 452 455
f 457 454 453
f 457 453 456
f 463 462 458
f 463 458 459
f 464 463 459
f 464 459 460
f 465 464 460
f 465 460 461
f 469 468 462
f 469 462 463
f 470 469 463
f 470 463 464
f 471 470 464
f 471 464 465
f 472 471 465
f 472 465 466
f 473 472 466
f 473 466 467
f 475 474 469
f 475 469 470
f 476 475 470
f 476 470 471
f 477 476 471
f 477 471 472
f 478 477 472
f 478 472 473
f 480 479 475
f 480 475 476
f 481 480 476
f 481 476 477
f 482 481 477
f 482 477 478
f 484 483 452
f 484 452 453
f 484 459 458
f 484 458 483
f 485 484 453
f 485 453 454
f 485 460 459
f 485 459 484
f 486 461 460
f 486 460 485
f 462 489 483
f 462 483 458
f 490 465 461
f 490 461 486
f 491 490 486
f 491 486 487
f 491 466 465
f 491 465 490
f 492 491 487
f 492 487 488
f 492 467 466
f 492 466 491
f 468 493 489
f 468 489 462
f 469 494 493
f 469 493 468
f 495 473 467
f 495 467 492
f 474 496 494
f 474 494 469
f 475 497 496
f 475 496 474
f 479 499 497
f 479 497 475
f 480 500 499
f 480 499 479
f 481 501 500
f 481 500 480
f 482 502 501
f 482 501 481
f 502 482 478
f 502 478 498
f 504 503 500
f 504 500 501
f 505 504 501
f 505 501 502
f 483 506 455
f 483 455 452
f 506 507 456
f 506 456 455
f 507 508 457
f 507 457 456
f 508 485 454
f 508 454 457
f 509 486 485
f 509 485 508
f 510 487 486
f 510 486 509
f 511 488 487
f 511 487 510
f 489 512 506
f 489 506 483
f 513 492 488
f 513 488 511
f 493 514 512
f 493 512 489
f 494 515 514
f 494 514 493
f 496 516 515
f 496 515 494
f 497 517 516
f 497 516 496
f 499 518 517
f 499 517 497
f 500 519 518
f 500 518 499
f 503 520 519
f 503 519 500
f 504 521 520
f 504 520 503
f 505 522 521
f 505 521 504
f 525 421 420
f 525 420 524
f 526 422 421
f 526 421 525
f 527 423 422
f 527 422 526
f 529 427 426
f 529 426 528
f 427 529 524
f 427 524 420
f 529 530 525
f 529 525 524
f 530 531 526
f 530 526 525
f 531 532 527
f 531 527 526
f 532 428 423
f 532 423 527
f 533 429 428
f 533 428 532
f 534 430 429
f 534 429 533
f 535 431 430
f 535 430 534
f 432 536 528
f 432 528 426
f 536 537 529
f 536 529 528
f 538 433 431
f 538 431 535
f 434 539 536
f 434 536 432
f 539 540 537
f 539 537 536
f 436 541 539
f 436 539 434
f 541 542 540
f 541 540 539
f 437 542 541
f 437 541 436
f 441 544 542
f 441 542 437
f 544 545 543
f 544 543 542
f 442 545 544
f 442 544 441
f 445 548 547
f 445 547 444
f 550 448 447
f 550 447 549
f 448 550 545
f 448 545 442
f 550 551 546
f 550 546 545
f 552 450 444
f 552 444 547
f 553 552 547
f 553 547 548
f 553 451 450
f 553 450 552
f 555 530 529
f 555 529 554
f 556 531 530
f 556 530 555
f 557 532 531
f 557 531 556
f 558 533 532
f 558 532 557
f 559 534 533
f 559 533 558
f 560 535 534
f 560 534 559
f 537 561 554
f 537 554 529
f 561 562 555
f 561 555 554
f 562 563 556
f 562 556 555
f 564 538 535
f 564 535 560
f 540 565 561
f 540 561 537
f 565 566 562
f 565 562 561
f 542 567 565
f 542 565 540
f 567 568 566
f 567 566 565
f 543 568 567
f 543 567 542
f 545 570 568
f 545 568 543
f 570 571 569
f 570 569 568
f 546 571 570
f 546 570 545
f 573 551 550
f 573 550 572
f 551 573 571
f 551 571 546
f 576 557 556
f 576 556 575
f 577 558 557
f 577 557 576
f 578 559 558
f 578 558 577
f 579 560 559
f 579 559 578
f 581 563 562
f 581 562 580
f 563 581 575
f 563 575 556
f 581 582 576
f 581 576 575
f 582 583 577
f 582 577 576
f 583 584 578
f 583 578 577
f 566 585 580
f 566 580 562
f 585 586 581
f 585 581 580
f 568 588 585
f 568 585 566
f 588 589 586
f 588 586 585
f 569 589 588
f 569 588 568
f 589 590 587
f 589 587 586
f 571 591 589
f 571 589 569
f 591 592 590
f 591 590 589
f 573 593 591
f 573 591 571
f 593 594 592
f 593 592 591
f 574 594 593
f 574 593 573
f 597 579 578
f 597 578 596
f 599 582 581
f 599 581 598
f 600 583 582
f 600 582 599
f 601 600 595
f 601 595 596
f 601 584 583
f 601 583 600
f 584 601 596
f 584 596 578
f 586 602 598
f 586 598 581
f 602 603 599
f 602 599 598
f 587 603 602
f 587 602 586
f 590 604 603
f 590 603 587
f 592 605 604
f 592 604 590
f 594 606 605
f 594 605 592
f 608 596 595
f 608 595 607
f 609 597 596
f 609 596 608
f 611 600 599
f 611 599 610
f 600 611 607
f 600 607 595
f 611 612 608
f 611 608 607
f 603 613 610
f 603 610 599
f 613 614 611
f 613 611 610
f 604 615 613
f 604 613 603
f 605 616 615
f 605 615 604
f 606 617 616
f 606 616 605
f 619 609 608
f 619 608 618
f 621 612 611
f 621 611 620
f 612 621 618
f 612 618 608
f 621 622 619
f 621 619 618
f 624 614 613
f 624 613 623
f 614 624 620
f 614 620 611
f 615 625 623
f 615 623 613
f 625 626 624
f 625 624 623
f 616 627 625
f 616 625 615
f 617 628 627
f 617 627 616
f 631 621 620
f 631 620 630
f 632 622 621
f 632 621 631
f 622 632 629
f 622 629 619
f 624 633 630
f 624 630 620
f 633 634 631
f 633 631 630
f 636 626 625
f 636 625 635
f 626 636 633
f 626 633 624
f 627 637 635
f 627 635 625
f 637 638 636
f 637 636 635
f 628 639 637
f 628 637 627
f 639 640 638
f 639 638 637
f 642 632 631
f 642 631 641
f 644 634 633
f 644 633 643
f 634 644 641
f 634 641 631
f 644 645 642
f 644 642 641
f 636 646 643
f 636 643 633
f 646 647 644
f 646 644 643
f 638 648 646
f 638 646 636
f 648 649 647
f 648 647 646
f 640 650 648
f 640 648 638
f 654 435 433
f 654 433 653
f 656 439 435
f 656 435 654
f 657 656 654
f 657 654 655
f 659 445 439
f 659 439 656
f 660 659 656
f 660 656 657
f 661 660 657
f 661 657 658
f 664 663 659
f 664 659 660
f 665 664 660
f 665 660 661
f 665 652 651
f 665 651 664
f 666 665 661
f 666 661 662
f 669 478 473
f 669 473 668
f 671 495 492
f 671 492 670
f 671 668 473
f 671 473 495
f 669 673 498
f 669 498 478
f 673 669 668
f 673 668 671
f 674 673 671
f 674 671 672
f 675 502 498
f 675 498 673
f 676 675 673
f 676 673 674
f 677 505 502
f 677 502 675
f 678 677 675
f 678 675 676
f 679 670 492
f 679 492 513
f 681 671 670
f 681 670 679
f 682 681 679
f 682 679 680
f 682 672 671
f 682 671 681
f 683 674 672
f 683 672 682
f 685 676 674
f 685 674 683
f 686 685 683
f 686 683 684
f 677 688 522
f 677 522 505
f 678 689 688
f 678 688 677
f 689 678 676
f 689 676 685
f 690 689 685
f 690 685 686
f 691 690 686
f 691 686 687
f 693 523 522
f 693 522 688
f 694 693 688
f 694 688 689
f 695 694 689
f 695 689 690
f 696 695 690
f 696 690 691
f 697 696 691
f 697 691 692
f 700 699 694
f 700 694 695
f 701 700 695
f 701 695 696
f 702 701 696
f 702 696 697
f 703 702 697
f 703 697 698
f 704 653 433
f 704 433 538
f 706 654 653
f 706 653 704
f 707 706 704
f 707 704 705
f 707 655 654
f 707 654 706
f 710 657 655
f 710 655 707
f 711 710 707
f 711 707 708
f 711 658 657
f 711 657 710
f 712 711 708
f 712 708 709
f 659 714 548
f 659 548 445
f 715 661 658
f 715 658 711
f 716 715 711
f 716 711 712
f 716 662 661
f 716 661 715
f 717 716 712
f 717 712 713
f 719 553 548
f 719 548 714
f 719 663 451
f 719 451 553
f 663 719 714
f 663 714 659
f 720 666 662
f 720 662 716
f 721 720 716
f 721 716 717
f 721 667 666
f 721 666 720
f 722 721 717
f 722 717 718
f 725 564 560
f 725 560 723
f 725 704 538
f 725 538 564
f 726 725 723
f 726 723 724
f 726 705 704
f 726 704 725
f 729 707 705
f 729 705 726
f 730 729 726
f 730 726 727
f 730 708 707
f 730 707 729
f 731 730 727
f 731 727 728
f 731 709 708
f 731 708 730
f 733 712 709
f 733 709 731
f 734 733 731
f 734 731 732
f 734 713 712
f 734 712 733
f 736 717 713
f 736 713 734
f 737 736 734
f 737 734 735
f 737 718 717
f 737 717 736
f 739 722 718
f 739 718 737
f 740 739 737
f 740 737 738
f 741 723 560
f 741 560 579
f 742 724 723
f 742 723 741
f 744 726 724
f 744 724 742
f 745 744 742
f 745 742 743
f 745 727 726
f 745 726 744
f 746 728 727
f 746 727 745
f 748 731 728
f 748 728 746
f 749 748 746
f 749 746 747
f 749 732 731
f 749 731 748
f 751 734 732
f 751 732 749
f 752 751 749
f 752 749 750
f 752 735 734
f 752 734 751
f 754 737 735
f 754 735 752
f 755 754 752
f 755 752 753
f 755 738 737
f 755 737 754
f 757 740 738
f 757 738 755
f 758 757 755
f 758 755 756
f 759 741 579
f 759 579 597
f 760 742 741
f 760 741 759
f 761 743 742
f 761 742 760
f 763 745 743
f 763 743 761
f 764 763 761
f 764 761 762
f 764 746 745
f 764 745 763
f 765 747 746
f 765 746 764
f 767 749 747
f 767 747 765
f 768 767 765
f 768 765 766
f 768 750 749
f 768 749 767
f 770 752 750
f 770 750 768
f 771 770 768
f 771 768 769
f 771 753 752
f 771 752 770
f 773 755 753
f 773 753 771
f 774 773 771
f 774 771 772
f 774 756 755
f 774 755 773
f 775 758 756
f 775 756 774
f 776 759 597
f 776 597 609
f 777 760 759
f 777 759 776
f 778 761 760
f 778 760 777
f 779 762 761
f 779 761 778
f 781 764 762
f 781 762 779
f 782 781 779
f 782 779 780
f 782 765 764
f 782 764 781
f 783 766 765
f 783 765 782
f 784 768 766
f 784 766 783
f 785 769 768
f 785 768 784
f 787 771 769
f 787 769 785
f 788 787 785
f 788 785 786
f 788 772 771
f 788 771 787
f 789 774 772
f 789 772 788
f 790 776 609
f 790 609 619
f 791 777 776
f 791 776 790
f 792 778 777
f 792 777 791
f 793 779 778
f 793 778 792
f 794 780 779
f 794 779 793
f 795 782 780
f 795 780 794
f 796 783 782
f 796 782 795
f 798 784 783
f 798 783 796
f 799 798 796
f 799 796 797
f 799 785 784
f 799 784 798
f 800 786 785
f 800 785 799
f 801 788 786
f 801 786 800
f 802 790 619
f 802 619 629
f 803 791 790
f 803 790 802
f 804 792 791
f 804 791 803
f 805 793 792
f 805 792 804
f 806 794 793
f 806 793 805
f 632 808 802
f 632 802 629
f 809 795 794
f 809 794 806
f 810 809 806
f 810 806 807
f 810 796 795
f 810 795 809
f 811 797 796
f 811 796 810
f 813 799 797
f 813 797 811
f 814 813 811
f 814 811 812
f 814 800 799
f 814 799 813
f 815 801 800
f 815 800 814
f 817 816 700
f 817 700 701
f 818 817 701
f 818 701 702
f 819 818 702
f 819 702 703
f 823 822 817
f 823 817 818
f 825 824 819
f 825 819 820
f 826 825 820
f 826 820 821
f 828 803 802
f 828 802 827
f 829 804 803
f 829 803 828
f 830 805 804
f 830 804 829
f 831 806 805
f 831 805 830
f 832 807 806
f 832 806 831
f 834 833 825
f 834 825 826
f 835 808 632
f 835 632 642
f 808 835 827
f 808 827 802
f 835 836 828
f 835 828 827
f 837 810 807
f 837 807 832
f 838 837 832
f 838 832 833
f 838 811 810
f 838 810 837
f 839 838 833
f 839 833 834
f 839 812 811
f 839 811 838
f 841 775 774
f 841 774 840
f 843 789 788
f 843 788 842
f 843 840 774
f 843 774 789
f 844 841 840
f 844 840 843
f 846 842 788
f 846 788 801
f 847 843 842
f 847 842 846
f 849 844 843
f 849 843 847
f 850 849 847
f 850 847 848
f 850 845 844
f 850 844 849
f 853 814 812
f 853 812 852
f 855 815 814
f 855 814 853
f 855 846 801
f 855 801 815
f 856 855 853
f 856 853 854
f 857 847 846
f 857 846 855
f 858 857 855
f 858 855 856
f 858 848 847
f 858 847 857
f 860 850 848
f 860 848 858
f 861 860 858
f 861 858 859
f 861 851 850
f 861 850 860
f 864 839 834
f 864 834 863
f 864 852 812
f 864 812 839
f 866 853 852
f 866 852 864
f 867 866 864
f 867 864 865
f 867 854 853
f 867 853 866
f 869 856 854
f 869 854 867
f 870 869 867
f 870 867 868
f 871 858 856
f 871 856 869
f 872 871 869
f 872 869 870
f 872 859 858
f 872 858 871
f 874 861 859
f 874 859 872
f 875 874 872
f 875 872 873
f 875 862 861
f 875 861 874
f 879 878 876
f 879 876 877
f 881 880 878
f 881 878 879
f 886 885 19
f 886 19 20
f 887 886 20
f 887 20 21
f 888 887 21
f 888 21 22
f 889 888 22
f 889 22 23
f 890 889 23
f 890 23 24
f 890 877 876
f 890 876 889
f 877 890 24
f 877 24 9
f 892 891 885
f 892 885 886
f 893 892 886
f 893 886 887
f 894 893 887
f 894 887 888
f 895 894 888
f 895 888 889
f 878 895 889
f 878 889 876
f 897 896 891
f 897 891 892
f 898 897 892
f 898 892 893
f 899 898 893
f 899 893 894
f 900 899 894
f 900 894 895
f 880 900 895
f 880 895 878
f 881 901 900
f 881 900 880
f 903 902 899
f 903 899 900
f 904 903 900
f 904 900 901
f 911 910 905
f 911 905 906
f 912 911 906
f 912 906 907
f 913 912 907
f 913 907 908
f 915 914 909
f 915 909 910
f 916 915 910
f 916 910 911
f 917 916 911
f 917 911 912
f 918 917 912
f 918 912 913
f 883 918 913
f 883 913 882
f 920 919 914
f 920 914 915
f 921 920 915
f 921 915 916
f 922 921 916
f 922 916 917
f 923 922 917
f 923 917 918
f 884 923 918
f 884 918 883
f 885 924 41
f 885 41 19
f 891 925 924
f 891 924 885
f 896 926 925
f 896 925 891
f 897 927 926
f 897 926 896
f 898 928 927
f 898 927 897
f 899 929 928
f 899 928 898
f 931 930 928
f 931 928 929
f 902 931 929
f 902 929 899
f 903 932 931
f 903 931 902
f 904 933 932
f 904 932 903
f 935 906 905
f 935 905 934
f 936 907 906
f 936 906 935
f 937 908 907
f 937 907 936
f 908 937 933
f 908 933 904
f 939 910 909
f 939 909 938
f 910 939 934
f 910 934 905
f 914 940 938
f 914 938 909
f 919 941 940
f 919 940 914
f 920 942 941
f 920 941 919
f 921 943 942
f 921 942 920
f 922 944 943
f 922 943 921
f 923 945 944
f 923 944 922
f 924 946 60
f 924 60 41
f 946 947 61
f 946 61 60
f 925 948 946
f 925 946 924
f 948 949 947
f 948 947 946
f 926 950 948
f 926 948 925
f 950 951 949
f 950 949 948
f 927 951 950
f 927 950 926
f 928 952 951
f 928 951 927
f 930 956 952
f 930 952 928
f 956 957 953
f 956 953 952
f 931 957 956
f 931 956 930
f 957 958 954
f 957 954 953
f 932 958 957
f 932 957 931
f 958 959 955
f 958 955 954
f 933 959 958
f 933 958 932
f 961 935 934
f 961 934 960
f 962 936 935
f 962 935 961
f 963 937 936
f 963 936 962
f 937 963 959
f 937 959 933
f 965 939 938
f 965 938 964
f 939 965 960
f 939 960 934
f 965 966 961
f 965 961 960
f 966 967 962
f 966 962 961
f 967 968 963
f 967 963 962
f 940 969 964
f 940 964 938
f 969 970 965
f 969 965 964
f 941 972 969
f 941 969 940
f 972 973 970
f 972 970 969
f 942 973 972
f 942 972 941
f 973 974 971
f 973 971 970
f 943 974 973
f 943 973 942
f 944 975 974
f 944 974 943
f 945 976 975
f 945 975 944
f 947 977 80
f 947 80 61
f 977 978 81
f 977 81 80
f 978 979 82
f 978 82 81
f 979 980 83
f 979 83 82
f 980 981 84
f 980 84 83
f 949 982 977
f 949 977 947
f 982 983 978
f 982 978 977
f 983 984 979
f 983 979 978
f 984 985 980
f 984 980 979
f 985 986 981
f 985 981 980
f 951 987 982
f 951 982 949
f 987 988 983
f 987 983 982
f 952 988 987
f 952 987 951
f 988 989 984
f 988 984 983
f 953 989 988
f 953 988 952
f 989 990 985
f 989 985 984
f 954 990 989
f 954 989 953
f 990 991 986
f 990 986 985
f 955 991 990
f 955 990 954
f 994 966 965
f 994 965 993
f 995 967 966
f 995 966 994
f 996 968 967
f 996 967 995
f 968 996 992
f 968 992 963
f 970 997 993
f 970 993 965
f 997 998 994
f 997 994 993
f 971 998 997
f 971 997 970
f 998 999 995
f 998 995 994
f 999 1000 996
f 999 996 995
f 974 1001 998
f 974 998 971
f 1001 1002 999
f 1001 999 998
f 975 1002 1001
f 975 1001 974
f 1002 1003 1000
f 1002 1000 999
f 976 1003 1002
f 976 1002 975
f 1004 877 9
f 1004 9 96
f 1005 1004 96
f 1005 96 97
f 1006 1005 97
f 1006 97 98
f 1007 879 877
f 1007 877 1004
f 1008 1007 1004
f 1008 1004 1005
f 1009 1008 1005
f 1009 1005 1006
f 1010 881 879
f 1010 879 1007
f 1011 1010 1007
f 1011 1007 1008
f 1012 1011 1008
f 1012 1008 1009
f 1019 1018 1013
f 1019 1013 1014
f 1020 1019 1014
f 1020 1014 1015
f 1023 1022 1016
f 1023 1016 1017
f 1025 883 882
f 1025 882 1018
f 1026 1025 1018
f 1026 1018 1019
f 1027 1026 1019
f 1027 1019 1020
f 1028 1027 1020
f 1028 1020 1021
f 1030 1029 1022
f 1030 1022 1023
f 1031 1030 1023
f 1031 1023 1024
f 1032 884 883
f 1032 883 1025
f 1033 1032 1025
f 1033 1025 1026
f 1034 1033 1026
f 1034 1026 1027
f 1035 1034 1027
f 1035 1027 1028
f 1037 1036 1029
f 1037 1029 1030
f 1038 1006 98
f 1038 98 120
f 1039 1038 120
f 1039 120 121
f 1040 1039 121
f 1040 121 122
f 1041 1040 122
f 1041 122 123
f 1042 1041 123
f 1042 123 124
f 1044 1009 1006
f 1044 1006 1038
f 1045 1044 1038
f 1045 1038 1039
f 1046 1045 1039
f 1046 1039 1040
f 1047 1046 1040
f 1047 1040 1041
f 1048 1047 1041
f 1048 1041 1042
f 1049 1048 1042
f 1049 1042 1043
f 1010 1050 901
f 1010 901 881
f 1011 1051 1050
f 1011 1050 1010
f 1012 1052 1051
f 1012 1051 1011
f 1052 1012 1009
f 1052 1009 1044
f 1053 1052 1044
f 1053 1044 1045
f 1054 1053 1045
f 1054 1045 1046
f 1055 1054 1046
f 1055 1046 1047
f 1056 1055 1047
f 1056 1047 1048
f 1057 1056 1048
f 1057 1048 1049
f 1058 904 901
f 1058 901 1050
f 1059 1058 1050
f 1059 1050 1051
f 1060 1059 1051
f 1060 1051 1052
f 1061 1060 1052
f 1061 1052 1053
f 1062 1061 1053
f 1062 1053 1054
f 1063 1062 1054
f 1063 1054 1055
f 1064 1063 1055
f 1064 1055 1056
f 1066 908 904
f 1066 904 1058
f 1067 1066 1058
f 1067 1058 1059
f 1067 1014 1013
f 1067 1013 1066
f 1068 1067 1059
f 1068 1059 1060
f 1068 1015 1014
f 1068 1014 1067
f 1069 1068 1060
f 1069 1060 1061
f 1070 1069 1061
f 1070 1061 1062
f 1071 1070 1062
f 1071 1062 1063
f 1071 1017 1016
f 1071 1016 1070
f 1072 1071 1063
f 1072 1063 1064
f 1073 1072 1064
f 1073 1064 1065
f 1074 913 908
f 1074 908 1066
f 1074 1018 882
f 1074 882 913
f 1018 1074 1066
f 1018 1066 1013
f 1075 1020 1015
f 1075 1015 1068
f 1076 1075 1068
f 1076 1068 1069
f 1076 1021 1020
f 1076 1020 1075
f 1077 1076 1069
f 1077 1069 1070
f 1022 1077 1070
f 1022 1070 1016
f 1078 1023 1017
f 1078 1017 1071
f 1079 1078 1071
f 1079 1071 1072
f 1079 1024 1023
f 1079 1023 1078
f 1080 1079 1072
f 1080 1072 1073
f 1081 1028 1021
f 1081 1021 1076
f 1082 1081 1076
f 1082 1076 1077
f 1029 1082 1077
f 1029 1077 1022
f 1031 1084 1083
f 1031 1083 1030
f 1084 1031 1024
f 1084 1024 1079
f 1085 1084 1079
f 1085 1079 1080
f 1032 1086 923
f 1032 923 884
f 1033 1087 1086
f 1033 1086 1032
f 1034 1088 1087
f 1034 1087 1033
f 1035 1089 1088
f 1035 1088 1034
f 1089 1035 1028
f 1089 1028 1081
f 1090 1089 1081
f 1090 1081 1082
f 1036 1090 1082
f 1036 1082 1029
f 1037 1091 1090
f 1037 1090 1036
f 1091 1037 1030
f 1091 1030 1083
f 1092 1091 1083
f 1092 1083 1084
f 1093 1092 1084
f 1093 1084 1085
f 1094 1042 124
f 1094 124 163
f 1095 1094 163
f 1095 163 164
f 1095 1043 1042
f 1095 1042 1094
f 1096 1049 1043
f 1096 1043 1095
f 1057 1098 1097
f 1057 1097 1056
f 1098 1057 1049
f 1098 1049 1096
f 1099 1064 1056
f 1099 1056 1097
f 1100 1099 1097
f 1100 1097 1098
f 1100 1065 1064
f 1100 1064 1099
f 1101 1073 1065
f 1101 1065 1100
f 1088 1104 1103
f 1088 1103 1087
f 1089 1105 1104
f 1089 1104 1088
f 1090 1106 1105
f 1090 1105 1089
f 1091 1107 1106
f 1091 1106 1090
f 1092 1108 1107
f 1092 1107 1091
f 1093 1109 1108
f 1093 1108 1092
f 959 1113 1110
f 959 1110 955
f 1113 1114 1111
f 1113 1111 1110
f 1114 1115 1112
f 1114 1112 1111
f 963 1118 1113
f 963 1113 959
f 1118 1119 1114
f 1118 1114 1113
f 1119 1120 1115
f 1119 1115 1114
f 1120 1121 1116
f 1120 1116 1115
f 1121 1122 1117
f 1121 1117 1116
f 1123 1124 1119
f 1123 1119 1118
f 1124 1125 1120
f 1124 1120 1119
f 1125 1126 1121
f 1125 1121 1120
f 1127 1128 1125
f 1127 1125 1124
f 1102 1129 976
f 1102 976 945
f 1103 1130 1129
f 1103 1129 1102
f 1130 1131 1128
f 1130 1128 1127
f 1104 1131 1130
f 1104 1130 1103
f 1105 1132 1131
f 1105 1131 1104
f 1106 1133 1132
f 1106 1132 1105
f 1107 1134 1133
f 1107 1133 1106
f 1108 1135 1134
f 1108 1134 1107
f 1109 1137 1135
f 1109 1135 1108
f 981 1138 219
f 981 219 84
f 1138 1139 220
f 1138 220 219
f 1139 1140 221
f 1139 221 220
f 1140 1141 222
f 1140 222 221
f 986 1142 1138
f 986 1138 981
f 1142 1143 1139
f 1142 1139 1138
f 1143 1144 1140
f 1143 1140 1139
f 991 1145 1142
f 991 1142 986
f 1110 1145 991
f 1110 991 955
f 1145 1146 1143
f 1145 1143 1142
f 1111 1146 1145
f 1111 1145 1110
f 1146 1147 1144
f 1146 1144 1143
f 1112 1147 1146
f 1112 1146 1111
f 1115 1150 1147
f 1115 1147 1112
f 1150 1151 1148
f 1150 1148 1147
f 1116 1151 1150
f 1116 1150 1115
f 1151 1152 1149
f 1151 1149 1148
f 1117 1152 1151
f 1117 1151 1116
f 1155 1118 963
f 1155 963 992
f 1157 1122 1121
f 1157 1121 1156
f 1122 1157 1152
f 1122 1152 1117
f 1157 1158 1153
f 1157 1153 1152
f 1158 1159 1154
f 1158 1154 1153
f 996 1160 1155
f 996 1155 992
f 1160 1123 1118
f 1160 1118 1155
f 1161 1124 1123
f 1161 1123 1160
f 1163 1126 1125
f 1163 1125 1162
f 1126 1163 1156
f 1126 1156 1121
f 1163 1164 1157
f 1163 1157 1156
f 1164 1165 1158
f 1164 1158 1157
f 1000 1166 1160
f 1000 1160 996
f 1166 1167 1161
f 1166 1161 1160
f 1167 1127 1124
f 1167 1124 1161
f 1128 1168 1162
f 1128 1162 1125
f 1168 1169 1163
f 1168 1163 1162
f 1169 1170 1164
f 1169 1164 1163
f 1003 1171 1166
f 1003 1166 1000
f 1129 1171 1003
f 1129 1003 976
f 1171 1172 1167
f 1171 1167 1166
f 1130 1172 1171
f 1130 1171 1129
f 1172 1130 1127
f 1172 1127 1167
f 1131 1173 1168
f 1131 1168 1128
f 1173 1174 1169
f 1173 1169 1168
f 1132 1174 1173
f 1132 1173 1131
f 1174 1175 1170
f 1174 1170 1169
f 1133 1175 1174
f 1133 1174 1132
f 1180 1141 1140
f 1180 1140 1179
f 1141 1180 259
f 1141 259 222
f 1180 1181 260
f 1180 260 259
f 1181 1182 261
f 1181 261 260
f 1183 1184 263
f 1183 263 262
f 1144 1185 1179
f 1144 1179 1140
f 1185 1186 1180
f 1185 1180 1179
f 1186 1187 1181
f 1186 1181 1180
f 1147 1188 1185
f 1147 1185 1144
f 1188 1189 1186
f 1188 1186 1185
f 1148 1189 1188
f 1148 1188 1147
f 1189 1190 1187
f 1189 1187 1186
f 1149 1190 1189
f 1149 1189 1148
f 1152 1194 1190
f 1152 1190 1149
f 1194 1195 1191
f 1194 1191 1190
f 1153 1195 1194
f 1153 1194 1152
f 1195 1196 1192
f 1195 1192 1191
f 1154 1196 1195
f 1154 1195 1153
f 1196 1197 1193
f 1196 1193 1192
f 1199 1159 1158
f 1199 1158 1198
f 1159 1199 1196
f 1159 1196 1154
f 1199 1200 1197
f 1199 1197 1196
f 1202 1165 1164
f 1202 1164 1201
f 1165 1202 1198
f 1165 1198 1158
f 1202 1203 1199
f 1202 1199 1198
f 1203 1204 1200
f 1203 1200 1199
f 1170 1205 1201
f 1170 1201 1164
f 1205 1206 1202
f 1205 1202 1201
f 1206 1207 1203
f 1206 1203 1202
f 1207 1208 1204
f 1207 1204 1203
f 1175 1209 1205
f 1175 1205 1170
f 1209 1210 1206
f 1209 1206 1205
f 1176 1210 1209
f 1176 1209 1175
f 1210 1211 1207
f 1210 1207 1206
f 1177 1211 1210
f 1177 1210 1176
f 1211 1212 1208
f 1211 1208 1207
f 1178 1212 1211
f 1178 1211 1177
f 1214 1182 1181
f 1214 1181 1213
f 1182 1214 286
f 1182 286 261
f 1214 1215 287
f 1214 287 286
f 1215 1183 262
f 1215 262 287
f 1216 1184 1183
f 1216 1183 1215
f 1184 1216 288
f 1184 288 263
f 1187 1217 1213
f 1187 1213 1181
f 1217 1218 1214
f 1217 1214 1213
f 1218 1219 1215
f 1218 1215 1214
f 1219 1220 1216
f 1219 1216 1215
f 1190 1221 1217
f 1190 1217 1187
f 1221 1222 1218
f 1221 1218 1217
f 1191 1222 1221
f 1191 1221 1190
f 1222 1223 1219
f 1222 1219 1218
f 1192 1223 1222
f 1192 1222 1191
f 1223 1224 1220
f 1223 1220 1219
f 1193 1224 1223
f 1193 1223 1192
f 1197 1225 1224
f 1197 1224 1193
f 1204 1227 1226
f 1204 1226 1200
f 1208 1228 1227
f 1208 1227 1204
f 1212 1229 1228
f 1212 1228 1208
f 1220 1231 1230
f 1220 1230 1216
f 1224 1232 1231
f 1224 1231 1220
f 1225 1233 1232
f 1225 1232 1224
f 1235 1080 1073
f 1235 1073 1234
f 1237 1085 1080
f 1237 1080 1235
f 1238 1237 1235
f 1238 1235 1236
f 1239 1093 1085
f 1239 1085 1237
f 1240 1095 164
f 1240 164 300
f 1242 1096 1095
f 1242 1095 1240
f 1243 1242 1240
f 1243 1240 1241
f 1244 1098 1096
f 1244 1096 1242
f 1245 1244 1242
f 1245 1242 1243
f 1246 1100 1098
f 1246 1098 1244
f 1248 1101 1100
f 1248 1100 1246
f 1248 1234 1073
f 1248 1073 1101
f 1249 1248 1246
f 1249 1246 1247
f 1250 1235 1234
f 1250 1234 1248
f 1251 1250 1248
f 1251 1248 1249
f 1251 1236 1235
f 1251 1235 1250
f 1238 1255 1254
f 1238 1254 1237
f 1255 1238 1236
f 1255 1236 1251
f 1256 1255 1251
f 1256 1251 1252
f 1257 1256 1252
f 1257 1252 1253
f 1239 1258 1109
f 1239 1109 1093
f 1258 1239 1237
f 1258 1237 1254
f 1259 1258 1254
f 1259 1254 1255
f 1260 1259 1255
f 1260 1255 1256
f 1261 1260 1256
f 1261 1256 1257
f 1262 1240 300
f 1262 300 312
f 1263 1241 1240
f 1263 1240 1262
f 1265 1264 313
f 1265 313 314
f 1267 1243 1241
f 1267 1241 1263
f 1268 1267 1263
f 1268 1263 1264
f 1269 1268 1264
f 1269 1264 1265
f 1270 1269 1265
f 1270 1265 1266
f 1245 1272 1271
f 1245 1271 1244
f 1272 1245 1243
f 1272 1243 1267
f 1273 1272 1267
f 1273 1267 1268
f 1274 1273 1268
f 1274 1268 1269
f 1275 1274 1269
f 1275 1269 1270
f 1276 1246 1244
f 1276 1244 1271
f 1277 1276 1271
f 1277 1271 1272
f 1277 1247 1246
f 1277 1246 1276
f 1278 1277 1272
f 1278 1272 1273
f 1279 1278 1273
f 1279 1273 1274
f 1280 1279 1274
f 1280 1274 1275
f 1281 1249 1247
f 1281 1247 1277
f 1282 1281 1277
f 1282 1277 1278
f 1283 1282 1278
f 1283 1278 1279
f 1284 1283 1279
f 1284 1279 1280
f 1286 1251 1249
f 1286 1249 1281
f 1287 1286 1281
f 1287 1281 1282
f 1287 1252 1251
f 1287 1251 1286
f 1288 1287 1282
f 1288 1282 1283
f 1288 1253 1252
f 1288 1252 1287
f 1289 1288 1283
f 1289 1283 1284
f 1290 1289 1284
f 1290 1284 1285
f 1291 1257 1253
f 1291 1253 1288
f 1292 1291 1288
f 1292 1288 1289
f 1293 1292 1289
f 1293 1289 1290
f 1259 1295 1294
f 1259 1294 1258
f 1260 1296 1295
f 1260 1295 1259
f 1261 1297 1296
f 1261 1296 1260
f 1297 1261 1257
f 1297 1257 1291
f 1298 1297 1291
f 1298 1291 1292
f 1299 1298 1292
f 1299 1292 1293
f 1300 1262 312
f 1300 312 343
f 1301 1263 1262
f 1301 1262 1300
f 1302 1301 344
f 1302 344 345
f 1302 1264 1263
f 1302 1263 1301
f 1264 1302 345
f 1264 345 313
f 1303 1265 314
f 1303 314 346
f 1304 1303 346
f 1304 346 347
f 1304 1266 1265
f 1304 1265 1303
f 1305 1304 347
f 1305 347 348
f 1307 1270 1266
f 1307 1266 1304
f 1308 1307 1304
f 1308 1304 1305
f 1309 1308 1305
f 1309 1305 1306
f 1310 1275 1270
f 1310 1270 1307
f 1311 1310 1307
f 1311 1307 1308
f 1312 1311 1308
f 1312 1308 1309
f 1313 1280 1275
f 1313 1275 1310
f 1314 1313 1310
f 1314 1310 1311
f 1315 1314 1311
f 1315 1311 1312
f 1316 1284 1280
f 1316 1280 1313
f 1317 1316 1313
f 1317 1313 1314
f 1317 1285 1284
f 1317 1284 1316
f 1319 1290 1285
f 1319 1285 1317
f 1320 1319 1317
f 1320 1317 1318
f 1321 1293 1290
f 1321 1290 1319
f 1322 1321 1319
f 1322 1319 1320
f 1294 1323 1178
f 1294 1178 1136
f 1295 1324 1323
f 1295 1323 1294
f 1299 1326 1325
f 1299 1325 1298
f 1326 1299 1293
f 1326 1293 1321
f 1327 1326 1321
f 1327 1321 1322
f 1328 1300 343
f 1328 343 381
f 1329 1328 381
f 1329 381 382
f 1329 1301 1300
f 1329 1300 1328
f 1301 1329 382
f 1301 382 344
f 1330 1305 348
f 1330 348 386
f 1331 1330 386
f 1331 386 387
f 1331 1306 1305
f 1331 1305 1330
f 1333 1309 1306
f 1333 1306 1331
f 1334 1333 1331
f 1334 1331 1332
f 1335 1312 1309
f 1335 1309 1333
f 1336 1335 1333
f 1336 1333 1334
f 1315 1339 1338
f 1315 1338 1314
f 1339 1315 1312
f 1339 1312 1335
f 1200 1340 1337
f 1200 1337 1197
f 1341 1317 1314
f 1341 1314 1338
f 1342 1341 1338
f 1342 1338 1339
f 1342 1318 1317
f 1342 1317 1341
f 1344 1320 1318
f 1344 1318 1342
f 1345 1344 1342
f 1345 1342 1343
f 1346 1322 1320
f 1346 1320 1344
f 1347 1346 1344
f 1347 1344 1345
f 1323 1348 1212
f 1323 1212 1178
f 1349 1327 1322
f 1349 1322 1346
f 1350 1349 1346
f 1350 1346 1347
f 1216 1351 414
f 1216 414 288
f 1352 1331 387
f 1352 387 418
f 1353 1332 1331
f 1353 1331 1352
f 1354 1334 1332
f 1354 1332 1353
f 1336 1356 1355
f 1336 1355 1335
f 1356 1336 1334
f 1356 1334 1354
f 1337 1357 1225
f 1337 1225 1197
f 1358 1339 1335
f 1358 1335 1355
f 1359 1358 1355
f 1359 1355 1356
f 1360 1340 1200
f 1360 1200 1226
f 1340 1360 1357
f 1340 1357 1337
f 1361 1342 1339
f 1361 1339 1358
f 1362 1361 1358
f 1362 1358 1359
f 1362 1343 1342
f 1362 1342 1361
f 1227 1363 1360
f 1227 1360 1226
f 1364 1345 1343
f 1364 1343 1362
f 1228 1365 1363
f 1228 1363 1227
f 1366 1347 1345
f 1366 1345 1364
f 1229 1367 1365
f 1229 1365 1228
f 1348 1367 1229
f 1348 1229 1212
f 1350 1370 1369
f 1350 1369 1349
f 1370 1350 1347
f 1370 1347 1366
f 1371 1351 1216
f 1371 1216 1230
f 1351 1371 446
f 1351 446 414
f 1371 1372 447
f 1371 447 446
f 1373 1352 418
f 1373 418 450
f 1374 1373 450
f 1374 450 451
f 1374 1353 1352
f 1374 1352 1373
f 1231 1375 1371
f 1231 1371 1230
f 1232 1376 1375
f 1232 1375 1231
f 1233 1377 1376
f 1233 1376 1232
f 1357 1377 1233
f 1357 1233 1225
f 1360 1381 1377
f 1360 1377 1357
f 1381 1382 1378
f 1381 1378 1377
f 1382 1383 1379
f 1382 1379 1378
f 1384 1362 1359
f 1384 1359 1380
f 1363 1385 1381
f 1363 1381 1360
f 1385 1386 1382
f 1385 1382 1381
f 1365 1387 1385
f 1365 1385 1363
f 1387 1388 1386
f 1387 1386 1385
f 1367 1389 1387
f 1367 1387 1365
f 1389 1390 1388
f 1389 1388 1387
f 1368 1390 1389
f 1368 1389 1367
f 1392 1393 945
f 1392 945 923
f 1397 1396 1394
f 1397 1394 1395
f 1399 1398 1396
f 1399 1396 1397
f 1401 1400 1398
f 1401 1398 1399
f 1405 1395 1394
f 1405 1394 1404
f 1408 1407 1403
f 1408 1403 1404
f 1396 1408 1404
f 1396 1404 1394
f 1410 1409 1406
f 1410 1406 1407
f 1411 1410 1407
f 1411 1407 1408
f 1398 1411 1408
f 1398 1408 1396
f 1413 1412 1409
f 1413 1409 1410
f 1414 1413 1410
f 1414 1410 1411
f 1400 1414 1411
f 1400 1411 1398
f 1401 1415 1414
f 1401 1414 1400
f 1417 1416 1413
f 1417 1413 1414
f 1418 1417 1414
f 1418 1414 1415
f 1402 1418 1415
f 1402 1415 1401
f 1420 1404 1403
f 1420 1403 1419
f 1421 1405 1404
f 1421 1404 1420
f 1423 1407 1406
f 1423 1406 1422
f 1407 1423 1419
f 1407 1419 1403
f 1409 1424 1422
f 1409 1422 1406
f 1424 1425 1423
f 1424 1423 1422
f 1412 1426 1424
f 1412 1424 1409
f 1426 1427 1425
f 1426 1425 1424
f 1413 1427 1426
f 1413 1426 1412
f 1416 1429 1427
f 1416 1427 1413
f 1429 1430 1428
f 1429 1428 1427
f 1417 1430 1429
f 1417 1429 1416
f 1418 1431 1430
f 1418 1430 1417
f 1433 1420 1419
f 1433 1419 1432
f 1434 1421 1420
f 1434 1420 1433
f 1423 1435 1432
f 1423 1432 1419
f 1435 1436 1433
f 1435 1433 1432
f 1436 1437 1434
f 1436 1434 1433
f 1425 1438 1435
f 1425 1435 1423
f 1438 1439 1436
f 1438 1436 1435
f 1439 1440 1437
f 1439 1437 1436
f 1427 1441 1438
f 1427 1438 1425
f 1441 1442 1439
f 1441 1439 1438
f 1428 1442 1441
f 1428 1441 1427
f 1442 1443 1440
f 1442 1440 1439
f 1430 1444 1442
f 1430 1442 1428
f 1444 1445 1443
f 1444 1443 1442
f 1431 1445 1444
f 1431 1444 1430
f 1446 1392 923
f 1446 923 1086
f 1447 1446 1086
f 1447 1086 1087
f 1456 1455 1448
f 1456 1448 1449
f 1457 1456 1449
f 1457 1449 1450
f 1458 1457 1450
f 1458 1450 1451
f 1459 1458 1451
f 1459 1451 1452
f 1460 1459 1452
f 1460 1452 1453
f 1461 1460 1453
f 1461 1453 1454
f 1463 1462 1455
f 1463 1455 1456
f 1464 1463 1456
f 1464 1456 1457
f 1465 1464 1457
f 1465 1457 1458
f 1466 1465 1458
f 1466 1458 1459
f 1467 1466 1459
f 1467 1459 1460
f 1468 1467 1460
f 1468 1460 1461
f 1470 1469 1462
f 1470 1462 1463
f 1471 1470 1463
f 1471 1463 1464
f 1472 1471 1464
f 1472 1464 1465
f 1473 1472 1465
f 1473 1465 1466
f 1474 1473 1466
f 1474 1466 1467
f 1475 1474 1467
f 1475 1467 1468
f 1477 1476 1470
f 1477 1470 1471
f 1478 1477 1471
f 1478 1471 1472
f 1480 1479 1474
f 1480 1474 1475
f 1393 1481 1102
f 1393 1102 945
f 1446 1481 1393
f 1446 1393 1392
f 1481 1482 1103
f 1481 1103 1102
f 1447 1482 1481
f 1447 1481 1446
f 1482 1447 1087
f 1482 1087 1103
f 1487 1449 1448
f 1487 1448 1486
f 1488 1450 1449
f 1488 1449 1487
f 1489 1451 1450
f 1489 1450 1488
f 1490 1452 1451
f 1490 1451 1489
f 1491 1453 1452
f 1491 1452 1490
f 1492 1454 1453
f 1492 1453 1491
f 1493 1397 1395
f 1493 1395 1485
f 1494 1493 1485
f 1494 1485 1486
f 1455 1494 1486
f 1455 1486 1448
f 1495 1399 1397
f 1495 1397 1493
f 1496 1495 1493
f 1496 1493 1494
f 1462 1496 1494
f 1462 1494 1455
f 1497 1401 1399
f 1497 1399 1495
f 1498 1497 1495
f 1498 1495 1496
f 1469 1498 1496
f 1469 1496 1462
f 1470 1499 1498
f 1470 1498 1469
f 1473 1501 1500
f 1473 1500 1472
f 1474 1502 1501
f 1474 1501 1473
f 1503 1402 1401
f 1503 1401 1497
f 1504 1503 1497
f 1504 1497 1498
f 1505 1504 1498
f 1505 1498 1499
f 1476 1505 1499
f 1476 1499 1470
f 1477 1506 1505
f 1477 1505 1476
f 1478 1507 1506
f 1478 1506 1477
f 1507 1478 1472
f 1507 1472 1500
f 1508 1507 1500
f 1508 1500 1501
f 1509 1508 1501
f 1509 1501 1502
f 1479 1509 1502
f 1479 1502 1474
f 1480 1510 1509
f 1480 1509 1479
f 1512 1511 1133
f 1512 1133 1134
f 1513 1512 1134
f 1513 1134 1135
f 1514 1513 1135
f 1514 1135 1137
f 1483 1514 1137
f 1483 1137 1109
f 1518 1485 1395
f 1518 1395 1405
f 1519 1486 1485
f 1519 1485 1518
f 1520 1487 1486
f 1520 1486 1519
f 1521 1488 1487
f 1521 1487 1520
f 1522 1489 1488
f 1522 1488 1521
f 1523 1490 1489
f 1523 1489 1522
f 1524 1523 1515
f 1524 1515 1516
f 1524 1491 1490
f 1524 1490 1523
f 1525 1524 1516
f 1525 1516 1517
f 1525 1492 1491
f 1525 1491 1524
f 1492 1525 1517
f 1492 1517 1484
f 1503 1527 1418
f 1503 1418 1402
f 1504 1528 1527
f 1504 1527 1503
f 1505 1529 1528
f 1505 1528 1504
f 1506 1530 1529
f 1506 1529 1505
f 1507 1531 1530
f 1507 1530 1506
f 1508 1532 1531
f 1508 1531 1507
f 1509 1533 1532
f 1509 1532 1508
f 1510 1534 1533
f 1510 1533 1509
f 1511 1535 1175
f 1511 1175 1133
f 1535 1536 1176
f 1535 1176 1175
f 1512 1536 1535
f 1512 1535 1511
f 1536 1537 1177
f 1536 1177 1176
f 1513 1537 1536
f 1513 1536 1512
f 1537 1538 1178
f 1537 1178 1177
f 1514 1538 1537
f 1514 1537 1513
f 1538 1514 1136
f 1538 1136 1178
f 1540 1516 1515
f 1540 1515 1539
f 1541 1517 1516
f 1541 1516 1540
f 1542 1518 1405
f 1542 1405 1421
f 1543 1519 1518
f 1543 1518 1542
f 1544 1520 1519
f 1544 1519 1543
f 1545 1521 1520
f 1545 1520 1544
f 1546 1522 1521
f 1546 1521 1545
f 1547 1523 1522
f 1547 1522 1546
f 1523 1547 1539
f 1523 1539 1515
f 1547 1548 1540
f 1547 1540 1539
f 1548 1549 1541
f 1548 1541 1540
f 1549 1526 1517
f 1549 1517 1541
f 1550 1551 1544
f 1550 1544 1543
f 1551 1552 1545
f 1551 1545 1544
f 1552 1553 1546
f 1552 1546 1545
f 1553 1554 1547
f 1553 1547 1546
f 1555 1556 1553
f 1555 1553 1552
f 1558 1559 1556
f 1558 1556 1555
f 1527 1563 1431
f 1527 1431 1418
f 1528 1564 1563
f 1528 1563 1527
f 1529 1565 1564
f 1529 1564 1528
f 1565 1566 1558
f 1565 1558 1557
f 1530 1566 1565
f 1530 1565 1529
f 1566 1567 1559
f 1566 1559 1558
f 1531 1567 1566
f 1531 1566 1530
f 1567 1568 1560
f 1567 1560 1559
f 1532 1568 1567
f 1532 1567 1531
f 1568 1569 1561
f 1568 1561 1560
f 1533 1569 1568
f 1533 1568 1532
f 1534 1570 1569
f 1534 1569 1533
f 1571 1542 1421
f 1571 1421 1434
f 1572 1543 1542
f 1572 1542 1571
f 1574 1548 1547
f 1574 1547 1573
f 1575 1549 1548
f 1575 1548 1574
f 1437 1576 1571
f 1437 1571 1434
f 1576 1577 1572
f 1576 1572 1571
f 1577 1550 1543
f 1577 1543 1572
f 1578 1551 1550
f 1578 1550 1577
f 1579 1552 1551
f 1579 1551 1578
f 1581 1554 1553
f 1581 1553 1580
f 1554 1581 1573
f 1554 1573 1547
f 1581 1582 1574
f 1581 1574 1573
f 1582 1583 1575
f 1582 1575 1574
f 1440 1584 1576
f 1440 1576 1437
f 1584 1585 1577
f 1584 1577 1576
f 1585 1586 1578
f 1585 1578 1577
f 1586 1587 1579
f 1586 1579 1578
f 1587 1555 1552
f 1587 1552 1579
f 1556 1588 1580
f 1556 1580 1553
f 1588 1589 1581
f 1588 1581 1580
f 1589 1590 1582
f 1589 1582 1581
f 1590 1591 1583
f 1590 1583 1582
f 1443 1592 1584
f 1443 1584 1440
f 1592 1593 1585
f 1592 1585 1584
f 1593 1594 1586
f 1593 1586 1585
f 1594 1595 1587
f 1594 1587 1586
f 1558 1595 1594
f 1558 1594 1557
f 1595 1558 1555
f 1595 1555 1587
f 1559 1596 1588
f 1559 1588 1556
f 1596 1597 1589
f 1596 1589 1588
f 1560 1597 1596
f 1560 1596 1559
f 1597 1598 1590
f 1597 1590 1589
f 1561 1598 1597
f 1561 1597 1560
f 1598 1599 1591
f 1598 1591 1590
f 1445 1600 1592
f 1445 1592 1443
f 1563 1600 1445
f 1563 1445 1431
f 1600 1601 1593
f 1600 1593 1592
f 1564 1601 1600
f 1564 1600 1563
f 1601 1602 1594
f 1601 1594 1593
f 1565 1602 1601
f 1565 1601 1564
f 1602 1565 1557
f 1602 1557 1594
f 1569 1603 1598
f 1569 1598 1561
f 1603 1604 1599
f 1603 1599 1598
f 1570 1604 1603
f 1570 1603 1569
f 1604 1570 1562
f 1604 1562 1599
f 1583 1606 1605
f 1583 1605 1575
f 1591 1607 1606
f 1591 1606 1583
f 1599 1608 1607
f 1599 1607 1591
f 1611 1461 1454
f 1611 1454 1609
f 1612 1611 1609
f 1612 1609 1610
f 1613 1468 1461
f 1613 1461 1611
f 1614 1613 1611
f 1614 1611 1612
f 1615 1475 1468
f 1615 1468 1613
f 1616 1615 1613
f 1616 1613 1614
f 1617 1480 1475
f 1617 1475 1615
f 1618 1483 1109
f 1618 1109 1258
f 1620 1492 1484
f 1620 1484 1619
f 1620 1609 1454
f 1620 1454 1492
f 1621 1610 1609
f 1621 1609 1620
f 1624 1612 1610
f 1624 1610 1621
f 1625 1624 1621
f 1625 1621 1622
f 1626 1625 1622
f 1626 1622 1623
f 1627 1614 1612
f 1627 1612 1624
f 1628 1627 1624
f 1628 1624 1625
f 1616 1630 1629
f 1616 1629 1615
f 1630 1616 1614
f 1630 1614 1627
f 1631 1630 1627
f 1631 1627 1628
f 1617 1632 1510
f 1617 1510 1480
f 1632 1617 1615
f 1632 1615 1629
f 1633 1632 1629
f 1633 1629 1630
f 1514 1634 1294
f 1514 1294 1136
f 1618 1634 1514
f 1618 1514 1483
f 1634 1618 1258
f 1634 1258 1294
f 1636 1635 1295
f 1636 1295 1296
f 1637 1636 1296
f 1637 1296 1297
f 1638 1637 1297
f 1638 1297 1298
f 1639 1619 1484
f 1639 1484 1517
f 1526 1644 1639
f 1526 1639 1517
f 1644 1620 1619
f 1644 1619 1639
f 1645 1621 1620
f 1645 1620 1644
f 1646 1645 1640
f 1646 1640 1641
f 1646 1622 1621
f 1646 1621 1645
f 1647 1646 1641
f 1647 1641 1642
f 1647 1623 1622
f 1647 1622 1646
f 1648 1647 1642
f 1648 1642 1643
f 1626 1651 1650
f 1626 1650 1625
f 1651 1626 1623
f 1651 1623 1647
f 1652 1651 1647
f 1652 1647 1648
f 1653 1652 1648
f 1653 1648 1649
f 1654 1628 1625
f 1654 1625 1650
f 1655 1654 1650
f 1655 1650 1651
f 1656 1655 1651
f 1656 1651 1652
f 1657 1656 1652
f 1657 1652 1653
f 1631 1659 1658
f 1631 1658 1630
f 1659 1631 1628
f 1659 1628 1654
f 1660 1659 1654
f 1660 1654 1655
f 1661 1660 1655
f 1661 1655 1656
f 1662 1661 1656
f 1662 1656 1657
f 1632 1663 1534
f 1632 1534 1510
f 1633 1664 1663
f 1633 1663 1632
f 1664 1633 1630
f 1664 1630 1658
f 1666 1665 1323
f 1666 1323 1324
f 1635 1666 1324
f 1635 1324 1295
f 1636 1667 1666
f 1636 1666 1635
f 1637 1668 1667
f 1637 1667 1636
f 1638 1669 1668
f 1638 1668 1637
f 1669 1638 1298
f 1669 1298 1325
f 1670 1669 1325
f 1670 1325 1326
f 1671 1670 1326
f 1671 1326 1327
f 1674 1641 1640
f 1674 1640 1673
f 1675 1674 1667
f 1675 1667 1668
f 1675 1642 1641
f 1675 1641 1674
f 1676 1675 1668
f 1676 1668 1669
f 1676 1643 1642
f 1676 1642 1675
f 1677 1676 1669
f 1677 1669 1670
f 1678 1644 1526
f 1678 1526 1549
f 1679 1678 1672
f 1679 1672 1673
f 1679 1645 1644
f 1679 1644 1678
f 1645 1679 1673
f 1645 1673 1640
f 1680 1648 1643
f 1680 1643 1676
f 1681 1680 1676
f 1681 1676 1677
f 1681 1649 1648
f 1681 1648 1680
f 1683 1653 1649
f 1683 1649 1681
f 1684 1683 1681
f 1684 1681 1682
f 1685 1657 1653
f 1685 1653 1683
f 1686 1685 1683
f 1686 1683 1684
f 1659 1689 1688
f 1659 1688 1658
f 1660 1690 1689
f 1660 1689 1659
f 1661 1691 1690
f 1661 1690 1660
f 1662 1692 1691
f 1662 1691 1661
f 1692 1662 1657
f 1692 1657 1685
f 1693 1692 1685
f 1693 1685 1686
f 1570 1694 1687
f 1570 1687 1562
f 1663 1694 1570
f 1663 1570 1534
f 1694 1695 1688
f 1694 1688 1687
f 1664 1695 1694
f 1664 1694 1663
f 1695 1664 1658
f 1695 1658 1688
f 1697 1696 1690
f 1697 1690 1691
f 1665 1698 1348
f 1665 1348 1323
f 1666 1699 1698
f 1666 1698 1665
f 1667 1700 1699
f 1667 1699 1666
f 1671 1702 1701
f 1671 1701 1670
f 1702 1671 1327
f 1702 1327 1349
f 1704 1673 1672
f 1704 1672 1703
f 1705 1674 1673
f 1705 1673 1704
f 1674 1705 1700
f 1674 1700 1667
f 1706 1677 1670
f 1706 1670 1701
f 1708 1678 1549
f 1708 1549 1575
f 1678 1708 1703
f 1678 1703 1672
f 1709 1681 1677
f 1709 1677 1706
f 1710 1709 1706
f 1710 1706 1707
f 1710 1682 1681
f 1710 1681 1709
f 1712 1684 1682
f 1712 1682 1710
f 1713 1712 1710
f 1713 1710 1711
f 1714 1686 1684
f 1714 1684 1712
f 1715 1714 1712
f 1715 1712 1713
f 1687 1716 1599
f 1687 1599 1562
f 1688 1717 1716
f 1688 1716 1687
f 1689 1718 1717
f 1689 1717 1688
f 1690 1720 1718
f 1690 1718 1689
f 1692 1723 1722
f 1692 1722 1691
f 1693 1724 1723
f 1693 1723 1692
f 1724 1693 1686
f 1724 1686 1714
f 1725 1724 1714
f 1725 1714 1715
f 1727 1726 1717
f 1727 1717 1718
f 1728 1727 1718
f 1728 1718 1720
f 1696 1728 1720
f 1696 1720 1690
f 1728 1729 1721
f 1728 1721 1719
f 1697 1729 1728
f 1697 1728 1696
f 1729 1697 1691
f 1729 1691 1722
f 1730 1729 1722
f 1730 1722 1723
f 1698 1731 1367
f 1698 1367 1348
f 1731 1732 1368
f 1731 1368 1367
f 1699 1732 1731
f 1699 1731 1698
f 1700 1733 1732
f 1700 1732 1699
f 1702 1735 1734
f 1702 1734 1701
f 1735 1702 1349
f 1735 1349 1369
f 1736 1735 1369
f 1736 1369 1370
f 1738 1704 1703
f 1738 1703 1737
f 1739 1705 1704
f 1739 1704 1738
f 1705 1739 1733
f 1705 1733 1700
f 1740 1706 1701
f 1740 1701 1734
f 1741 1740 1734
f 1741 1734 1735
f 1741 1707 1706
f 1741 1706 1740
f 1743 1708 1575
f 1743 1575 1605
f 1708 1743 1737
f 1708 1737 1703
f 1743 1744 1738
f 1743 1738 1737
f 1745 1710 1707
f 1745 1707 1741
f 1746 1745 1741
f 1746 1741 1742
f 1746 1711 1710
f 1746 1710 1745
f 1606 1747 1743
f 1606 1743 1605
f 1748 1713 1711
f 1748 1711 1746
f 1607 1749 1747
f 1607 1747 1606
f 1750 1715 1713
f 1750 1713 1748
f 1608 1751 1749
f 1608 1749 1607
f 1716 1751 1608
f 1716 1608 1599
f 1717 1752 1751
f 1717 1751 1716
f 1721 1755 1754
f 1721 1754 1719
f 1724 1757 1756
f 1724 1756 1723
f 1725 1758 1757
f 1725 1757 1724
f 1758 1725 1715
f 1758 1715 1750
f 1726 1759 1752
f 1726 1752 1717
f 1759 1760 1753
f 1759 1753 1752
f 1727 1760 1759
f 1727 1759 1726
f 1728 1761 1760
f 1728 1760 1727
f 1761 1728 1719
f 1761 1719 1754
f 1762 1761 1754
f 1762 1754 1755
f 1729 1762 1755
f 1729 1755 1721
f 1730 1763 1762
f 1730 1762 1729
f 1763 1730 1723
f 1763 1723 1756
f 1732 1764 1390
f 1732 1390 1368
f 1764 1765 1391
f 1764 1391 1390
f 1733 1765 1764
f 1733 1764 1732
f 1736 1768 1767
f 1736 1767 1735
f 1770 1739 1738
f 1770 1738 1769
f 1739 1770 1765
f 1739 1765 1733
f 1770 1771 1766
f 1770 1766 1765
f 1772 1741 1735
f 1772 1735 1767
f 1773 1772 1767
f 1773 1767 1768
f 1773 1742 1741
f 1773 1741 1772
f 1775 1744 1743
f 1775 1743 1774
f 1744 1775 1769
f 1744 1769 1738
f 1775 1776 1770
f 1775 1770 1769
f 1777 1746 1742
f 1777 1742 1773
f 1747 1778 1774
f 1747 1774 1743
f 1778 1779 1775
f 1778 1775 1774
f 1749 1780 1778
f 1749 1778 1747
f 1780 1781 1779
f 1780 1779 1778
f 1751 1783 1780
f 1751 1780 1749
f 1783 1784 1781
f 1783 1781 1780
f 1752 1784 1783
f 1752 1783 1751
f 1753 1785 1784
f 1753 1784 1752
f 1757 1789 1788
f 1757 1788 1756
f 1758 1790 1789
f 1758 1789 1757
f 1790 1758 1750
f 1790 1750 1782
f 1760 1791 1785
f 1760 1785 1753
f 1791 1792 1786
f 1791 1786 1785
f 1761 1792 1791
f 1761 1791 1760
f 1762 1793 1792
f 1762 1792 1761
f 1793 1794 1788
f 1793 1788 1787
f 1763 1794 1793
f 1763 1793 1762
f 1794 1763 1756
f 1794 1756 1788
f 1796 1372 1371
f 1796 1371 1795
f 1372 1796 549
f 1372 549 447
f 1796 1797 550
f 1796 550 549
f 1375 1798 1795
f 1375 1795 1371
f 1798 1799 1796
f 1798 1796 1795
f 1376 1800 1798
f 1376 1798 1375
f 1800 1801 1799
f 1800 1799 1798
f 1377 1803 1800
f 1377 1800 1376
f 1803 1804 1801
f 1803 1801 1800
f 1378 1804 1803
f 1378 1803 1377
f 1804 1805 1802
f 1804 1802 1801
f 1379 1805 1804
f 1379 1804 1378
f 1808 1383 1382
f 1808 1382 1807
f 1383 1808 1805
f 1383 1805 1379
f 1808 1809 1806
f 1808 1806 1805
f 1386 1810 1807
f 1386 1807 1382
f 1810 1811 1808
f 1810 1808 1807
f 1388 1812 1810
f 1388 1810 1386
f 1812 1813 1811
f 1812 1811 1810
f 1390 1814 1812
f 1390 1812 1388
f 1814 1815 1813
f 1814 1813 1812
f 1391 1815 1814
f 1391 1814 1390
f 1818 1797 1796
f 1818 1796 1817
f 1797 1818 572
f 1797 572 550
f 1818 1819 573
f 1818 573 572
f 1819 1820 574
f 1819 574 573
f 1799 1821 1817
f 1799 1817 1796
f 1821 1822 1818
f 1821 1818 1817
f 1822 1823 1819
f 1822 1819 1818
f 1801 1824 1821
f 1801 1821 1799
f 1824 1825 1822
f 1824 1822 1821
f 1802 1825 1824
f 1802 1824 1801
f 1825 1826 1823
f 1825 1823 1822
f 1805 1827 1825
f 1805 1825 1802
f 1827 1828 1826
f 1827 1826 1825
f 1806 1828 1827
f 1806 1827 1805
f 1831 1809 1808
f 1831 1808 1830
f 1809 1831 1828
f 1809 1828 1806
f 1831 1832 1829
f 1831 1829 1828
f 1811 1833 1830
f 1811 1830 1808
f 1833 1834 1831
f 1833 1831 1830
f 1813 1835 1833
f 1813 1833 1811
f 1835 1836 1834
f 1835 1834 1833
f 1815 1837 1835
f 1815 1835 1813
f 1837 1838 1836
f 1837 1836 1835
f 1816 1838 1837
f 1816 1837 1815
f 1841 1820 1819
f 1841 1819 1840
f 1820 1841 594
f 1820 594 574
f 1823 1842 1840
f 1823 1840 1819
f 1842 1843 1841
f 1842 1841 1840
f 1826 1844 1842
f 1826 1842 1823
f 1844 1845 1843
f 1844 1843 1842
f 1828 1846 1844
f 1828 1844 1826
f 1846 1847 1845
f 1846 1845 1844
f 1829 1847 1846
f 1829 1846 1828
f 1849 1832 1831
f 1849 1831 1848
f 1832 1849 1847
f 1832 1847 1829
f 1834 1850 1848
f 1834 1848 1831
f 1850 1851 1849
f 1850 1849 1848
f 1836 1852 1850
f 1836 1850 1834
f 1852 1853 1851
f 1852 1851 1850
f 1838 1854 1852
f 1838 1852 1836
f 1854 1855 1853
f 1854 1853 1852
f 1839 1855 1854
f 1839 1854 1838
f 1841 1856 606
f 1841 606 594
f 1843 1857 1856
f 1843 1856 1841
f 1845 1858 1857
f 1845 1857 1843
f 1847 1859 1858
f 1847 1858 1845
f 1849 1860 1859
f 1849 1859 1847
f 1851 1861 1860
f 1851 1860 1849
f 1853 1862 1861
f 1853 1861 1851
f 1855 1863 1862
f 1855 1862 1853
f 1856 1864 617
f 1856 617 606
f 1857 1865 1864
f 1857 1864 1856
f 1858 1866 1865
f 1858 1865 1857
f 1859 1867 1866
f 1859 1866 1858
f 1860 1868 1867
f 1860 1867 1859
f 1861 1869 1868
f 1861 1868 1860
f 1862 1870 1869
f 1862 1869 1861
f 1863 1871 1870
f 1863 1870 1862
f 1864 1872 628
f 1864 628 617
f 1865 1873 1872
f 1865 1872 1864
f 1866 1874 1873
f 1866 1873 1865
f 1867 1875 1874
f 1867 1874 1866
f 1868 1876 1875
f 1868 1875 1867
f 1869 1877 1876
f 1869 1876 1868
f 1870 1878 1877
f 1870 1877 1869
f 1871 1879 1878
f 1871 1878 1870
f 1872 1880 639
f 1872 639 628
f 1880 1881 640
f 1880 640 639
f 1873 1882 1880
f 1873 1880 1872
f 1882 1883 1881
f 1882 1881 1880
f 1874 1884 1882
f 1874 1882 1873
f 1875 1885 1884
f 1875 1884 1874
f 1876 1886 1885
f 1876 1885 1875
f 1877 1887 1886
f 1877 1886 1876
f 1878 1888 1887
f 1878 1887 1877
f 1879 1889 1888
f 1879 1888 1878
f 1881 1890 650
f 1881 650 640
f 1892 1883 1882
f 1892 1882 1891
f 1883 1892 1890
f 1883 1890 1881
f 1884 1893 1891
f 1884 1891 1882
f 1893 1894 1892
f 1893 1892 1891
f 1885 1895 1893
f 1885 1893 1884
f 1895 1896 1894
f 1895 1894 1893
f 1886 1897 1895
f 1886 1895 1885
f 1897 1898 1896
f 1897 1896 1895
f 1887 1899 1897
f 1887 1897 1886
f 1899 1900 1898
f 1899 1898 1897
f 1888 1901 1899
f 1888 1899 1887
f 1901 1902 1900
f 1901 1900 1899
f 1889 1903 1901
f 1889 1901 1888
f 1903 1904 1902
f 1903 1902 1901
f 1765 1905 1815
f 1765 1815 1391
f 1905 1906 1816
f 1905 1816 1815
f 1766 1906 1905
f 1766 1905 1765
f 1909 1771 1770
f 1909 1770 1908
f 1771 1909 1906
f 1771 1906 1766
f 1909 1910 1907
f 1909 1907 1906
f 1912 1776 1775
f 1912 1775 1911
f 1776 1912 1908
f 1776 1908 1770
f 1912 1913 1909
f 1912 1909 1908
f 1779 1914 1911
f 1779 1911 1775
f 1914 1915 1912
f 1914 1912 1911
f 1781 1916 1914
f 1781 1914 1779
f 1916 1917 1915
f 1916 1915 1914
f 1784 1918 1916
f 1784 1916 1781
f 1918 1919 1917
f 1918 1917 1916
f 1785 1919 1918
f 1785 1918 1784
f 1786 1920 1919
f 1786 1919 1785
f 1788 1922 1921
f 1788 1921 1787
f 1789 1923 1922
f 1789 1922 1788
f 1790 1924 1923
f 1790 1923 1789
f 1792 1925 1920
f 1792 1920 1786
f 1925 1926 1921
f 1925 1921 1920
f 1793 1926 1925
f 1793 1925 1792
f 1926 1793 1787
f 1926 1787 1921
f 1928 1927 1923
f 1928 1923 1924
f 1906 1929 1838
f 1906 1838 1816
f 1929 1930 1839
f 1929 1839 1838
f 1907 1930 1929
f 1907 1929 1906
f 1933 1910 1909
f 1933 1909 1932
f 1910 1933 1930
f 1910 1930 1907
f 1933 1934 1931
f 1933 1931 1930
f 1936 1913 1912
f 1936 1912 1935
f 1913 1936 1932
f 1913 1932 1909
f 1936 1937 1933
f 1936 1933 1932
f 1915 1938 1935
f 1915 1935 1912
f 1938 1939 1936
f 1938 1936 1935
f 1917 1940 1938
f 1917 1938 1915
f 1940 1941 1939
f 1940 1939 1938
f 1919 1943 1940
f 1919 1940 1917
f 1943 1944 1941
f 1943 1941 1940
f 1920 1944 1943
f 1920 1943 1919
f 1944 1945 1942
f 1944 1942 1941
f 1921 1945 1944
f 1921 1944 1920
f 1922 1946 1945
f 1922 1945 1921
f 1923 1947 1946
f 1923 1946 1922
f 1949 1948 1946
f 1949 1946 1947
f 1927 1949 1947
f 1927 1947 1923
f 1928 1950 1949
f 1928 1949 1927
f 1930 1951 1855
f 1930 1855 1839
f 1931 1952 1951
f 1931 1951 1930
f 1954 1953 1951
f 1954 1951 1952
f 1954 1934 1933
f 1954 1933 1953
f 1934 1954 1952
f 1934 1952 1931
f 1956 1937 1936
f 1956 1936 1955
f 1937 1956 1953
f 1937 1953 1933
f 1939 1957 1955
f 1939 1955 1936
f 1957 1958 1956
f 1957 1956 1955
f 1941 1959 1957
f 1941 1957 1939
f 1959 1960 1958
f 1959 1958 1957
f 1942 1960 1959
f 1942 1959 1941
f 1945 1961 1960
f 1945 1960 1942
f 1946 1962 1961
f 1946 1961 1945
f 1948 1963 1962
f 1948 1962 1946
f 1949 1964 1963
f 1949 1963 1948
f 1950 1965 1964
f 1950 1964 1949
f 1967 1966 1964
f 1967 1964 1965
f 1951 1968 1863
f 1951 1863 1855
f 1953 1969 1968
f 1953 1968 1951
f 1956 1970 1969
f 1956 1969 1953
f 1958 1971 1970
f 1958 1970 1956
f 1960 1972 1971
f 1960 1971 1958
f 1961 1973 1972
f 1961 1972 1960
f 1962 1974 1973
f 1962 1973 1961
f 1976 1975 1973
f 1976 1973 1974
f 1963 1976 1974
f 1963 1974 1962
f 1964 1977 1976
f 1964 1976 1963
f 1966 1978 1977
f 1966 1977 1964
f 1967 1979 1978
f 1967 1978 1966
f 1968 1980 1871
f 1968 1871 1863
f 1969 1981 1980
f 1969 1980 1968
f 1970 1982 1981
f 1970 1981 1969
f 1971 1983 1982
f 1971 1982 1970
f 1972 1984 1983
f 1972 1983 1971
f 1973 1985 1984
f 1973 1984 1972
f 1975 1987 1985
f 1975 1985 1973
f 1987 1988 1986
f 1987 1986 1985
f 1976 1988 1987
f 1976 1987 1975
f 1977 1989 1988
f 1977 1988 1976
f 1978 1990 1989
f 1978 1989 1977
f 1979 1991 1990
f 1979 1990 1978
f 1980 1992 1879
f 1980 1879 1871
f 1981 1993 1992
f 1981 1992 1980
f 1982 1994 1993
f 1982 1993 1981
f 1983 1995 1994
f 1983 1994 1982
f 1984 1996 1995
f 1984 1995 1983
f 1985 1998 1996
f 1985 1996 1984
f 1998 1999 1997
f 1998 1997 1996
f 1986 1999 1998
f 1986 1998 1985
f 1988 2000 1999
f 1988 1999 1986
f 1989 2001 2000
f 1989 2000 1988
f 1990 2003 2001
f 1990 2001 1989
f 2003 2004 2002
f 2003 2002 2001
f 1991 2004 2003
f 1991 2003 1990
f 1992 2005 1889
f 1992 1889 1879
f 1993 2006 2005
f 1993 2005 1992
f 1994 2007 2006
f 1994 2006 1993
f 1995 2009 2007
f 1995 2007 1994
f 2009 2010 2008
f 2009 2008 2007
f 1996 2011 2009
f 1996 2009 1995
f 2011 2012 2010
f 2011 2010 2009
f 1997 2012 2011
f 1997 2011 1996
f 1999 2013 2012
f 1999 2012 1997
f 2000 2015 2013
f 2000 2013 1999
f 2015 2016 2014
f 2015 2014 2013
f 2001 2016 2015
f 2001 2015 2000
f 2002 2017 2016
f 2002 2016 2001
f 2004 2018 2017
f 2004 2017 2002
f 2005 2019 1903
f 2005 1903 1889
f 2019 2020 1904
f 2019 1904 1903
f 2006 2021 2019
f 2006 2019 2005
f 2021 2022 2020
f 2021 2020 2019
f 2007 2023 2021
f 2007 2021 2006
f 2023 2024 2022
f 2023 2022 2021
f 2008 2024 2023
f 2008 2023 2007
f 2010 2025 2024
f 2010 2024 2008
f 2012 2027 2025
f 2012 2025 2010
f 2027 2028 2026
f 2027 2026 2025
f 2013 2029 2027
f 2013 2027 2012
f 2029 2030 2028
f 2029 2028 2027
f 2014 2030 2029
f 2014 2029 2013
f 2016 2032 2030
f 2016 2030 2014
f 2032 2033 2031
f 2032 2031 2030
f 2017 2033 2032
f 2017 2032 2016
f 2037 2036 2034
f 2037 2034 2035
f 2040 2039 651
f 2040 651 652
f 2042 1354 1353
f 2042 1353 2038
f 2043 2042 2038
f 2043 2038 2039
f 2044 2043 2039
f 2044 2039 2040
f 2045 2044 2040
f 2045 2040 2041
f 2046 1356 1354
f 2046 1354 2042
f 2047 2046 2042
f 2047 2042 2043
f 2048 2047 2043
f 2048 2043 2044
f 2049 2048 2044
f 2049 2044 2045
f 2051 1359 1356
f 2051 1356 2046
f 2052 2051 2046
f 2052 2046 2047
f 2053 2052 2047
f 2053 2047 2048
f 2053 2035 2034
f 2053 2034 2052
f 2054 2053 2048
f 2054 2048 2049
f 2055 2054 2049
f 2055 2049 2050
f 2057 2056 2051
f 2057 2051 2052
f 2036 2057 2052
f 2036 2052 2034
f 2037 2058 2057
f 2037 2057 2036
f 2058 2037 2035
f 2058 2035 2053
f 2059 2058 2053
f 2059 2053 2054
f 2060 2059 2054
f 2060 2054 2055
f 2061 1364 1362
f 2061 1362 2056
f 2062 2061 2056
f 2062 2056 2057
f 2063 2062 2057
f 2063 2057 2058
f 2064 2063 2058
f 2064 2058 2059
f 2065 2064 2059
f 2065 2059 2060
f 2066 1366 1364
f 2066 1364 2061
f 2067 2066 2061
f 2067 2061 2062
f 2068 2067 2062
f 2068 2062 2063
f 2069 2068 2063
f 2069 2063 2064
f 2070 2069 2064
f 2070 2064 2065
f 2071 1370 1366
f 2071 1366 2066
f 2072 2071 2066
f 2072 2066 2067
f 2073 2072 2067
f 2073 2067 2068
f 2074 2073 2068
f 2074 2068 2069
f 2075 2074 2069
f 2075 2069 2070
f 2076 1374 451
f 2076 451 663
f 2076 2038 1353
f 2076 1353 1374
f 2077 2076 663
f 2077 663 664
f 2077 2039 2038
f 2077 2038 2076
f 2039 2077 664
f 2039 664 651
f 2078 2040 652
f 2078 652 665
f 2079 2078 665
f 2079 665 666
f 2079 2041 2040
f 2079 2040 2078
f 2080 2079 666
f 2080 666 667
f 2081 2045 2041
f 2081 2041 2079
f 2082 2081 2079
f 2082 2079 2080
f 2084 2049 2045
f 2084 2045 2081
f 2085 2084 2081
f 2085 2081 2082
f 2085 2050 2049
f 2085 2049 2084
f 2086 2085 2082
f 2086 2082 2083
f 2051 2087 1380
f 2051 1380 1359
f 2088 2055 2050
f 2088 2050 2085
f 2089 2088 2085
f 2089 2085 2086
f 2090 1384 1380
f 2090 1380 2087
f 2090 2056 1362
f 2090 1362 1384
f 2056 2090 2087
f 2056 2087 2051
f 2091 2060 2055
f 2091 2055 2088
f 2092 2091 2088
f 2092 2088 2089
f 2093 2065 2060
f 2093 2060 2091
f 2094 2093 2091
f 2094 2091 2092
f 2095 2070 2065
f 2095 2065 2093
f 2096 2095 2093
f 2096 2093 2094
f 2075 2098 2097
f 2075 2097 2074
f 2098 2075 2070
f 2098 2070 2095
f 2099 2098 2095
f 2099 2095 2096
f 2100 1736 1370
f 2100 1370 2071
f 2101 2100 2071
f 2101 2071 2072
f 2102 2101 2072
f 2102 2072 2073
f 2103 2102 2073
f 2103 2073 2074
f 2105 2104 2100
f 2105 2100 2101
f 2106 2105 2101
f 2106 2101 2102
f 2107 2106 2102
f 2107 2102 2103
f 2109 2108 2104
f 2109 2104 2105
f 2110 2109 2105
f 2110 2105 2106
f 2111 1748 1746
f 2111 1746 2108
f 2112 2111 2108
f 2112 2108 2109
f 2113 1750 1748
f 2113 1748 2111
f 2100 2114 1768
f 2100 1768 1736
f 2115 2103 2074
f 2115 2074 2097
f 2116 2115 2097
f 2116 2097 2098
f 2117 2116 2098
f 2117 2098 2099
f 2118 1773 1768
f 2118 1768 2114
f 2104 2118 2114
f 2104 2114 2100
f 2107 2120 2119
f 2107 2119 2106
f 2120 2107 2103
f 2120 2103 2115
f 2121 2120 2115
f 2121 2115 2116
f 2122 2121 2116
f 2122 2116 2117
f 2123 1777 1773
f 2123 1773 2118
f 2123 2108 1746
f 2123 1746 1777
f 2108 2123 2118
f 2108 2118 2104
f 2110 2125 2124
f 2110 2124 2109
f 2125 2110 2106
f 2125 2106 2119
f 2126 2125 2119
f 2126 2119 2120
f 2127 2126 2120
f 2127 2120 2121
f 2112 2129 2128
f 2112 2128 2111
f 2129 2112 2109
f 2129 2109 2124
f 2130 2129 2124
f 2130 2124 2125
f 2131 2130 2125
f 2131 2125 2126
f 2132 2131 2126
f 2132 2126 2127
f 2113 2133 1782
f 2113 1782 1750
f 2133 2113 2111
f 2133 2111 2128
f 2134 2133 2128
f 2134 2128 2129
f 2135 2134 2129
f 2135 2129 2130
f 2136 2135 2130
f 2136 2130 2131
f 2137 1790 1782
f 2137 1782 2133
f 2138 2137 2133
f 2138 2133 2134
f 2139 2080 667
f 2139 667 721
f 2140 2139 721
f 2140 721 722
f 2142 2082 2080
f 2142 2080 2139
f 2143 2142 2139
f 2143 2139 2140
f 2143 2083 2082
f 2143 2082 2142
f 2144 2143 2140
f 2144 2140 2141
f 2145 2086 2083
f 2145 2083 2143
f 2146 2145 2143
f 2146 2143 2144
f 2147 2089 2086
f 2147 2086 2145
f 2148 2147 2145
f 2148 2145 2146
f 2149 2092 2089
f 2149 2089 2147
f 2150 2149 2147
f 2150 2147 2148
f 2151 2094 2092
f 2151 2092 2149
f 2152 2151 2149
f 2152 2149 2150
f 2154 2096 2094
f 2154 2094 2151
f 2155 2154 2151
f 2155 2151 2152
f 2156 2155 2152
f 2156 2152 2153
f 2157 2099 2096
f 2157 2096 2154
f 2158 2157 2154
f 2158 2154 2155
f 2159 2140 722
f 2159 722 739
f 2160 2159 739
f 2160 739 740
f 2160 2141 2140
f 2160 2140 2159
f 2162 2144 2141
f 2162 2141 2160
f 2163 2162 2160
f 2163 2160 2161
f 2164 2146 2144
f 2164 2144 2162
f 2165 2164 2162
f 2165 2162 2163
f 2166 2148 2146
f 2166 2146 2164
f 2167 2166 2164
f 2167 2164 2165
f 2168 2150 2148
f 2168 2148 2166
f 2169 2168 2166
f 2169 2166 2167
f 2170 2152 2150
f 2170 2150 2168
f 2171 2170 2168
f 2171 2168 2169
f 2171 2153 2152
f 2171 2152 2170
f 2156 2173 2172
f 2156 2172 2155
f 2173 2156 2153
f 2173 2153 2171
f 2174 2158 2155
f 2174 2155 2172
f 2175 2174 2172
f 2175 2172 2173
f 2176 2160 740
f 2176 740 757
f 2177 2176 757
f 2177 757 758
f 2177 2161 2160
f 2177 2160 2176
f 2178 2163 2161
f 2178 2161 2177
f 2179 2165 2163
f 2179 2163 2178
f 2180 2167 2165
f 2180 2165 2179
f 2182 2177 758
f 2182 758 775
f 2184 2169 2167
f 2184 2167 2183
f 2185 2171 2169
f 2185 2169 2184
f 2186 2173 2171
f 2186 2171 2185
f 2187 2175 2173
f 2187 2173 2186
f 2189 2178 2177
f 2189 2177 2188
f 2190 2179 2178
f 2190 2178 2189
f 2192 2180 2179
f 2192 2179 2190
f 2192 2183 2167
f 2192 2167 2180
f 2193 2192 2190
f 2193 2190 2191
f 2194 2184 2183
f 2194 2183 2192
f 2195 2194 2192
f 2195 2192 2193
f 2196 2185 2184
f 2196 2184 2194
f 2197 2196 2194
f 2197 2194 2195
f 2198 2186 2185
f 2198 2185 2196
f 2199 2198 2196
f 2199 2196 2197
f 2187 2200 2181
f 2187 2181 2175
f 2200 2187 2186
f 2200 2186 2198
f 2201 2200 2198
f 2201 2198 2199
f 2202 2182 775
f 2202 775 841
f 2202 2188 2177
f 2202 2177 2182
f 2204 2189 2188
f 2204 2188 2202
f 2205 2204 2202
f 2205 2202 2203
f 2206 2190 2189
f 2206 2189 2204
f 2207 2206 2204
f 2207 2204 2205
f 2207 2191 2190
f 2207 2190 2206
f 2208 2193 2191
f 2208 2191 2207
f 2210 2195 2193
f 2210 2193 2208
f 2211 2210 2208
f 2211 2208 2209
f 2212 2197 2195
f 2212 2195 2210
f 2213 2212 2210
f 2213 2210 2211
f 2214 2199 2197
f 2214 2197 2212
f 2215 2214 2212
f 2215 2212 2213
f 2216 2201 2199
f 2216 2199 2214
f 2217 2216 2214
f 2217 2214 2215
f 2218 2202 841
f 2218 841 844
f 2219 2218 844
f 2219 844 845
f 2219 2203 2202
f 2219 2202 2218
f 2221 2205 2203
f 2221 2203 2219
f 2222 2221 2219
f 2222 2219 2220
f 2223 2207 2205
f 2223 2205 2221
f 2224 2223 2221
f 2224 2221 2222
f 2225 2208 2207
f 2225 2207 2223
f 2226 2225 2223
f 2226 2223 2224
f 2226 2209 2208
f 2226 2208 2225
f 2227 2211 2209
f 2227 2209 2226
f 2229 2213 2211
f 2229 2211 2227
f 2230 2229 2227
f 2230 2227 2228
f 2231 2215 2213
f 2231 2213 2229
f 2232 2231 2229
f 2232 2229 2230
f 2233 2217 2215
f 2233 2215 2231
f 2234 2233 2231
f 2234 2231 2232
f 2235 2219 845
f 2235 845 850
f 2236 2235 850
f 2236 850 851
f 2236 2220 2219
f 2236 2219 2235
f 2237 2222 2220
f 2237 2220 2236
f 2239 2224 2222
f 2239 2222 2237
f 2240 2239 2237
f 2240 2237 2238
f 2241 2226 2224
f 2241 2224 2239
f 2242 2241 2239
f 2242 2239 2240
f 2243 2227 2226
f 2243 2226 2241
f 2244 2243 2241
f 2244 2241 2242
f 2244 2228 2227
f 2244 2227 2243
f 2245 2230 2228
f 2245 2228 2244
f 2246 2232 2230
f 2246 2230 2245
f 2247 2234 2232
f 2247 2232 2246
f 2248 2236 851
f 2248 851 861
f 2249 2248 861
f 2249 861 862
f 2250 2237 2236
f 2250 2236 2248
f 2251 2250 2248
f 2251 2248 2249
f 2251 2238 2237
f 2251 2237 2250
f 2252 2240 2238
f 2252 2238 2251
f 2254 2242 2240
f 2254 2240 2252
f 2255 2254 2252
f 2255 2252 2253
f 2256 2244 2242
f 2256 2242 2254
f 2257 2256 2254
f 2257 2254 2255
f 2258 2245 2244
f 2258 2244 2256
f 2259 2258 2256
f 2259 2256 2257
f 2260 2246 2245
f 2260 2245 2258
f 2261 2260 2258
f 2261 2258 2259
f 2263 2247 2246
f 2263 2246 2260
f 2264 2263 2260
f 2264 2260 2261
f 2266 2249 862
f 2266 862 875
f 2268 2251 2249
f 2268 2249 2266
f 2269 2268 2266
f 2269 2266 2267
f 2270 2252 2251
f 2270 2251 2268
f 2271 2270 2268
f 2271 2268 2269
f 2271 2253 2252
f 2271 2252 2270
f 2273 2255 2253
f 2273 2253 2271
f 2274 2273 2271
f 2274 2271 2272
f 2277 2257 2255
f 2277 2255 2273
f 2278 2277 2273
f 2278 2273 2274
f 2279 2278 2274
f 2279 2274 2275
f 2281 2259 2257
f 2281 2257 2277
f 2282 2281 2277
f 2282 2277 2278
f 2283 2282 2278
f 2283 2278 2279
f 2284 2283 2279
f 2284 2279 2280
f 2285 2261 2259
f 2285 2259 2281
f 2286 2285 2281
f 2286 2281 2282
f 2287 2286 2282
f 2287 2282 2283
f 2288 2287 2283
f 2288 2283 2284
f 2289 2264 2261
f 2289 2261 2285
f 2290 2289 2285
f 2290 2285 2286
f 2291 2290 2286
f 2291 2286 2287
f 2292 2291 2287
f 2292 2287 2288
f 2265 2292 2288
f 2265 2288 2262
f 2294 2265 2262
f 2294 2262 2293
f 2296 2280 2276
f 2296 2276 2295
f 2299 2284 2280
f 2299 2280 2296
f 2300 2299 2296
f 2300 2296 2297
f 2301 2300 2297
f 2301 2297 2298
f 2302 2288 2284
f 2302 2284 2299
f 2302 2293 2262
f 2302 2262 2288
f 2303 2302 2299
f 2303 2299 2300
f 2304 2303 2300
f 2304 2300 2301
f 2305 2294 2293
f 2305 2293 2302
f 2306 2305 2302
f 2306 2302 2303
f 2307 2306 2303
f 2307 2303 2304
f 2309 2117 2099
f 2309 2099 2157
f 2310 2309 2157
f 2310 2157 2158
f 2122 2312 2311
f 2122 2311 2121
f 2312 2122 2117
f 2312 2117 2309
f 2313 2312 2309
f 2313 2309 2310
f 2314 2127 2121
f 2314 2121 2311
f 2315 2314 2311
f 2315 2311 2312
f 2316 2315 2312
f 2316 2312 2313
f 2132 2318 2317
f 2132 2317 2131
f 2318 2132 2127
f 2318 2127 2314
f 2319 2318 2314
f 2319 2314 2315
f 2135 2321 2320
f 2135 2320 2134
f 2136 2322 2321
f 2136 2321 2135
f 2322 2136 2131
f 2322 2131 2317
f 2323 2322 2317
f 2323 2317 2318
f 2137 2324 1924
f 2137 1924 1790
f 2138 2325 2324
f 2138 2324 2137
f 2325 2138 2134
f 2325 2134 2320
f 2326 2325 2320
f 2326 2320 2321
f 2327 2326 2321
f 2327 2321 2322
f 2328 1928 1924
f 2328 1924 2324
f 2329 2328 2324
f 2329 2324 2325
f 2330 2329 2325
f 2330 2325 2326
f 2331 2310 2158
f 2331 2158 2174
f 2332 2331 2174
f 2332 2174 2175
f 2333 2313 2310
f 2333 2310 2331
f 2334 2333 2331
f 2334 2331 2332
f 2316 2336 2335
f 2316 2335 2315
f 2336 2316 2313
f 2336 2313 2333
f 2337 2336 2333
f 2337 2333 2334
f 2319 2339 2338
f 2319 2338 2318
f 2339 2319 2315
f 2339 2315 2335
f 2340 2339 2335
f 2340 2335 2336
f 2323 2342 2341
f 2323 2341 2322
f 2342 2323 2318
f 2342 2318 2338
f 2343 2342 2338
f 2343 2338 2339
f 2344 2343 2339
f 2344 2339 2340
f 2327 2346 2345
f 2327 2345 2326
f 2346 2327 2322
f 2346 2322 2341
f 2347 2346 2341
f 2347 2341 2342
f 2348 2347 2342
f 2348 2342 2343
f 2328 2349 1950
f 2328 1950 1928
f 2329 2350 2349
f 2329 2349 2328
f 2330 2351 2350
f 2330 2350 2329
f 2351 2330 2326
f 2351 2326 2345
f 2352 2351 2345
f 2352 2345 2346
f 2353 2332 2175
f 2353 2175 2181
f 2354 2334 2332
f 2354 2332 2353
f 2337 2356 2355
f 2337 2355 2336
f 2356 2337 2334
f 2356 2334 2354
f 2357 2340 2336
f 2357 2336 2355
f 2358 2357 2355
f 2358 2355 2356
f 2344 2360 2359
f 2344 2359 2343
f 2360 2344 2340
f 2360 2340 2357
f 2361 2360 2357
f 2361 2357 2358
f 2347 2363 2362
f 2347 2362 2346
f 2348 2364 2363
f 2348 2363 2347
f 2364 2348 2343
f 2364 2343 2359
f 2365 2364 2359
f 2365 2359 2360
f 2349 2366 1965
f 2349 1965 1950
f 2350 2367 2366
f 2350 2366 2349
f 2351 2368 2367
f 2351 2367 2350
f 2352 2369 2368
f 2352 2368 2351
f 2369 2352 2346
f 2369 2346 2362
f 2370 2369 2362
f 2370 2362 2363
f 2371 2370 2363
f 2371 2363 2364
f 2372 1967 1965
f 2372 1965 2366
f 2373 2372 2366
f 2373 2366 2367
f 2374 2373 2367
f 2374 2367 2368
f 2375 2374 2368
f 2375 2368 2369
f 2377 2358 2356
f 2377 2356 2376
f 2361 2379 2378
f 2361 2378 2360
f 2379 2361 2358
f 2379 2358 2377
f 2365 2381 2380
f 2365 2380 2364
f 2381 2365 2360
f 2381 2360 2378
f 2382 2381 2378
f 2382 2378 2379
f 2370 2384 2383
f 2370 2383 2369
f 2371 2385 2384
f 2371 2384 2370
f 2385 2371 2364
f 2385 2364 2380
f 2386 2385 2380
f 2386 2380 2381
f 2372 2387 1979
f 2372 1979 1967
f 2373 2388 2387
f 2373 2387 2372
f 2374 2389 2388
f 2374 2388 2373
f 2375 2390 2389
f 2375 2389 2374
f 2390 2375 2369
f 2390 2369 2383
f 2391 2390 2383
f 2391 2383 2384
f 2382 2394 2393
f 2382 2393 2381
f 2394 2382 2379
f 2394 2379 2392
f 2385 2396 2395
f 2385 2395 2384
f 2386 2397 2396
f 2386 2396 2385
f 2397 2386 2381
f 2397 2381 2393
f 2398 2397 2393
f 2398 2393 2394
f 2387 2399 1991
f 2387 1991 1979
f 2388 2400 2399
f 2388 2399 2387
f 2389 2401 2400
f 2389 2400 2388
f 2390 2402 2401
f 2390 2401 2389
f 2391 2403 2402
f 2391 2402 2390
f 2403 2391 2384
f 2403 2384 2395
f 2404 2403 2395
f 2404 2395 2396
f 2397 2407 2406
f 2397 2406 2396
f 2398 2408 2407
f 2398 2407 2397
f 2408 2398 2394
f 2408 2394 2405
f 2399 2409 2004
f 2399 2004 1991
f 2400 2410 2409
f 2400 2409 2399
f 2401 2411 2410
f 2401 2410 2400
f 2402 2412 2411
f 2402 2411 2401
f 2403 2413 2412
f 2403 2412 2402
f 2404 2414 2413
f 2404 2413 2403
f 2414 2404 2396
f 2414 2396 2406
f 2415 2414 2406
f 2415 2406 2407
f 2408 2418 2417
f 2408 2417 2407
f 2018 2419 2416
f 2018 2416 2017
f 2409 2419 2018
f 2409 2018 2004
f 2410 2420 2419
f 2410 2419 2409
f 2411 2421 2420
f 2411 2420 2410
f 2412 2422 2421
f 2412 2421 2411
f 2413 2423 2422
f 2413 2422 2412
f 2414 2424 2423
f 2414 2423 2413
f 2415 2425 2424
f 2415 2424 2414
f 2425 2415 2407
f 2425 2407 2417
f 2416 2426 2033
f 2416 2033 2017
f 2418 2428 2427
f 2418 2427 2417
f 2419 2429 2426
f 2419 2426 2416
f 2420 2430 2429
f 2420 2429 2419
f 2421 2431 2430
f 2421 2430 2420
f 2422 2432 2431
f 2422 2431 2421
f 2423 2433 2432
f 2423 2432 2422
f 2424 2434 2433
f 2424 2433 2423
f 2425 2435 2434
f 2425 2434 2424
f 2435 2425 2417
f 2435 2417 2427
f 2436 2435 2427
f 2436 2427 2428
f 2437 2353 2181
f 2437 2181 2200
f 2438 2437 2200
f 2438 2200 2201
f 2439 2354 2353
f 2439 2353 2437
f 2440 2356 2354
f 2440 2354 2439
f 2438 2442 2441
f 2438 2441 2437
f 2442 2438 2201
f 2442 2201 2216
f 2443 2442 2216
f 2443 2216 2217
f 2444 2439 2437
f 2444 2437 2441
f 2445 2444 2441
f 2445 2441 2442
f 2440 2446 2376
f 2440 2376 2356
f 2446 2440 2439
f 2446 2439 2444
f 2447 2446 2444
f 2447 2444 2445
f 2448 2377 2376
f 2448 2376 2446
f 2449 2448 2446
f 2449 2446 2447
f 2450 2379 2377
f 2450 2377 2448
f 2443 2452 2451
f 2443 2451 2442
f 2452 2443 2217
f 2452 2217 2233
f 2453 2452 2233
f 2453 2233 2234
f 2454 2445 2442
f 2454 2442 2451
f 2455 2454 2451
f 2455 2451 2452
f 2456 2447 2445
f 2456 2445 2454
f 2457 2456 2454
f 2457 2454 2455
f 2449 2459 2458
f 2449 2458 2448
f 2459 2449 2447
f 2459 2447 2456
f 2460 2459 2456
f 2460 2456 2457
f 2450 2461 2392
f 2450 2392 2379
f 2461 2450 2448
f 2461 2448 2458
f 2462 2461 2458
f 2462 2458 2459
f 2463 2394 2392
f 2463 2392 2461
f 2453 2465 2464
f 2453 2464 2452
f 2465 2453 2234
f 2465 2234 2247
f 2466 2455 2452
f 2466 2452 2464
f 2467 2466 2464
f 2467 2464 2465
f 2468 2457 2455
f 2468 2455 2466
f 2469 2468 2466
f 2469 2466 2467
f 2460 2471 2470
f 2460 2470 2459
f 2471 2460 2457
f 2471 2457 2468
f 2472 2471 2468
f 2472 2468 2469
f 2462 2474 2473
f 2462 2473 2461
f 2474 2462 2459
f 2474 2459 2470
f 2475 2474 2470
f 2475 2470 2471
f 2463 2476 2405
f 2463 2405 2394
f 2476 2463 2461
f 2476 2461 2473
f 2477 2476 2473
f 2477 2473 2474
f 2478 2408 2405
f 2478 2405 2476
f 2479 2465 2247
f 2479 2247 2263
f 2480 2479 2263
f 2480 2263 2264
f 2482 2467 2465
f 2482 2465 2479
f 2483 2482 2479
f 2483 2479 2480
f 2485 2469 2467
f 2485 2467 2482
f 2486 2485 2482
f 2486 2482 2483
f 2472 2488 2487
f 2472 2487 2471
f 2488 2472 2469
f 2488 2469 2485
f 2489 2488 2485
f 2489 2485 2486
f 2475 2491 2490
f 2475 2490 2474
f 2491 2475 2471
f 2491 2471 2487
f 2492 2491 2487
f 2492 2487 2488
f 2477 2494 2493
f 2477 2493 2476
f 2494 2477 2474
f 2494 2474 2490
f 2495 2494 2490
f 2495 2490 2491
f 2478 2496 2418
f 2478 2418 2408
f 2496 2478 2476
f 2496 2476 2493
f 2497 2496 2493
f 2497 2493 2494
f 2498 2480 2264
f 2498 2264 2289
f 2499 2498 2289
f 2499 2289 2290
f 2500 2499 2290
f 2500 2290 2291
f 2501 2500 2291
f 2501 2291 2292
f 2481 2501 2292
f 2481 2292 2265
f 2502 2483 2480
f 2502 2480 2498
f 2503 2502 2498
f 2503 2498 2499
f 2504 2503 2499
f 2504 2499 2500
f 2505 2504 2500
f 2505 2500 2501
f 2484 2505 2501
f 2484 2501 2481
f 2506 2486 2483
f 2506 2483 2502
f 2507 2506 2502
f 2507 2502 2503
f 2508 2507 2503
f 2508 2503 2504
f 2509 2508 2504
f 2509 2504 2505
f 2489 2511 2510
f 2489 2510 2488
f 2511 2489 2486
f 2511 2486 2506
f 2512 2511 2506
f 2512 2506 2507
f 2513 2512 2507
f 2513 2507 2508
f 2514 2513 2508
f 2514 2508 2509
f 2492 2516 2515
f 2492 2515 2491
f 2516 2492 2488
f 2516 2488 2510
f 2517 2516 2510
f 2517 2510 2511
f 2519 2518 2513
f 2519 2513 2514
f 2495 2521 2520
f 2495 2520 2494
f 2521 2495 2491
f 2521 2491 2515
f 2522 2521 2515
f 2522 2515 2516
f 2496 2523 2428
f 2496 2428 2418
f 2497 2524 2523
f 2497 2523 2496
f 2524 2497 2494
f 2524 2494 2520
f 2525 2524 2520
f 2525 2520 2521
f 2526 2436 2428
f 2526 2428 2523
f 2527 2481 2265
f 2527 2265 2294
f 2528 2484 2481
f 2528 2481 2527
f 2529 2527 2294
f 2529 2294 2305
f 2530 2529 2305
f 2530 2305 2306
f 2531 2530 2306
f 2531 2306 2307
f 2532 2531 2307
f 2532 2307 2308
f 2528 2533 2505
f 2528 2505 2484
f 2533 2528 2527
f 2533 2527 2529
f 2534 2533 2529
f 2534 2529 2530
f 2535 2534 2530
f 2535 2530 2531
f 2536 2535 2531
f 2536 2531 2532
f 2537 2509 2505
f 2537 2505 2533
f 2538 2537 2533
f 2538 2533 2534
f 2539 2538 2534
f 2539 2534 2535
f 2540 2514 2509
f 2540 2509 2537
f 2541 2540 2537
f 2541 2537 2538
f 2543 507 506
f 2543 506 2542
f 2544 508 507
f 2544 507 2543
f 2545 509 508
f 2545 508 2544
f 2546 510 509
f 2546 509 2545
f 2547 511 510
f 2547 510 2546
f 512 2548 2542
f 512 2542 506
f 2548 2549 2543
f 2548 2543 2542
f 2549 2550 2544
f 2549 2544 2543
f 2550 2551 2545
f 2550 2545 2544
f 2551 2552 2546
f 2551 2546 2545
f 2552 2553 2547
f 2552 2547 2546
f 2553 513 511
f 2553 511 2547
f 514 2554 2548
f 514 2548 512
f 2554 2555 2549
f 2554 2549 2548
f 515 2555 2554
f 515 2554 514
f 516 2556 2555
f 516 2555 515
f 517 2557 2556
f 517 2556 516
f 518 2558 2557
f 518 2557 517
f 519 2559 2558
f 519 2558 518
f 520 2560 2559
f 520 2559 519
f 521 2561 2560
f 521 2560 520
f 522 2562 2561
f 522 2561 521
f 523 2563 2562
f 523 2562 522
f 2565 2550 2549
f 2565 2549 2564
f 2566 2551 2550
f 2566 2550 2565
f 2567 2552 2551
f 2567 2551 2566
f 2568 2553 2552
f 2568 2552 2567
f 2555 2569 2564
f 2555 2564 2549
f 2569 2570 2565
f 2569 2565 2564
f 2570 2571 2566
f 2570 2566 2565
f 2571 2572 2567
f 2571 2567 2566
f 2572 2573 2568
f 2572 2568 2567
f 2556 2574 2569
f 2556 2569 2555
f 2574 2575 2570
f 2574 2570 2569
f 2557 2575 2574
f 2557 2574 2556
f 2575 2576 2571
f 2575 2571 2570
f 2558 2577 2575
f 2558 2575 2557
f 2577 2578 2576
f 2577 2576 2575
f 2559 2578 2577
f 2559 2577 2558
f 2560 2581 2578
f 2560 2578 2559
f 2581 2582 2579
f 2581 2579 2578
f 2561 2582 2581
f 2561 2581 2560
f 2582 2583 2580
f 2582 2580 2579
f 2562 2583 2582
f 2562 2582 2561
f 2563 2584 2583
f 2563 2583 2562
f 2586 2572 2571
f 2586 2571 2585
f 2587 2573 2572
f 2587 2572 2586
f 2576 2588 2585
f 2576 2585 2571
f 2588 2589 2586
f 2588 2586 2585
f 2589 2590 2587
f 2589 2587 2586
f 2578 2591 2588
f 2578 2588 2576
f 2591 2592 2589
f 2591 2589 2588
f 2579 2592 2591
f 2579 2591 2578
f 2592 2593 2590
f 2592 2590 2589
f 2580 2593 2592
f 2580 2592 2579
f 2583 2594 2593
f 2583 2593 2580
f 2584 2595 2594
f 2584 2594 2583
f 2598 645 644
f 2598 644 2597
f 645 2598 2596
f 645 2596 642
f 647 2599 2597
f 647 2597 644
f 2599 2600 2598
f 2599 2598 2597
f 2602 649 648
f 2602 648 2601
f 649 2602 2599
f 649 2599 647
f 650 2603 2601
f 650 2601 648
f 2603 2604 2602
f 2603 2602 2601
f 2607 2600 2599
f 2607 2599 2606
f 2600 2607 2605
f 2600 2605 2598
f 2602 2608 2606
f 2602 2606 2599
f 2608 2609 2607
f 2608 2607 2606
f 2604 2610 2608
f 2604 2608 2602
f 2610 2611 2609
f 2610 2609 2608
f 2609 2613 2612
f 2609 2612 2607
f 2611 2614 2613
f 2611 2613 2609
f 2615 679 513
f 2615 513 2553
f 2616 680 679
f 2616 679 2615
f 2617 2618 2616
f 2617 2616 2615
f 2618 682 680
f 2618 680 2616
f 2619 683 682
f 2619 682 2618
f 2620 684 683
f 2620 683 2619
f 2621 686 684
f 2621 684 2620
f 2622 687 686
f 2622 686 2621
f 2624 691 687
f 2624 687 2622
f 2625 2624 2622
f 2625 2622 2623
f 2625 692 691
f 2625 691 2624
f 693 2627 2563
f 693 2563 523
f 694 2628 2627
f 694 2627 693
f 2629 697 692
f 2629 692 2625
f 2630 2629 2625
f 2630 2625 2626
f 2630 698 697
f 2630 697 2629
f 2634 2633 2627
f 2634 2627 2628
f 699 2634 2628
f 699 2628 694
f 700 2635 2634
f 700 2634 699
f 2636 703 698
f 2636 698 2630
f 2637 2636 2630
f 2637 2630 2631
f 2638 2637 2631
f 2638 2631 2632
f 2639 2615 2553
f 2639 2553 2568
f 2573 2640 2639
f 2573 2639 2568
f 2640 2617 2615
f 2640 2615 2639
f 2641 2618 2617
f 2641 2617 2640
f 2642 2643 2641
f 2642 2641 2640
f 2643 2619 2618
f 2643 2618 2641
f 2644 2620 2619
f 2644 2619 2643
f 2645 2621 2620
f 2645 2620 2644
f 2646 2622 2621
f 2646 2621 2645
f 2647 2623 2622
f 2647 2622 2646
f 2648 2625 2623
f 2648 2623 2647
f 2649 2626 2625
f 2649 2625 2648
f 2627 2650 2584
f 2627 2584 2563
f 2651 2630 2626
f 2651 2626 2649
f 2652 2631 2630
f 2652 2630 2651
f 2653 2632 2631
f 2653 2631 2652
f 2633 2654 2650
f 2633 2650 2627
f 2634 2655 2654
f 2634 2654 2633
f 2656 2638 2632
f 2656 2632 2653
f 2657 2640 2573
f 2657 2573 2587
f 2590 2658 2657
f 2590 2657 2587
f 2658 2642 2640
f 2658 2640 2657
f 2659 2643 2642
f 2659 2642 2658
f 2660 2644 2643
f 2660 2643 2659
f 2593 2661 2658
f 2593 2658 2590
f 2661 2662 2659
f 2661 2659 2658
f 2662 2663 2660
f 2662 2660 2659
f 2663 2645 2644
f 2663 2644 2660
f 2664 2646 2645
f 2664 2645 2663
f 2665 2647 2646
f 2665 2646 2664
f 2594 2666 2661
f 2594 2661 2593
f 2666 2667 2662
f 2666 2662 2661
f 2668 2669 2665
f 2668 2665 2664
f 2669 2648 2647
f 2669 2647 2665
f 2670 2649 2648
f 2670 2648 2669
f 2595 2671 2666
f 2595 2666 2594
f 2650 2671 2595
f 2650 2595 2584
f 2673 2651 2649
f 2673 2649 2670
f 2674 2652 2651
f 2674 2651 2673
f 2675 2653 2652
f 2675 2652 2674
f 2654 2676 2671
f 2654 2671 2650
f 2676 2677 2672
f 2676 2672 2671
f 2655 2677 2676
f 2655 2676 2654
f 2678 2656 2653
f 2678 2653 2675
f 2680 2663 2662
f 2680 2662 2679
f 2681 2664 2663
f 2681 2663 2680
f 2683 2667 2666
f 2683 2666 2682
f 2667 2683 2679
f 2667 2679 2662
f 2683 2684 2680
f 2683 2680 2679
f 2684 2685 2681
f 2684 2681 2680
f 2685 2668 2664
f 2685 2664 2681
f 2686 2669 2668
f 2686 2668 2685
f 2687 2670 2669
f 2687 2669 2686
f 2671 2688 2682
f 2671 2682 2666
f 2688 2689 2683
f 2688 2683 2682
f 2672 2689 2688
f 2672 2688 2671
f 2689 2690 2684
f 2689 2684 2683
f 2690 2691 2685
f 2690 2685 2684
f 2691 2692 2686
f 2691 2686 2685
f 2692 2693 2687
f 2692 2687 2686
f 2693 2673 2670
f 2693 2670 2687
f 2694 2674 2673
f 2694 2673 2693
f 2695 2675 2674
f 2695 2674 2694
f 2677 2696 2689
f 2677 2689 2672
f 2696 2697 2690
f 2696 2690 2689
f 2697 2698 2691
f 2697 2691 2690
f 2698 2699 2692
f 2698 2692 2691
f 2700 2701 2695
f 2700 2695 2694
f 2701 2678 2675
f 2701 2675 2695
f 2703 2693 2692
f 2703 2692 2702
f 2704 2694 2693
f 2704 2693 2703
f 2706 2699 2698
f 2706 2698 2705
f 2699 2706 2702
f 2699 2702 2692
f 2706 2707 2703
f 2706 2703 2702
f 2707 2708 2704
f 2707 2704 2703
f 2708 2700 2694
f 2708 2694 2704
f 2709 2701 2700
f 2709 2700 2708
f 2711 2710 2656
f 2711 2656 2678
f 2712 2711 2678
f 2712 2678 2701
f 2714 2713 2634
f 2714 2634 2635
f 816 2714 2635
f 816 2635 700
f 817 2715 2714
f 817 2714 816
f 819 2717 2716
f 819 2716 818
f 2718 819 703
f 2718 703 2636
f 2719 2718 2636
f 2719 2636 2637
f 2719 820 819
f 2719 819 2718
f 2720 2719 2637
f 2720 2637 2638
f 2720 821 820
f 2720 820 2719
f 2722 2721 2714
f 2722 2714 2715
f 822 2722 2715
f 822 2715 817
f 823 2723 2722
f 823 2722 822
f 2723 823 818
f 2723 818 2716
f 2724 2723 2716
f 2724 2716 2717
f 824 2724 2717
f 824 2717 819
f 825 2725 2724
f 825 2724 824
f 2726 826 821
f 2726 821 2720
f 2728 829 828
f 2728 828 2727
f 2729 830 829
f 2729 829 2728
f 2730 2729 2722
f 2730 2722 2723
f 2730 831 830
f 2730 830 2729
f 2731 2730 2723
f 2731 2723 2724
f 2731 832 831
f 2731 831 2730
f 2732 2731 2724
f 2732 2724 2725
f 2732 833 832
f 2732 832 2731
f 833 2732 2725
f 833 2725 825
f 2733 834 826
f 2733 826 2726
f 2734 835 642
f 2734 642 2596
f 2735 836 835
f 2735 835 2734
f 836 2735 2727
f 836 2727 828
f 2735 2736 2728
f 2735 2728 2727
f 2598 2737 2734
f 2598 2734 2596
f 2713 2738 2655
f 2713 2655 2634
f 2714 2739 2738
f 2714 2738 2713
f 2740 2720 2638
f 2740 2638 2656
f 2721 2741 2739
f 2721 2739 2714
f 2722 2742 2741
f 2722 2741 2721
f 2744 2743 2741
f 2744 2741 2742
f 2744 2729 2728
f 2744 2728 2743
f 2729 2744 2742
f 2729 2742 2722
f 2746 2735 2734
f 2746 2734 2745
f 2747 2736 2735
f 2747 2735 2746
f 2736 2747 2743
f 2736 2743 2728
f 2748 2737 2598
f 2748 2598 2605
f 2737 2748 2745
f 2737 2745 2734
f 2748 2749 2746
f 2748 2746 2745
f 2607 2750 2748
f 2607 2748 2605
f 2738 2751 2677
f 2738 2677 2655
f 2739 2752 2751
f 2739 2751 2738
f 2741 2753 2752
f 2741 2752 2739
f 2743 2755 2753
f 2743 2753 2741
f 2755 2756 2754
f 2755 2754 2753
f 2758 2747 2746
f 2758 2746 2757
f 2747 2758 2755
f 2747 2755 2743
f 2758 2759 2756
f 2758 2756 2755
f 2761 2749 2748
f 2761 2748 2760
f 2749 2761 2757
f 2749 2757 2746
f 2761 2762 2758
f 2761 2758 2757
f 2763 2750 2607
f 2763 2607 2612
f 2750 2763 2760
f 2750 2760 2748
f 2763 2764 2761
f 2763 2761 2760
f 2613 2765 2763
f 2613 2763 2612
f 2614 2766 2765
f 2614 2765 2613
f 2751 2767 2696
f 2751 2696 2677
f 2767 2768 2697
f 2767 2697 2696
f 2752 2768 2767
f 2752 2767 2751
f 2768 2769 2698
f 2768 2698 2697
f 2753 2772 2768
f 2753 2768 2752
f 2772 2773 2769
f 2772 2769 2768
f 2754 2773 2772
f 2754 2772 2753
f 2773 2774 2770
f 2773 2770 2769
f 2756 2775 2773
f 2756 2773 2754
f 2775 2776 2774
f 2775 2774 2773
f 2778 2759 2758
f 2778 2758 2777
f 2759 2778 2775
f 2759 2775 2756
f 2780 2762 2761
f 2780 2761 2779
f 2762 2780 2777
f 2762 2777 2758
f 2780 2781 2778
f 2780 2778 2777
f 2783 2764 2763
f 2783 2763 2782
f 2764 2783 2779
f 2764 2779 2761
f 2783 2784 2780
f 2783 2780 2779
f 2765 2785 2782
f 2765 2782 2763
f 2785 2786 2783
f 2785 2783 2782
f 2786 2787 2784
f 2786 2784 2783
f 2766 2788 2785
f 2766 2785 2765
f 2788 2789 2786
f 2788 2786 2785
f 2769 2790 2705
f 2769 2705 2698
f 2790 2791 2706
f 2790 2706 2705
f 2770 2791 2790
f 2770 2790 2769
f 2791 2792 2707
f 2791 2707 2706
f 2792 2793 2708
f 2792 2708 2707
f 2793 2794 2709
f 2793 2709 2708
f 2794 2771 2701
f 2794 2701 2709
f 2774 2795 2791
f 2774 2791 2770
f 2795 2796 2792
f 2795 2792 2791
f 2796 2797 2793
f 2796 2793 2792
f 2800 2776 2775
f 2800 2775 2799
f 2776 2800 2795
f 2776 2795 2774
f 2800 2801 2796
f 2800 2796 2795
f 2801 2802 2797
f 2801 2797 2796
f 2778 2804 2799
f 2778 2799 2775
f 2804 2805 2800
f 2804 2800 2799
f 2805 2806 2801
f 2805 2801 2800
f 2806 2807 2802
f 2806 2802 2801
f 2809 2781 2780
f 2809 2780 2808
f 2781 2809 2804
f 2781 2804 2778
f 2809 2810 2805
f 2809 2805 2804
f 2784 2811 2808
f 2784 2808 2780
f 2811 2812 2809
f 2811 2809 2808
f 2812 2813 2810
f 2812 2810 2809
f 2815 2787 2786
f 2815 2786 2814
f 2787 2815 2811
f 2787 2811 2784
f 2815 2816 2812
f 2815 2812 2811
f 2789 2817 2814
f 2789 2814 2786
f 2817 2818 2815
f 2817 2815 2814
f 2818 2819 2816
f 2818 2816 2815
f 2821 2794 2793
f 2821 2793 2820
f 2797 2822 2820
f 2797 2820 2793
f 2822 2823 2821
f 2822 2821 2820
f 2823 2798 2794
f 2823 2794 2821
f 2802 2824 2822
f 2802 2822 2797
f 2824 2825 2823
f 2824 2823 2822
f 2825 2803 2798
f 2825 2798 2823
f 2827 2806 2805
f 2827 2805 2826
f 2828 2807 2806
f 2828 2806 2827
f 2807 2828 2824
f 2807 2824 2802
f 2828 2829 2825
f 2828 2825 2824
f 2810 2830 2826
f 2810 2826 2805
f 2830 2831 2827
f 2830 2827 2826
f 2831 2832 2828
f 2831 2828 2827
f 2834 2813 2812
f 2834 2812 2833
f 2813 2834 2830
f 2813 2830 2810
f 2834 2835 2831
f 2834 2831 2830
f 2816 2836 2833
f 2816 2833 2812
f 2836 2837 2834
f 2836 2834 2833
f 2837 2838 2835
f 2837 2835 2834
f 2819 2839 2836
f 2819 2836 2816
f 2839 2840 2837
f 2839 2837 2836
f 2840 2841 2838
f 2840 2838 2837
f 2843 2829 2828
f 2843 2828 2842
f 2845 2832 2831
f 2845 2831 2844
f 2832 2845 2842
f 2832 2842 2828
f 2845 2846 2843
f 2845 2843 2842
f 2835 2847 2844
f 2835 2844 2831
f 2847 2848 2845
f 2847 2845 2844
f 2848 2849 2846
f 2848 2846 2845
f 2838 2850 2847
f 2838 2847 2835
f 2850 2851 2848
f 2850 2848 2847
f 2851 2852 2849
f 2851 2849 2848
f 2854 2841 2840
f 2854 2840 2853
f 2841 2854 2850
f 2841 2850 2838
f 2854 2855 2851
f 2854 2851 2850
f 2855 2856 2852
f 2855 2852 2851
f 2858 2726 2720
f 2858 2720 2857
f 2859 2733 2726
f 2859 2726 2858
f 2859 863 834
f 2859 834 2733
f 2861 864 863
f 2861 863 2859
f 2862 2861 2859
f 2862 2859 2860
f 2862 865 864
f 2862 864 2861
f 2864 867 865
f 2864 865 2862
f 2865 2864 2862
f 2865 2862 2863
f 2865 868 867
f 2865 867 2864
f 2867 870 868
f 2867 868 2865
f 2868 2867 2865
f 2868 2865 2866
f 2869 872 870
f 2869 870 2867
f 2870 2869 2867
f 2870 2867 2868
f 2870 873 872
f 2870 872 2869
f 2871 875 873
f 2871 873 2870
f 2873 2740 2656
f 2873 2656 2710
f 2873 2857 2720
f 2873 2720 2740
f 2875 2858 2857
f 2875 2857 2873
f 2876 2875 2873
f 2876 2873 2874
f 2877 2859 2858
f 2877 2858 2875
f 2878 2877 2875
f 2878 2875 2876
f 2878 2860 2859
f 2878 2859 2877
f 2879 2862 2860
f 2879 2860 2878
f 2880 2863 2862
f 2880 2862 2879
f 2881 2865 2863
f 2881 2863 2880
f 2882 2866 2865
f 2882 2865 2881
f 2883 2868 2866
f 2883 2866 2882
f 2885 2870 2868
f 2885 2868 2883
f 2886 2885 2883
f 2886 2883 2884
f 2887 2871 2870
f 2887 2870 2885
f 2888 2887 2885
f 2888 2885 2886
f 2888 2872 2871
f 2888 2871 2887
f 2889 2873 2710
f 2889 2710 2711
f 2890 2874 2873
f 2890 2873 2889
f 2891 2892 2890
f 2891 2890 2889
f 2892 2876 2874
f 2892 2874 2890
f 2893 2878 2876
f 2893 2876 2892
f 2894 2879 2878
f 2894 2878 2893
f 2895 2880 2879
f 2895 2879 2894
f 2896 2881 2880
f 2896 2880 2895
f 2897 2882 2881
f 2897 2881 2896
f 2898 2883 2882
f 2898 2882 2897
f 2899 2884 2883
f 2899 2883 2898
f 2900 2901 2899
f 2900 2899 2898
f 2901 2886 2884
f 2901 2884 2899
f 2902 2888 2886
f 2902 2886 2901
f 2771 2903 2712
f 2771 2712 2701
f 2903 2889 2711
f 2903 2711 2712
f 2904 2891 2889
f 2904 2889 2903
f 2905 2892 2891
f 2905 2891 2904
f 2906 2907 2905
f 2906 2905 2904
f 2907 2893 2892
f 2907 2892 2905
f 2908 2894 2893
f 2908 2893 2907
f 2909 2895 2894
f 2909 2894 2908
f 2910 2896 2895
f 2910 2895 2909
f 2911 2897 2896
f 2911 2896 2910
f 2912 2898 2897
f 2912 2897 2911
f 2913 2900 2898
f 2913 2898 2912
f 2914 2901 2900
f 2914 2900 2913
f 2915 2916 2914
f 2915 2914 2913
f 2916 2902 2901
f 2916 2901 2914
f 2920 2903 2771
f 2920 2771 2794
f 2798 2921 2920
f 2798 2920 2794
f 2921 2904 2903
f 2921 2903 2920
f 2803 2922 2921
f 2803 2921 2798
f 2922 2906 2904
f 2922 2904 2921
f 2923 2907 2906
f 2923 2906 2922
f 2924 2925 2923
f 2924 2923 2922
f 2925 2908 2907
f 2925 2907 2923
f 2926 2909 2908
f 2926 2908 2925
f 2927 2928 2926
f 2927 2926 2925
f 2928 2910 2909
f 2928 2909 2926
f 2929 2911 2910
f 2929 2910 2928
f 2930 2931 2929
f 2930 2929 2928
f 2931 2912 2911
f 2931 2911 2929
f 2932 2913 2912
f 2932 2912 2931
f 2933 2915 2913
f 2933 2913 2932
f 2934 2916 2915
f 2934 2915 2933
f 2936 2918 2917
f 2936 2917 2935
f 2937 2919 2918
f 2937 2918 2936
f 2938 2922 2803
f 2938 2803 2825
f 2829 2939 2938
f 2829 2938 2825
f 2939 2924 2922
f 2939 2922 2938
f 2940 2925 2924
f 2940 2924 2939
f 2941 2942 2940
f 2941 2940 2939
f 2942 2927 2925
f 2942 2925 2940
f 2943 2928 2927
f 2943 2927 2942
f 2944 2945 2943
f 2944 2943 2942
f 2945 2930 2928
f 2945 2928 2943
f 2946 2931 2930
f 2946 2930 2945
f 2948 2949 2946
f 2948 2946 2945
f 2949 2932 2931
f 2949 2931 2946
f 2950 2951 2948
f 2950 2948 2947
f 2951 2952 2949
f 2951 2949 2948
f 2952 2933 2932
f 2952 2932 2949
f 2953 2934 2933
f 2953 2933 2952
f 2954 2935 2934
f 2954 2934 2953
f 2955 2936 2935
f 2955 2935 2954
f 2956 2937 2936
f 2956 2936 2955
f 2957 2939 2829
f 2957 2829 2843
f 2846 2958 2957
f 2846 2957 2843
f 2958 2941 2939
f 2958 2939 2957
f 2959 2942 2941
f 2959 2941 2958
f 2849 2960 2958
f 2849 2958 2846
f 2960 2961 2959
f 2960 2959 2958
f 2961 2944 2942
f 2961 2942 2959
f 2962 2945 2944
f 2962 2944 2961
f 2852 2963 2960
f 2852 2960 2849
f 2963 2964 2961
f 2963 2961 2960
f 2964 2965 2962
f 2964 2962 2961
f 2948 2965 2964
f 2948 2964 2947
f 2965 2948 2945
f 2965 2945 2962
f 2856 2966 2963
f 2856 2963 2852
f 2966 2967 2964
f 2966 2964 2963
f 2967 2950 2947
f 2967 2947 2964
f 2968 2951 2950
f 2968 2950 2967
f 2969 2952 2951
f 2969 2951 2968
f 2971 2954 2953
f 2971 2953 2970
f 2972 2955 2954
f 2972 2954 2971
f 2973 2956 2955
f 2973 2955 2972
f 2975 2970 2969
f 2975 2969 2974
f 2976 2971 2970
f 2976 2970 2975
f 2977 2972 2971
f 2977 2971 2976
f 2978 2973 2972
f 2978 2972 2977
f 2980 2979 2919
f 2980 2919 2937
f 2983 2980 2937
f 2983 2937 2956
f 2984 2981 2980
f 2984 2980 2983
f 2985 2982 2981
f 2985 2981 2984
f 2986 2983 2956
f 2986 2956 2973
f 2987 2984 2983
f 2987 2983 2986
f 2988 2985 2984
f 2988 2984 2987
f 2989 2986 2973
f 2989 2973 2978
f 2990 2987 2986
f 2990 2986 2989
f 2991 2988 2987
f 2991 2987 2990
f 2993 2975 2974
f 2993 2974 2992
f 2994 2976 2975
f 2994 2975 2993
f 2995 2977 2976
f 2995 2976 2994
f 2996 2978 2977
f 2996 2977 2995
f 2998 2995 2994
f 2998 2994 2997
f 2999 2996 2995
f 2999 2995 2998
f 3000 2989 2978
f 3000 2978 2996
f 3001 2990 2989
f 3001 2989 3000
f 3002 2991 2990
f 3002 2990 3001
f 3003 3000 2996
f 3003 2996 2999
f 3004 3001 3000
f 3004 3000 3003
f 1890 3005 2603
f 1890 2603 650
f 3005 3006 2604
f 3005 2604 2603
f 1892 3007 3005
f 1892 3005 1890
f 3007 3008 3006
f 3007 3006 3005
f 1894 3009 3007
f 1894 3007 1892
f 3009 3010 3008
f 3009 3008 3007
f 1896 3011 3009
f 1896 3009 1894
f 3011 3012 3010
f 3011 3010 3009
f 1898 3013 3011
f 1898 3011 1896
f 3013 3014 3012
f 3013 3012 3011
f 1900 3015 3013
f 1900 3013 1898
f 3015 3016 3014
f 3015 3014 3013
f 1902 3017 3015
f 1902 3015 1900
f 3017 3018 3016
f 3017 3016 3015
f 1904 3019 3017
f 1904 3017 1902
f 3019 3020 3018
f 3019 3018 3017
f 3006 3021 2610
f 3006 2610 2604
f 3021 3022 2611
f 3021 2611 2610
f 3008 3023 3021
f 3008 3021 3006
f 3023 3024 3022
f 3023 3022 3021
f 3010 3025 3023
f 3010 3023 3008
f 3025 3026 3024
f 3025 3024 3023
f 3012 3027 3025
f 3012 3025 3010
f 3027 3028 3026
f 3027 3026 3025
f 3014 3029 3027
f 3014 3027 3012
f 3029 3030 3028
f 3029 3028 3027
f 3016 3031 3029
f 3016 3029 3014
f 3031 3032 3030
f 3031 3030 3029
f 3018 3033 3031
f 3018 3031 3016
f 3033 3034 3032
f 3033 3032 3031
f 3020 3035 3033
f 3020 3033 3018
f 3035 3036 3034
f 3035 3034 3033
f 3022 3037 2614
f 3022 2614 2611
f 3024 3038 3037
f 3024 3037 3022
f 3026 3039 3038
f 3026 3038 3024
f 3028 3040 3039
f 3028 3039 3026
f 3030 3041 3040
f 3030 3040 3028
f 3032 3042 3041
f 3032 3041 3030
f 3034 3043 3042
f 3034 3042 3032
f 3036 3044 3043
f 3036 3043 3034
f 2020 3045 3019
f 2020 3019 1904
f 3045 3046 3020
f 3045 3020 3019
f 2022 3047 3045
f 2022 3045 2020
f 3047 3048 3046
f 3047 3046 3045
f 2024 3049 3047
f 2024 3047 2022
f 3049 3050 3048
f 3049 3048 3047
f 2025 3051 3049
f 2025 3049 2024
f 3051 3052 3050
f 3051 3050 3049
f 2026 3052 3051
f 2026 3051 2025
f 2028 3053 3052
f 2028 3052 2026
f 2030 3055 3053
f 2030 3053 2028
f 3055 3056 3054
f 3055 3054 3053
f 2031 3056 3055
f 2031 3055 2030
f 2033 3057 3056
f 2033 3056 2031
f 3046 3058 3035
f 3046 3035 3020
f 3058 3059 3036
f 3058 3036 3035
f 3048 3060 3058
f 3048 3058 3046
f 3060 3061 3059
f 3060 3059 3058
f 3050 3062 3060
f 3050 3060 3048
f 3062 3063 3061
f 3062 3061 3060
f 3052 3064 3062
f 3052 3062 3050
f 3064 3065 3063
f 3064 3063 3062
f 3053 3066 3064
f 3053 3064 3052
f 3066 3067 3065
f 3066 3065 3064
f 3054 3067 3066
f 3054 3066 3053
f 3056 3068 3067
f 3056 3067 3054
f 3059 3069 3044
f 3059 3044 3036
f 3061 3070 3069
f 3061 3069 3059
f 3063 3071 3070
f 3063 3070 3061
f 3065 3072 3071
f 3065 3071 3063
f 3067 3073 3072
f 3067 3072 3065
f 3037 3074 2766
f 3037 2766 2614
f 3038 3075 3074
f 3038 3074 3037
f 3039 3076 3075
f 3039 3075 3038
f 3040 3077 3076
f 3040 3076 3039
f 3041 3078 3077
f 3041 3077 3040
f 3042 3079 3078
f 3042 3078 3041
f 3043 3080 3079
f 3043 3079 3042
f 3044 3081 3080
f 3044 3080 3043
f 3074 3082 2788
f 3074 2788 2766
f 3082 3083 2789
f 3082 2789 2788
f 3075 3084 3082
f 3075 3082 3074
f 3084 3085 3083
f 3084 3083 3082
f 3076 3086 3084
f 3076 3084 3075
f 3086 3087 3085
f 3086 3085 3084
f 3077 3088 3086
f 3077 3086 3076
f 3088 3089 3087
f 3088 3087 3086
f 3078 3090 3088
f 3078 3088 3077
f 3090 3091 3089
f 3090 3089 3088
f 3079 3092 3090
f 3079 3090 3078
f 3092 3093 3091
f 3092 3091 3090
f 3080 3094 3092
f 3080 3092 3079
f 3094 3095 3093
f 3094 3093 3092
f 3081 3096 3094
f 3081 3094 3080
f 3096 3097 3095
f 3096 3095 3094
f 3083 3098 2817
f 3083 2817 2789
f 3098 3099 2818
f 3098 2818 2817
f 3099 3100 2819
f 3099 2819 2818
f 3085 3101 3098
f 3085 3098 3083
f 3101 3102 3099
f 3101 3099 3098
f 3102 3103 3100
f 3102 3100 3099
f 3087 3104 3101
f 3087 3101 3085
f 3104 3105 3102
f 3104 3102 3101
f 3105 3106 3103
f 3105 3103 3102
f 3089 3107 3104
f 3089 3104 3087
f 3107 3108 3105
f 3107 3105 3104
f 3091 3109 3107
f 3091 3107 3089
f 3109 3110 3108
f 3109 3108 3107
f 3093 3111 3109
f 3093 3109 3091
f 3111 3112 3110
f 3111 3110 3109
f 3095 3113 3111
f 3095 3111 3093
f 3113 3114 3112
f 3113 3112 3111
f 3097 3115 3113
f 3097 3113 3095
f 3115 3116 3114
f 3115 3114 3113
f 3100 3117 2839
f 3100 2839 2819
f 3117 3118 2840
f 3117 2840 2839
f 3103 3119 3117
f 3103 3117 3100
f 3119 3120 3118
f 3119 3118 3117
f 3122 3106 3105
f 3122 3105 3121
f 3106 3122 3119
f 3106 3119 3103
f 3122 3123 3120
f 3122 3120 3119
f 3108 3124 3121
f 3108 3121 3105
f 3124 3125 3122
f 3124 3122 3121
f 3125 3126 3123
f 3125 3123 3122
f 3110 3127 3124
f 3110 3124 3108
f 3127 3128 3125
f 3127 3125 3124
f 3112 3129 3127
f 3112 3127 3110
f 3129 3130 3128
f 3129 3128 3127
f 3114 3131 3129
f 3114 3129 3112
f 3131 3132 3130
f 3131 3130 3129
f 3116 3133 3131
f 3116 3131 3114
f 3133 3134 3132
f 3133 3132 3131
f 3118 3135 2853
f 3118 2853 2840
f 3135 3136 2854
f 3135 2854 2853
f 3136 3137 2855
f 3136 2855 2854
f 3137 3138 2856
f 3137 2856 2855
f 3120 3139 3135
f 3120 3135 3118
f 3139 3140 3136
f 3139 3136 3135
f 3140 3141 3137
f 3140 3137 3136
f 3141 3142 3138
f 3141 3138 3137
f 3123 3143 3139
f 3123 3139 3120
f 3143 3144 3140
f 3143 3140 3139
f 3144 3145 3141
f 3144 3141 3140
f 3147 3126 3125
f 3147 3125 3146
f 3126 3147 3143
f 3126 3143 3123
f 3147 3148 3144
f 3147 3144 3143
f 3128 3149 3146
f 3128 3146 3125
f 3149 3150 3147
f 3149 3147 3146
f 3130 3151 3149
f 3130 3149 3128
f 3151 3152 3150
f 3151 3150 3149
f 3132 3153 3151
f 3132 3151 3130
f 3153 3154 3152
f 3153 3152 3151
f 3134 3155 3153
f 3134 3153 3132
f 3155 3156 3154
f 3155 3154 3153
f 3159 3142 3141
f 3159 3141 3158
f 3142 3159 3157
f 3142 3157 3138
f 3161 3145 3144
f 3161 3144 3160
f 3145 3161 3158
f 3145 3158 3141
f 3161 3162 3159
f 3161 3159 3158
f 3164 3148 3147
f 3164 3147 3163
f 3148 3164 3160
f 3148 3160 3144
f 3164 3165 3161
f 3164 3161 3160
f 3165 3166 3162
f 3165 3162 3161
f 3150 3167 3163
f 3150 3163 3147
f 3167 3168 3164
f 3167 3164 3163
f 3168 3169 3165
f 3168 3165 3164
f 3152 3170 3167
f 3152 3167 3150
f 3170 3171 3168
f 3170 3168 3167
f 3171 3172 3169
f 3171 3169 3168
f 3154 3173 3170
f 3154 3170 3152
f 3173 3174 3171
f 3173 3171 3170
f 3156 3175 3173
f 3156 3173 3154
f 3175 3176 3174
f 3175 3174 3173
f 3177 2266 875
f 3177 875 2871
f 3178 3177 2871
f 3178 2871 2872
f 3178 2267 2266
f 3178 2266 3177
f 3179 2269 2267
f 3179 2267 3178
f 3181 2271 2269
f 3181 2269 3179
f 3182 3181 3179
f 3182 3179 3180
f 3182 2272 2271
f 3182 2271 3181
f 3185 2274 2272
f 3185 2272 3182
f 3186 3185 3182
f 3186 3182 3183
f 3186 2275 2274
f 3186 2274 3185
f 3187 3186 3183
f 3187 3183 3184
f 3188 2279 2275
f 3188 2275 3186
f 3189 3188 3186
f 3189 3186 3187
f 3189 2280 2279
f 3189 2279 3188
f 2280 3189 3187
f 2280 3187 2276
f 3190 3178 2872
f 3190 2872 2888
f 3192 3179 3178
f 3192 3178 3190
f 3193 3192 3190
f 3193 3190 3191
f 3193 3180 3179
f 3193 3179 3192
f 3196 3182 3180
f 3196 3180 3193
f 3197 3196 3193
f 3197 3193 3194
f 3197 3183 3182
f 3197 3182 3196
f 3198 3197 3194
f 3198 3194 3195
f 3198 3184 3183
f 3198 3183 3197
f 3201 3202 3200
f 3201 3200 3199
f 3203 3190 2888
f 3203 2888 2902
f 3204 3191 3190
f 3204 3190 3203
f 3207 3193 3191
f 3207 3191 3204
f 3208 3207 3204
f 3208 3204 3205
f 3208 3194 3193
f 3208 3193 3207
f 3209 3208 3205
f 3209 3205 3206
f 3209 3195 3194
f 3209 3194 3208
f 3215 3216 3211
f 3215 3211 3210
f 3200 3216 3215
f 3200 3215 3199
f 3216 3217 3212
f 3216 3212 3211
f 3217 3218 3213
f 3217 3213 3212
f 3219 3220 3215
f 3219 3215 3214
f 3220 3201 3199
f 3220 3199 3215
f 3202 3221 3216
f 3202 3216 3200
f 3221 3222 3217
f 3221 3217 3216
f 3222 3223 3218
f 3222 3218 3217
f 3224 3203 2902
f 3224 2902 2916
f 3225 3204 3203
f 3225 3203 3224
f 3226 3225 2917
f 3226 2917 2918
f 3226 3205 3204
f 3226 3204 3225
f 3227 3226 2918
f 3227 2918 2919
f 3227 3206 3205
f 3227 3205 3226
f 3233 3234 3229
f 3233 3229 3228
f 3211 3234 3233
f 3211 3233 3210
f 3234 3235 3230
f 3234 3230 3229
f 3212 3235 3234
f 3212 3234 3211
f 3235 3236 3231
f 3235 3231 3230
f 3213 3236 3235
f 3213 3235 3212
f 3237 3238 3233
f 3237 3233 3232
f 3215 3238 3237
f 3215 3237 3214
f 3238 3215 3210
f 3238 3210 3233
f 3218 3239 3236
f 3218 3236 3213
f 3241 3219 3214
f 3241 3214 3237
f 3223 3242 3239
f 3223 3239 3218
f 3243 3224 2916
f 3243 2916 2934
f 3244 3243 2934
f 3244 2934 2935
f 3244 3225 3224
f 3244 3224 3243
f 3225 3244 2935
f 3225 2935 2917
f 3250 3251 3246
f 3250 3246 3245
f 3229 3251 3250
f 3229 3250 3228
f 3251 3252 3247
f 3251 3247 3246
f 3230 3252 3251
f 3230 3251 3229
f 3252 3253 3248
f 3252 3248 3247
f 3231 3253 3252
f 3231 3252 3230
f 3255 3256 3250
f 3255 3250 3249
f 3233 3256 3255
f 3233 3255 3232
f 3256 3233 3228
f 3256 3228 3250
f 3257 3258 3255
f 3257 3255 3254
f 3258 3237 3232
f 3258 3232 3255
f 3259 3260 3258
f 3259 3258 3257
f 3241 3260 3259
f 3241 3259 3240
f 3260 3241 3237
f 3260 3237 3258
f 3261 3262 2953
f 3261 2953 2952
f 3246 3264 3263
f 3246 3263 3245
f 3247 3265 3264
f 3247 3264 3246
f 3248 3266 3265
f 3248 3265 3247
f 3250 3268 3267
f 3250 3267 3249
f 3268 3250 3245
f 3268 3245 3263
f 3253 3269 3266
f 3253 3266 3248
f 3255 3271 3270
f 3255 3270 3254
f 3271 3255 3249
f 3271 3249 3267
f 3273 3257 3254
f 3273 3254 3270
f 3274 3275 3273
f 3274 3273 3272
f 3275 3259 3257
f 3275 3257 3273
f 3138 3276 2966
f 3138 2966 2856
f 3276 3277 2967
f 3276 2967 2966
f 3277 3278 2968
f 3277 2968 2967
f 3278 3279 2969
f 3278 2969 2968
f 3280 3261 2952
f 3280 2952 2969
f 3281 3280 2969
f 3281 2969 2970
f 3281 3262 3261
f 3281 3261 3280
f 3262 3281 2970
f 3262 2970 2953
f 3264 3283 3282
f 3264 3282 3263
f 3265 3284 3283
f 3265 3283 3264
f 3266 3285 3284
f 3266 3284 3265
f 3268 3288 3287
f 3268 3287 3267
f 3288 3268 3263
f 3288 3263 3282
f 3290 3291 3287
f 3290 3287 3286
f 3271 3291 3290
f 3271 3290 3270
f 3291 3271 3267
f 3291 3267 3287
f 3292 3293 3290
f 3292 3290 3289
f 3273 3293 3292
f 3273 3292 3272
f 3293 3273 3270
f 3293 3270 3290
f 3294 3274 3272
f 3294 3272 3292
f 3295 3276 3138
f 3295 3138 3157
f 3296 3277 3276
f 3296 3276 3295
f 3297 3278 3277
f 3297 3277 3296
f 3298 3279 3278
f 3298 3278 3297
f 3279 3298 2974
f 3279 2974 2969
f 3159 3299 3295
f 3159 3295 3157
f 3299 3300 3296
f 3299 3296 3295
f 3300 3301 3297
f 3300 3297 3296
f 3162 3302 3299
f 3162 3299 3159
f 3302 3303 3300
f 3302 3300 3299
f 3283 3305 3304
f 3283 3304 3282
f 3284 3306 3305
f 3284 3305 3283
f 3285 3307 3306
f 3285 3306 3284
f 3287 3309 3308
f 3287 3308 3286
f 3288 3310 3309
f 3288 3309 3287
f 3310 3288 3282
f 3310 3282 3304
f 3311 3310 3304
f 3311 3304 3305
f 3290 3313 3312
f 3290 3312 3289
f 3313 3290 3286
f 3313 3286 3308
f 3314 3313 3308
f 3314 3308 3309
f 3315 3292 3289
f 3315 3289 3312
f 3316 3315 3312
f 3316 3312 3313
f 3317 3294 3292
f 3317 3292 3315
f 3320 3187 3184
f 3320 3184 3318
f 3320 2295 2276
f 3320 2276 3187
f 3321 3320 3318
f 3321 3318 3319
f 3324 2296 2295
f 3324 2295 3320
f 3325 3324 3320
f 3325 3320 3321
f 3325 2297 2296
f 3325 2296 3324
f 3326 3325 3321
f 3326 3321 3322
f 3326 2298 2297
f 3326 2297 3325
f 3327 3326 3322
f 3327 3322 3323
f 3328 2301 2298
f 3328 2298 3326
f 3329 3328 3326
f 3329 3326 3327
f 3331 2304 2301
f 3331 2301 3328
f 3332 3331 3328
f 3332 3328 3329
f 3333 3332 3329
f 3333 3329 3330
f 3334 2307 2304
f 3334 2304 3331
f 3335 3334 3331
f 3335 3331 3332
f 3335 2308 2307
f 3335 2307 3334
f 3336 3335 3332
f 3336 3332 3333
f 3340 3198 3195
f 3340 3195 3337
f 3340 3318 3184
f 3340 3184 3198
f 3341 3340 3337
f 3341 3337 3338
f 3341 3319 3318
f 3341 3318 3340
f 3342 3341 3338
f 3342 3338 3339
f 3344 3321 3319
f 3344 3319 3341
f 3345 3344 3341
f 3345 3341 3342
f 3345 3322 3321
f 3345 3321 3344
f 3346 3345 3342
f 3346 3342 3343
f 3346 3323 3322
f 3346 3322 3345
f 3348 3327 3323
f 3348 3323 3346
f 3349 3348 3346
f 3349 3346 3347
f 3351 3329 3327
f 3351 3327 3348
f 3352 3351 3348
f 3352 3348 3349
f 3352 3330 3329
f 3352 3329 3351
f 3353 3352 3349
f 3353 3349 3350
f 3354 3333 3330
f 3354 3330 3352
f 3355 3354 3352
f 3355 3352 3353
f 3356 3336 3333
f 3356 3333 3354
f 3357 3356 3354
f 3357 3354 3355
f 3360 3209 3206
f 3360 3206 3358
f 3360 3337 3195
f 3360 3195 3209
f 3361 3360 3358
f 3361 3358 3359
f 3361 3338 3337
f 3361 3337 3360
f 3362 3339 3338
f 3362 3338 3361
f 3364 3342 3339
f 3364 3339 3362
f 3365 3364 3362
f 3365 3362 3363
f 3365 3343 3342
f 3365 3342 3364
f 3367 3346 3343
f 3367 3343 3365
f 3368 3367 3365
f 3368 3365 3366
f 3368 3347 3346
f 3368 3346 3367
f 3370 3349 3347
f 3370 3347 3368
f 3371 3370 3368
f 3371 3368 3369
f 3371 3350 3349
f 3371 3349 3370
f 3372 3353 3350
f 3372 3350 3371
f 3373 3355 3353
f 3373 3353 3372
f 3375 3357 3355
f 3375 3355 3373
f 3376 3227 2919
f 3376 2919 2979
f 3376 3358 3206
f 3376 3206 3227
f 3377 3359 3358
f 3377 3358 3376
f 3380 3361 3359
f 3380 3359 3377
f 3381 3380 3377
f 3381 3377 3378
f 3381 3362 3361
f 3381 3361 3380
f 3382 3381 3378
f 3382 3378 3379
f 3382 3363 3362
f 3382 3362 3381
f 3384 3365 3363
f 3384 3363 3382
f 3385 3384 3382
f 3385 3382 3383
f 3385 3366 3365
f 3385 3365 3384
f 3387 3368 3366
f 3387 3366 3385
f 3388 3387 3385
f 3388 3385 3386
f 3388 3369 3368
f 3388 3368 3387
f 3390 3371 3369
f 3390 3369 3388
f 3236 3391 3389
f 3236 3389 3231
f 3393 3372 3371
f 3393 3371 3390
f 3239 3394 3391
f 3239 3391 3236
f 3394 3395 3392
f 3394 3392 3391
f 3397 3373 3372
f 3397 3372 3393
f 3242 3398 3394
f 3242 3394 3239
f 3374 3398 3242
f 3374 3242 3223
f 3398 3399 3395
f 3398 3395 3394
f 3399 3400 3396
f 3399 3396 3395
f 3401 3375 3373
f 3401 3373 3397
f 3402 3376 2979
f 3402 2979 2980
f 3403 3402 2980
f 3403 2980 2981
f 3403 3377 3376
f 3403 3376 3402
f 3404 3403 2981
f 3404 2981 2982
f 3404 3378 3377
f 3404 3377 3403
f 3405 3379 3378
f 3405 3378 3404
f 3407 3382 3379
f 3407 3379 3405
f 3408 3407 3405
f 3408 3405 3406
f 3408 3383 3382
f 3408 3382 3407
f 3409 3385 3383
f 3409 3383 3408
f 3410 3386 3385
f 3410 3385 3409
f 3411 3412 3410
f 3411 3410 3409
f 3412 3388 3386
f 3412 3386 3410
f 3389 3413 3253
f 3389 3253 3231
f 3416 3417 3412
f 3416 3412 3411
f 3417 3390 3388
f 3417 3388 3412
f 3391 3418 3413
f 3391 3413 3389
f 3418 3419 3414
f 3418 3414 3413
f 3392 3419 3418
f 3392 3418 3391
f 3419 3420 3415
f 3419 3415 3414
f 3422 3423 3417
f 3422 3417 3416
f 3423 3393 3390
f 3423 3390 3417
f 3395 3424 3419
f 3395 3419 3392
f 3424 3425 3420
f 3424 3420 3419
f 3396 3425 3424
f 3396 3424 3395
f 3425 3426 3421
f 3425 3421 3420
f 3426 3427 3422
f 3426 3422 3421
f 3427 3428 3423
f 3427 3423 3422
f 3428 3397 3393
f 3428 3393 3423
f 3400 3429 3425
f 3400 3425 3396
f 3429 3430 3426
f 3429 3426 3425
f 3430 3431 3427
f 3430 3427 3426
f 3431 3432 3428
f 3431 3428 3427
f 3432 3401 3397
f 3432 3397 3428
f 3433 3404 2982
f 3433 2982 2985
f 3434 3405 3404
f 3434 3404 3433
f 3435 3406 3405
f 3435 3405 3434
f 3436 3408 3406
f 3436 3406 3435
f 3437 3409 3408
f 3437 3408 3436
f 3441 3411 3409
f 3441 3409 3437
f 3269 3442 3438
f 3269 3438 3266
f 3413 3442 3269
f 3413 3269 3253
f 3442 3443 3439
f 3442 3439 3438
f 3414 3443 3442
f 3414 3442 3413
f 3443 3444 3440
f 3443 3440 3439
f 3415 3444 3443
f 3415 3443 3414
f 3446 3416 3411
f 3446 3411 3441
f 3420 3447 3444
f 3420 3444 3415
f 3447 3448 3445
f 3447 3445 3444
f 3421 3448 3447
f 3421 3447 3420
f 3448 3449 3446
f 3448 3446 3445
f 3422 3449 3448
f 3422 3448 3421
f 3449 3422 3416
f 3449 3416 3446
f 3450 3433 2985
f 3450 2985 2988
f 3451 3434 3433
f 3451 3433 3450
f 3452 3435 3434
f 3452 3434 3451
f 3453 3454 3452
f 3453 3452 3451
f 3454 3436 3435
f 3454 3435 3452
f 3455 3456 3454
f 3455 3454 3453
f 3456 3437 3436
f 3456 3436 3454
f 3438 3457 3285
f 3438 3285 3266
f 3439 3458 3457
f 3439 3457 3438
f 3440 3459 3458
f 3440 3458 3439
f 3460 3461 3456
f 3460 3456 3455
f 3461 3441 3437
f 3461 3437 3456
f 3444 3462 3459
f 3444 3459 3440
f 3462 3463 3460
f 3462 3460 3459
f 3445 3463 3462
f 3445 3462 3444
f 3463 3464 3461
f 3463 3461 3460
f 3446 3464 3463
f 3446 3463 3445
f 3464 3446 3441
f 3464 3441 3461
f 3465 3450 2988
f 3465 2988 2991
f 3466 3451 3450
f 3466 3450 3465
f 3467 3453 3451
f 3467 3451 3466
f 3468 3455 3453
f 3468 3453 3467
f 3457 3469 3307
f 3457 3307 3285
f 3458 3470 3469
f 3458 3469 3457
f 3459 3471 3470
f 3459 3470 3458
f 3460 3472 3471
f 3460 3471 3459
f 3472 3460 3455
f 3472 3455 3468
f 3057 3474 3473
f 3057 3473 3056
f 2426 3474 3057
f 2426 3057 2033
f 2429 3478 3474
f 2429 3474 2426
f 3478 3479 3475
f 3478 3475 3474
f 2430 3479 3478
f 2430 3478 2429
f 3479 3480 3476
f 3479 3476 3475
f 2431 3480 3479
f 2431 3479 2430
f 3480 3481 3477
f 3480 3477 3476
f 2432 3481 3480
f 2432 3480 2431
f 2433 3482 3481
f 2433 3481 2432
f 2434 3483 3482
f 2434 3482 2433
f 2435 3484 3483
f 2435 3483 2434
f 2436 3485 3484
f 2436 3484 2435
f 3068 3487 3486
f 3068 3486 3067
f 3473 3487 3068
f 3473 3068 3056
f 3474 3489 3487
f 3474 3487 3473
f 3489 3490 3488
f 3489 3488 3487
f 3475 3490 3489
f 3475 3489 3474
f 3476 3491 3490
f 3476 3490 3475
f 3477 3492 3491
f 3477 3491 3476
f 3481 3495 3492
f 3481 3492 3477
f 3495 3496 3493
f 3495 3493 3492
f 3482 3496 3495
f 3482 3495 3481
f 3496 3497 3494
f 3496 3494 3493
f 3483 3497 3496
f 3483 3496 3482
f 3484 3498 3497
f 3484 3497 3483
f 3485 3499 3498
f 3485 3498 3484
f 3069 3500 3081
f 3069 3081 3044
f 3070 3501 3500
f 3070 3500 3069
f 3071 3502 3501
f 3071 3501 3070
f 3072 3503 3502
f 3072 3502 3071
f 3073 3504 3503
f 3073 3503 3072
f 3486 3504 3073
f 3486 3073 3067
f 3487 3506 3504
f 3487 3504 3486
f 3506 3507 3505
f 3506 3505 3504
f 3488 3507 3506
f 3488 3506 3487
f 3490 3509 3507
f 3490 3507 3488
f 3509 3510 3508
f 3509 3508 3507
f 3491 3510 3509
f 3491 3509 3490
f 3492 3511 3510
f 3492 3510 3491
f 3493 3512 3511
f 3493 3511 3492
f 3494 3513 3512
f 3494 3512 3493
f 3497 3514 3513
f 3497 3513 3494
f 3498 3515 3514
f 3498 3514 3497
f 3499 3516 3515
f 3499 3515 3498
f 3500 3517 3096
f 3500 3096 3081
f 3517 3518 3097
f 3517 3097 3096
f 3501 3519 3517
f 3501 3517 3500
f 3519 3520 3518
f 3519 3518 3517
f 3502 3521 3519
f 3502 3519 3501
f 3521 3522 3520
f 3521 3520 3519
f 3503 3523 3521
f 3503 3521 3502
f 3523 3524 3522
f 3523 3522 3521
f 3504 3525 3523
f 3504 3523 3503
f 3525 3526 3524
f 3525 3524 3523
f 3505 3526 3525
f 3505 3525 3504
f 3507 3528 3526
f 3507 3526 3505
f 3528 3529 3527
f 3528 3527 3526
f 3508 3529 3528
f 3508 3528 3507
f 3510 3531 3529
f 3510 3529 3508
f 3531 3532 3530
f 3531 3530 3529
f 3511 3532 3531
f 3511 3531 3510
f 3512 3533 3532
f 3512 3532 3511
f 3513 3534 3533
f 3513 3533 3512
f 3514 3537 3534
f 3514 3534 3513
f 3537 3538 3535
f 3537 3535 3534
f 3515 3538 3537
f 3515 3537 3514
f 3538 3539 3536
f 3538 3536 3535
f 3516 3539 3538
f 3516 3538 3515
f 3518 3540 3115
f 3518 3115 3097
f 3540 3541 3116
f 3540 3116 3115
f 3520 3542 3540
f 3520 3540 3518
f 3542 3543 3541
f 3542 3541 3540
f 3522 3544 3542
f 3522 3542 3520
f 3544 3545 3543
f 3544 3543 3542
f 3524 3546 3544
f 3524 3544 3522
f 3546 3547 3545
f 3546 3545 3544
f 3526 3548 3546
f 3526 3546 3524
f 3548 3549 3547
f 3548 3547 3546
f 3527 3549 3548
f 3527 3548 3526
f 3529 3551 3549
f 3529 3549 3527
f 3551 3552 3550
f 3551 3550 3549
f 3530 3552 3551
f 3530 3551 3529
f 3532 3555 3552
f 3532 3552 3530
f 3555 3556 3553
f 3555 3553 3552
f 3533 3556 3555
f 3533 3555 3532
f 3556 3557 3554
f 3556 3554 3553
f 3534 3557 3556
f 3534 3556 3533
f 3535 3558 3557
f 3535 3557 3534
f 3536 3559 3558
f 3536 3558 3535
f 3541 3560 3133
f 3541 3133 3116
f 3560 3561 3134
f 3560 3134 3133
f 3543 3562 3560
f 3543 3560 3541
f 3562 3563 3561
f 3562 3561 3560
f 3545 3564 3562
f 3545 3562 3543
f 3564 3565 3563
f 3564 3563 3562
f 3547 3566 3564
f 3547 3564 3545
f 3566 3567 3565
f 3566 3565 3564
f 3549 3569 3566
f 3549 3566 3547
f 3569 3570 3567
f 3569 3567 3566
f 3550 3570 3569
f 3550 3569 3549
f 3570 3571 3568
f 3570 3568 3567
f 3552 3573 3570
f 3552 3570 3550
f 3573 3574 3571
f 3573 3571 3570
f 3553 3574 3573
f 3553 3573 3552
f 3574 3575 3572
f 3574 3572 3571
f 3554 3575 3574
f 3554 3574 3553
f 3557 3578 3575
f 3557 3575 3554
f 3578 3579 3576
f 3578 3576 3575
f 3558 3579 3578
f 3558 3578 3557
f 3579 3580 3577
f 3579 3577 3576
f 3559 3580 3579
f 3559 3579 3558
f 3561 3581 3155
f 3561 3155 3134
f 3581 3582 3156
f 3581 3156 3155
f 3563 3583 3581
f 3563 3581 3561
f 3583 3584 3582
f 3583 3582 3581
f 3565 3585 3583
f 3565 3583 3563
f 3585 3586 3584
f 3585 3584 3583
f 3567 3588 3585
f 3567 3585 3565
f 3588 3589 3586
f 3588 3586 3585
f 3568 3589 3588
f 3568 3588 3567
f 3589 3590 3587
f 3589 3587 3586
f 3571 3592 3589
f 3571 3589 3568
f 3592 3593 3590
f 3592 3590 3589
f 3572 3593 3592
f 3572 3592 3571
f 3593 3594 3591
f 3593 3591 3590
f 3575 3596 3593
f 3575 3593 3572
f 3596 3597 3594
f 3596 3594 3593
f 3576 3597 3596
f 3576 3596 3575
f 3597 3598 3595
f 3597 3595 3594
f 3577 3598 3597
f 3577 3597 3576
f 3582 3599 3175
f 3582 3175 3156
f 3599 3600 3176
f 3599 3176 3175
f 3584 3601 3599
f 3584 3599 3582
f 3601 3602 3600
f 3601 3600 3599
f 3586 3604 3601
f 3586 3601 3584
f 3604 3605 3602
f 3604 3602 3601
f 3587 3605 3604
f 3587 3604 3586
f 3605 3606 3603
f 3605 3603 3602
f 3590 3608 3605
f 3590 3605 3587
f 3608 3609 3606
f 3608 3606 3605
f 3591 3609 3608
f 3591 3608 3590
f 3609 3610 3607
f 3609 3607 3606
f 3594 3611 3609
f 3594 3609 3591
f 3611 3612 3610
f 3611 3610 3609
f 3595 3612 3611
f 3595 3611 3594
f 2512 3614 3613
f 2512 3613 2511
f 2513 3615 3614
f 2513 3614 2512
f 2517 3618 3617
f 2517 3617 2516
f 3618 2517 2511
f 3618 2511 3613
f 3619 3618 3613
f 3619 3613 3614
f 3620 3619 3614
f 3620 3614 3615
f 2518 3620 3615
f 2518 3615 2513
f 2519 3621 3620
f 2519 3620 2518
f 3621 2519 2514
f 3621 2514 3616
f 2522 3623 3622
f 2522 3622 2521
f 3623 2522 2516
f 3623 2516 3617
f 3625 3624 3618
f 3625 3618 3619
f 3626 3625 3619
f 3626 3619 3620
f 3627 3626 3620
f 3627 3620 3621
f 2524 3629 3628
f 2524 3628 2523
f 2525 3630 3629
f 2525 3629 2524
f 3630 2525 2521
f 3630 2521 3622
f 2526 3631 3485
f 2526 3485 2436
f 3631 2526 2523
f 3631 2523 3628
f 3632 3633 3202
f 3632 3202 3201
f 3618 3635 3634
f 3618 3634 3617
f 3623 3637 3636
f 3623 3636 3622
f 3637 3623 3617
f 3637 3617 3634
f 3638 3637 3634
f 3638 3634 3635
f 3624 3638 3635
f 3624 3635 3618
f 3625 3639 3638
f 3625 3638 3624
f 3626 3640 3639
f 3626 3639 3625
f 3627 3641 3640
f 3627 3640 3626
f 3629 3643 3642
f 3629 3642 3628
f 3630 3644 3643
f 3630 3643 3629
f 3644 3630 3622
f 3644 3622 3636
f 3646 3645 3639
f 3646 3639 3640
f 3647 3646 3640
f 3647 3640 3641
f 3631 3648 3499
f 3631 3499 3485
f 3648 3631 3628
f 3648 3628 3642
f 3649 3650 3220
f 3649 3220 3219
f 3650 3632 3201
f 3650 3201 3220
f 3651 3633 3632
f 3651 3632 3650
f 3633 3651 3221
f 3633 3221 3202
f 3651 3652 3222
f 3651 3222 3221
f 3652 3653 3223
f 3652 3223 3222
f 3654 3655 3650
f 3654 3650 3649
f 3655 3656 3651
f 3655 3651 3650
f 3656 3657 3652
f 3656 3652 3651
f 3657 3658 3653
f 3657 3653 3652
f 3659 3660 3656
f 3659 3656 3655
f 3660 3661 3657
f 3660 3657 3656
f 3661 3662 3658
f 3661 3658 3657
f 3637 3664 3663
f 3637 3663 3636
f 3638 3665 3664
f 3638 3664 3637
f 3639 3666 3665
f 3639 3665 3638
f 3643 3668 3667
f 3643 3667 3642
f 3644 3669 3668
f 3644 3668 3643
f 3669 3644 3636
f 3669 3636 3663
f 3670 3669 3663
f 3670 3663 3664
f 3671 3670 3664
f 3671 3664 3665
f 3672 3671 3665
f 3672 3665 3666
f 3645 3672 3666
f 3645 3666 3639
f 3646 3673 3672
f 3646 3672 3645
f 3647 3674 3673
f 3647 3673 3646
f 3648 3675 3516
f 3648 3516 3499
f 3675 3648 3642
f 3675 3642 3667
f 3677 3676 3672
f 3677 3672 3673
f 3678 3677 3673
f 3678 3673 3674
f 3679 3680 3241
f 3679 3241 3240
f 3680 3649 3219
f 3680 3219 3241
f 3681 3654 3649
f 3681 3649 3680
f 3682 3655 3654
f 3682 3654 3681
f 3684 3685 3682
f 3684 3682 3681
f 3685 3659 3655
f 3685 3655 3682
f 3686 3660 3659
f 3686 3659 3685
f 3687 3661 3660
f 3687 3660 3686
f 3688 3662 3661
f 3688 3661 3687
f 3662 3688 3683
f 3662 3683 3658
f 3689 3690 3686
f 3689 3686 3685
f 3690 3691 3687
f 3690 3687 3686
f 3691 3692 3688
f 3691 3688 3687
f 3668 3694 3693
f 3668 3693 3667
f 3669 3695 3694
f 3669 3694 3668
f 3670 3696 3695
f 3670 3695 3669
f 3671 3697 3696
f 3671 3696 3670
f 3672 3698 3697
f 3672 3697 3671
f 3539 3699 3693
f 3539 3693 3536
f 3675 3699 3539
f 3675 3539 3516
f 3699 3675 3667
f 3699 3667 3693
f 3701 3700 3696
f 3701 3696 3697
f 3702 3701 3697
f 3702 3697 3698
f 3676 3702 3698
f 3676 3698 3672
f 3677 3703 3702
f 3677 3702 3676
f 3678 3704 3703
f 3678 3703 3677
f 3705 3679 3240
f 3705 3240 3259
f 3706 3680 3679
f 3706 3679 3705
f 3707 3708 3706
f 3707 3706 3705
f 3708 3681 3680
f 3708 3680 3706
f 3709 3710 3708
f 3709 3708 3707
f 3710 3684 3681
f 3710 3681 3708
f 3711 3685 3684
f 3711 3684 3710
f 3713 3714 3711
f 3713 3711 3710
f 3714 3689 3685
f 3714 3685 3711
f 3715 3690 3689
f 3715 3689 3714
f 3716 3691 3690
f 3716 3690 3715
f 3717 3692 3691
f 3717 3691 3716
f 3692 3717 3712
f 3692 3712 3688
f 3693 3720 3559
f 3693 3559 3536
f 3720 3721 3719
f 3720 3719 3718
f 3694 3721 3720
f 3694 3720 3693
f 3695 3722 3721
f 3695 3721 3694
f 3696 3723 3722
f 3696 3722 3695
f 3700 3724 3723
f 3700 3723 3696
f 3701 3725 3724
f 3701 3724 3700
f 3702 3726 3725
f 3702 3725 3701
f 3703 3727 3726
f 3703 3726 3702
f 3704 3728 3727
f 3704 3727 3703
f 3729 3730 3275
f 3729 3275 3274
f 3730 3705 3259
f 3730 3259 3275
f 3731 3707 3705
f 3731 3705 3730
f 3732 3709 3707
f 3732 3707 3731
f 3733 3710 3709
f 3733 3709 3732
f 3734 3713 3710
f 3734 3710 3733
f 3735 3714 3713
f 3735 3713 3734
f 3736 3715 3714
f 3736 3714 3735
f 3737 3716 3715
f 3737 3715 3736
f 3738 3717 3716
f 3738 3716 3737
f 3739 3740 3738
f 3739 3738 3737
f 3719 3742 3741
f 3719 3741 3718
f 3580 3743 3741
f 3580 3741 3577
f 3720 3743 3580
f 3720 3580 3559
f 3743 3720 3718
f 3743 3718 3741
f 3721 3744 3742
f 3721 3742 3719
f 3722 3745 3744
f 3722 3744 3721
f 3723 3746 3745
f 3723 3745 3722
f 3748 3747 3745
f 3748 3745 3746
f 3724 3748 3746
f 3724 3746 3723
f 3725 3749 3748
f 3725 3748 3724
f 3726 3750 3749
f 3726 3749 3725
f 3727 3751 3750
f 3727 3750 3726
f 3728 3752 3751
f 3728 3751 3727
f 3753 3729 3274
f 3753 3274 3294
f 3754 3730 3729
f 3754 3729 3753
f 3755 3756 3754
f 3755 3754 3753
f 3756 3731 3730
f 3756 3730 3754
f 3757 3732 3731
f 3757 3731 3756
f 3758 3733 3732
f 3758 3732 3757
f 3759 3734 3733
f 3759 3733 3758
f 3760 3735 3734
f 3760 3734 3759
f 3761 3736 3735
f 3761 3735 3760
f 3762 3737 3736
f 3762 3736 3761
f 3764 3739 3737
f 3764 3737 3762
f 3765 3740 3739
f 3765 3739 3764
f 3598 3766 3763
f 3598 3763 3595
f 3741 3766 3598
f 3741 3598 3577
f 3742 3767 3766
f 3742 3766 3741
f 3744 3768 3767
f 3744 3767 3742
f 3745 3769 3768
f 3745 3768 3744
f 3747 3770 3769
f 3747 3769 3745
f 3748 3771 3770
f 3748 3770 3747
f 3749 3772 3771
f 3749 3771 3748
f 3750 3773 3772
f 3750 3772 3749
f 3751 3774 3773
f 3751 3773 3750
f 3775 3753 3294
f 3775 3294 3317
f 3777 3755 3753
f 3777 3753 3775
f 3778 3777 3775
f 3778 3775 3776
f 3778 3756 3755
f 3778 3755 3777
f 3779 3757 3756
f 3779 3756 3778
f 3780 3758 3757
f 3780 3757 3779
f 3783 3759 3758
f 3783 3758 3780
f 3784 3783 3780
f 3784 3780 3781
f 3784 3760 3759
f 3784 3759 3783
f 3785 3761 3760
f 3785 3760 3784
f 3786 3762 3761
f 3786 3761 3785
f 3612 3787 3782
f 3612 3782 3610
f 3763 3787 3612
f 3763 3612 3595
f 3789 3764 3762
f 3789 3762 3786
f 3790 3765 3764
f 3790 3764 3789
f 3766 3791 3787
f 3766 3787 3763
f 3791 3792 3788
f 3791 3788 3787
f 3767 3792 3791
f 3767 3791 3766
f 3768 3793 3792
f 3768 3792 3767
f 3769 3794 3793
f 3769 3793 3768
f 3770 3795 3794
f 3770 3794 3769
f 3771 3796 3795
f 3771 3795 3770
f 3772 3797 3796
f 3772 3796 3771
f 3773 3798 3797
f 3773 3797 3772
f 3774 3799 3798
f 3774 3798 3773
f 3800 2532 2308
f 3800 2308 3335
f 3801 3800 3335
f 3801 3335 3336
f 2536 3803 3802
f 2536 3802 2535
f 3803 2536 2532
f 3803 2532 3800
f 3804 3803 3800
f 3804 3800 3801
f 2539 3806 3805
f 2539 3805 2538
f 3806 2539 2535
f 3806 2535 3802
f 3807 3806 3802
f 3807 3802 3803
f 3808 3807 3803
f 3808 3803 3804
f 2540 3809 3616
f 2540 3616 2514
f 2541 3810 3809
f 2541 3809 2540
f 3810 2541 2538
f 3810 2538 3805
f 3811 3810 3805
f 3811 3805 3806
f 3812 3811 3806
f 3812 3806 3807
f 3813 3812 3807
f 3813 3807 3808
f 3814 3621 3616
f 3814 3616 3809
f 3815 3814 3809
f 3815 3809 3810
f 3816 3815 3810
f 3816 3810 3811
f 3817 3816 3811
f 3817 3811 3812
f 3818 3627 3621
f 3818 3621 3814
f 3819 3801 3336
f 3819 3336 3356
f 3820 3819 3356
f 3820 3356 3357
f 3821 3804 3801
f 3821 3801 3819
f 3822 3821 3819
f 3822 3819 3820
f 3823 3808 3804
f 3823 3804 3821
f 3824 3823 3821
f 3824 3821 3822
f 3813 3826 3825
f 3813 3825 3812
f 3826 3813 3808
f 3826 3808 3823
f 3827 3826 3823
f 3827 3823 3824
f 3815 3829 3828
f 3815 3828 3814
f 3816 3830 3829
f 3816 3829 3815
f 3817 3831 3830
f 3817 3830 3816
f 3831 3817 3812
f 3831 3812 3825
f 3832 3831 3825
f 3832 3825 3826
f 3818 3833 3641
f 3818 3641 3627
f 3833 3818 3814
f 3833 3814 3828
f 3834 3833 3828
f 3834 3828 3829
f 3835 3834 3829
f 3835 3829 3830
f 3836 3835 3830
f 3836 3830 3831
f 3837 3647 3641
f 3837 3641 3833
f 3838 3837 3833
f 3838 3833 3834
f 3653 3839 3374
f 3653 3374 3223
f 3840 3820 3357
f 3840 3357 3375
f 3658 3841 3839
f 3658 3839 3653
f 3842 3822 3820
f 3842 3820 3840
f 3843 3824 3822
f 3843 3822 3842
f 3827 3845 3844
f 3827 3844 3826
f 3845 3827 3824
f 3845 3824 3843
f 3832 3847 3846
f 3832 3846 3831
f 3847 3832 3826
f 3847 3826 3844
f 3848 3847 3844
f 3848 3844 3845
f 3835 3850 3849
f 3835 3849 3834
f 3836 3851 3850
f 3836 3850 3835
f 3851 3836 3831
f 3851 3831 3846
f 3852 3851 3846
f 3852 3846 3847
f 3853 3852 3847
f 3853 3847 3848
f 3837 3854 3674
f 3837 3674 3647
f 3838 3855 3854
f 3838 3854 3837
f 3855 3838 3834
f 3855 3834 3849
f 3856 3855 3849
f 3856 3849 3850
f 3857 3856 3850
f 3857 3850 3851
f 3858 3678 3674
f 3858 3674 3854
f 3839 3859 3398
f 3839 3398 3374
f 3859 3860 3399
f 3859 3399 3398
f 3860 3861 3400
f 3860 3400 3399
f 3862 3840 3375
f 3862 3375 3401
f 3863 3841 3658
f 3863 3658 3683
f 3841 3863 3859
f 3841 3859 3839
f 3863 3864 3860
f 3863 3860 3859
f 3864 3865 3861
f 3864 3861 3860
f 3866 3842 3840
f 3866 3840 3862
f 3688 3867 3863
f 3688 3863 3683
f 3867 3868 3864
f 3867 3864 3863
f 3869 3843 3842
f 3869 3842 3866
f 3871 3845 3843
f 3871 3843 3869
f 3872 3873 3871
f 3872 3871 3870
f 3873 3848 3845
f 3873 3845 3871
f 3852 3875 3874
f 3852 3874 3851
f 3875 3876 3873
f 3875 3873 3872
f 3853 3876 3875
f 3853 3875 3852
f 3876 3853 3848
f 3876 3848 3873
f 3855 3878 3877
f 3855 3877 3854
f 3856 3879 3878
f 3856 3878 3855
f 3857 3880 3879
f 3857 3879 3856
f 3880 3857 3851
f 3880 3851 3874
f 3881 3880 3874
f 3881 3874 3875
f 3858 3882 3704
f 3858 3704 3678
f 3882 3858 3854
f 3882 3854 3877
f 3883 3882 3877
f 3883 3877 3878
f 3884 3883 3878
f 3884 3878 3879
f 3861 3885 3429
f 3861 3429 3400
f 3885 3886 3430
f 3885 3430 3429
f 3886 3887 3431
f 3886 3431 3430
f 3887 3888 3432
f 3887 3432 3431
f 3888 3862 3401
f 3888 3401 3432
f 3890 3865 3864
f 3890 3864 3889
f 3865 3890 3885
f 3865 3885 3861
f 3890 3891 3886
f 3890 3886 3885
f 3891 3892 3887
f 3891 3887 3886
f 3892 3893 3888
f 3892 3888 3887
f 3893 3866 3862
f 3893 3862 3888
f 3894 3867 3688
f 3894 3688 3712
f 3895 3868 3867
f 3895 3867 3894
f 3868 3895 3889
f 3868 3889 3864
f 3895 3896 3890
f 3895 3890 3889
f 3896 3897 3891
f 3896 3891 3890
f 3897 3898 3892
f 3897 3892 3891
f 3898 3899 3893
f 3898 3893 3892
f 3899 3869 3866
f 3899 3866 3893
f 3717 3900 3894
f 3717 3894 3712
f 3900 3901 3895
f 3900 3895 3894
f 3901 3902 3896
f 3901 3896 3895
f 3903 3904 3899
f 3903 3899 3898
f 3871 3904 3903
f 3871 3903 3870
f 3904 3871 3869
f 3904 3869 3899
f 3905 3872 3870
f 3905 3870 3903
f 3906 3875 3872
f 3906 3872 3905
f 3880 3908 3907
f 3880 3907 3879
f 3881 3909 3908
f 3881 3908 3880
f 3909 3881 3875
f 3909 3875 3906
f 3882 3910 3728
f 3882 3728 3704
f 3883 3911 3910
f 3883 3910 3882
f 3884 3912 3911
f 3884 3911 3883
f 3912 3884 3879
f 3912 3879 3907
f 3913 3912 3907
f 3913 3907 3908
f 3914 3913 3908
f 3914 3908 3909
f 3916 3897 3896
f 3916 3896 3915
f 3917 3898 3897
f 3917 3897 3916
f 3918 3900 3717
f 3918 3717 3738
f 3919 3901 3900
f 3919 3900 3918
f 3920 3902 3901
f 3920 3901 3919
f 3902 3920 3915
f 3902 3915 3896
f 3920 3921 3916
f 3920 3916 3915
f 3921 3922 3917
f 3921 3917 3916
f 3922 3903 3898
f 3922 3898 3917
f 3740 3923 3918
f 3740 3918 3738
f 3923 3924 3919
f 3923 3919 3918
f 3924 3925 3920
f 3924 3920 3919
f 3926 3927 3922
f 3926 3922 3921
f 3927 3905 3903
f 3927 3903 3922
f 3928 3906 3905
f 3928 3905 3927
f 3930 3909 3906
f 3930 3906 3928
f 3910 3931 3752
f 3910 3752 3728
f 3911 3932 3931
f 3911 3931 3910
f 3912 3933 3932
f 3912 3932 3911
f 3913 3934 3933
f 3913 3933 3912
f 3934 3935 3930
f 3934 3930 3929
f 3914 3935 3934
f 3914 3934 3913
f 3935 3914 3909
f 3935 3909 3930
f 3937 3921 3920
f 3937 3920 3936
f 3938 3923 3740
f 3938 3740 3765
f 3939 3924 3923
f 3939 3923 3938
f 3940 3925 3924
f 3940 3924 3939
f 3925 3940 3936
f 3925 3936 3920
f 3940 3941 3937
f 3940 3937 3936
f 3941 3926 3921
f 3941 3921 3937
f 3942 3927 3926
f 3942 3926 3941
f 3943 3944 3942
f 3943 3942 3941
f 3944 3928 3927
f 3944 3927 3942
f 3945 3946 3944
f 3945 3944 3943
f 3930 3946 3945
f 3930 3945 3929
f 3946 3930 3928
f 3946 3928 3944
f 3932 3948 3947
f 3932 3947 3931
f 3933 3949 3948
f 3933 3948 3932
f 3934 3950 3949
f 3934 3949 3933
f 3950 3934 3929
f 3950 3929 3945
f 3951 3938 3765
f 3951 3765 3790
f 3952 3939 3938
f 3952 3938 3951
f 3953 3940 3939
f 3953 3939 3952
f 3954 3941 3940
f 3954 3940 3953
f 3955 3943 3941
f 3955 3941 3954
f 3956 3945 3943
f 3956 3943 3955
f 3948 3958 3957
f 3948 3957 3947
f 3949 3959 3958
f 3949 3958 3948
f 3950 3960 3959
f 3950 3959 3949
f 3960 3950 3945
f 3960 3945 3956
f 3962 3961 3751
f 3962 3751 3752
f 3961 3963 3774
f 3961 3774 3751
f 3962 3964 3963
f 3962 3963 3961
f 3963 3965 3799
f 3963 3799 3774
f 3964 3966 3965
f 3964 3965 3963
f 3967 3962 3752
f 3967 3752 3931
f 3967 3968 3964
f 3967 3964 3962
f 3968 3967 3931
f 3968 3931 3947
f 3968 3969 3966
f 3968 3966 3964
f 3969 3968 3947
f 3969 3947 3957
f 3972 3166 3165
f 3972 3165 3971
f 3166 3972 3970
f 3166 3970 3162
f 3169 3973 3971
f 3169 3971 3165
f 3973 3974 3972
f 3973 3972 3971
f 3976 3172 3171
f 3976 3171 3975
f 3172 3976 3973
f 3172 3973 3169
f 3976 3977 3974
f 3976 3974 3973
f 3174 3978 3975
f 3174 3975 3171
f 3978 3979 3976
f 3978 3976 3975
f 3979 3980 3977
f 3979 3977 3976
f 3176 3981 3978
f 3176 3978 3174
f 3981 3982 3979
f 3981 3979 3978
f 3982 3983 3980
f 3982 3980 3979
f 3974 3985 3984
f 3974 3984 3972
f 3977 3986 3985
f 3977 3985 3974
f 3980 3987 3986
f 3980 3986 3977
f 3989 3983 3982
f 3989 3982 3988
f 3983 3989 3987
f 3983 3987 3980
f 3992 3298 3297
f 3992 3297 3991
f 3298 3992 2992
f 3298 2992 2974
f 3992 3993 2993
f 3992 2993 2992
f 3993 3994 2994
f 3993 2994 2993
f 3996 3301 3300
f 3996 3300 3995
f 3301 3996 3991
f 3301 3991 3297
f 3997 3302 3162
f 3997 3162 3970
f 3998 3303 3302
f 3998 3302 3997
f 3303 3998 3995
f 3303 3995 3300
f 3998 3999 3996
f 3998 3996 3995
f 3972 4000 3997
f 3972 3997 3970
f 4000 4001 3998
f 4000 3998 3997
f 3306 4003 4002
f 3306 4002 3305
f 3307 4004 4003
f 3307 4003 3306
f 3310 4006 4005
f 3310 4005 3309
f 3311 4007 4006
f 3311 4006 3310
f 4007 3311 3305
f 4007 3305 4002
f 4008 4007 4002
f 4008 4002 4003
f 4009 4008 4003
f 4009 4003 4004
f 3314 4011 4010
f 3314 4010 3313
f 4011 3314 3309
f 4011 3309 4005
f 4012 4011 4005
f 4012 4005 4006
f 3316 4014 4013
f 3316 4013 3315
f 4014 3316 3313
f 4014 3313 4010
f 4015 4014 4010
f 4015 4010 4011
f 4016 3317 3315
f 4016 3315 4013
f 4017 4016 4013
f 4017 4013 4014
f 4019 3992 3991
f 4019 3991 4018
f 4020 3993 3992
f 4020 3992 4019
f 4021 3994 3993
f 4021 3993 4020
f 3994 4021 2997
f 3994 2997 2994
f 4021 4022 2998
f 4021 2998 2997
f 4022 4023 2999
f 4022 2999 2998
f 3996 4025 4018
f 3996 4018 3991
f 4025 4026 4019
f 4025 4019 4018
f 4028 4027 4024
f 4028 4024 4025
f 4028 3999 3998
f 4028 3998 4027
f 3999 4028 4025
f 3999 4025 3996
f 4029 4000 3972
f 4029 3972 3984
f 4030 4001 4000
f 4030 4000 4029
f 4001 4030 4027
f 4001 4027 3998
f 3985 4031 4029
f 3985 4029 3984
f 4007 4033 4032
f 4007 4032 4006
f 4008 4034 4033
f 4008 4033 4007
f 4009 4035 4034
f 4009 4034 4008
f 3986 4036 4031
f 3986 4031 3985
f 4012 4038 4037
f 4012 4037 4011
f 4038 4012 4006
f 4038 4006 4032
f 4039 4038 4032
f 4039 4032 4033
f 4040 4039 4033
f 4040 4033 4034
f 3987 4041 4036
f 3987 4036 3986
f 4015 4043 4042
f 4015 4042 4014
f 4043 4015 4011
f 4043 4011 4037
f 4044 4043 4037
f 4044 4037 4038
f 4045 4044 4038
f 4045 4038 4039
f 3989 4046 4041
f 3989 4041 3987
f 4047 4017 4014
f 4047 4014 4042
f 4048 4047 4042
f 4048 4042 4043
f 4050 4020 4019
f 4050 4019 4049
f 4051 4021 4020
f 4051 4020 4050
f 4052 4022 4021
f 4052 4021 4051
f 4053 4023 4022
f 4053 4022 4052
f 4055 4025 4024
f 4055 4024 4054
f 4056 4026 4025
f 4056 4025 4055
f 4026 4056 4049
f 4026 4049 4019
f 4056 4057 4050
f 4056 4050 4049
f 4057 4058 4051
f 4057 4051 4050
f 4027 4059 4054
f 4027 4054 4024
f 4059 4060 4055
f 4059 4055 4054
f 4062 4030 4029
f 4062 4029 4061
f 4030 4062 4059
f 4030 4059 4027
f 4031 4063 4061
f 4031 4061 4029
f 4063 4064 4062
f 4063 4062 4061
f 4035 4066 4065
f 4035 4065 4034
f 4036 4067 4063
f 4036 4063 4031
f 4040 4069 4068
f 4040 4068 4039
f 4069 4040 4034
f 4069 4034 4065
f 4070 4069 4065
f 4070 4065 4066
f 4041 4071 4067
f 4041 4067 4036
f 4044 4073 4072
f 4044 4072 4043
f 4045 4074 4073
f 4045 4073 4044
f 4074 4045 4039
f 4074 4039 4068
f 4075 4074 4068
f 4075 4068 4069
f 4076 4075 4069
f 4076 4069 4070
f 4077 4046 3989
f 4077 3989 3990
f 4046 4077 4071
f 4046 4071 4041
f 4078 4048 4043
f 4078 4043 4072
f 4079 4078 4072
f 4079 4072 4073
f 4080 4079 4073
f 4080 4073 4074
f 4081 4080 4074
f 4081 4074 4075
f 4083 4052 4051
f 4083 4051 4082
f 4084 4053 4052
f 4084 4052 4083
f 4086 4056 4055
f 4086 4055 4085
f 4087 4057 4056
f 4087 4056 4086
f 4088 4058 4057
f 4088 4057 4087
f 4058 4088 4082
f 4058 4082 4051
f 4088 4089 4083
f 4088 4083 4082
f 4089 4090 4084
f 4089 4084 4083
f 4092 4060 4059
f 4092 4059 4091
f 4060 4092 4085
f 4060 4085 4055
f 4092 4093 4086
f 4092 4086 4085
f 4093 4094 4087
f 4093 4087 4086
f 4062 4095 4091
f 4062 4091 4059
f 4095 4096 4092
f 4095 4092 4091
f 4098 4064 4063
f 4098 4063 4097
f 4064 4098 4095
f 4064 4095 4062
f 4067 4099 4097
f 4067 4097 4063
f 4099 4100 4098
f 4099 4098 4097
f 4071 4102 4099
f 4071 4099 4067
f 4076 4104 4103
f 4076 4103 4075
f 4104 4076 4070
f 4104 4070 4101
f 4077 4105 4102
f 4077 4102 4071
f 4081 4107 4106
f 4081 4106 4080
f 4107 4081 4075
f 4107 4075 4103
f 4108 4107 4103
f 4108 4103 4104
f 4110 4088 4087
f 4110 4087 4109
f 4111 4089 4088
f 4111 4088 4110
f 4112 4090 4089
f 4112 4089 4111
f 4114 4093 4092
f 4114 4092 4113
f 4115 4094 4093
f 4115 4093 4114
f 4094 4115 4109
f 4094 4109 4087
f 4115 4116 4110
f 4115 4110 4109
f 4116 4117 4111
f 4116 4111 4110
f 4117 4118 4112
f 4117 4112 4111
f 4120 4096 4095
f 4120 4095 4119
f 4096 4120 4113
f 4096 4113 4092
f 4120 4121 4114
f 4120 4114 4113
f 4121 4122 4115
f 4121 4115 4114
f 4098 4123 4119
f 4098 4119 4095
f 4123 4124 4120
f 4123 4120 4119
f 4124 4125 4121
f 4124 4121 4120
f 4127 4100 4099
f 4127 4099 4126
f 4100 4127 4123
f 4100 4123 4098
f 4127 4128 4124
f 4127 4124 4123
f 4102 4129 4126
f 4102 4126 4099
f 4129 4130 4127
f 4129 4127 4126
f 4105 4131 4129
f 4105 4129 4102
f 4131 4132 4130
f 4131 4130 4129
f 4134 4116 4115
f 4134 4115 4133
f 4135 4117 4116
f 4135 4116 4134
f 4136 4118 4117
f 4136 4117 4135
f 4138 4122 4121
f 4138 4121 4137
f 4122 4138 4133
f 4122 4133 4115
f 4138 4139 4134
f 4138 4134 4133
f 4139 4140 4135
f 4139 4135 4134
f 4140 4141 4136
f 4140 4136 4135
f 4143 4125 4124
f 4143 4124 4142
f 4125 4143 4137
f 4125 4137 4121
f 4143 4144 4138
f 4143 4138 4137
f 4144 4145 4139
f 4144 4139 4138
f 4147 4128 4127
f 4147 4127 4146
f 4128 4147 4142
f 4128 4142 4124
f 4147 4148 4143
f 4147 4143 4142
f 4148 4149 4144
f 4148 4144 4143
f 4130 4150 4146
f 4130 4146 4127
f 4150 4151 4147
f 4150 4147 4146
f 4151 4152 4148
f 4151 4148 4147
f 4132 4153 4150
f 4132 4150 4130
f 4153 4154 4151
f 4153 4151 4150
f 4154 4155 4152
f 4154 4152 4151
f 4157 4140 4139
f 4157 4139 4156
f 4158 4141 4140
f 4158 4140 4157
f 4160 4145 4144
f 4160 4144 4159
f 4145 4160 4156
f 4145 4156 4139
f 4160 4161 4157
f 4160 4157 4156
f 4161 4162 4158
f 4161 4158 4157
f 4164 4149 4148
f 4164 4148 4163
f 4149 4164 4159
f 4149 4159 4144
f 4164 4165 4160
f 4164 4160 4159
f 4165 4166 4161
f 4165 4161 4160
f 4166 4167 4162
f 4166 4162 4161
f 4152 4168 4163
f 4152 4163 4148
f 4168 4169 4164
f 4168 4164 4163
f 4169 4170 4165
f 4169 4165 4164
f 4170 4171 4166
f 4170 4166 4165
f 4155 4172 4168
f 4155 4168 4152
f 4172 4173 4169
f 4172 4169 4168
f 4173 4174 4170
f 4173 4170 4169
f 4174 4175 4171
f 4174 4171 4170
f 4177 4167 4166
f 4177 4166 4176
f 4171 4178 4176
f 4171 4176 4166
f 4178 4179 4177
f 4178 4177 4176
f 4181 4175 4174
f 4181 4174 4180
f 4175 4181 4178
f 4175 4178 4171
f 4181 4182 4179
f 4181 4179 4178
f 4183 4184 3002
f 4183 3002 3001
f 4184 3465 2991
f 4184 2991 3002
f 4185 3466 3465
f 4185 3465 4184
f 4187 3467 3466
f 4187 3466 4185
f 4188 4189 4187
f 4188 4187 4186
f 4189 3468 3467
f 4189 3467 4187
f 3469 4190 4004
f 3469 4004 3307
f 3470 4191 4190
f 3470 4190 3469
f 3471 4192 4191
f 3471 4191 3470
f 4192 4193 4189
f 4192 4189 4188
f 3472 4193 4192
f 3472 4192 3471
f 4193 3472 3468
f 4193 3468 4189
f 4194 4009 4004
f 4194 4004 4190
f 4195 4194 4190
f 4195 4190 4191
f 4023 4196 3003
f 4023 3003 2999
f 4196 4197 3004
f 4196 3004 3003
f 4197 4183 3001
f 4197 3001 3004
f 4198 4184 4183
f 4198 4183 4197
f 4199 4185 4184
f 4199 4184 4198
f 4200 4201 4199
f 4200 4199 4198
f 4187 4201 4200
f 4187 4200 4186
f 4201 4187 4185
f 4201 4185 4199
f 4202 4188 4186
f 4202 4186 4200
f 4192 4204 4203
f 4192 4203 4191
f 4204 4192 4188
f 4204 4188 4202
f 4194 4205 4035
f 4194 4035 4009
f 4195 4206 4205
f 4195 4205 4194
f 4206 4195 4191
f 4206 4191 4203
f 4207 4206 4203
f 4207 4203 4204
f 4208 4196 4023
f 4208 4023 4053
f 4209 4197 4196
f 4209 4196 4208
f 4210 4198 4197
f 4210 4197 4209
f 4211 4212 4210
f 4211 4210 4209
f 4212 4200 4198
f 4212 4198 4210
f 4213 4202 4200
f 4213 4200 4212
f 4215 4204 4202
f 4215 4202 4213
f 4205 4216 4066
f 4205 4066 4035
f 4206 4217 4216
f 4206 4216 4205
f 4217 4218 4215
f 4217 4215 4214
f 4207 4218 4217
f 4207 4217 4206
f 4218 4207 4204
f 4218 4204 4215
f 4219 4070 4066
f 4219 4066 4216
f 4220 4219 4216
f 4220 4216 4217
f 4221 4208 4053
f 4221 4053 4084
f 4222 4209 4208
f 4222 4208 4221
f 4090 4223 4221
f 4090 4221 4084
f 4223 4224 4222
f 4223 4222 4221
f 4224 4211 4209
f 4224 4209 4222
f 4225 4212 4211
f 4225 4211 4224
f 4226 4227 4225
f 4226 4225 4224
f 4227 4213 4212
f 4227 4212 4225
f 4228 4229 4227
f 4228 4227 4226
f 4215 4229 4228
f 4215 4228 4214
f 4229 4215 4213
f 4229 4213 4227
f 4230 4217 4214
f 4230 4214 4228
f 4219 4231 4101
f 4219 4101 4070
f 4220 4232 4231
f 4220 4231 4219
f 4232 4220 4217
f 4232 4217 4230
f 4233 4104 4101
f 4233 4101 4231
f 4234 4233 4231
f 4234 4231 4232
f 4235 4108 4104
f 4235 4104 4233
f 4236 4223 4090
f 4236 4090 4112
f 4237 4224 4223
f 4237 4223 4236
f 4118 4238 4236
f 4118 4236 4112
f 4238 4239 4237
f 4238 4237 4236
f 4239 4226 4224
f 4239 4224 4237
f 4240 4228 4226
f 4240 4226 4239
f 4241 4230 4228
f 4241 4228 4240
f 4242 4232 4230
f 4242 4230 4241
f 4234 4244 4243
f 4234 4243 4233
f 4244 4234 4232
f 4244 4232 4242
f 4245 4235 4233
f 4245 4233 4243
f 4246 4245 4243
f 4246 4243 4244
f 4247 4238 4118
f 4247 4118 4136
f 4248 4239 4238
f 4248 4238 4247
f 4141 4249 4247
f 4141 4247 4136
f 4249 4250 4248
f 4249 4248 4247
f 4250 4240 4239
f 4250 4239 4248
f 4251 4252 4250
f 4251 4250 4249
f 4252 4241 4240
f 4252 4240 4250
f 4253 4254 4252
f 4253 4252 4251
f 4254 4242 4241
f 4254 4241 4252
f 4255 4256 4254
f 4255 4254 4253
f 4256 4244 4242
f 4256 4242 4254
f 4257 4258 4256
f 4257 4256 4255
f 4258 4246 4244
f 4258 4244 4256
f 4259 4249 4141
f 4259 4141 4158
f 4162 4260 4259
f 4162 4259 4158
f 4260 4251 4249
f 4260 4249 4259
f 4167 4261 4260
f 4167 4260 4162
f 4261 4253 4251
f 4261 4251 4260
f 4262 4255 4253
f 4262 4253 4261
f 4263 4257 4255
f 4263 4255 4262
f 4264 4261 4167
f 4264 4167 4177
f 4179 4265 4264
f 4179 4264 4177
f 4265 4262 4261
f 4265 4261 4264
f 4182 4266 4265
f 4182 4265 4179
f 4266 4263 4262
f 4266 4262 4265
f 3600 4267 3981
f 3600 3981 3176
f 4267 4268 3982
f 4267 3982 3981
f 3602 4270 4267
f 3602 4267 3600
f 4270 4271 4268
f 4270 4268 4267
f 3603 4271 4270
f 3603 4270 3602
f 4271 4272 4269
f 4271 4269 4268
f 3606 4273 4271
f 3606 4271 3603
f 4273 4274 4272
f 4273 4272 4271
f 3607 4274 4273
f 3607 4273 3606
f 3610 4275 4274
f 3610 4274 3607
f 4268 4276 3988
f 4268 3988 3982
f 4276 4277 3989
f 4276 3989 3988
f 4269 4277 4276
f 4269 4276 4268
f 4272 4278 4277
f 4272 4277 4269
f 4274 4279 4278
f 4274 4278 4272
f 4277 4280 3990
f 4277 3990 3989
f 4281 3775 3317
f 4281 3317 4016
f 4282 4281 4016
f 4282 4016 4017
f 4282 3776 3775
f 4282 3775 4281
f 4283 3778 3776
f 4283 3776 4282
f 4286 3779 3778
f 4286 3778 4283
f 4287 4286 4283
f 4287 4283 4284
f 4287 3780 3779
f 4287 3779 4286
f 4288 3781 3780
f 4288 3780 4287
f 4275 4290 4285
f 4275 4285 4274
f 3782 4290 4275
f 3782 4275 3610
f 4291 3784 3781
f 4291 3781 4288
f 4292 4291 4288
f 4292 4288 4289
f 4292 3785 3784
f 4292 3784 4291
f 4293 3786 3785
f 4293 3785 4292
f 3787 4295 4290
f 3787 4290 3782
f 3788 4296 4295
f 3788 4295 3787
f 4297 3789 3786
f 4297 3786 4293
f 4298 4297 4293
f 4298 4293 4294
f 4298 3790 3789
f 4298 3789 4297
f 3792 4299 4296
f 3792 4296 3788
f 3793 4300 4299
f 3793 4299 3792
f 3794 4301 4300
f 3794 4300 3793
f 3795 4303 4301
f 3795 4301 3794
f 4303 4304 4302
f 4303 4302 4301
f 3796 4304 4303
f 3796 4303 3795
f 3797 4305 4304
f 3797 4304 3796
f 3798 4306 4305
f 3798 4305 3797
f 3799 4307 4306
f 3799 4306 3798
f 4310 4282 4017
f 4310 4017 4047
f 4311 4310 4047
f 4311 4047 4048
f 4278 4313 4309
f 4278 4309 4277
f 4314 4283 4282
f 4314 4282 4310
f 4315 4314 4310
f 4315 4310 4311
f 4315 4284 4283
f 4315 4283 4314
f 4316 4315 4311
f 4316 4311 4312
f 4279 4318 4313
f 4279 4313 4278
f 4285 4318 4279
f 4285 4279 4274
f 4319 4287 4284
f 4319 4284 4315
f 4320 4319 4315
f 4320 4315 4316
f 4320 4288 4287
f 4320 4287 4319
f 4321 4320 4316
f 4321 4316 4317
f 4321 4289 4288
f 4321 4288 4320
f 4290 4323 4318
f 4290 4318 4285
f 4324 4292 4289
f 4324 4289 4321
f 4325 4324 4321
f 4325 4321 4322
f 4325 4293 4292
f 4325 4292 4324
f 4326 4294 4293
f 4326 4293 4325
f 4295 4327 4323
f 4295 4323 4290
f 4296 4328 4327
f 4296 4327 4295
f 4329 4298 4294
f 4329 4294 4326
f 4299 4330 4328
f 4299 4328 4296
f 4300 4332 4330
f 4300 4330 4299
f 4332 4333 4331
f 4332 4331 4330
f 4301 4333 4332
f 4301 4332 4300
f 4302 4334 4333
f 4302 4333 4301
f 4304 4336 4334
f 4304 4334 4302
f 4336 4337 4335
f 4336 4335 4334
f 4305 4337 4336
f 4305 4336 4304
f 4306 4338 4337
f 4306 4337 4305
f 4307 4339 4338
f 4307 4338 4306
f 4308 4340 4339
f 4308 4339 4307
f 4280 4341 4077
f 4280 4077 3990
f 4309 4341 4280
f 4309 4280 4277
f 4342 4311 4048
f 4342 4048 4078
f 4343 4342 4078
f 4343 4078 4079
f 4343 4312 4311
f 4343 4311 4342
f 4344 4343 4079
f 4344 4079 4080
f 4313 4346 4341
f 4313 4341 4309
f 4347 4316 4312
f 4347 4312 4343
f 4348 4347 4343
f 4348 4343 4344
f 4348 4317 4316
f 4348 4316 4347
f 4349 4348 4344
f 4349 4344 4345
f 4318 4351 4346
f 4318 4346 4313
f 4352 4321 4317
f 4352 4317 4348
f 4353 4352 4348
f 4353 4348 4349
f 4353 4322 4321
f 4353 4321 4352
f 4354 4353 4349
f 4354 4349 4350
f 4323 4355 4351
f 4323 4351 4318
f 4357 4325 4322
f 4357 4322 4353
f 4358 4357 4353
f 4358 4353 4354
f 4358 4326 4325
f 4358 4325 4357
f 4327 4359 4355
f 4327 4355 4323
f 4359 4360 4356
f 4359 4356 4355
f 4328 4360 4359
f 4328 4359 4327
f 4330 4362 4360
f 4330 4360 4328
f 4362 4363 4361
f 4362 4361 4360
f 4331 4363 4362
f 4331 4362 4330
f 4333 4365 4363
f 4333 4363 4331
f 4365 4366 4364
f 4365 4364 4363
f 4334 4366 4365
f 4334 4365 4333
f 4335 4367 4366
f 4335 4366 4334
f 4337 4370 4367
f 4337 4367 4335
f 4370 4371 4368
f 4370 4368 4367
f 4338 4371 4370
f 4338 4370 4337
f 4371 4372 4369
f 4371 4369 4368
f 4339 4372 4371
f 4339 4371 4338
f 4340 4373 4372
f 4340 4372 4339
f 4341 4374 4105
f 4341 4105 4077
f 4375 4344 4080
f 4375 4080 4106
f 4376 4375 4106
f 4376 4106 4107
f 4376 4345 4344
f 4376 4344 4375
f 4377 4376 4107
f 4377 4107 4108
f 4346 4378 4374
f 4346 4374 4341
f 4380 4349 4345
f 4380 4345 4376
f 4381 4380 4376
f 4381 4376 4377
f 4381 4350 4349
f 4381 4349 4380
f 4351 4382 4378
f 4351 4378 4346
f 4382 4383 4379
f 4382 4379 4378
f 4384 4354 4350
f 4384 4350 4381
f 4355 4385 4382
f 4355 4382 4351
f 4385 4386 4383
f 4385 4383 4382
f 4356 4386 4385
f 4356 4385 4355
f 4360 4387 4386
f 4360 4386 4356
f 4361 4388 4387
f 4361 4387 4360
f 4363 4390 4388
f 4363 4388 4361
f 4390 4391 4389
f 4390 4389 4388
f 4364 4391 4390
f 4364 4390 4363
f 4366 4394 4391
f 4366 4391 4364
f 4394 4395 4392
f 4394 4392 4391
f 4367 4395 4394
f 4367 4394 4366
f 4395 4396 4393
f 4395 4393 4392
f 4368 4396 4395
f 4368 4395 4367
f 4369 4397 4396
f 4369 4396 4368
f 4372 4399 4397
f 4372 4397 4369
f 4399 4400 4398
f 4399 4398 4397
f 4373 4400 4399
f 4373 4399 4372
f 4374 4401 4131
f 4374 4131 4105
f 4401 4402 4132
f 4401 4132 4131
f 4378 4403 4401
f 4378 4401 4374
f 4403 4404 4402
f 4403 4402 4401
f 4379 4404 4403
f 4379 4403 4378
f 4383 4405 4404
f 4383 4404 4379
f 4386 4407 4405
f 4386 4405 4383
f 4407 4408 4406
f 4407 4406 4405
f 4387 4411 4407
f 4387 4407 4386
f 4411 4412 4408
f 4411 4408 4407
f 4388 4412 4411
f 4388 4411 4387
f 4412 4413 4409
f 4412 4409 4408
f 4389 4413 4412
f 4389 4412 4388
f 4413 4414 4410
f 4413 4410 4409
f 4391 4416 4413
f 4391 4413 4389
f 4416 4417 4414
f 4416 4414 4413
f 4392 4417 4416
f 4392 4416 4391
f 4417 4418 4415
f 4417 4415 4414
f 4393 4418 4417
f 4393 4417 4392
f 4396 4421 4418
f 4396 4418 4393
f 4421 4422 4419
f 4421 4419 4418
f 4397 4422 4421
f 4397 4421 4396
f 4422 4423 4420
f 4422 4420 4419
f 4398 4423 4422
f 4398 4422 4397
f 4402 4424 4153
f 4402 4153 4132
f 4424 4425 4154
f 4424 4154 4153
f 4425 4426 4155
f 4425 4155 4154
f 4404 4427 4424
f 4404 4424 4402
f 4427 4428 4425
f 4427 4425 4424
f 4428 4429 4426
f 4428 4426 4425
f 4405 4431 4427
f 4405 4427 4404
f 4431 4432 4428
f 4431 4428 4427
f 4406 4432 4431
f 4406 4431 4405
f 4432 4433 4429
f 4432 4429 4428
f 4433 4434 4430
f 4433 4430 4429
f 4408 4436 4432
f 4408 4432 4406
f 4436 4437 4433
f 4436 4433 4432
f 4409 4437 4436
f 4409 4436 4408
f 4437 4438 4434
f 4437 4434 4433
f 4410 4438 4437
f 4410 4437 4409
f 4438 4439 4435
f 4438 4435 4434
f 4414 4441 4438
f 4414 4438 4410
f 4441 4442 4439
f 4441 4439 4438
f 4415 4442 4441
f 4415 4441 4414
f 4442 4443 4440
f 4442 4440 4439
f 4418 4445 4442
f 4418 4442 4415
f 4445 4446 4443
f 4445 4443 4442
f 4419 4446 4445
f 4419 4445 4418
f 4446 4447 4444
f 4446 4444 4443
f 4420 4447 4446
f 4420 4446 4419
f 4426 4448 4172
f 4426 4172 4155
f 4448 4449 4173
f 4448 4173 4172
f 4449 4450 4174
f 4449 4174 4173
f 4429 4452 4448
f 4429 4448 4426
f 4452 4453 4449
f 4452 4449 4448
f 4430 4453 4452
f 4430 4452 4429
f 4453 4454 4450
f 4453 4450 4449
f 4454 4455 4451
f 4454 4451 4450
f 4434 4456 4453
f 4434 4453 4430
f 4456 4457 4454
f 4456 4454 4453
f 4435 4457 4456
f 4435 4456 4434
f 4457 4458 4455
f 4457 4455 4454
f 4439 4460 4457
f 4439 4457 4435
f 4460 4461 4458
f 4460 4458 4457
f 4440 4461 4460
f 4440 4460 4439
f 4461 4462 4459
f 4461 4459 4458
f 4443 4463 4461
f 4443 4461 4440
f 4463 4464 4462
f 4463 4462 4461
f 4444 4464 4463
f 4444 4463 4443
f 4450 4465 4180
f 4450 4180 4174
f 4465 4466 4181
f 4465 4181 4180
f 4451 4466 4465
f 4451 4465 4450
f 4466 4467 4182
f 4466 4182 4181
f 4455 4468 4466
f 4455 4466 4451
f 4468 4469 4467
f 4468 4467 4466
f 4458 4470 4468
f 4458 4468 4455
f 4470 4471 4469
f 4470 4469 4468
f 4459 4471 4470
f 4459 4470 4458
f 4462 4472 4471
f 4462 4471 4459
f 4473 3951 3790
f 4473 3790 4298
f 4474 3952 3951
f 4474 3951 4473
f 4475 3953 3952
f 4475 3952 4474
f 4476 3954 3953
f 4476 3953 4475
f 4477 4478 4476
f 4477 4476 4475
f 4478 3955 3954
f 4478 3954 4476
f 4479 4480 4478
f 4479 4478 4477
f 4480 3956 3955
f 4480 3955 4478
f 3958 4482 4481
f 3958 4481 3957
f 3959 4483 4482
f 3959 4482 3958
f 4483 4484 4480
f 4483 4480 4479
f 3960 4484 4483
f 3960 4483 3959
f 4484 3960 3956
f 4484 3956 4480
f 4487 4329 4326
f 4487 4326 4485
f 4487 4473 4298
f 4487 4298 4329
f 4488 4487 4485
f 4488 4485 4486
f 4488 4474 4473
f 4488 4473 4487
f 4489 4475 4474
f 4489 4474 4488
f 4490 4477 4475
f 4490 4475 4489
f 4491 4479 4477
f 4491 4477 4490
f 4481 4492 4340
f 4481 4340 4308
f 4482 4493 4492
f 4482 4492 4481
f 4483 4494 4493
f 4483 4493 4482
f 4494 4483 4479
f 4494 4479 4491
f 4496 4358 4354
f 4496 4354 4495
f 4496 4485 4326
f 4496 4326 4358
f 4497 4486 4485
f 4497 4485 4496
f 4498 4488 4486
f 4498 4486 4497
f 4499 4489 4488
f 4499 4488 4498
f 4500 4501 4499
f 4500 4499 4498
f 4501 4490 4489
f 4501 4489 4499
f 4502 4503 4501
f 4502 4501 4500
f 4503 4491 4490
f 4503 4490 4501
f 4492 4504 4373
f 4492 4373 4340
f 4493 4505 4504
f 4493 4504 4492
f 4505 4506 4503
f 4505 4503 4502
f 4494 4506 4505
f 4494 4505 4493
f 4506 4494 4491
f 4506 4491 4503
f 4507 4377 4108
f 4507 4108 4235
f 4508 4381 4377
f 4508 4377 4507
f 4509 4384 4381
f 4509 4381 4508
f 4509 4495 4354
f 4509 4354 4384
f 4511 4496 4495
f 4511 4495 4509
f 4512 4511 4509
f 4512 4509 4510
f 4512 4497 4496
f 4512 4496 4511
f 4513 4498 4497
f 4513 4497 4512
f 4514 4500 4498
f 4514 4498 4513
f 4516 4502 4500
f 4516 4500 4514
f 4400 4517 4515
f 4400 4515 4398
f 4504 4517 4400
f 4504 4400 4373
f 4517 4518 4516
f 4517 4516 4515
f 4505 4518 4517
f 4505 4517 4504
f 4518 4505 4502
f 4518 4502 4516
f 4519 4507 4235
f 4519 4235 4245
f 4520 4519 4245
f 4520 4245 4246
f 4521 4508 4507
f 4521 4507 4519
f 4522 4521 4519
f 4522 4519 4520
f 4523 4509 4508
f 4523 4508 4521
f 4524 4523 4521
f 4524 4521 4522
f 4524 4510 4509
f 4524 4509 4523
f 4525 4512 4510
f 4525 4510 4524
f 4526 4513 4512
f 4526 4512 4525
f 4528 4514 4513
f 4528 4513 4526
f 4423 4529 4527
f 4423 4527 4420
f 4515 4529 4423
f 4515 4423 4398
f 4516 4530 4529
f 4516 4529 4515
f 4530 4516 4514
f 4530 4514 4528
f 4531 4532 4258
f 4531 4258 4257
f 4532 4520 4246
f 4532 4246 4258
f 4533 4534 4532
f 4533 4532 4531
f 4534 4522 4520
f 4534 4520 4532
f 4535 4536 4534
f 4535 4534 4533
f 4536 4524 4522
f 4536 4522 4534
f 4537 4538 4536
f 4537 4536 4535
f 4538 4525 4524
f 4538 4524 4536
f 4539 4540 4538
f 4539 4538 4537
f 4540 4526 4525
f 4540 4525 4538
f 4447 4541 4539
f 4447 4539 4444
f 4527 4541 4447
f 4527 4447 4420
f 4541 4542 4540
f 4541 4540 4539
f 4542 4528 4526
f 4542 4526 4540
f 4529 4543 4541
f 4529 4541 4527
f 4543 4544 4542
f 4543 4542 4541
f 4530 4544 4543
f 4530 4543 4529
f 4544 4530 4528
f 4544 4528 4542
f 4545 4531 4257
f 4545 4257 4263
f 4546 4533 4531
f 4546 4531 4545
f 4547 4535 4533
f 4547 4533 4546
f 4548 4537 4535
f 4548 4535 4547
f 4464 4549 4548
f 4464 4548 4462
f 4539 4549 4464
f 4539 4464 4444
f 4549 4539 4537
f 4549 4537 4548
f 4467 4550 4266
f 4467 4266 4182
f 4550 4545 4263
f 4550 4263 4266
f 4469 4551 4550
f 4469 4550 4467
f 4551 4546 4545
f 4551 4545 4550
f 4471 4552 4551
f 4471 4551 4469
f 4552 4547 4546
f 4552 4546 4551
f 4472 4553 4552
f 4472 4552 4471
f 4548 4553 4472
f 4548 4472 4462
f 4553 4548 4547
f 4553 4547 4552
f 3965 4554 4307
f 3965 4307 3799
f 4554 4555 4308
f 4554 4308 4307
f 3966 4555 4554
f 3966 4554 3965
f 4555 4556 4481
f 4555 4481 4308
f 3969 4556 4555
f 3969 4555 3966
f 4556 3969 3957
f 4556 3957 4481
