# Exported from /tmp/growbot_visual_export.blend: hand_r
v 0.00851674657 -0.00180980423 -0.012891436
v 0.0085097421 -0.00198764564 -0.0126172705
v 0.00846535806 -0.00229207054 -0.012092378
v 0.00850744732 -0.00176902069 -0.0128692081
v 0.00848052092 -0.00185948354 -0.0125474185
v 0.00843154918 -0.00214378815 -0.0120115597
v 0.00840754248 -0.00252491399 -0.0116451839
v 0.0083921263 -0.00245730369 -0.0116083343
v 0.00287517579 -0.00442831125 -0.013469412
v 0.00721982447 -0.00261714892 -0.0134680904
v 0.00731545361 -0.00279228413 -0.0131819621
v 0.00743582658 -0.00311539741 -0.0126525611
v 0.00683311746 -0.00266978703 -0.0135380784
v 0.00682212599 -0.0028992109 -0.0132876392
v 0.00679555582 -0.00329328328 -0.012811848
v 0.00646101357 -0.00272364053 -0.0135869756
v 0.0063954182 -0.00291999592 -0.013338468
v 0.00629497087 -0.00327672577 -0.0128483083
v 0.00302021601 -0.00232604076 -0.0157936607
v 0.00313538779 -0.00252680783 -0.015518127
v 0.00324891717 -0.00288030528 -0.0150065469
v 0.00324197393 -0.00322759361 -0.0145024834
v 0.00320353662 -0.00357554015 -0.014001675
v 0.00311674247 -0.00401351275 -0.0134902773
v 0.00802411884 -0.00161671941 -0.0136707621
v 0.00822323002 -0.00188545766 -0.0132316807
v 0.00818231609 -0.0022880258 -0.0128172338
v 0.00814452861 -0.00263289828 -0.0123146279
v 0.00715488568 -0.00141437375 -0.0141708246
v 0.00745598366 -0.0016627463 -0.0139624812
v 0.00748931803 -0.00233023567 -0.013551197
v 0.00765738171 -0.00264773658 -0.0130688567
v 0.00777641637 -0.00296497787 -0.0125362556
v 0.00714764604 -0.00141535932 -0.0141720455
v 0.0068653198 -0.00175876776 -0.0140211377
v 0.00682722451 -0.00238863705 -0.0137301292
v 0.00633953046 -0.00187205803 -0.0138865598
v 0.00628639478 -0.00230288017 -0.0136393392
v 0.00606413791 -0.00260879635 -0.013192689
v 0.00589574454 -0.00292381668 -0.0126851462
v 0.00300345942 -0.00197336636 -0.015638927
v 0.00326517713 -0.0021134913 -0.0152723463
v 0.00346681522 -0.0023781436 -0.0147024207
v 0.00346837146 -0.00267003081 -0.0141662275
v 0.00340643665 -0.00297056045 -0.0136407381
v 0.00335289934 -0.00326994644 -0.0131138321
v 0.00800850801 -0.00117206876 -0.0134956427
v 0.00834314898 -0.00143918302 -0.0129681518
v 0.00834846124 -0.0015609418 -0.0123905623
v 0.00830019545 -0.00184515025 -0.0118545843
v 0.00715369452 -0.00140914996 -0.0141679784
v 0.00737872999 -0.00117652607 -0.0138968173
v 0.00714645535 -0.00141013553 -0.0141691985
v 0.00678466354 -0.00130551262 -0.013908674
v 0.00623701233 -0.00147335697 -0.0136839226
v 0.00597985787 -0.00169513468 -0.0133845909
v 0.00570218591 -0.00202503032 -0.0128954705
v 0.0055092657 -0.00233391253 -0.0123487758
v 0.00537082041 -0.00223279395 -0.0120452
v 0.00290754158 -0.00159133121 -0.0154272886
v 0.00293005141 -0.0015618701 -0.0149411866
v 0.00312204403 -0.00179203867 -0.0144023057
v 0.00319228228 -0.00207457715 -0.0138545344
v 0.00317659695 -0.00236881129 -0.013321247
v 0.00313469768 -0.00266661332 -0.0127923796
v 0.00781736709 -0.000778864953 -0.0132042579
v 0.00781140244 -0.000813977385 -0.0126676206
v 0.00793042406 -0.00108868862 -0.0121615846
v 0.00792816468 -0.0013810948 -0.011626034
v 0.0072939503 -0.000730010215 -0.0133217499
v 0.00718763564 -0.000647518784 -0.0127577251
v 0.00657678768 -0.000932888128 -0.0134200081
v 0.00647158641 -0.000846809766 -0.0128311357
v 0.00617623795 -0.000945624022 -0.0124818841
v 0.00618941523 -0.00114080496 -0.013448515
v 0.00602734974 -0.00120708719 -0.0131040541
v 0.00583008211 -0.00133050676 -0.0124948742
v 0.00554189179 -0.00177307776 -0.0120284092
v 0.0053524049 -0.00215202547 -0.0120011792
v 0.00267147645 -0.00136034144 -0.0145839537
v 0.00271369657 -0.00145890645 -0.0142511707
v 0.00274478714 -0.00166242686 -0.0136622665
v 0.00272866129 -0.00189908629 -0.0130964378
v 0.00269664638 -0.00216221903 -0.0125470459
v 0.00751701649 -0.000659497862 -0.0123396534
v 0.00753022311 -0.000789228419 -0.0120287584
v 0.00751819275 -0.00105349184 -0.0114781763
v 0.00713660335 -0.000679000281 -0.0124295978
v 0.00709025236 -0.000786764547 -0.0120676458
v 0.0070269797 -0.00101986341 -0.0115041193
v 0.00666089635 -0.00074825855 -0.0125053804
v 0.00637603924 -0.000914685486 -0.0122095738
v 0.00630095974 -0.0011240337 -0.0116295395
v 0.00594796706 -0.00110741192 -0.0121268518
v 0.00584499771 -0.00128659082 -0.0117632775
v 0.00285989046 -0.00458305469 -0.0132008325
v 0.00281320233 -0.00488225278 -0.0126731927
v 0.00277951057 -0.00503378268 -0.0124009224
v 0.00786138885 -0.00335063273 -0.0119120106
v 0.00786401238 -0.0036056235 -0.0114883166
v 0.00780630484 -0.00390372938 -0.0109610688
v 0.0077311988 -0.00407722592 -0.0106274299
v 0.00753359264 -0.0034003281 -0.0121637816
v 0.00743022049 -0.00380965462 -0.0116434945
v 0.0073815803 -0.00410693232 -0.0111149475
v 0.00723999739 -0.00429286063 -0.0105491709
v 0.00691050291 -0.00441943575 -0.0102806464
v 0.00676654465 -0.00367665291 -0.0123302229
v 0.00673204148 -0.00403593201 -0.011835468
v 0.00668478152 -0.00433926238 -0.0113102198
v 0.00659974851 -0.0044769235 -0.0106946761
v 0.00653959624 -0.00447197817 -0.0103418622
v 0.00619905163 -0.00363164837 -0.0123567106
v 0.00610005669 -0.00397697464 -0.0118599646
v 0.00602434389 -0.00428377185 -0.0113392826
v 0.00608132174 -0.00447538076 -0.0107412674
v 0.00617309939 -0.00452069566 -0.0104037784
v 0.00314555527 -0.0042233048 -0.0129710939
v 0.00307803089 -0.00452459464 -0.012446546
v 0.00291877519 -0.00484939991 -0.0120075317
v 0.00276342034 -0.00499416701 -0.0113386204
v 0.00271468889 -0.00525372149 -0.0107887331
v 0.00269782729 -0.00556258252 -0.0102638314
v 0.0025408871 -0.00575048663 -0.0098138554
v 0.00812614057 -0.0029226495 -0.0117708007
v 0.00814375747 -0.00320201716 -0.0112343021
v 0.00807546917 -0.00350341178 -0.0107098836
v 0.00784885418 -0.00384673825 -0.0102409637
v 0.00765638007 -0.00392785249 -0.00971022341
v 0.00744969724 -0.00423811097 -0.00892867241
v 0.00742472755 -0.00439244974 -0.00865594391
v 0.0078141652 -0.00312981382 -0.0122588603
v 0.00739195012 -0.00423089741 -0.0102779651
v 0.00717150373 -0.00421602232 -0.00979592092
v 0.00715352967 -0.00430660509 -0.00919502601
v 0.00709478464 -0.00464947289 -0.00861603674
v 0.00677676639 -0.00489348266 -0.00810927525
v 0.00647587422 -0.0044478043 -0.00998339988
v 0.00641109142 -0.0046707103 -0.00941914972
v 0.00637027575 -0.00500230212 -0.00890930463
v 0.00627980987 -0.00511613721 -0.00828077551
v 0.00569861755 -0.00320216548 -0.0121439472
v 0.00564436382 -0.00362256123 -0.011701121
v 0.00557784364 -0.0039696754 -0.0112024136
v 0.00559931621 -0.00412639976 -0.0105780065
v 0.00582461525 -0.00437144097 -0.0100723729
v 0.00558567001 -0.00459546363 -0.00949012302
v 0.00562456669 -0.00502012158 -0.00898766145
v 0.00555484463 -0.00522493385 -0.00840871781
v 0.00545227854 -0.00309499539 -0.0118617527
v 0.00540818321 -0.00333819236 -0.0115618184
v 0.00535181491 -0.00368392374 -0.0110613992
v 0.0053294464 -0.00385064865 -0.0106738079
v 0.00520307757 -0.00457002502 -0.009302333
v 0.00513659464 -0.00483804801 -0.00892930105
v 0.00507238694 -0.0051355972 -0.00840233266
v 0.00330872834 -0.0035680586 -0.0125853475
v 0.00323182344 -0.00387062551 -0.012062381
v 0.00306150434 -0.00418590847 -0.0115551632
v 0.00284291245 -0.00450776191 -0.0110560833
v 0.00284278463 -0.00479987869 -0.0105201732
v 0.00286860764 -0.00508846249 -0.0099798888
v 0.00262777018 -0.00549944211 -0.00947136618
v 0.00249283109 -0.00564365508 -0.00892601535
v 0.00827712938 -0.00231907796 -0.0113536017
v 0.00819076225 -0.00256258436 -0.0108681396
v 0.00808835961 -0.00286862231 -0.0103494721
v 0.00791196339 -0.00318473205 -0.00984327868
v 0.00759037677 -0.00360298157 -0.00934247673
v 0.00749250641 -0.00386024849 -0.00891139638
v 0.00747408345 -0.00418505631 -0.00831849501
v 0.00737464614 -0.004321991 -0.00773112662
v 0.00742700975 -0.00398851372 -0.00929806381
v 0.00742417946 -0.00400600862 -0.00926714856
v 0.00732163759 -0.00455713365 -0.00829108991
v 0.00710197957 -0.00467562489 -0.00795621332
v 0.00548108434 -0.00272163027 -0.0121153146
v 0.00532737002 -0.00386189506 -0.010212874
v 0.0053035086 -0.00406717416 -0.00988024101
v 0.00527010905 -0.00430841139 -0.0096156355
v 0.00536431978 -0.00263641472 -0.0118543925
v 0.00524506811 -0.00296354969 -0.0113647394
v 0.00519500114 -0.00326246372 -0.0108372495
v 0.0052096243 -0.00356275565 -0.0102947149
v 0.00506961113 -0.00378249492 -0.0097405538
v 0.00497988984 -0.00420777919 -0.00932619162
v 0.00477969134 -0.00448739156 -0.00876353867
v 0.00469995011 -0.00479034474 -0.00824105088
v 0.00309374579 -0.00296428706 -0.0122633521
v 0.00301712146 -0.00326681579 -0.0117403381
v 0.0028417178 -0.00358279073 -0.011233978
v 0.00273415586 -0.0038895309 -0.0107161794
v 0.00277346722 -0.00417627906 -0.0101736207
v 0.00276989443 -0.0044688643 -0.00963829178
v 0.00268956553 -0.00477189757 -0.00911590271
v 0.00256250473 -0.00508129224 -0.00860139169
v 0.00786689669 -0.00168153411 -0.0111004319
v 0.00776008004 -0.00198817253 -0.0105825076
v 0.00761979725 -0.00229936698 -0.0100702271
v 0.00753573328 -0.00260290853 -0.00954846758
v 0.00745628448 -0.00290582236 -0.0090259295
v 0.00743314018 -0.00320107164 -0.0084939003
v 0.0074469964 -0.00349128433 -0.0079556331
v 0.00734287221 -0.00379755674 -0.00743725523
v 0.00544508733 -0.00193381472 -0.0114649255
v 0.00537105277 -0.00216085464 -0.0108989552
v 0.00523426896 -0.00241891854 -0.0103562875
v 0.00510444725 -0.00253481744 -0.0100687472
v 0.00528480578 -0.00227214978 -0.0116710663
v 0.00518025365 -0.00250334362 -0.0111102406
v 0.0051367539 -0.00274871034 -0.0105518466
v 0.0050305631 -0.0028895156 -0.0100015039
v 0.00472999318 -0.00327692274 -0.00948554091
v 0.00447341334 -0.00360394712 -0.00899286568
v 0.00433071889 -0.00388292805 -0.00852809288
v 0.00430977531 -0.00434082653 -0.00802238844
v 0.0041508521 -0.00377207156 -0.00829176046
v 0.00410962664 -0.00405155309 -0.00787701085
v 0.00265404815 -0.00245244685 -0.012013955
v 0.00257965387 -0.00272897817 -0.011476025
v 0.0024678919 -0.00303810369 -0.0109599615
v 0.00240020454 -0.00325867487 -0.0104084443
v 0.00255348021 -0.00357318786 -0.00985246897
v 0.00259100483 -0.0038601791 -0.00931021199
v 0.00255643739 -0.00415698299 -0.00878010783
v 0.00238174479 -0.00447286107 -0.00827362668
v 0.00746876374 -0.00134559814 -0.0109467749
v 0.00738925254 -0.00166973704 -0.0104362546
v 0.00729995221 -0.00200967444 -0.00993557088
v 0.00726878271 -0.00227135257 -0.00938527845
v 0.00723549258 -0.00248999894 -0.00881082751
v 0.00718084024 -0.00270147319 -0.00823427364
v 0.00709638512 -0.00287254271 -0.00760476524
v 0.00702473056 -0.00316750864 -0.00705939671
v 0.00697573088 -0.00130570028 -0.0109693352
v 0.00693299435 -0.00162886828 -0.0104548996
v 0.00688671134 -0.00193648506 -0.00993198715
v 0.00680894544 -0.00210601813 -0.00933381449
v 0.00675118202 -0.00218657544 -0.00873849262
v 0.00695538986 -0.00241564331 -0.00809316244
v 0.00695290463 -0.00256140693 -0.0076536932
v 0.0068789958 -0.0030468211 -0.00673707388
v 0.006246984 -0.0013979096 -0.0110882372
v 0.0062022442 -0.00171229383 -0.0105690137
v 0.00614334317 -0.0019645663 -0.0100159375
v 0.00605047867 -0.00202436675 -0.00930624362
v 0.00625247229 -0.00199710159 -0.00894736126
v 0.00573798083 -0.00157420384 -0.0112346048
v 0.00568325119 -0.00188591296 -0.0107147815
v 0.00555338291 -0.00217431062 -0.0101886457
v 0.00531735783 -0.00226348895 -0.00956838951
v 0.00506746303 -0.00225060363 -0.0091248462
v 0.00491507538 -0.00256050634 -0.00963313505
v 0.00470295688 -0.00262418645 -0.00912898313
v 0.00433596224 -0.0029896216 -0.00865780003
v 0.00415474502 -0.00318874093 -0.00836827327
v 0.00403875066 -0.00335057918 -0.00811986253
v 0.00393886724 -0.00362787186 -0.00765288156
v 0.00217800308 -0.00304321363 -0.0100855771
v 0.00220657815 -0.00315194065 -0.00964584295
v 0.00215917639 -0.00328383013 -0.00897065457
v 0.00213380251 -0.00353820994 -0.0084247021
v 0.00201311219 -0.00380658428 -0.00798278954
v 0.00693243742 -0.00272560376 -0.00728099886
v 0.0069143069 -0.00283767004 -0.00708296895
v 0.00645700563 -0.00204488798 -0.00848818943
v 0.00652295304 -0.00216323044 -0.00798991136
v 0.00659621041 -0.00243991916 -0.00740573462
v 0.00648421329 -0.00265488331 -0.00685582869
v 0.00576406252 -0.00200551027 -0.00905418023
v 0.00594166899 -0.00198068027 -0.0086960895
v 0.00580279622 -0.00200278522 -0.00796504878
v 0.00576548977 -0.00214227708 -0.00740080839
v 0.00599632366 -0.00228523114 -0.00699572032
v 0.00554025779 -0.00203597429 -0.00909191091
v 0.00522716157 -0.00211742311 -0.00879420992
v 0.00508295465 -0.0021340556 -0.00810523983
v 0.00499489577 -0.00225976249 -0.00753784506
v 0.0047119353 -0.00245902757 -0.00724150334
v 0.00474384706 -0.00234388933 -0.00873977784
v 0.00455107773 -0.0024649268 -0.00834117737
v 0.00429618452 -0.00271085696 -0.00782263651
v 0.00425846968 -0.00267481129 -0.00729408488
v 0.00396636873 -0.00303812139 -0.00781774335
v 0.00382555439 -0.00304739177 -0.00731009105
v 0.00189285004 -0.00313245249 -0.0086403396
v 0.00187777681 -0.0032256213 -0.00847570226
v 0.00179415569 -0.00358159491 -0.00767674344
v 0.00605057226 -0.0024329219 -0.00660684472
v 0.00552283321 -0.00220602611 -0.00726178102
v 0.00568143511 -0.00229899213 -0.00677568419
v 0.00520347152 -0.00224949745 -0.00731562078
v 0.00489073293 -0.00231524906 -0.00687518017
v 0.00416387664 -0.00251523778 -0.00686182547
v 0.00374254002 -0.00273604644 -0.00689131021
v 0.0065755751 -0.0050022807 -0.00783311576
v 0.00620870618 -0.00514821103 -0.0078331111
v 0.00548021868 -0.00532189989 -0.0078877667
v 0.00506231841 -0.0053076339 -0.00799735263
v 0.00233144895 -0.00574736809 -0.00849779882
v 0.00724016642 -0.00443871645 -0.00727745984
v 0.00682184892 -0.00477678655 -0.00736127328
v 0.00659654615 -0.00482610147 -0.00688099908
v 0.00614722818 -0.00513387751 -0.00748001318
v 0.00601691566 -0.00506748073 -0.00685209082
v 0.005706314 -0.00512582343 -0.0065289042
v 0.00542263221 -0.00532463565 -0.00754397176
v 0.00526968529 -0.00522008445 -0.00697335321
v 0.0054207691 -0.00516469125 -0.00657704286
v 0.00481330883 -0.00511426898 -0.00769128837
v 0.0048346566 -0.00515074888 -0.007170178
v 0.00229288801 -0.0053821574 -0.00816216599
v 0.00198105373 -0.00582643505 -0.00679926714
v 0.00196219678 -0.00594299147 -0.00659330329
v 0.0071197208 -0.00407580193 -0.00687518576
v 0.00697015878 -0.0039753099 -0.00651895814
v 0.00702620065 -0.00436742371 -0.00678921584
v 0.00666965358 -0.00441088155 -0.00648240279
v 0.00629309192 -0.00460443087 -0.00588628696
v 0.00618370483 -0.00473682676 -0.00550007308
v 0.00617114315 -0.00487340568 -0.00647922838
v 0.00588215562 -0.00494422112 -0.00615225453
v 0.00582086109 -0.00498129521 -0.00543936063
v 0.00555592077 -0.00517588155 -0.00506410003
v 0.00493056094 -0.00514880661 -0.00669281045
v 0.00515928213 -0.00517925154 -0.00635144208
v 0.00510801142 -0.00530760037 -0.00569148175
v 0.00499528693 -0.00540011935 -0.00502632
v 0.00469583506 -0.00548751699 -0.00473697623
v 0.00425986014 -0.00450814841 -0.00738232536
v 0.00448911591 -0.00484839268 -0.00683447486
v 0.00434954558 -0.00502765784 -0.00636953209
v 0.00438601803 -0.0054294304 -0.00582652772
v 0.00429758243 -0.00555216847 -0.00520285126
v 0.00423277263 -0.00557367783 -0.0048010489
v 0.00408661226 -0.00422257511 -0.00744493026
v 0.00388399209 -0.00499698939 -0.00620492268
v 0.00377835566 -0.00529381353 -0.00580541557
v 0.0037683621 -0.0055167703 -0.0052312715
v 0.00381938461 -0.00561124412 -0.00487926789
v 0.00257727457 -0.00516185258 -0.00623980956
v 0.00256945658 -0.00521017611 -0.00615441799
v 0.00210204441 -0.00477029011 -0.00784492493
v 0.00196832162 -0.00504900981 -0.00705981534
v 0.00218088576 -0.00537724234 -0.00669612456
v 0.00215869979 -0.00563799031 -0.0061846748
v 0.00185415661 -0.00580981653 -0.00557236187
v 0.00170311611 -0.00588559359 -0.00524792029
v 0.00699216221 -0.00366373663 -0.006692403
v 0.00696867611 -0.0039688074 -0.00651541445
v 0.00683960039 -0.0033679856 -0.00653900392
v 0.00669455109 -0.00387027301 -0.00620472385
v 0.00640043989 -0.00416910183 -0.00563010341
v 0.00625340873 -0.00452665286 -0.00514247455
v 0.00609431555 -0.00463789841 -0.00452096155
v 0.0059437328 -0.0046965261 -0.00417255657
v 0.00603722967 -0.00489474926 -0.00513536483
v 0.00571092684 -0.00502751535 -0.00474994164
v 0.00549668772 -0.00496825017 -0.00410466455
v 0.00516204769 -0.0050678947 -0.00377773959
v 0.00517571392 -0.00531639019 -0.00471093692
v 0.00487794774 -0.00534409611 -0.00437553134
v 0.00477961451 -0.00523085007 -0.00380549044
v 0.0040692091 -0.00432778196 -0.00703857234
v 0.00404275116 -0.00450099958 -0.00673501473
v 0.00401469227 -0.00466416311 -0.00647209631
v 0.00416748738 -0.00554264709 -0.00443884917
v 0.00406160485 -0.00545748044 -0.00387955038
v 0.00388703775 -0.00399733102 -0.00712738466
v 0.00367464963 -0.00423458731 -0.00661795167
v 0.00351640722 -0.00456762221 -0.00622186437
v 0.00334799103 -0.00505048828 -0.00570711819
v 0.00334798987 -0.00531726982 -0.00515686022
v 0.0033914221 -0.00544438977 -0.00452106446
v 0.00346984062 -0.005470098 -0.00400037272
v 0.00265514338 -0.00426407205 -0.00645497767
v 0.00283960346 -0.00463293307 -0.00623176526
v 0.0027793101 -0.00510654692 -0.00582205318
v 0.00266938517 -0.00517686782 -0.00508251181
v 0.0028254108 -0.00521446019 -0.00460729282
v 0.00192799838 -0.00423674937 -0.00746903848
v 0.00212086597 -0.00447477167 -0.0069057513
v 0.00235968735 -0.00483581051 -0.00654270966
v 0.00235731946 -0.00534227258 -0.00578110665
v 0.0021508967 -0.0053818794 -0.00524599897
v 0.00172620651 -0.00560993794 -0.00482153334
v 0.00151454203 -0.00557039492 -0.0043958216
v 0.0064607067 -0.00294366572 -0.00633356813
v 0.00641135173 -0.0032424829 -0.00580595713
v 0.00635722699 -0.00354194921 -0.00527915079
v 0.00625510793 -0.00384794874 -0.00476043485
v 0.00608812226 -0.00416277768 -0.00425265497
v 0.00587670086 -0.00442079268 -0.00376006332
v 0.00574371312 -0.00437498419 -0.00332141644
v 0.00561785186 -0.00472249743 -0.00374960201
v 0.00528770871 -0.00473206025 -0.00333696674
v 0.00495757814 -0.00474154577 -0.00292446883
v 0.00468821218 -0.00508527178 -0.0033808595
v 0.00459713675 -0.00490857987 -0.0029832921
v 0.00397878606 -0.005349549 -0.00347543764
v 0.00388819771 -0.00516985077 -0.00308318343
v 0.00340430415 -0.00333781866 -0.00677511981
v 0.00320827984 -0.00383334653 -0.00643358566
v 0.0031464193 -0.00412771571 -0.0062330612
v 0.00296957768 -0.00530436821 -0.00417748559
v 0.00312647573 -0.00525772292 -0.00365888281
v 0.00328700454 -0.00518863648 -0.00317993527
v 0.003046019 -0.00325835473 -0.00648832321
v 0.00283120037 -0.00375126302 -0.00636472227
v 0.00310851308 -0.00413287571 -0.00623945193
v 0.00233394932 -0.0050979997 -0.00479683187
v 0.00250136014 -0.00504994905 -0.0043209875
v 0.00266364543 -0.00503358059 -0.00378915947
v 0.00180581049 -0.00357469614 -0.0071560014
v 0.0021395795 -0.00378650287 -0.006594826
v 0.00223204843 -0.00511187036 -0.00481401104
v 0.00198235712 -0.00507199299 -0.00441185012
v 0.00155189249 -0.00527907629 -0.00410216069
v 0.00603997428 -0.00252389815 -0.00613453938
v 0.00603276491 -0.00259713642 -0.00551768951
v 0.00610167533 -0.00294369948 -0.00496399449
v 0.00596568268 -0.00325430976 -0.00445098942
v 0.00580901653 -0.00353717571 -0.00393650262
v 0.00576895103 -0.0040076524 -0.00349285873
v 0.00571826007 -0.00426334841 -0.00326057151
v 0.00557968253 -0.00225668913 -0.006059621
v 0.00580443814 -0.00227727555 -0.00561951054
v 0.00562357297 -0.00342840096 -0.00366639812
v 0.00559121137 -0.00371532841 -0.00334370392
v 0.00542083895 -0.00419602077 -0.00298161292
v 0.00498965057 -0.0044549983 -0.00265631964
v 0.00478929142 -0.00217598584 -0.00632945448
v 0.00445825281 -0.00462958217 -0.00248892559
v 0.0040720473 -0.00234320993 -0.00645601843
v 0.00377852214 -0.00494412938 -0.00261487183
v 0.0033870039 -0.00279835565 -0.00648761215
v 0.00303479866 -0.00284007564 -0.00612029666
v 0.0027743706 -0.00500701321 -0.00329649961
v 0.0030051549 -0.00501287123 -0.00288843433
v 0.0030343181 -0.00320703513 -0.0064603528
v 0.00268178107 -0.00320245558 -0.00608704798
v 0.00232624146 -0.003216438 -0.00568094524
v 0.0021390093 -0.00471745618 -0.00394312711
v 0.00229286053 -0.00472525414 -0.003433106
v 0.00241279067 -0.00478797778 -0.00283925724
v 0.00165851973 -0.00322632957 -0.0067647011
v 0.00182179105 -0.00326937228 -0.00620613899
v 0.00199325685 -0.0032617636 -0.00573708117
v 0.00199497328 -0.00473706238 -0.00396740949
v 0.00169323257 -0.00477982452 -0.00354089867
v 0.00139495416 -0.00488309376 -0.0029862714
v 0.0121113621 0.00234773895 -0.00113862276
v 0.0121113751 0.00211976958 -0.000847102958
v 0.0120284781 0.0019978676 -0.000448412087
v 0.0120542608 0.0025981795 -0.00100212498
v 0.0120273782 0.00248816959 -0.000646313536
v 0.0119735841 0.00223862706 -0.000317190774
v 0.0116797294 0.00171507814 -0.0016105657
v 0.0117583442 0.00144860498 -0.00125924032
v 0.011624692 0.00117232173 -0.000726595288
v 0.011446056 0.00100383325 -0.00029449974
v 0.0111118155 0.00161872571 -0.00173604349
v 0.0111289825 0.00116924488 -0.00147495256
v 0.0110886525 0.000835519866 -0.000966270221
v 0.0110475374 0.000724694692 -0.000285732502
v 0.0107886391 0.000514342217 0.000226969714
v 0.0106006134 0.000365138316 0.000602258602
v 0.0106187025 0.0015913751 -0.00170677947
v 0.0103671355 0.00125652947 -0.00148670981
v 0.0103605725 0.000740387477 -0.0010867652
v 0.0103104236 0.000449728803 -0.000554610044
v 0.0102285547 0.000298189669 5.33693819e-05
v 0.0101150777 0.000173926717 0.000679561461
v 0.00986179803 0.00121329178 -0.00131796813
v 0.00958397612 0.000900736894 -0.00100411254
v 0.00954686292 0.000510206795 -0.000590292562
v 0.00949062593 0.000246250274 -4.35840338e-05
v 0.00936734211 6.02016225e-05 0.000591766788
v 0.00914541166 0.000853371341 -0.000795318629
v 0.00905355345 0.000643675681 -0.000559926499
v 0.00894412026 0.000311774638 -5.65384398e-05
v 0.00895259343 0.000120904762 0.000388197775
v 0.011801457 0.00218968163 -0.00143497437
v 0.0120541444 0.00179546198 -0.00103587005
v 0.0118881464 0.00167863199 -0.000411284505
v 0.0115189245 0.00127950148 7.13934423e-05
v 0.0113182347 0.00114306272 0.000631252886
v 0.0111684576 0.00103886263 0.00105119799
v 0.0110240774 0.00218113651 -0.00166970538
v 0.0112545397 0.000889042567 9.04934132e-05
v 0.011099143 0.000796722481 0.000415198156
v 0.0107953427 0.000647293054 0.00102134701
v 0.0104091726 0.00198991504 -0.00157609372
v 0.0100270659 0.00182603532 -0.00143526099
v 0.0102945808 0.000238348235 0.000969976652
v 0.00964685529 0.00162823184 -0.00123139308
v 0.00925401598 0.00139801612 -0.000973339716
v 0.00906243082 -1.29279761e-05 0.000790004968
v 0.0089736497 0.00121380354 -0.000752639433
v 0.00860354863 0.000962938124 -0.000407190586
v 0.00852954015 0.000485869794 4.02622391e-06
v 0.00865411106 0.000144644175 0.000574253732
v 0.00819503888 0.0010284012 -0.000164959521
v 0.00807003025 0.000739839394 0.000105678861
v 0.00794403441 0.000408008695 0.000607590366
v 0.0115901856 0.00280385325 -0.00106251915
v 0.0117512625 0.00276710256 -0.000513743376
v 0.0117822597 0.00231958576 -5.82595821e-05
v 0.0115872398 0.00199097511 0.000434488058
v 0.0113495402 0.00166652061 0.000930346781
v 0.0111069558 0.00139367348 0.00132947543
v 0.0108807273 0.00277434126 -0.0012983561
v 0.0109184142 0.00122195971 0.00156565558
v 0.0102244755 0.00260052434 -0.00125397416
v 0.00984653085 0.00246237009 -0.00115860067
v 0.00940027181 0.00225557643 -0.000965867424
v 0.00901401881 0.0020660616 -0.00077973539
v 0.00870120153 0.00187743176 -0.000564505928
v 0.00830546487 0.00162930333 -0.000274799066
v 0.00803001504 0.0014457599 -5.32701524e-05
v 0.00769192819 0.00116864964 0.000313728
v 0.00746607175 0.000843434187 0.000761840842
v 0.00722210482 0.000922288862 0.000985606341
v 0.00582218077 -0.00236719963 -0.00520128664
v 0.00580204977 -0.00252476707 -0.00475435052
v 0.00573013723 -0.00282877078 -0.00423173979
v 0.00567453634 -0.00309247547 -0.00393911824
v 0.00529457862 -0.00207301741 -0.00577080948
v 0.0054113185 -0.00208435953 -0.00529006682
v 0.00550736673 -0.00224836147 -0.00462491065
v 0.00552668702 -0.00253994623 -0.00408691959
v 0.00550890993 -0.00299104466 -0.00365492026
v 0.00533422502 -0.00329142599 -0.00312734349
v 0.00516880397 -0.00360604213 -0.00261929957
v 0.00489390083 -0.00390250352 -0.00219036452
v 0.00469119288 -0.00200104015 -0.0058888169
v 0.00459659938 -0.00184609904 -0.00545281451
v 0.00457297359 -0.00409223745 -0.00197650259
v 0.00396556733 -0.00213150377 -0.00599534577
v 0.00387347303 -0.00196111342 -0.00558664463
v 0.00346703385 -0.00236403802 -0.00605783798
v 0.00312330876 -0.00238545705 -0.0056359889
v 0.00278350152 -0.00238266052 -0.00525693083
v 0.00275922171 -0.00274132797 -0.00562215736
v 0.00239086803 -0.00276357937 -0.00522985356
v 0.00202276371 -0.00278429058 -0.00484027248
v 0.00192988804 -0.00445119385 -0.00309572858
v 0.00198631897 -0.00456172554 -0.00275026518
v 0.0014716303 -0.00298078521 -0.00588052487
v 0.00165112398 -0.00292065227 -0.00533065852
v 0.0018389012 -0.00280931778 -0.00487126922
v 0.00184914574 -0.00446218438 -0.00310934032
v 0.00170528865 -0.00459997915 -0.00279764272
v 0.00500872871 -0.00184990163 -0.00493798126
v 0.00505915051 -0.00192674017 -0.00448393961
v 0.00501692994 -0.00205314439 -0.00388861191
v 0.00506819459 -0.00240250351 -0.00334988511
v 0.00490898034 -0.0027162747 -0.00284079509
v 0.00476933969 -0.00302738161 -0.00232840516
v 0.00466462085 -0.00341062993 -0.00179043261
v 0.00452040276 -0.00176721346 -0.00506453309
v 0.00445027556 -0.00170040235 -0.00442088395
v 0.00467171986 -0.00174893043 -0.00400214223
v 0.00460329559 -0.00377861899 -0.00172840955
v 0.00378899928 -0.0018459236 -0.0051785754
v 0.00368704204 -0.00173649623 -0.00466214772
v 0.00324186287 -0.00206260849 -0.00522350008
v 0.00295263738 -0.0020728847 -0.00477817189
v 0.0026664827 -0.00206418126 -0.00436638342
v 0.00247729663 -0.00240634242 -0.00483087962
v 0.00218749838 -0.00241872342 -0.00446377974
v 0.00133915269 -0.00271182694 -0.00499633607
v 0.00153655058 -0.00259244 -0.00445497502
v 0.00125640468 -0.00249418383 -0.0040746145
v 0.00472063757 -0.00187065476 -0.00359906047
v 0.00469610142 -0.00206435472 -0.00319259195
v 0.00461595505 -0.0023720907 -0.00267284713
v 0.00455324864 -0.00245016254 -0.00205189665
v 0.00463456102 -0.00270479149 -0.00145695743
v 0.00418170122 -0.00164758996 -0.00418803236
v 0.0042528403 -0.00164877903 -0.00367239816
v 0.00430643326 -0.00180087821 -0.00307916501
v 0.00440520328 -0.00208426034 -0.00252925768
v 0.00443170965 -0.00217592972 -0.00216181763
v 0.00361967366 -0.00169632945 -0.00429496914
v 0.00345005956 -0.0015958834 -0.00368009042
v 0.00311303255 -0.00157550955 -0.00340949767
v 0.00313777314 -0.00183328218 -0.00433765957
v 0.00282563921 -0.00185144658 -0.00397644285
v 0.00271963584 -0.00170684489 -0.00346378377
v 0.00210952293 -0.00218295911 -0.00397641864
v 0.00201977813 -0.00199804595 -0.00359338033
v 0.00173713313 -0.00238909503 -0.00400029309
v 0.00138641393 -0.00226486777 -0.00377018587
v 0.00430701161 -0.0013918092 -0.00180345355
v 0.00445305463 -0.00174841471 -0.00166394701
v 0.00462134834 -0.00207355455 -0.00110094668
v 0.00381368026 -0.00145967957 -0.00329417456
v 0.00383505551 -0.00137703225 -0.0028413129
v 0.00417090114 -0.00153465755 -0.00217417302
v 0.00435469486 -0.00183814927 -0.00197771681
v 0.00359562412 -0.00148936117 -0.00333093572
v 0.00331634446 -0.00137184467 -0.00306782359
v 0.00261824159 -0.00146290357 -0.00305930525
v 0.00188313553 -0.00161074544 -0.00309556886
v 0.00115440262 -0.00171919342 -0.0032014444
v 0.00429394981 -0.00133452215 -0.00177223049
v 0.00431107357 -0.00123277924 -0.00136856781
v 0.00446944451 -0.00146119669 -0.000768317608
v 0.00363684702 -0.00101193984 -0.00239167362
v 0.00388937467 -0.000989157706 -0.00194491725
v 0.00414039148 -0.000975717034 -0.00148165342
v 0.00321725011 -0.00084293331 -0.00239303824
v 0.00342329638 -0.000652164686 -0.00212797266
v 0.00246546953 -0.000927935587 -0.00258504739
v 0.00173972826 -0.00101789203 -0.00272359885
v 0.00101696909 -0.00108941633 -0.00289472169
v 0.00412816554 -0.000805624353 -0.000919028535
v 0.00416936958 -0.000800009118 -0.000478220783
v 0.00354083232 -0.000443201105 -0.00150485593
v 0.0038913535 -0.000563589274 -0.00102829677
v 0.00395972468 -0.000474168832 -0.000584497117
v 0.00290185818 -0.000492164399 -0.00217485381
v 0.00306000561 -0.000359995378 -0.00185024086
v 0.00229026098 -0.00034923444 -0.00219199248
v 0.00245508808 -0.000181029987 -0.00191947178
v 0.00159980566 -0.000403499755 -0.00238968967
v 0.000877161045 -0.000474315224 -0.00256206468
v 0.00396581646 -0.000439100113 -9.66059742e-05
v 0.00330771017 -0.000149053783 -0.00121595117
v 0.00344304973 -5.32943232e-05 -0.000793653424
v 0.00379156717 -0.00020762386 -0.000177576265
v 0.00286460575 6.5197004e-05 -0.00125303748
v 0.00304669398 0.000194095366 -0.000941601465
v 0.00194716849 -8.27095791e-05 -0.00199674
v 0.00213806797 7.77848036e-05 -0.00163401035
v 0.00150001002 -7.04296399e-05 -0.00206665718
v 0.00141440518 0.000140073302 -0.00172883796
v 0.000758885057 -7.9998732e-05 -0.00217886362
v 0.000674963463 0.000140908363 -0.00185942918
v 0.00321199768 0.000329186267 -0.000382530678
v 0.00329104485 0.00032834406 0.000100974852
v 0.0025229957 0.000384497282 -0.00099962228
v 0.00271412008 0.000512753148 -0.000534730149
v 0.00290145492 0.00061758334 -2.84429207e-05
v 0.00202461402 0.000442352262 -0.0010764132
v 0.00193880452 0.000651590235 -0.000736358517
v 0.00120030937 0.000523570576 -0.00114602502
v 0.00133792008 0.000693843991 -0.000846082694
v 0.000549257384 0.000457416929 -0.00136933092
v 0.00142168172 -0.00608946383 -0.00209570699
v 0.00139880064 -0.00623089354 -0.00184578949
v 0.00412992062 -0.00458800979 -0.00214973395
v 0.00360753783 -0.0048289462 -0.00208082842
v 0.0032701653 -0.00493399659 -0.00175829243
v 0.00296421675 -0.00503501249 -0.00222733803
v 0.00292888773 -0.00521276705 -0.00168010406
v 0.0026624063 -0.00548851676 -0.00125268917
v 0.00223307754 -0.0050630304 -0.00231437571
v 0.0022243585 -0.00558909727 -0.00190740323
v 0.00219719671 -0.00577520067 -0.00125985418
v 0.00192219601 -0.00587513158 -0.000829186058
v 0.00148314342 -0.00520222029 -0.00246180384
v 0.00159888726 -0.00581390131 -0.00213112542
v 0.00154622714 -0.00613649609 -0.00155829021
v 0.00140641641 -0.00612348923 -0.000822823436
v 0.0011402996 -0.00617470266 -0.0004967188
v 0.00981659535 2.74453359e-05 0.000964822073
v 0.00954765268 -9.16285899e-06 0.00091948238
v 0.0105232131 0.000551548495 0.00150411052
v 0.0100456309 0.000233385188 0.00142507849
v 0.0097968122 0.000229224563 0.00187876262
v 0.00928154681 -8.22579022e-06 0.00115592731
v 0.00920013618 5.0328119e-05 0.00183771201
v 0.00855255127 5.09115489e-05 0.00116245123
v 0.0084631741 4.66349884e-05 0.00169606204
v 0.00796087924 0.000203003859 0.001194351
v 0.00803246628 0.000117891905 0.00155810779
v 0.0105150361 0.000882981229 0.0018799986
v 0.0102435453 0.000859093096 0.00222425233
v 0.0102646304 0.000483351818 0.00190933095
v 0.0099010393 0.000562506553 0.00221113861
v 0.0091403909 0.000326825917 0.002351237
v 0.00888540968 0.000387693755 0.00256414595
v 0.00839613471 8.53594975e-05 0.00206245435
v 0.00826467108 0.000187001657 0.00262272032
v 0.00794046093 0.000110890323 0.00301029789
v 0.00755016785 0.000360129576 0.00124566676
v 0.0077140755 0.000120528159 0.00178904133
v 0.00759462733 -5.73677826e-05 0.00241593667
v 0.0075094481 -0.000149456871 0.00305725168
v 0.0072212792 -0.000296974089 0.00342147355
v 0.00704337144 0.000607662427 0.00133934757
v 0.00682892511 0.000255604915 0.00175410288
v 0.0068914555 -0.000261748093 0.00223589828
v 0.00682372879 -0.00047531203 0.00281007239
v 0.00670074206 -0.000537745073 0.00346866902
v 0.00639459211 -0.000644300424 0.00378445326
v 0.00625529233 0.000233403116 0.0018776895
v 0.00604927447 -0.000122942802 0.00217058789
v 0.0060987738 -0.000584154797 0.00268210471
v 0.00601991685 -0.000748903723 0.00328288437
v 0.00594338914 -0.000791543163 0.003771252
v 0.00422264636 -0.00430933665 -0.00173046242
v 0.00399987074 -0.00437162351 -0.001206627
v 0.00374422339 -0.00467637461 -0.0017675648
v 0.00351968384 -0.00473067677 -0.00130334008
v 0.00329656689 -0.00486708758 -0.000699417084
v 0.0031098153 -0.00497841835 -0.000337843521
v 0.0031359992 -0.00507659419 -0.00138378493
v 0.00281348266 -0.00529316021 -0.000930641079
v 0.00264220056 -0.00526460679 -0.000298541912
v 0.0023234894 -0.00535607198 4.93259577e-05
v 0.00196208851 -0.00476463744 -0.00240689609
v 0.00239609019 -0.00558467163 -0.000863998372
v 0.0020657666 -0.00571322627 -0.000530286692
v 0.00184543105 -0.00564454822 9.77182353e-05
v 0.00151315541 -0.00572723709 0.000438526331
v 0.00166812388 -0.00480465172 -0.00245645409
v 0.00161641405 -0.00599335786 -0.000456598878
v 0.00127910939 -0.00601997226 -0.000151255808
v 0.00111484772 -0.00590382516 0.000411944609
v 0.00454394286 -0.00350038102 -0.00121425081
v 0.0044556479 -0.00354871061 -0.000846665644
v 0.00448380969 -0.00382508407 -0.00140350754
v 0.00414409162 -0.00399984932 -0.00082301884
v 0.00387900788 -0.00421244977 -0.000275628583
v 0.00372840092 -0.00432699779 0.000139654381
v 0.0037542209 -0.00446164841 -0.000812575105
v 0.00360292848 -0.004566547 -0.000501290546
v 0.00328201265 -0.00468850555 0.000101839425
v 0.00299109961 -0.00472063292 0.000537868415
v 0.00278909807 -0.00505634584 5.61811612e-05
v 0.00248308247 -0.00506917806 0.000493946951
v 0.00217778236 -0.00507758884 0.00092390069
v 0.0019765778 -0.00541751692 0.000450280553
v 0.00165764522 -0.00542531582 0.000884800451
v 0.00134015793 -0.00542418147 0.00130353565
v 0.00102969666 -0.00578566408 0.000821632682
v 0.000933136325 -0.00564287789 0.001279113
v 0.00459209038 -0.00300267152 -0.000928186113
v 0.00443238625 -0.0032925175 -0.000444282778
v 0.00430207979 -0.00333307963 9.48055531e-05
v 0.0042831013 -0.00360522186 -0.00042695523
v 0.00414354494 -0.00365699246 0.000103609404
v 0.0037774588 -0.00401148945 0.000545874762
v 0.00353855966 -0.00404059887 0.000981851015
v 0.00344972033 -0.00437890179 0.000552255195
v 0.00312347757 -0.00439613871 0.000971877482
v 0.00279736961 -0.00441254303 0.00139002735
v 0.00263788574 -0.00476127723 0.000950017245
v 0.00231844699 -0.00476684561 0.00136289792
v 0.00199763267 -0.00478091463 0.00179079897
v 0.00180276367 -0.00512615265 0.00132957124
v 0.00148360617 -0.00512287952 0.00175244128
v 0.00116509479 -0.00511561148 0.00216825237
v 0.000844273833 -0.00550844008 0.00169767207
v 0.000749143423 -0.00535681657 0.00213953597
v 0.00459518796 -0.00236921455 -0.000569425756
v 0.00448160991 -0.00267677382 -5.2642019e-05
v 0.00427464163 -0.00304926001 0.000459531147
v 0.00412709545 -0.00307189114 0.00088945491
v 0.00416816678 -0.00340694096 0.000508234603
v 0.00398950325 -0.00337058213 0.000929797417
v 0.00353802205 -0.00367833581 0.00141148083
v 0.00329747121 -0.00366445538 0.00180610502
v 0.00324509921 -0.00402446976 0.00143159879
v 0.00290836557 -0.0040443344 0.00181577657
v 0.00256803352 -0.00408643717 0.00223925081
v 0.00245387014 -0.00443311408 0.00181442488
v 0.0021233689 -0.00444586901 0.00222726888
v 0.0017931672 -0.004456772 0.00263684033
v 0.0016250097 -0.00481260987 0.00220623449
v 0.00128034304 -0.00479419017 0.00261356379
v 0.000652756658 -0.00518937735 0.00257608225
v 0.00450869929 -0.00174795231 -0.000225768541
v 0.0044272244 -0.00205114158 0.000296427344
v 0.00426631048 -0.0023651442 0.000805230928
v 0.00404036092 -0.00267980108 0.00132537028
v 0.00389547669 -0.00263584964 0.00171558256
v 0.00394422514 -0.00299579976 0.00138326082
v 0.00372257596 -0.00298999948 0.00176157011
v 0.00329989824 -0.00332130585 0.00215527718
v 0.00300891604 -0.00350696361 0.00237418734
v 0.00257893698 -0.00373094133 0.00267820572
v 0.0023120502 -0.0037021602 0.00306895189
v 0.00223846151 -0.0040641427 0.00268918113
v 0.00189279602 -0.00407390762 0.00307515427
v 0.0013919418 -0.00445676222 0.00306759984
v 0.00430916576 -0.0011420775 9.88312531e-05
v 0.00425902009 -0.00144100236 0.000626308785
v 0.0041515748 -0.0017477267 0.00114412641
v 0.00397183141 -0.00206429232 0.00164975564
v 0.00381780881 -0.00227742363 0.00197636825
v 0.00367195322 -0.0024433271 0.00221974496
v 0.00328158657 -0.00283148885 0.00262290472
v 0.0030334387 -0.00288089737 0.0030191713
v 0.00303534861 -0.00323274639 0.00265239156
v 0.00280064484 -0.00317258202 0.00304753613
v 0.00235031312 -0.00339391758 0.0034109666
v 0.00201006304 -0.00358628179 0.00362157077
v 0.00394655764 -0.000479188515 0.000385516614
v 0.00400588941 -0.000842423062 0.00094187283
v 0.00396708539 -0.00113980402 0.00147126231
v 0.00382905221 -0.00145069207 0.00198392337
v 0.00364912651 -0.00171458744 0.00251039793
v 0.00354098901 -0.00165178906 0.00293488218
v 0.00377181382 -0.000141788565 0.000289878139
v 0.00360993692 -0.00199316978 0.00257693976
v 0.00344830682 -0.00201835646 0.00298373215
v 0.00310259708 -0.00246995036 0.00347280409
v 0.002878431 -0.00256827986 0.00406936789
v 0.00279025314 -0.00285022915 0.00348175014
v 0.00246659713 -0.00300581707 0.00385393971
v 0.00207458599 -0.00331998803 0.00392059004
v 0.00551762804 -0.000134548871 0.00230458565
v 0.00526689459 -0.000460551819 0.00273012114
v 0.00523264427 -0.000686936663 0.003191208
v 0.00512777735 -0.000968839391 0.00383978873
v 0.00481473934 -0.0012491236 0.00429193117
v 0.00475579035 -0.00140004954 0.0045549213
v 0.0048825969 -0.000496260007 0.00294462754
v 0.00487899641 -0.000518514775 0.00298395357
v 0.00477973372 -0.00109003647 0.00398403872
v 0.00447862362 -0.00132396235 0.00421522139
v 0.0043890439 -0.00153954804 0.00456299493
v 0.00375744537 -0.000217659166 0.00071311486
v 0.0036910933 -0.000279063679 0.00130125717
v 0.00372411497 -0.000539841829 0.00178853923
v 0.00377930794 -0.000824428163 0.0023337754
v 0.00377426017 -0.00111721409 0.00286885537
v 0.00366030307 -0.00145167543 0.00332382927
v 0.00376530341 -0.00162084273 0.00398190739
v 0.00369257666 -0.00186443387 0.00456920452
v 0.00357937766 4.97501605e-05 0.00065122894
v 0.00355369109 -7.27270526e-06 0.00125500618
v 0.00346036465 -0.00180516928 0.0033081898
v 0.00337560405 -0.00201126491 0.00372887193
v 0.00317874853 -0.00224123104 0.0042819418
v 0.000936117722 -0.00477304403 0.00301607442
v 0.000561210094 -0.00501560094 0.0029788001
v 0.00154548732 -0.00409383047 0.00347907702
v 0.00112137001 -0.00443848269 0.00337393745
v 0.000500534952 -0.00474280538 0.00351047562
v 0.000236821783 -0.00472195912 0.0038139103
v 0.00162280281 -0.00378201506 0.00381869148
v 0.00109161693 -0.00406589638 0.00398334302
v 0.000833433704 -0.0040508518 0.0042649745
v 0.000694300048 -0.0044163554 0.00386424502
v 0.000328523194 -0.00438362267 0.00425584614
v -3.69231711e-05 -0.00434884755 0.00464383839
v 0.0027016243 -0.00264491024 0.00440906314
v 0.00227857823 -0.00294862129 0.00445949938
v 0.00195573107 -0.00304561248 0.00480638118
v 0.00172998547 -0.00342519931 0.00424414687
v 0.00155051751 -0.00329021667 0.00474955142
v 0.00128386659 -0.00370246707 0.00432255818
v 0.000940183934 -0.00369021809 0.00471334113
v 0.000595714664 -0.003682832 0.00511271693
v 0.000420832599 -0.00404795166 0.00469632819
v 3.07635491e-05 -0.00399645884 0.00510022556
v -0.000356705015 -0.00392889278 0.00547571946
v 0.00341293635 -0.00197494472 0.00489763217
v 0.00289237266 -0.00236711837 0.00483962893
v 0.00261428021 -0.00245292415 0.00533408346
v 0.00242595142 -0.00275192223 0.00479075266
v 0.00212932983 -0.00276831281 0.00527894637
v 0.00184021343 -0.00273831375 0.00568516552
v 0.00145200093 -0.00311343605 0.00519118877
v 0.00135779148 -0.00295611937 0.00562299183
v 0.00104792952 -0.00333394902 0.00515932823
v 0.000640193699 -0.00329254405 0.00558556942
v 0.000239590619 -0.00320705096 0.00593390316
v 8.85998816e-05 -0.00360086723 0.00558015984
v -0.000171386971 -0.00354846264 0.00580070028
v 0.00227870187 -0.004199713 -0.014159658
v 0.00250800373 -0.00438528229 -0.0137563962
v 0.00183652411 -0.00426279707 -0.0142260045
v 0.00181556237 -0.00447048526 -0.0139339734
v 0.00146491057 -0.00432765111 -0.0142463138
v 0.00141937146 -0.0044957581 -0.0139845489
v -0.00126215909 -0.00495599955 -0.0143432207
v -0.00182463019 -0.00502533978 -0.0144737605
v -0.00227109622 -0.00510886963 -0.014439621
v 0.00262775109 -0.00239275792 -0.0159131736
v 0.00263016135 -0.00271238084 -0.0156693999
v 0.00261400198 -0.0031521155 -0.0152184945
v 0.00259146746 -0.00356388907 -0.0147523517
v 0.00254102726 -0.00399165088 -0.0142701091
v 0.00273633329 -0.0042311959 -0.0138380621
v 0.0018980715 -0.00248926808 -0.0160230715
v 0.00190283218 -0.00281080999 -0.0157916918
v 0.00188904593 -0.00326095312 -0.0153464591
v 0.00186735089 -0.00367640913 -0.0148823233
v 0.0018486958 -0.00406087702 -0.0144612379
v 0.00151081092 -0.00252774707 -0.0160306375
v 0.00140454515 -0.00276183453 -0.0158095956
v 0.00122483296 -0.0031659801 -0.0153535251
v 0.0010228164 -0.00351196248 -0.0148656573
v 0.00114248088 -0.00402216008 -0.0143792676
v 0.00100394385 -0.0043179444 -0.0139219565
v 0.000586378213 -0.00349817844 -0.0146634532
v 0.000410907844 -0.00374979107 -0.0143559622
v 0.000182273681 -0.00411971845 -0.0139510259
v -0.00064010598 -0.00339902681 -0.0154875722
v -0.000551800884 -0.00368287484 -0.0151074668
v -0.000475622073 -0.00402838085 -0.0145947831
v -0.000382081955 -0.00433757156 -0.0141259795
v -0.001243226 -0.00321095018 -0.0160293188
v -0.00102781388 -0.00344132725 -0.0157546848
v -0.00106454315 -0.00397110311 -0.0153175201
v -0.00108562526 -0.00438924599 -0.0148548484
v -0.00105829327 -0.00475816568 -0.0144117614
v -0.00178179424 -0.00328755472 -0.0161309745
v -0.00177321385 -0.00364075648 -0.0158966891
v -0.00178201823 -0.00411274936 -0.0154633671
v -0.00180425588 -0.00452582492 -0.0149979321
v -0.00181838847 -0.00479741022 -0.0146948183
v -0.00219929125 -0.00333134108 -0.0161477979
v -0.00232646288 -0.00358346454 -0.0159149189
v -0.00248013786 -0.0039893426 -0.0154574458
v -0.00256179413 -0.00435110647 -0.0149684148
v -0.00265833829 -0.00472108368 -0.0144693628
v 0.00255518546 -0.00197832496 -0.0158173554
v 0.00182537967 -0.0020934043 -0.0159115121
v 0.00141961768 -0.00220469688 -0.0158770606
v 0.00116720656 -0.00239906507 -0.0156260319
v 0.000779516704 -0.00276738824 -0.0151461689
v 0.000698907708 -0.00318471855 -0.0149432495
v 0.000543579052 -0.00270149251 -0.0148816947
v 0.000445498561 -0.00309594115 -0.0146830846
v 5.05382777e-05 -0.00342736254 -0.0142064923
v -0.000173627865 -0.00361003703 -0.0139651028
v -0.000677699631 -0.00297312695 -0.015344549
v -0.000467373349 -0.00320576108 -0.0148297353
v -0.000297943072 -0.00347479736 -0.0142652411
v -0.000213060062 -0.00361540448 -0.0139717506
v -0.00121338083 -0.00281415624 -0.0158603135
v -0.000863979512 -0.00285243383 -0.0156439189
v -0.00185607455 -0.0028692265 -0.0160281304
v -0.00231932965 -0.00298728654 -0.016005313
v -0.00261562201 -0.00320607959 -0.0157278292
v -0.00289000059 -0.00353552704 -0.0152381547
v -0.00301698642 -0.00384491123 -0.0147236306
v -0.00311687193 -0.00415158784 -0.014183471
v 0.00244578929 -0.00155227236 -0.0155124515
v 0.00235001836 -0.0014046079 -0.0150635932
v 0.00172343012 -0.00169162196 -0.015631184
v 0.00162871263 -0.0015374443 -0.0151938321
v 0.00134218019 -0.00185910414 -0.0156871229
v 0.0011624191 -0.00183020136 -0.0152460923
v 0.00077288883 -0.00215394562 -0.0147996256
v 0.000576506543 -0.00229999679 -0.0142215863
v 0.000440081523 -0.00252574496 -0.0136605976
v 0.000343880209 -0.0027783229 -0.0131111089
v 0.000503804593 -0.00252704555 -0.014786616
v 0.000359369034 -0.00264607091 -0.0144373123
v 0.000157985545 -0.00288066175 -0.0138872731
v -4.48431238e-05 -0.00312605943 -0.0134059731
v -0.000822595321 -0.00260668877 -0.0150606055
v -0.000781128707 -0.00272251409 -0.0145849884
v -0.000738711271 -0.00293370103 -0.0139993858
v -0.000730883155 -0.00312006753 -0.0134833809
v -0.00138961757 -0.00243514334 -0.0156322084
v -0.00131682516 -0.00240539433 -0.015139943
v -0.00125113013 -0.00246997317 -0.0144851049
v -0.00115563301 -0.00267393445 -0.0138905533
v -0.0011438207 -0.00281521492 -0.0135587445
v -0.00195961981 -0.00247535249 -0.0157319512
v -0.00204828568 -0.00236669462 -0.0151399113
v -0.00233046128 -0.00240391353 -0.0148388771
v -0.00239193067 -0.00261606323 -0.0157912374
v -0.00256910361 -0.00268511265 -0.0154287517
v -0.0027338462 -0.00281281536 -0.014850026
v -0.00295044458 -0.0032028188 -0.014354175
v -0.00305342185 -0.00350893475 -0.0138356034
v 0.00227793469 -0.00134375901 -0.0146851428
v 0.00221221033 -0.00138989673 -0.0142580308
v 0.00212522689 -0.00151900272 -0.0136378258
v 0.00205150782 -0.00170628703 -0.0130493278
v 0.00199100189 -0.00195152103 -0.0124924155
v 0.00155095675 -0.00145171885 -0.0148018217
v 0.00148451235 -0.00148670771 -0.0143794408
v 0.00139410677 -0.00160080544 -0.0137510551
v 0.00132011296 -0.00178688415 -0.0131619005
v 0.00126202009 -0.00204270217 -0.0126107568
v 0.00117713539 -0.00157575472 -0.0148280393
v 0.00105318718 -0.00168269151 -0.0145298392
v 0.000860465865 -0.00190120237 -0.0139699085
v 0.000729800027 -0.0021522108 -0.0134226866
v 0.000640278158 -0.00243408349 -0.0128891645
v -0.00116439001 -0.00300298491 -0.0131993983
v -0.00174293644 -0.00227108435 -0.0147834625
v -0.00164845516 -0.00237155776 -0.0144657884
v -0.00154739874 -0.00259990012 -0.0138845248
v -0.00147085614 -0.00287243491 -0.0133645991
v -0.00184550625 -0.00228504604 -0.0148007544
v -0.00213896809 -0.00240958808 -0.0145673743
v -0.00223854836 -0.0026210607 -0.0139597775
v -0.00229368964 -0.00288982457 -0.0134156886
v -0.00260393671 -0.00258136564 -0.0144968471
v -0.00270701409 -0.00278024748 -0.0140927527
v -0.00279307179 -0.00306625525 -0.0135612525
v 0.00249709724 -0.00468181586 -0.0132899368
v 0.00245005777 -0.00498611247 -0.0127652148
v 0.00240909611 -0.00516516669 -0.01237767
v 0.0017758084 -0.00480673648 -0.0134266671
v 0.00173035217 -0.00511797797 -0.0129057309
v 0.00168137811 -0.0053107827 -0.0124595556
v 0.00133604719 -0.00481721945 -0.0134728616
v 0.00126838335 -0.00512643391 -0.0129528111
v 0.00126080331 -0.00530258706 -0.0126025565
v -0.000732616754 -0.00517276581 -0.0136981346
v -0.00071841263 -0.00542214885 -0.013302058
v -0.000781580515 -0.00563501054 -0.0129024982
v -0.000957072712 -0.00641331822 -0.0114728864
v -0.000967383326 -0.00647704909 -0.011360269
v -0.00107718376 -0.00519380299 -0.0139479637
v -0.00115744839 -0.00560606178 -0.013446331
v -0.00120436132 -0.0058349669 -0.0128439441
v -0.00147397467 -0.00596720399 -0.0125504062
v -0.00135197258 -0.00646677101 -0.0115975123
v -0.00144517957 -0.00665770005 -0.0112686502
v -0.00176059024 -0.00681942701 -0.0110246167
v -0.00184262451 -0.00537876086 -0.0140816625
v -0.00187658891 -0.00574040459 -0.0135881966
v -0.0019380392 -0.00598149654 -0.0130290268
v -0.00199550577 -0.00605341792 -0.0126300808
v -0.0020800808 -0.00656419247 -0.0117159942
v -0.0020544203 -0.00673849601 -0.0113693811
v -0.00180539617 -0.00682552624 -0.0110321697
v -0.00238126982 -0.00535886222 -0.0141197173
v -0.00248680054 -0.00569931464 -0.0136208115
v -0.00247944798 -0.00596199185 -0.0130675575
v -0.00241574016 -0.00607014121 -0.0127240177
v -0.00248563359 -0.00661913352 -0.0117248902
v -0.00249572867 -0.00668153213 -0.0116146281
v 0.00236903364 -0.00524476031 -0.0120757641
v 0.00228764932 -0.00529502053 -0.0115524335
v 0.002223738 -0.0055253217 -0.0109873805
v 0.00217702356 -0.00583104324 -0.0104634361
v 0.00214515114 -0.00595891988 -0.00977557339
v 0.00189498533 -0.00610581506 -0.00941471104
v 0.0016381552 -0.00537651544 -0.0121500958
v 0.00157553924 -0.00546019943 -0.0117111066
v 0.00151624903 -0.00571076619 -0.0111570992
v 0.00146265456 -0.0059863138 -0.0106167085
v 0.00138232438 -0.00614460185 -0.0100124078
v 0.00130404672 -0.0062478832 -0.00946469419
v 0.000926172186 -0.00466375984 -0.0134235444
v 0.000863740512 -0.00499592209 -0.0129160006
v 0.000936236058 -0.00526088383 -0.0123681873
v 0.000819156994 -0.00543120317 -0.0117639471
v 0.000765327772 -0.00570572261 -0.0112229958
v 0.000708246254 -0.00596597604 -0.0106742689
v 0.00058636826 -0.00613244204 -0.0100572258
v 0.000754698529 -0.00625643181 -0.00961045176
v 0.000225047057 -0.00458209589 -0.0134415207
v 0.000186159334 -0.00492214598 -0.0129362857
v 0.000132455025 -0.00519721257 -0.0123956334
v 7.18416413e-05 -0.00544197625 -0.0118384641
v 2.30892911e-05 -0.00573876081 -0.011309647
v -3.01952241e-05 -0.00601566816 -0.0107699977
v -8.83395551e-05 -0.00619715266 -0.0101556182
v -0.000359804195 -0.00635639718 -0.00984018389
v -0.000491246639 -0.00487059914 -0.0137114152
v -0.000405734347 -0.00514931278 -0.0131190317
v -0.000579177518 -0.00550386775 -0.012599336
v -0.000626176479 -0.00566895772 -0.0120308213
v -0.000711463625 -0.0060567176 -0.0115121379
v -0.00074714428 -0.00637408393 -0.0110442415
v -0.000781178242 -0.00652096001 -0.0104234694
v -0.000850475742 -0.00663107308 -0.0098004397
v -0.000807111093 -0.00494285207 -0.0140423337
v -0.000991311157 -0.00579281431 -0.0125435153
v -0.00129580649 -0.00590179628 -0.0122475587
v -0.00136463356 -0.00615593651 -0.0117733851
v -0.00127199804 -0.00667209597 -0.0110310474
v -0.00151778955 -0.00680650724 -0.010717799
v -0.00155449018 -0.0069283233 -0.010023566
v -0.00205567293 -0.00604483485 -0.0122801159
v -0.00209079217 -0.00626190938 -0.0118965274
v -0.00228525 -0.00681618555 -0.0112040704
v -0.0021245461 -0.00689763669 -0.0108249215
v -0.00227910001 -0.00703867711 -0.0101523576
v -0.00282027596 -0.0050776368 -0.0140007632
v -0.00298079522 -0.00533045037 -0.0134139797
v -0.00289290026 -0.00562945195 -0.0129172243
v -0.0026915865 -0.00589016359 -0.0123862466
v -0.00274055195 -0.00622578897 -0.0117909396
v -0.00282306643 -0.00654710596 -0.0113314446
v -0.00294701126 -0.00673972908 -0.0107455635
v -0.00296031591 -0.00694504473 -0.0101617388
v 0.0023795357 -0.00589900929 -0.0094451895
v 0.00205060933 -0.0060365838 -0.00915206969
v 0.00125356624 -0.00628178474 -0.00913788471
v 0.00027113891 -0.00614315597 -0.00984429102
v 0.000491969171 -0.00623773038 -0.00941226445
v 0.000126227911 -0.00616288139 -0.00986872055
v -0.000178183691 -0.00629134569 -0.00954663474
v -0.000653949101 -0.00650270609 -0.00948242284
v -0.00322020496 -0.00424347445 -0.0135653215
v -0.00321742892 -0.00473053008 -0.0130961472
v -0.00318348082 -0.00503597036 -0.012607974
v -0.00315105147 -0.00532365497 -0.0120665757
v -0.0032386973 -0.00562768476 -0.0115454197
v -0.00336844195 -0.00593744405 -0.0110313622
v -0.00342187099 -0.00623681583 -0.0105044376
v -0.00345495669 -0.00648174156 -0.00994849391
v 0.000289007148 -0.00305967149 -0.0125741167
v 0.000253134349 -0.00336430082 -0.0120485611
v 0.000206201687 -0.00354436459 -0.0117138904
v -6.71744929e-05 -0.0033004405 -0.0127429795
v -0.000113723858 -0.00360688753 -0.0122194299
v -0.000127243518 -0.00382502982 -0.0116588566
v -0.000409307308 -0.00411748886 -0.0111329807
v -0.000595830148 -0.00425656699 -0.0107810702
v -0.000879114552 -0.00335550588 -0.0128203053
v -0.000840990513 -0.0037055891 -0.01234187
v -0.000891761389 -0.00399352098 -0.0118082287
v -0.000917144527 -0.00413764454 -0.0112573896
v -0.000691095134 -0.00426953472 -0.0107971309
v -0.00124482543 -0.00335757341 -0.0126024317
v -0.00155199482 -0.00362158241 -0.0123268683
v -0.00159561506 -0.00388949527 -0.0118551496
v -0.00134735415 -0.00398846436 -0.0114904391
v -0.00236057793 -0.0038031335 -0.0122814998
v -0.00237319293 -0.00388110802 -0.0121437125
v -0.0030772225 -0.00380427414 -0.013303685
v -0.00296203443 -0.00403627334 -0.0126922438
v -0.00298004062 -0.00430577481 -0.0122053055
v -0.00321459724 -0.00469927024 -0.0117190508
v -0.00345256226 -0.00503530866 -0.0111763682
v -0.00351351569 -0.00546148699 -0.0107752969
v -0.00355344126 -0.00580713246 -0.0102733234
v -0.00374363037 -0.00578970974 -0.00924248621
v -0.0035783276 -0.00607460504 -0.00996556971
v 0.00194722775 -0.00227014092 -0.0119754998
v 0.00189631025 -0.00255742925 -0.0114415083
v 0.00186737825 -0.0027975121 -0.0109069934
v 0.0020965701 -0.00296277483 -0.0105149988
v 0.00122351898 -0.00238444819 -0.0121064456
v 0.00117958966 -0.00270238589 -0.0115891583
v 0.00112494244 -0.00284375506 -0.0111508621
v 0.000593010744 -0.0027487895 -0.0123703545
v 0.000556752842 -0.00305173104 -0.0118438778
v 0.000447484257 -0.00328285457 -0.0112750009
v 0.000199356698 -0.00344756036 -0.0106981387
v -7.68783502e-06 -0.00354371686 -0.0103235235
v 8.83332104e-05 -0.00368914427 -0.0113391262
v -0.000105537823 -0.00380558008 -0.0109286588
v -0.000387601613 -0.00395859778 -0.0103594931
v -0.000645578955 -0.00413336372 -0.0097611323
v -0.000824019779 -0.00429539708 -0.00928905886
v -0.00118764723 -0.00314673968 -0.0129453726
v -0.00119184586 -0.00402907049 -0.0110316919
v -0.00104297418 -0.00413615629 -0.0105122048
v -0.00117483619 -0.00414782437 -0.00988588948
v -0.000980886631 -0.00431674952 -0.00931550376
v -0.00152515457 -0.0032255007 -0.0128058819
v -0.00175270764 -0.00349785574 -0.0124872662
v -0.00182882277 -0.00392940361 -0.0116929077
v -0.00169419893 -0.00394940376 -0.0112220058
v -0.00181558146 -0.00392884528 -0.0104596298
v -0.00156850182 -0.00396622764 -0.0100983214
v -0.0023287558 -0.00324663566 -0.0129195889
v -0.00234824861 -0.00360190589 -0.0125171104
v -0.00241128588 -0.00396934059 -0.0118465163
v -0.0025042484 -0.00400876626 -0.011263255
v -0.00260140118 -0.00398243498 -0.0107082305
v -0.0028038118 -0.00338520482 -0.0130414991
v -0.00276141637 -0.00363624562 -0.0126606058
v -0.00283428933 -0.00409291545 -0.0118572116
v -0.00301762018 -0.004229852 -0.0114353709
v -0.00328597287 -0.00442260876 -0.0108029861
v -0.00351615297 -0.00465362146 -0.0103183631
v -0.00372829498 -0.00485434337 -0.00975014362
v -0.0037933588 -0.00529985223 -0.00924493559
v 0.00160585437 -0.00282108341 -0.0107293343
v 0.0017724731 -0.00289879972 -0.0102622611
v 0.0016098062 -0.00292311283 -0.00955166761
v 0.00178237725 -0.00302534504 -0.00905732904
v 0.00183403213 -0.00343652442 -0.00813157111
v 0.00182899588 -0.00346765434 -0.00807656161
v 0.00107728806 -0.00289005111 -0.0108308094
v 0.000993894762 -0.00290916255 -0.0103207128
v 0.000892322976 -0.002926555 -0.00970417261
v 0.000689846813 -0.00302608218 -0.010838693
v 0.000503798481 -0.00313860085 -0.0104954233
v 0.000231360027 -0.00328762224 -0.0098561449
v 5.23566268e-06 -0.00342125958 -0.00929856393
v -0.000216886285 -0.00364842964 -0.00874622539
v -0.000307626266 -0.00377562526 -0.00844846852
v -0.00018069637 -0.00365482597 -0.00993475318
v -0.000349867507 -0.00378611358 -0.00953754783
v -0.000628010835 -0.00409920653 -0.00897139125
v -0.000762355281 -0.0040766662 -0.00839094073
v -0.00145878876 -0.00407812605 -0.00968411192
v -0.00128562353 -0.00427133311 -0.00912900642
v -0.00136112096 -0.00421516364 -0.00846990384
v -0.00205578376 -0.00392666273 -0.0102505647
v -0.00190958218 -0.00398185989 -0.00985923875
v -0.00208004122 -0.0041126986 -0.00917953718
v -0.00215031626 -0.00414517801 -0.00873646047
v -0.00265822979 -0.00398849603 -0.010366247
v -0.00273174839 -0.0040321881 -0.00989487488
v -0.00282025291 -0.00415462442 -0.00927103311
v -0.00288055581 -0.00419846177 -0.00887793954
v -0.00307495263 -0.00410747435 -0.0103957867
v -0.00323708402 -0.00423337892 -0.0100549953
v -0.00344585022 -0.00444890698 -0.00949484576
v -0.00359065225 -0.00459974678 -0.00892723911
v 0.00129667693 -0.00287639443 -0.00930727553
v 0.00150637329 -0.00300455163 -0.00887237675
v 0.00153258827 -0.00323030376 -0.00830550026
v 0.00147449877 -0.00331058819 -0.00774731301
v 0.000840153487 -0.0029530488 -0.00937332679
v 0.000785495853 -0.00301636104 -0.00899799261
v 0.000704173697 -0.00317029818 -0.00839132071
v 0.000624776701 -0.00319595635 -0.00789964292
v 0.000474741566 -0.00305053615 -0.00939912535
v 0.000322512817 -0.00316859479 -0.00912653096
v 0.000104751671 -0.00341489003 -0.00858461577
v -0.000117871386 -0.00349004497 -0.00808879454
v -0.000646386645 -0.00369311962 -0.00793161709
v -0.00164395222 -0.00405914895 -0.00817338657
v -0.00224892842 -0.00396797806 -0.00829459541
v -0.00298374984 -0.00400116574 -0.00842512026
v -0.00349712046 -0.00422228593 -0.00849466305
v 0.0010955804 -0.00304641342 -0.00735968584
v 0.000528351637 -0.00302834855 -0.00746300491
v -0.000190360646 -0.00322043849 -0.00756078586
v -0.000569407654 -0.00339872902 -0.00760919973
v -0.00113309291 -0.00682652136 -0.00938953646
v -0.00167697959 -0.00701982249 -0.00934311841
v -0.00197476917 -0.00710191624 -0.00909578986
v -0.00238152547 -0.00712440675 -0.00945608504
v -0.00217973231 -0.00712981541 -0.00913034379
v -0.00289505487 -0.0070808297 -0.00967689417
v 0.00185264228 -0.00600302266 -0.00846624654
v 0.00154221733 -0.00604858389 -0.00813733786
v 0.00116956572 -0.00623267889 -0.00867926702
v 0.00107798807 -0.00614477042 -0.00820703246
v 0.000347859983 -0.00622182945 -0.00868444983
v 0.00049384369 -0.00618611882 -0.0083101755
v -0.000276288658 -0.00627914723 -0.00877402909
v -0.000538209046 -0.00630822917 -0.00848662015
v -0.00096884591 -0.00666020671 -0.00907477736
v -0.00109199062 -0.00656726025 -0.00854243245
v -0.00149556424 -0.00696829846 -0.00903546717
v -0.00176603987 -0.00689901877 -0.00863326341
v -0.00192863715 -0.00696913712 -0.00797722302
v -0.00206533377 -0.00715822587 -0.00760057196
v -0.00266683055 -0.0071556652 -0.00923086144
v -0.00248801964 -0.00708386116 -0.00885712821
v -0.00260865735 -0.00712509453 -0.00812773965
v -0.00266474718 -0.00727160648 -0.00767673226
v -0.00326244254 -0.00680635823 -0.00940322317
v -0.00317879021 -0.00694945361 -0.00878177304
v -0.00318822451 -0.00712028379 -0.0081780795
v -0.00315180724 -0.0072764121 -0.00780678913
v 0.00198547449 -0.00557005219 -0.00794602558
v 0.00166804437 -0.00575201679 -0.00769870216
v 0.00167081808 -0.00588826975 -0.0070722471
v 0.00157666823 -0.00619414588 -0.00652878918
v 0.00129159354 -0.00637121219 -0.00614664657
v 0.000994901638 -0.00603566598 -0.00780228013
v 0.000927429879 -0.00619191071 -0.00727590034
v 0.000873751589 -0.00646709092 -0.00673530903
v 0.00078722788 -0.00652307319 -0.00617687311
v 2.1411106e-06 -0.00617498485 -0.00841324218
v 0.000227263576 -0.00612950651 -0.00804364961
v 0.000197170913 -0.00627748948 -0.00739118876
v 0.000137893614 -0.00652811304 -0.00683721295
v 5.88354596e-05 -0.00657892507 -0.00632723514
v -5.83159272e-05 -0.00618321402 -0.00842343457
v -0.000390422181 -0.00620955415 -0.00815321133
v -0.000540041365 -0.00633257255 -0.00748985587
v -0.000608724426 -0.00654194364 -0.00691339653
v -0.000669984438 -0.00658612791 -0.00651434343
v -0.00117423362 -0.00646185409 -0.0081396969
v -0.00123086711 -0.00659110025 -0.00769940624
v -0.00129918777 -0.00680206064 -0.00712381303
v -0.00144200074 -0.00685961032 -0.00652077422
v -0.00176546513 -0.00700058648 -0.00618730858
v -0.00156591076 -0.00665840181 -0.00815017894
v -0.00158690847 -0.00682371296 -0.00786364079
v -0.00190765853 -0.00712301815 -0.0073439423
v -0.00208184286 -0.0071684448 -0.00670157559
v -0.00216785492 -0.00712924916 -0.00622302433
v -0.00271514524 -0.00730587076 -0.00735012116
v -0.00280044181 -0.00730516296 -0.00684473617
v -0.00289277313 -0.007269945 -0.00632548844
v -0.00365500711 -0.00615325337 -0.00912121031
v -0.00364386826 -0.00649766764 -0.00853112526
v -0.00360136898 -0.00695248647 -0.00812094659
v -0.00344925025 -0.00723786745 -0.00757399341
v -0.00360508496 -0.00726114213 -0.00685322145
v -0.00344291539 -0.00728494767 -0.00644377293
v 0.00193487213 -0.00493909512 -0.00760514103
v 0.00190362555 -0.00515173376 -0.00733421464
v 0.00192953891 -0.00557288807 -0.00712798676
v 0.00176814781 -0.00606305525 -0.00621152576
v 0.0014571792 -0.00620216178 -0.00581354089
v 0.00130272284 -0.00617163628 -0.00517817307
v 0.000988146407 -0.0063116434 -0.00482174149
v 0.000730871398 -0.0065312027 -0.0058360179
v 0.000648157846 -0.00649887463 -0.0053714863
v 0.000555796491 -0.00643867953 -0.00487222662
v 2.86790601e-06 -0.00658876076 -0.00598730939
v -8.6938453e-05 -0.0065632374 -0.00547521096
v -0.000173311826 -0.00651241094 -0.00500390632
v -0.000734480913 -0.00655855611 -0.0061540301
v -0.000817072869 -0.00649349485 -0.00549617549
v -0.000604837143 -0.0064944597 -0.00510197831
v -0.0012979639 -0.00668094028 -0.00620776555
v -0.00156924676 -0.00672962563 -0.00573832681
v -0.00183847186 -0.00676559238 -0.00529136276
v -0.00223891437 -0.00707289297 -0.00584702194
v -0.00233825506 -0.00694729201 -0.00535917375
v -0.00296299602 -0.00721725775 -0.0059514856
v -0.00306057837 -0.00708078872 -0.00548284175
v -0.00380347087 -0.00557138398 -0.00874432921
v -0.00378655526 -0.00596611761 -0.00845208485
v -0.00393503439 -0.00721145235 -0.0065947189
v -0.00372499553 -0.00720814615 -0.00618473487
v -0.003797855 -0.00709021837 -0.00561798876
v 0.00185495545 -0.00458377646 -0.00743084634
v 0.00184417528 -0.00465041026 -0.00731309922
v 0.00144032377 -0.00590942055 -0.00481797615
v 0.00109662651 -0.00594637031 -0.00439223135
v 0.000755000801 -0.00597051485 -0.00398911256
v 0.000462042866 -0.00628278963 -0.00444197515
v 0.000370883383 -0.00610662065 -0.00404348504
v -0.000350337592 -0.0063067954 -0.00450723525
v -0.000217636116 -0.0061913142 -0.00414051767
v -0.00110589282 -0.00416639028 -0.00805163663
v -0.00110797689 -0.00638004858 -0.00522058923
v -0.000956417469 -0.00627259631 -0.00484797917
v -0.00114068424 -0.00417112606 -0.0080575021
v -0.00138243486 -0.00641740765 -0.00526685873
v -0.00175734307 -0.00640947884 -0.00487181311
v -0.00213293289 -0.00640576426 -0.00446931971
v -0.00244483352 -0.00673515303 -0.004898265
v -0.00253417832 -0.0065477686 -0.0045195939
v -0.0031692984 -0.00685925782 -0.00501681399
v -0.00325887231 -0.00667328807 -0.00463564228
v -0.00390318455 -0.00493443431 -0.00853622798
v -0.00394510105 -0.0067949323 -0.00510259392
v -0.00378350262 -0.00666627195 -0.00473941537
v 0.00162138266 -0.00328969513 -0.00727144815
v 0.00120228238 -0.00547271455 -0.00389313418
v 0.000766115612 -0.00568396412 -0.00355413905
v 0.000275262806 -0.00594254211 -0.0036087709
v -0.000718324445 -0.00612105336 -0.00423802389
v -0.000500197057 -0.00603980059 -0.0038338874
v -0.00103423698 -0.00389250065 -0.00772805046
v -0.00112145254 -0.00598252751 -0.0043237186
v -0.00115579041 -0.0058168252 -0.00380406831
v -0.00150880765 -0.00395661267 -0.00780262658
v -0.00168722821 -0.00600505946 -0.00442593638
v -0.00201311824 -0.00602838164 -0.00402528327
v -0.00233882223 -0.00378398574 -0.00790992938
v -0.00262899441 -0.00638721883 -0.00408680318
v -0.00307481363 -0.00382440398 -0.00802767649
v -0.00334668998 -0.00654343236 -0.00421958044
v -0.00384442252 -0.00428574067 -0.00806040224
v -0.00418579672 -0.0043125567 -0.00769088417
v -0.0043006856 -0.00649501057 -0.00482062669
v -0.00409978768 -0.00649789255 -0.00442487048
v 0.00124786049 -0.00298780948 -0.00688224472
v 0.00139466696 -0.00296303933 -0.00634501688
v 0.00126059027 -0.00515896641 -0.0035651091
v 0.00104695221 -0.00524698105 -0.00322405831
v 0.00043670219 -0.00285520847 -0.00705916341
v -0.000282924011 -0.00305294734 -0.00714696152
v -0.000884466688 -0.00343736261 -0.00718679512
v -0.00124811172 -0.00351260253 -0.00666007772
v -0.00146605517 -0.0035643985 -0.00631534634
v -0.001424185 -0.0056605679 -0.0035437115
v -0.00169041171 -0.0037128171 -0.00729750143
v -0.00174191792 -0.00357893575 -0.00675837323
v -0.00152369239 -0.00357224396 -0.0063250633
v -0.00187706645 -0.00572221354 -0.00362006063
v -0.00243925606 -0.00359879644 -0.00746370945
v -0.00253448519 -0.00344778365 -0.00702076685
v -0.0031717394 -0.00365460105 -0.00758984173
v -0.00326564256 -0.00349539123 -0.00716138352
v -0.00374145154 -0.00389181077 -0.00765561359
v -0.00406351406 -0.00392425666 -0.00723261293
v -0.00438496983 -0.0039529549 -0.00681623351
v -0.00308127305 -0.00458702631 -0.0141784698
v -0.00311029796 -0.00445972662 -0.0141090872
v -0.00534484955 -0.00399111724 -0.0146873435
v -0.00527090533 -0.00420025177 -0.0144298449
v -0.00570129231 -0.00403311662 -0.0148600163
v -0.00569826923 -0.0043997867 -0.0145818898
v -0.00641504209 -0.00412453245 -0.0150685245
v -0.00641322508 -0.00455248915 -0.0147337615
v -0.00700885151 -0.00420996686 -0.0150854429
v -0.0072225458 -0.00451015122 -0.0148418564
v -0.00763543043 -0.00457073422 -0.0147188343
v -0.00537548168 -0.00311414525 -0.0149536151
v -0.00529658748 -0.00352898519 -0.01469451
v -0.00514092203 -0.0037930836 -0.014187525
v -0.00610340945 -0.0028857789 -0.0155247068
v -0.00581436884 -0.00315688341 -0.0152676832
v -0.00571508287 -0.00371732865 -0.0150331892
v -0.006488299 -0.00293906033 -0.0155911604
v -0.00645365706 -0.00335394219 -0.0154616628
v -0.00641943049 -0.00384998182 -0.0152641721
v -0.00686445087 -0.00298492657 -0.0156456232
v -0.00714638131 -0.00332485326 -0.0154793831
v -0.00723438477 -0.0039795544 -0.015200045
v -0.00751872081 -0.0042829914 -0.0150128016
v -0.00765560381 -0.00341628352 -0.0153245088
v -0.00771827949 -0.00373201445 -0.0150901657
v -0.00779374968 -0.00418574363 -0.0147105688
v -0.00547324028 -0.00274117873 -0.0147368293
v -0.00536121195 -0.00289793499 -0.014402356
v -0.00528386654 -0.00317950523 -0.0138533851
v -0.0061137178 -0.00284056785 -0.0155000659
v -0.00590415904 -0.00269156671 -0.0151107786
v -0.00650019851 -0.00288687041 -0.015562715
v -0.00657839607 -0.00263058534 -0.0153057976
v -0.00687000854 -0.00296055106 -0.015632337
v -0.00729639549 -0.00289176311 -0.0152770597
v -0.0077284039 -0.0028577284 -0.0148603674
v -0.00770223979 -0.0032117432 -0.0152130276
v -0.00783511251 -0.00320225162 -0.014819243
v -0.00799323153 -0.00354830176 -0.0143101439
v -0.00558593869 -0.00245964481 -0.0145316133
v -0.00557680754 -0.00256891618 -0.0142359007
v -0.00558773382 -0.00282403966 -0.0136800455
v -0.00596076297 -0.00239322265 -0.0146449935
v -0.00602426194 -0.00245940662 -0.0142148957
v -0.00608813576 -0.00268987031 -0.0136499321
v -0.00669581397 -0.00237090606 -0.0148189766
v -0.00678356225 -0.00241761748 -0.0142607642
v -0.00684718834 -0.00264916709 -0.013696393
v -0.0072626844 -0.0025247205 -0.0148810409
v -0.00752048846 -0.00269579352 -0.0145038301
v -0.00754315453 -0.00288514886 -0.0138936546
v -0.00785156153 -0.00296785263 -0.0144664757
v -0.00791365001 -0.00315991556 -0.0140830679
v -0.00311340927 -0.00480102142 -0.0138710625
v -0.00314992317 -0.00503251655 -0.0134657286
v -0.00529082259 -0.00549413264 -0.0134938248
v -0.00521020219 -0.005738087 -0.0131908609
v -0.0051460173 -0.00611406472 -0.0126965204
v -0.0052702087 -0.00636952557 -0.0121512255
v -0.00532398373 -0.00665597664 -0.0116170216
v -0.00526757399 -0.00700500002 -0.0111081395
v -0.0053264685 -0.00727462675 -0.0105648823
v -0.00569545059 -0.00554396957 -0.0136747723
v -0.00569170946 -0.00596038252 -0.0133607434
v -0.00570194051 -0.00642611925 -0.0129240109
v -0.00577241788 -0.0066276202 -0.0123432623
v -0.00582888862 -0.00689055305 -0.0117959958
v -0.0058529689 -0.00729554612 -0.0113261575
v -0.00591342291 -0.00754100922 -0.0107693681
v -0.0064173094 -0.0056374874 -0.0138334827
v -0.00641456153 -0.00607845047 -0.0134937391
v -0.00642739376 -0.00653277664 -0.0130507881
v -0.00649948372 -0.00672720792 -0.0124661857
v -0.00655786553 -0.00698175794 -0.011914351
v -0.00658262055 -0.00738379266 -0.0114428988
v -0.00664238818 -0.00763226533 -0.0108877514
v -0.00698026922 -0.00571777578 -0.0138279954
v -0.00721053453 -0.0060203746 -0.0135679832
v -0.0071851071 -0.00649794377 -0.0131004481
v -0.00724709593 -0.00666065142 -0.0124896728
v -0.00718826801 -0.00690171868 -0.0119267721
v -0.00741584692 -0.00726067275 -0.0114677064
v -0.00740350364 -0.00758250989 -0.0109292772
v -0.00762788858 -0.00608184142 -0.0134300562
v -0.00769807398 -0.00635752035 -0.0130679458
v -0.00771109294 -0.00654110732 -0.0126933847
v -0.00780035136 -0.0072670239 -0.0112848897
v -0.00783593114 -0.00747939944 -0.0109105175
v -0.00316992518 -0.00455314806 -0.013735964
v -0.00319625298 -0.00482931873 -0.0133549795
v -0.00360378367 -0.00635390263 -0.00965846889
v -0.00504342746 -0.00658152392 -0.00987218786
v -0.00518162642 -0.00458192267 -0.0139364284
v -0.00515975757 -0.00504391547 -0.0134743284
v -0.00502207875 -0.00528623862 -0.012917934
v -0.00497395638 -0.00557178725 -0.0123738907
v -0.0050846315 -0.0058789514 -0.0118566165
v -0.00511910347 -0.00617574248 -0.0113264974
v -0.00505489251 -0.0064591011 -0.0107797412
v -0.00507443864 -0.006721179 -0.0102041252
v -0.00570202945 -0.00489390548 -0.0141606266
v -0.00570313027 -0.00525498576 -0.0138625531
v -0.00641867984 -0.00503917318 -0.014308447
v -0.00642213877 -0.00536100101 -0.0140280761
v -0.00717041036 -0.00503057754 -0.0143724065
v -0.00721481536 -0.0055075828 -0.0139566306
v -0.00749528967 -0.00579378149 -0.0137223899
v -0.00756168226 -0.00649656914 -0.0121870125
v -0.00761882588 -0.00665754918 -0.0118280146
v -0.00773790386 -0.00693603978 -0.0115593551
v -0.00773372035 -0.00488485489 -0.0143415146
v -0.00780759193 -0.00527855847 -0.0138698462
v -0.00782302953 -0.0057018497 -0.0134438043
v -0.00797932409 -0.00598087534 -0.0128805507
v -0.00787926838 -0.00624259468 -0.0123109706
v -0.00786577538 -0.00637464691 -0.0116905281
v -0.00790976081 -0.00684655365 -0.0112785744
v -0.00804127473 -0.00715770433 -0.0107472688
v -0.00359059684 -0.0049481513 -0.0108703375
v -0.00361285172 -0.00515849143 -0.0106129246
v -0.00365669001 -0.00550466869 -0.0101116104
v -0.00367394043 -0.00593392132 -0.00960621238
v -0.00510712434 -0.00537401438 -0.0105239647
v -0.00510069774 -0.00559656229 -0.0102958186
v -0.00510915834 -0.00612000469 -0.00982576609
v -0.00504381862 -0.00407196535 -0.0136352237
v -0.00502665993 -0.00436172821 -0.0130963996
v -0.00505437888 -0.00465760054 -0.0125651415
v -0.00513833156 -0.00496112695 -0.0120433634
v -0.00517106568 -0.00525768194 -0.0115129501
v -0.00511118071 -0.00550957862 -0.010880392
v -0.00508184172 -0.00591051346 -0.0104717594
v -0.00507304398 -0.00624887319 -0.0101541383
v -0.00519689824 -0.00599816395 -0.00950609799
v -0.00801976211 -0.00447704829 -0.0141369235
v -0.00811472349 -0.0047820732 -0.0136170005
v -0.00815198198 -0.0050792438 -0.0130873509
v -0.00812343974 -0.0053674574 -0.0125466082
v -0.00802550931 -0.00564622693 -0.0119941663
v -0.00801610015 -0.00593704451 -0.0114566498
v -0.00813610572 -0.00624547899 -0.0109409494
v -0.00823307876 -0.0065507777 -0.0104213664
v -0.0036123835 -0.00485259574 -0.010818257
v -0.00365159288 -0.00498857535 -0.0105203148
v -0.00373266358 -0.00517145498 -0.00992999878
v -0.00376979145 -0.00540124997 -0.00949253701
v -0.00510840397 -0.00536840176 -0.0105209053
v -0.00512821786 -0.00547586195 -0.0102300337
v -0.00516539766 -0.00570011232 -0.00980203226
v -0.00530959852 -0.00347510749 -0.0133217918
v -0.00546834245 -0.0037486353 -0.0127497232
v -0.0054715802 -0.00410473906 -0.0122904712
v -0.00555356266 -0.00443688454 -0.0117847081
v -0.00559111452 -0.0047198846 -0.0112470649
v -0.00548832677 -0.00496021146 -0.0106722219
v -0.00535592251 -0.00519033894 -0.0100893015
v -0.00530442176 -0.00557087222 -0.00954420771
v -0.00581708271 -0.0036556744 -0.0124685261
v -0.00593206333 -0.00385090197 -0.0121889822
v -0.00621634163 -0.00421004789 -0.011708241
v -0.00618637027 -0.00446427986 -0.0112019572
v -0.00593279395 -0.00456080725 -0.0108344192
v -0.00695583457 -0.00437420653 -0.0116590988
v -0.00697077904 -0.00446657836 -0.0114958705
v -0.00795048941 -0.00421816157 -0.012355892
v -0.00769430818 -0.0044797482 -0.0119791655
v -0.00766511168 -0.00484155258 -0.011533184
v -0.00796925835 -0.00515954848 -0.0110123716
v -0.00812530704 -0.00526453881 -0.0105918683
v -0.00823860895 -0.00573909935 -0.00968303252
v -0.00806490332 -0.00385015737 -0.0137862954
v -0.00809271354 -0.00414604135 -0.0132550523
v -0.00807328522 -0.00438331161 -0.0126911281
v -0.00804728549 -0.00484456401 -0.0122437272
v -0.00799762271 -0.00524969073 -0.0117672114
v -0.00807315111 -0.00549020804 -0.0112090055
v -0.00819721073 -0.00559792714 -0.0105640609
v -0.00824904721 -0.00588046573 -0.0100160372
v -0.00564112188 -0.00313544343 -0.013159927
v -0.0057079317 -0.0033994508 -0.0127810221
v -0.00586583931 -0.00466405274 -0.010419229
v -0.00581641775 -0.0048148646 -0.00991897844
v -0.00580512593 -0.00492810085 -0.00929436646
v -0.00613064971 -0.00301401713 -0.0131360292
v -0.00610261317 -0.00345661864 -0.01264254
v -0.00631100964 -0.00383309298 -0.0122135989
v -0.00646186341 -0.00408585137 -0.011888328
v -0.00641603116 -0.00449149543 -0.0110346694
v -0.00627697492 -0.00456067733 -0.0105866808
v -0.00645453297 -0.00465714559 -0.009888147
v -0.00652015349 -0.00470396411 -0.00946110114
v -0.006889435 -0.00297448598 -0.0131831281
v -0.00691136857 -0.00338889565 -0.0127184214
v -0.00692842342 -0.00382470246 -0.0122653767
v -0.00694659445 -0.00415943004 -0.011887325
v -0.00701728603 -0.00451790588 -0.0111785596
v -0.00710375048 -0.00458755856 -0.0106094377
v -0.00719612231 -0.00469303271 -0.00997635163
v -0.00725361938 -0.00477358373 -0.00957025588
v -0.00758799212 -0.00319910515 -0.0133741973
v -0.00761935348 -0.0035721641 -0.0128869535
v -0.00768605527 -0.00398304919 -0.0124291647
v -0.00749967247 -0.00421046792 -0.0120255053
v -0.00748792104 -0.00465158978 -0.0111939711
v -0.00767479837 -0.00480681192 -0.0107857967
v -0.00791726448 -0.00507807173 -0.010244241
v -0.00797486771 -0.00526122563 -0.00965812616
v -0.0079605924 -0.00346091203 -0.0135564692
v -0.00798225403 -0.00377993705 -0.0130377589
v -0.00798752625 -0.00399448164 -0.0127001889
v -0.00821672939 -0.00539797731 -0.010208264
v -0.00823414885 -0.00550564844 -0.0100180004
v -0.00609239144 -0.0046593966 -0.00894390885
v -0.00659523578 -0.00462996587 -0.00907548238
v -0.00731644128 -0.00475335773 -0.00921394583
v -0.00775765209 -0.00491970032 -0.00924715213
v -0.00542163476 -0.00753455795 -0.0100194607
v -0.00556226168 -0.00768031226 -0.00966834929
v -0.00598212518 -0.0077502951 -0.0101928636
v -0.0060521462 -0.00781176798 -0.00972788595
v -0.00671290886 -0.00783357862 -0.0103069004
v -0.00678070448 -0.00789416954 -0.00985582825
v -0.00748364208 -0.00776710827 -0.0103805084
v -0.00729096727 -0.00789326336 -0.00996660907
v -0.00784762949 -0.00762557751 -0.0105945906
v -0.00361512159 -0.00642398326 -0.00953462906
v -0.00506286882 -0.00670169108 -0.00965984352
v -0.00514274742 -0.0070346687 -0.00965752359
v -0.00550294714 -0.0073727835 -0.0092467349
v -0.00573790492 -0.00747391116 -0.00861163251
v -0.00584736653 -0.00762124918 -0.00826321915
v -0.0061393464 -0.0076846187 -0.00931329932
v -0.00631471444 -0.00763094984 -0.0086860368
v -0.00616038218 -0.00766385626 -0.00831598788
v -0.00686771562 -0.00776785333 -0.00944169611
v -0.00697179651 -0.00767155644 -0.00890206732
v -0.00779414084 -0.00768861454 -0.0101578785
v -0.00760809984 -0.00763820531 -0.00962277688
v -0.00742604025 -0.00761240954 -0.00904418249
v -0.00801591203 -0.00742479553 -0.0102355229
v -0.00804925244 -0.00740569644 -0.00977054983
v -0.00366085791 -0.00622338848 -0.00942529924
v -0.0038513497 -0.00640384387 -0.00823824201
v -0.00395244593 -0.0066837566 -0.00800101366
v -0.0040561934 -0.00700462935 -0.00749086402
v -0.00403831247 -0.0071322755 -0.00702685583
v -0.00510777347 -0.00650474336 -0.00955250114
v -0.00529456651 -0.00657181721 -0.00842250325
v -0.00521337613 -0.00681374036 -0.00819001533
v -0.00518850749 -0.00714699551 -0.00767509826
v -0.0053045596 -0.00728288107 -0.00726462342
v -0.00522065209 -0.00641700812 -0.00931511819
v -0.00534501858 -0.00671214005 -0.00878248736
v -0.00543451076 -0.00716035813 -0.00840641465
v -0.0056465352 -0.00753190462 -0.00795025844
v -0.00573796127 -0.00754095986 -0.00722881174
v -0.00603020098 -0.00761640025 -0.00689624017
v -0.00664307177 -0.00766924629 -0.00845917687
v -0.00639237044 -0.00774076208 -0.00813673623
v -0.0064375801 -0.00779514667 -0.00745501695
v -0.00652920781 -0.00772925606 -0.00696470961
v -0.00702946167 -0.00767394574 -0.00855808333
v -0.00707438169 -0.0077800164 -0.00820598844
v -0.00717615569 -0.00784425251 -0.00755042629
v -0.00725922501 -0.00778966164 -0.00710175885
v -0.00791496504 -0.0071147792 -0.00925348233
v -0.00768755749 -0.00740622263 -0.0087313503
v -0.00782861281 -0.00758975046 -0.00816736929
v -0.00776065467 -0.00774822943 -0.00754959974
v -0.00765501056 -0.00778561551 -0.00718879793
v -0.00821159035 -0.00683995197 -0.00988181215
v -0.00813237298 -0.0069983229 -0.00955810025
v -0.00393861299 -0.00545246433 -0.00844498817
v -0.0039580767 -0.00589350425 -0.00821799226
v -0.0043516336 -0.00629115105 -0.00781579223
v -0.00448363461 -0.00677412562 -0.00739955436
v -0.00436290633 -0.00699666794 -0.00677293632
v -0.00445144344 -0.0069689462 -0.00615813537
v -0.00424246071 -0.00703237625 -0.00570988888
v -0.00537412055 -0.00564668886 -0.00866237376
v -0.00533843553 -0.006085434 -0.00842722785
v -0.00501327449 -0.0063812132 -0.00792733487
v -0.00488614524 -0.00682891486 -0.00746741192
v -0.00512371631 -0.00708237244 -0.00691305799
v -0.00520543708 -0.00701694516 -0.00635992456
v -0.00537808379 -0.00578501262 -0.00899501424
v -0.00538761821 -0.00619078055 -0.00868287962
v -0.00555333123 -0.00740197394 -0.00688730739
v -0.00583719136 -0.00738514308 -0.00643494213
v -0.00611840794 -0.00735196657 -0.00601145905
v -0.00660854112 -0.00763661042 -0.00656892871
v -0.00670672953 -0.00750388578 -0.00609366782
v -0.00734003866 -0.00769052608 -0.00670244033
v -0.00743819866 -0.00755763054 -0.00622748397
v -0.00819421839 -0.00605212338 -0.00943438523
v -0.00813379698 -0.00651677046 -0.00905588362
v -0.00818686839 -0.00678774901 -0.00844754372
v -0.00832337048 -0.00707863551 -0.0078920573
v -0.00825491827 -0.00733935647 -0.00738506112
v -0.0079335263 -0.00757399946 -0.00682271831
v -0.00789775699 -0.00753307343 -0.0063254321
v -0.00821312144 -0.00637121405 -0.00961669162
v -0.00817028154 -0.00665427931 -0.00941432826
v -0.00843784306 -0.00696737552 -0.00758492062
v -0.00844786782 -0.00702933967 -0.00747542456
v -0.00403329078 -0.00509819342 -0.00829019584
v -0.00422926201 -0.00532390876 -0.00795804337
v -0.0045925593 -0.00556844752 -0.00766135287
v -0.00480577722 -0.00663905591 -0.0057862401
v -0.00446766848 -0.0067471317 -0.00544650573
v -0.00544193853 -0.00531461369 -0.00848239753
v -0.00534994248 -0.00547645474 -0.00814697333
v -0.0050358763 -0.00562879117 -0.00773608917
v -0.0052673216 -0.00677541364 -0.00587192457
v -0.00553443749 -0.00676576141 -0.00559000066
v -0.00553852459 -0.00518171163 -0.0087666465
v -0.00564756477 -0.00713905413 -0.00596556067
v -0.0060605309 -0.00706148846 -0.00558990473
v -0.00647413079 -0.00698783947 -0.00520732859
v -0.00680797361 -0.00731514208 -0.00564551027
v -0.00689689303 -0.00712512573 -0.0052714888
v -0.00753696542 -0.00737975305 -0.00578524917
v -0.0076275575 -0.00720007485 -0.00539295934
v -0.00816482864 -0.00556751573 -0.00915745273
v -0.00833892636 -0.00593500771 -0.0086594075
v -0.00838995352 -0.00637232326 -0.00823104568
v -0.0085392762 -0.00640565529 -0.00733837998
v -0.00842524413 -0.00658518402 -0.00783497095
v -0.00855645444 -0.00651183212 -0.00715075759
v -0.00849842932 -0.00706527522 -0.00703290245
v -0.00847839657 -0.00705678994 -0.00654258067
v -0.00812257733 -0.00725279469 -0.00593215693
v -0.00802850816 -0.00716674188 -0.00546709541
v -0.00845682062 -0.00587187242 -0.00838691648
v -0.00848770514 -0.00606911117 -0.00806840509
v -0.00850233901 -0.00649815332 -0.00759006012
v -0.0085462369 -0.00679111201 -0.00709499884
v -0.00862981379 -0.00675975345 -0.00663528638
v -0.00413485058 -0.00467728684 -0.00801351573
v -0.0043371995 -0.00466715265 -0.00764150731
v -0.00475365296 -0.00498108426 -0.00728670834
v -0.00503311679 -0.00629341602 -0.00546724908
v -0.00478364574 -0.00621355511 -0.00501767173
v -0.00460287649 -0.00628610048 -0.00432936894
v -0.00552482856 -0.00500146952 -0.0082692001
v -0.00550487451 -0.00492441747 -0.00781936944
v -0.00516717881 -0.00503737293 -0.00735642249
v -0.00510833273 -0.00630365405 -0.0054799295
v -0.00552715827 -0.00626502093 -0.0051327236
v -0.0059494935 -0.00624808297 -0.00474717934
v -0.00593459653 -0.00469574425 -0.0083998125
v -0.00577033404 -0.00469211256 -0.00792636257
v -0.00603445619 -0.00663152849 -0.00509232841
v -0.00632875226 -0.00661935518 -0.00475500524
v -0.00669458834 -0.00450444128 -0.00858750008
v -0.00699460227 -0.00695188763 -0.00483178161
v -0.00741631631 -0.00463106064 -0.00872026011
v -0.00780335395 -0.00696932618 -0.00488605071
v -0.00799843483 -0.00494156312 -0.00876736362
v -0.00843238179 -0.00526607968 -0.00828941353
v -0.00860364642 -0.005233109 -0.00790610351
v -0.00858733058 -0.00619489467 -0.00722350879
v -0.00860450882 -0.00630107149 -0.0070358864
v -0.00871296227 -0.00652076537 -0.00611806614
v -0.00850300305 -0.00673310738 -0.00564063806
v -0.00820151903 -0.00691262539 -0.00518514542
v -0.00852140132 -0.00558862928 -0.00823254045
v -0.00861337595 -0.00555758039 -0.00783029571
v -0.00866332091 -0.00588956941 -0.00728751393
v -0.00869925227 -0.00619044248 -0.0067505152
v -0.0087272888 -0.00637666602 -0.00638844678
v -0.00437121885 -0.0042806752 -0.00722233066
v -0.0046971431 -0.00440337043 -0.00678467657
v -0.00502326945 -0.0045273127 -0.00634481898
v -0.0050467262 -0.00591329578 -0.0047164564
v -0.00501986919 -0.00610142527 -0.00426303735
v -0.00568740675 -0.0046276073 -0.00741477823
v -0.005510638 -0.00459725037 -0.00690845447
v -0.00533431536 -0.00456965202 -0.00639725663
v -0.00547268381 -0.00597127667 -0.00478826649
v -0.00571713131 -0.00616873475 -0.00441434095
v -0.0062979213 -0.00438478263 -0.00805572327
v -0.00612916937 -0.00436007418 -0.0075538829
v -0.00596014224 -0.00433366187 -0.00705505395
v -0.00615041237 -0.00639543962 -0.00438147597
v -0.00679010246 -0.00434083026 -0.00815303996
v -0.00688258233 -0.00417282153 -0.00774012972
v -0.00751638832 -0.00444745831 -0.00827490445
v -0.00760902045 -0.00428039161 -0.00786032993
v -0.00816848315 -0.00678483164 -0.00460757315
v -0.00796427298 -0.00462196022 -0.00833587628
v -0.0082020862 -0.00462016696 -0.00790796429
v -0.00862309989 -0.00490829023 -0.0074637495
v -0.00879284646 -0.00490026269 -0.0070059048
v -0.0089143794 -0.00540630054 -0.00598100433
v -0.00882806722 -0.00578304706 -0.00585615449
v -0.00867548585 -0.00612355024 -0.00531147793
v -0.00847996585 -0.00646692514 -0.0047286232
v -0.00872870348 -0.00520455465 -0.0074339062
v -0.00882210117 -0.00523445755 -0.00694855908
v -0.00887152087 -0.00553488126 -0.00632965704
v -0.00883472618 -0.0058514839 -0.00614401512
v 0.000883710396 -0.00272702822 -0.00651544426
v 0.00101737049 -0.00272367219 -0.00599742401
v 0.00115147477 -0.0027175697 -0.00548425643
v 0.000343141961 -0.00270016585 -0.00662937434
v 0.000244798604 -0.0025684014 -0.00615241844
v -0.000374958647 -0.00290459604 -0.00672081951
v -0.00053803873 -0.00278130267 -0.00618468272
v -0.0008770001 -0.00282854983 -0.00586237526
v -0.000746632111 -0.00309119234 -0.00675080763
v -0.000958686927 -0.00313777849 -0.0064214645
v -0.00129852782 -0.00323473942 -0.0058883992
v -0.00158714992 -0.00332302647 -0.00542896241
v -0.00202820823 -0.00341621228 -0.00646911981
v -0.00195016898 -0.00340056932 -0.00595186371
v -0.00186830736 -0.00336129754 -0.00547636161
v -0.00261821738 -0.00333584682 -0.00661447179
v -0.00272109453 -0.00323210517 -0.006087997
v -0.00335051282 -0.00337846251 -0.00675236713
v -0.00344983698 -0.00325276027 -0.00626469916
v -0.00392695237 -0.00359858293 -0.00680847513
v -0.00422976259 -0.00363663794 -0.00636657327
v -0.00453251973 -0.00367436325 -0.0059252535
v 0.000641246093 -0.00248944527 -0.0056526335
v 0.000833244238 -0.0025490697 -0.00519978395
v 0.000754702662 -0.00250791898 -0.00452095084
v 0.000966215681 -0.00253368402 -0.00412353594
v 0.000166374783 -0.00247974577 -0.00575881219
v 6.90397283e-05 -0.00242709415 -0.00522395968
v -8.34066304e-06 -0.00241862913 -0.00477179512
v -0.000404445018 -0.00260061328 -0.0058387625
v -0.000674273004 -0.00265721977 -0.0054767658
v -0.000725741964 -0.00256408262 -0.00491500739
v -0.00112789334 -0.00291870791 -0.0054688789
v -0.0014639881 -0.00297338679 -0.00498868432
v -0.00179239234 -0.00298053166 -0.00459248666
v -0.00236842292 -0.00326495804 -0.00559832016
v -0.00220191432 -0.00314829731 -0.00509935152
v -0.00203242409 -0.00301320455 -0.00463295216
v -0.0027865353 -0.00320039084 -0.0057254252
v -0.00288648764 -0.00307857059 -0.00523089711
v -0.00351960678 -0.0032020607 -0.0058917799
v -0.00362257706 -0.00309889577 -0.00536428532
v -0.00406437088 -0.00336498907 -0.00594125781
v -0.00442650868 -0.00335435802 -0.0054698661
v -0.00477950694 -0.00328723458 -0.00509830192
v 0.000474243949 -0.00244512479 -0.00428752135
v 0.000622646592 -0.002335781 -0.00387661834
v -6.7789646e-05 -0.00241319579 -0.00442354707
v -0.000167379811 -0.00228913827 -0.0039329729
v -0.000807861914 -0.0024592164 -0.00451256568
v -0.000903183478 -0.00230877334 -0.00406861538
v -0.00134182442 -0.00261936942 -0.00454602018
v -0.00162834872 -0.00258529838 -0.00425156252
v -0.00254045404 -0.00291366549 -0.00471055135
v -0.00234275125 -0.0027323612 -0.00440243585
v -0.00298492378 -0.0029021427 -0.00478945207
v -0.00306677283 -0.00266842591 -0.00449265353
v -0.00372325699 -0.00291262753 -0.00491747679
v -0.00380818639 -0.00269795163 -0.00458703237
v -0.00432014652 -0.00303589413 -0.00501531828
v -0.00457049115 -0.00294182962 -0.00482075987
v 0.000428822124 -0.00180815649 -0.00334175141
v -0.000293954305 -0.00187978684 -0.00351268635
v -0.0010155373 -0.00194404111 -0.00369665585
v -0.00174422131 -0.00205218629 -0.00380306668
v -0.00247036666 -0.00214464264 -0.00393720064
v -0.00319222989 -0.00221062521 -0.00411811564
v -0.00391702121 -0.00229471223 -0.00426703924
v -0.0046425499 -0.00238335528 -0.00440791156
v 0.000292946526 -0.00116874941 -0.00305204559
v -0.000431617198 -0.00125142746 -0.00320345862
v -0.00115653628 -0.00133630226 -0.00335098989
v -0.0018822283 -0.00142595381 -0.00349008013
v -0.00260745385 -0.00151272351 -0.00363426306
v -0.00333151734 -0.001592307 -0.00379114435
v -0.00405549584 -0.0016713693 -0.00394894648
v -0.00478019752 -0.00175489928 -0.00409885449
v 0.000154000503 -0.00054832024 -0.00272880401
v -0.000569198979 -0.0006225658 -0.00289511797
v -0.00129331066 -0.000702450052 -0.00305146771
v -0.00201779976 -0.000784665113 -0.0032036989
v -0.00274195382 -0.000864813861 -0.00335958134
v -0.00346576539 -0.00094284059 -0.00351921399
v -0.00419007242 -0.00102393318 -0.00367342844
v -0.0049151252 -0.00110963196 -0.00381950359
v 1.84672535e-05 -9.14794655e-05 -0.00229372107
v -6.45709661e-05 0.000134887392 -0.00198393455
v -0.000750045292 -6.34810567e-05 -0.00236275792
v -0.000582677603 0.000130580796 -0.00206616847
v -0.00144599855 -0.000166960614 -0.00257813069
v -0.00217007473 -0.000246623444 -0.00273487205
v -0.00289479271 -0.000330257055 -0.00288459635
v -0.00361941522 -0.000413296861 -0.00303537026
v -0.00434503984 -0.000502533861 -0.00317519298
v -0.00507236645 -0.000602286833 -0.00329643348
v -0.000171459047 0.000398519158 -0.00156276557
v -0.00107465428 0.000115947129 -0.00214680377
v -0.000892478216 0.000296966871 -0.00180891843
v -0.00153982034 8.3296356e-05 -0.00222366862
v -0.00162668445 0.000286014867 -0.00187209365
v -0.00227163453 1.58531766e-05 -0.00234437548
v -0.00235797744 0.000221793773 -0.00199849438
v -0.00300163683 -6.50451402e-05 -0.00246496429
v -0.00308723189 0.00014551793 -0.00212725135
v -0.00373167661 -0.000144459656 -0.00258653238
v -0.00381691149 6.83298276e-05 -0.00225275359
v -0.00445913523 -0.000240522495 -0.00270996336
v -0.00454452494 -2.86878494e-05 -0.00237449724
v -0.00518294703 -0.000360617356 -0.00283562811
v -0.00526911113 -0.000153571193 -0.00249170046
v -0.00458234223 -0.00398680661 -0.00638597319
v -0.00488385092 -0.00411141431 -0.00591697823
v -0.00518389139 -0.00422693929 -0.00546403043
v -0.00585246785 -0.00429526856 -0.006555981
v -0.00570026832 -0.00428608339 -0.00604034774
v -0.00554800406 -0.00427650195 -0.00552541437
v -0.00647944631 -0.00406557554 -0.00720186438
v -0.00633472065 -0.00404803455 -0.006685853
v -0.00618942687 -0.00402697921 -0.00617605122
v -0.00697673624 -0.00401517563 -0.00730892085
v -0.00707396399 -0.0038765166 -0.00684414711
v -0.00770347752 -0.00412141485 -0.00742839649
v -0.00780105079 -0.00398489134 -0.00695985043
v -0.00815027021 -0.00430276245 -0.00747948419
v -0.00835587084 -0.00431016041 -0.00702129211
v -0.00872542709 -0.00463582342 -0.00660093781
v -0.00882995501 -0.00498055946 -0.00601215754
v -0.00878194161 -0.00521290675 -0.00550711807
v -0.00889222417 -0.00550312968 -0.00496015185
v -0.00893042702 -0.00595082529 -0.00453584129
v -0.00889979396 -0.0049778074 -0.0065920921
v -0.00892649032 -0.0051428224 -0.0063004978
v -0.00919145439 -0.00541895721 -0.00469278963
v -0.00925593264 -0.00567861507 -0.00441159774
v -0.0047574644 -0.00363836042 -0.00545798615
v -0.00507706683 -0.0037656771 -0.00506101456
v -0.00539596565 -0.00388864893 -0.00467172079
v -0.00606750045 -0.00399690028 -0.00568037853
v -0.00587044889 -0.00396499922 -0.00519330148
v -0.00567229046 -0.00392626226 -0.00471830508
v -0.00669874018 -0.00380872004 -0.00634189369
v -0.00651663402 -0.00375867914 -0.0058248667
v -0.0063300482 -0.00368094863 -0.00535676861
v -0.00715176528 -0.00379059324 -0.00645202957
v -0.00724910107 -0.00365260127 -0.00598607771
v -0.00787734054 -0.00390559807 -0.00657134643
v -0.00804060325 -0.00378880743 -0.0060053682
v -0.00837956928 -0.0037953062 -0.00570026552
v -0.00827935897 -0.0040455265 -0.00660435669
v -0.00844372436 -0.00409713201 -0.00624719309
v -0.0086198682 -0.00418812083 -0.00567192212
v -0.00894705392 -0.00460170349 -0.00516192615
v -0.00904302765 -0.00502400286 -0.00492318161
v -0.00930464454 -0.00453630462 -0.00491429539
v -0.00940767862 -0.00495885406 -0.00469933497
v -0.00965371169 -0.00528273406 -0.00422398467
v -0.0052563264 -0.0031577982 -0.00461403653
v -0.00548193324 -0.00351160276 -0.00446621887
v -0.00600919547 -0.00329239247 -0.00468203658
v -0.00575825805 -0.00354921585 -0.00451280316
v -0.00686285086 -0.00340700522 -0.00542824157
v -0.00668198476 -0.00326908566 -0.00512170512
v -0.00736315036 -0.00340769533 -0.00550730992
v -0.00744485902 -0.00317310775 -0.00521204993
v -0.00791790243 -0.0035653878 -0.00561366556
v -0.00818202551 -0.00344807981 -0.00544160279
v -0.00876083877 -0.00367086381 -0.00528815668
v -0.00915560406 -0.00391298346 -0.00500906818
v -0.00952230114 -0.00410894724 -0.00480292225
v -0.00992952473 -0.0043804422 -0.00443541957
v -0.0100155873 -0.0048481822 -0.00401120074
v -0.0101477485 -0.00428670039 -0.00416564802
v -0.0102034491 -0.0045572361 -0.00386375212
v -0.00537917856 -0.00254060701 -0.00442754664
v -0.00610832032 -0.00265158154 -0.00452895835
v -0.00682742056 -0.00270049274 -0.00474003935
v -0.00755441794 -0.00279821176 -0.0048648743
v -0.00828322768 -0.00290712947 -0.00496991957
v -0.0090755336 -0.00311573967 -0.00489154086
v -0.00931948517 -0.00345621654 -0.00485741813
v -0.0094840005 -0.00302429893 -0.00470556784
v -0.00967917591 -0.00340929185 -0.00460546557
v -0.0101211797 -0.00372375734 -0.00424047699
v -0.0102647236 -0.0038893458 -0.00399671076
v -0.0104242684 -0.00412155082 -0.00363741256
v -0.00550593622 -0.00184484175 -0.00423743064
v -0.00623332895 -0.00194500689 -0.00435794238
v -0.00696176477 -0.00205161911 -0.00446706172
v -0.00769142853 -0.00216581952 -0.00456277281
v -0.00842518918 -0.00230533909 -0.0046137427
v -0.00919775665 -0.00254779309 -0.00454604253
v -0.00952049624 -0.00249298662 -0.00431101304
v -0.00951822288 -0.00287420186 -0.00462376047
v -0.00975717977 -0.00282555493 -0.00427044043
v -0.0101949498 -0.0031185972 -0.00386195583
v -0.0104214102 -0.00329547212 -0.00363216782
v -0.010615102 -0.00351449219 -0.00331134652
v -0.00564173516 -0.00120495993 -0.00394856324
v -0.0063700215 -0.00131064677 -0.00405931845
v -0.00710004615 -0.00142708118 -0.00415108074
v -0.00783349946 -0.00156470481 -0.00420540106
v -0.00861587469 -0.0017365797 -0.00413091527
v -0.00895044114 -0.00166740757 -0.00383360148
v -0.00908951648 -0.00203884044 -0.00422342867
v -0.00937499851 -0.00202742638 -0.00391484704
v -0.00982608832 -0.00228078081 -0.0037251357
v -0.0102529721 -0.00256161671 -0.00340149947
v -0.0105198091 -0.00255304156 -0.00303099188
v -0.0104885492 -0.00291642919 -0.00336432317
v -0.0106540732 -0.00288252207 -0.00298050884
v -0.00580104347 -0.000710391789 -0.00340291508
v -0.00653091865 -0.000825899246 -0.00349631603
v -0.00728374347 -0.000922458246 -0.00350501551
v -0.00760016078 -0.00081266195 -0.00324621843
v -0.00797767658 -0.00116804615 -0.003670451
v -0.00806393661 -0.000961592537 -0.00332547631
v -0.00849370006 -0.0013935396 -0.0037532635
v -0.00877865683 -0.00133054028 -0.0034931819
v -0.00946403854 -0.00163232582 -0.00335730123
v -0.00975063909 -0.00161890138 -0.0030709696
v -0.00982733816 -0.00198547146 -0.00344362459
v -0.0100671044 -0.00193490577 -0.00305442093
v -0.0105503444 -0.00218518917 -0.00257638749
v -0.0107242912 -0.00248096581 -0.00254143728
v -0.00590614276 -0.000485198281 -0.0029613215
v -0.00599359721 -0.00028612907 -0.00260329782
v -0.00662948238 -0.000611556577 -0.00308472733
v -0.00671811914 -0.00041979595 -0.00271378877
v -0.00712075736 -0.000703495869 -0.00316732749
v -0.00743083516 -0.000602307438 -0.00289100339
v -0.00819306914 -0.000697972253 -0.00279705785
v -0.00851062685 -0.000615273952 -0.00250200066
v -0.0088825319 -0.00100494421 -0.00295087602
v -0.00897299312 -0.000824461342 -0.00256000902
v -0.00930706505 -0.0012291621 -0.00300608715
v -0.00964820106 -0.00122678641 -0.00260301563
v -0.00998945814 -0.00122515694 -0.00219862582
v -0.0100842575 -0.00157515018 -0.00260926713
v -0.0103271687 -0.00157817977 -0.00219303323
v -0.00151483703 -0.00712141255 -0.00277704047
v -0.00151639723 -0.00713105639 -0.00275999866
v -0.00183922297 -0.00716556748 -0.00283172727
v -0.00184078317 -0.00717521179 -0.00281468546
v 0.000651303795 -0.00579621224 -0.00286986283
v 0.000885887654 -0.00615245244 -0.00238799141
v 0.000785560813 -0.00647085393 -0.0018171476
v 0.000476483372 -0.00655714655 -0.00150219235
v 0.000180697825 -0.00598046416 -0.00301721809
v 0.00016714487 -0.00643163035 -0.00257254462
v 0.000116620053 -0.00672064163 -0.00203949166
v 2.64584232e-05 -0.00672573783 -0.00150056276
v -0.000541317451 -0.0061021992 -0.00315221213
v -0.000542124093 -0.00660926942 -0.00273800828
v -0.000587280199 -0.00692182686 -0.00221778871
v -0.000701653247 -0.00694866292 -0.00148950482
v -0.000984784565 -0.00702198688 -0.00123741454
v -0.00122489897 -0.00610205531 -0.0031638348
v -0.00128332002 -0.00678103883 -0.00283941068
v -0.00131047622 -0.00708031235 -0.00243668701
v -0.00141311041 -0.00709884893 -0.00169234315
v -0.00147549016 -0.00711417012 -0.00130995282
v -0.00206939061 -0.0062576998 -0.0033292321
v -0.00205335417 -0.00691461191 -0.00298550026
v -0.00208284939 -0.00720362738 -0.00257718563
v -0.00213395269 -0.00722572673 -0.00183014025
v -0.00220116694 -0.00723496964 -0.00142398162
v -0.00269794045 -0.00650873268 -0.00357972039
v -0.00270327763 -0.00699593266 -0.00315468642
v -0.00275398325 -0.00728415139 -0.00262120157
v -0.00286068674 -0.00732676825 -0.00195385609
v -0.00292828982 -0.00733483909 -0.0015463368
v -0.00341290329 -0.00666139787 -0.00373157253
v -0.00343479658 -0.00707598403 -0.00326696178
v -0.00348969316 -0.00734582171 -0.00272345869
v -0.00359462202 -0.00739622209 -0.00206035539
v -0.00365744019 -0.00740566012 -0.00168011454
v -0.00415656529 -0.00668819435 -0.00381482253
v -0.00417257287 -0.00712859444 -0.00336428126
v -0.0042288769 -0.00739225885 -0.0028174133
v -0.00432554493 -0.00744798221 -0.00210190658
v -0.00411806209 -0.00743994024 -0.00176903117
v 0.00097230298 -0.00555987144 -0.00270672748
v 0.00112117594 -0.00582266692 -0.00243972568
v 0.000957711018 -0.00636976818 -0.00149727543
v 0.000674472307 -0.00645554531 -0.00117056177
v 0.000580745633 -0.00639097486 -0.000542655704
v -2.82187684e-05 -0.00674123317 -0.00116372155
v -0.000115038682 -0.00664438214 -0.000565409369
v -0.000405869592 -0.00665621134 -0.000228410732
v -0.00050211302 -0.00690979278 -0.00118035555
v -0.000807978504 -0.00691293366 -0.000887660659
v -0.000928461202 -0.00680384506 -0.000289258314
v -0.00145255122 -0.00583590148 -0.00323388306
v -0.00154789758 -0.00705190236 -0.000930728507
v -0.00165201561 -0.00695583178 -0.000390698289
v -0.00190543267 -0.00589754712 -0.00331023219
v -0.00227389205 -0.00717130769 -0.00104399736
v -0.00237807352 -0.00707562687 -0.000503277755
v -0.00300093042 -0.0072715478 -0.00116655463
v -0.00310558034 -0.00717876479 -0.000620716193
v -0.00372886495 -0.00734770205 -0.00130323903
v -0.00383437914 -0.0072602611 -0.000747958606
v -0.00460473681 -0.0074692131 -0.00186929875
v -0.00443093199 -0.00741135282 -0.00150635396
v -0.00456416653 -0.00731893862 -0.000887767936
v -0.00488279108 -0.00666285167 -0.00388294295
v -0.00491050445 -0.0071805194 -0.00346122659
v -0.00497251097 -0.00741917407 -0.00290072802
v -0.0050602667 -0.00748106046 -0.00233021518
v -0.00564311445 -0.00683162082 -0.00391337695
v -0.00565474341 -0.00720478501 -0.00354309683
v -0.00581275532 -0.00738582248 -0.0028926353
v -0.00566372182 -0.00746452156 -0.00249642506
v -0.00638368726 -0.00681414083 -0.00411930354
v -0.00644396571 -0.00714402413 -0.00355990441
v -0.00626966357 -0.00728231715 -0.00306553906
v -0.00712098554 -0.00692981528 -0.0041917311
v -0.00693302695 -0.00704583479 -0.00376881496
v -0.00767421862 -0.00689801201 -0.00443730736
v -0.00514557026 -0.00635052938 -0.00397464912
v -0.00511821173 -0.00748222368 -0.0019855625
v -0.00520367734 -0.00742651708 -0.00152358401
v -0.00529541541 -0.00735594938 -0.00103639544
v -0.00568006421 -0.00641425932 -0.00403118879
v -0.00615194486 -0.00740681868 -0.00265773013
v -0.00590926269 -0.00743624801 -0.00227946555
v -0.00597416377 -0.00738648791 -0.00153026939
v -0.00579208322 -0.00736155966 -0.00114415481
v -0.00616882462 -0.00650924584 -0.00418037083
v -0.00675107213 -0.00713827414 -0.00333698024
v -0.00653636688 -0.00728219748 -0.00290024327
v -0.00660755998 -0.00733546168 -0.00230181869
v -0.0067004161 -0.00730345864 -0.00177686347
v -0.00742170122 -0.00693697343 -0.00396874873
v -0.00721919024 -0.00700230245 -0.00355067849
v -0.00729520433 -0.00709733833 -0.00293125189
v -0.00733819231 -0.00717924815 -0.00231754803
v -0.00711340411 -0.00723422319 -0.00190612883
v -0.0079403827 -0.0068121315 -0.00420015259
v -0.00801884942 -0.00677367486 -0.00351144793
v -0.00786384568 -0.00693545537 -0.00289170328
v -0.0078053805 -0.00705273589 -0.00254729693
v -0.00849339459 -0.00655336725 -0.00413557887
v -0.00845084991 -0.00661245175 -0.00369075639
v 0.000503578281 -0.00630782964 -0.000152052991
v 0.000368610112 -0.00619378779 0.00041013601
v 4.82542091e-05 -0.00622022524 0.000728833897
v 7.04738486e-05 -0.00647778949 -0.00018728961
v -0.000251711812 -0.00649863528 0.000127618478
v -0.000389154506 -0.00637830375 0.000684213184
v -0.00100658834 -0.00671649072 0.00010363874
v -0.00110688643 -0.00659680832 0.000601944746
v -0.00172889221 -0.00687396247 -7.90314516e-07
v -0.0018296584 -0.00675717369 0.000502629089
v -0.00245369272 -0.00699927192 -0.000116375391
v -0.00255506695 -0.00688624196 0.000393686234
v -0.00317940838 -0.00711026555 -0.000238095585
v -0.00333456416 -0.00699666794 0.000355473894
v -0.00366306282 -0.00697911344 0.000627801521
v -0.00390731683 -0.0071956669 -0.000367466535
v -0.00398076279 -0.00707734656 0.00024793006
v -0.00376850576 -0.00699346652 0.000610025425
v -0.00463784067 -0.00725111412 -0.0005055152
v -0.00474106055 -0.00714949099 2.47030403e-05
v 0.000522242568 -0.006024695 0.000770110986
v 0.00023269665 -0.00598238781 0.00119375461
v -5.65427763e-05 -0.00593818817 0.00161405245
v -0.000472570362 -0.00626775343 0.00108975242
v -0.000569927972 -0.0061298958 0.00155594153
v -0.0011881399 -0.00649574166 0.00100231566
v -0.00128623238 -0.00636242703 0.00147653208
v -0.00190919917 -0.00666361907 0.000898905681
v -0.00197983184 -0.00651305774 0.00145892263
v -0.00263367454 -0.00679678097 0.000787731376
v -0.00272233365 -0.00668757735 0.00122545927
v -0.00317975855 -0.00689399801 0.00070296874
v -0.00346319424 -0.00684853084 0.000998863485
v -0.00425516628 -0.00703543611 0.000519928173
v -0.00410973607 -0.00692968955 0.00089374173
v -0.00481688092 -0.00707225315 0.000412086665
v -0.00497900136 -0.00693123043 0.000947947206
v 0.000416018447 -0.00573963486 0.00166135409
v 0.000101440586 -0.0056890808 0.00207293057
v -0.000659524754 -0.00599223701 0.00197625603
v -0.00137259986 -0.00623893179 0.00188912684
v -0.00177962892 -0.0063700988 0.00183637999
v -0.00532732159 -0.00685381005 0.0012382667
v 0.00025815249 -0.00543439668 0.00253484841
v -0.0022614717 -0.00646814238 0.00176297897
v -0.00281422772 -0.00657139393 0.00167674164
v -0.00353908376 -0.00669645239 0.00156127871
v -0.00426716963 -0.00678625237 0.00143651082
v -0.0048390124 -0.00682706153 0.00133087346
v -0.00021280619 -0.0056364811 0.00248089153
v -0.000754462322 -0.00583942141 0.00241601351
v -0.00155205256 -0.00607961649 0.00240345416
v -0.0019081455 -0.00605702912 0.00271110074
v -0.00212231791 -0.00630805967 0.00213859091
v -0.00227688695 -0.00613767235 0.00265526702
v -0.00290412107 -0.00643243501 0.00209776498
v -0.00299965334 -0.00628329581 0.00254401937
v -0.00362792215 -0.00656212028 0.00197978062
v -0.00372383976 -0.00641536154 0.00243024132
v -0.00435505621 -0.00665609632 0.00185273658
v -0.00445131585 -0.00651145261 0.00230693468
v -0.00512042455 -0.0067337621 0.00162739027
v -0.00518303644 -0.00656240154 0.00217235624
v -9.03593027e-05 -0.00537443766 0.00292716338
v -0.000440233562 -0.00532289967 0.0033343602
v -0.000848402386 -0.00568271335 0.00284671015
v -0.000942041632 -0.00552187301 0.00327228662
v -0.00143334921 -0.00589132588 0.00277166814
v -0.00170131575 -0.00582671165 0.00308464165
v -0.00236026989 -0.00593287405 0.00317171775
v -0.00265651173 -0.00585413957 0.00348481419
v -0.00309309317 -0.00612878241 0.00297351996
v -0.00318697933 -0.00596946804 0.00340179354
v -0.00381588307 -0.00626697252 0.00285640382
v -0.00390984956 -0.00610815501 0.00328555587
v -0.00454299478 -0.00636466127 0.00273222732
v -0.00463723578 -0.00620754063 0.00316437753
v -0.00527458638 -0.00641617691 0.00259733992
v -0.00536938058 -0.00626247376 0.00303552928
v 2.67406213e-05 -0.00508894306 0.00338621717
v -0.000330986542 -0.0050356565 0.003779402
v -0.0006888801 -0.0049833986 0.00417440478
v -0.00104131573 -0.00534177013 0.0037157347
v -0.00113253435 -0.00516596623 0.00411486998
v -0.00175138027 -0.005595461 0.00361639634
v -0.00184274628 -0.0054205684 0.00401714165
v -0.0021775465 -0.00573279988 0.00355647318
v -0.00251463428 -0.00564874616 0.00385795324
v -0.00326024159 -0.00571856601 0.00394476578
v -0.00354106841 -0.00560992863 0.00422480144
v -0.00401795888 -0.00588930305 0.00375012332
v -0.00410741102 -0.00570258172 0.00412996672
v -0.00474469829 -0.00599152595 0.00362739875
v -0.00483415555 -0.00580483675 0.00400729897
v -0.00547284354 -0.00606399868 0.00348899048
v -0.00556363305 -0.0058855419 0.00388343772
v -0.000227455355 -0.004723344 0.00423810817
v -0.000526856398 -0.00467204535 0.00453614909
v -0.00121389527 -0.00487233838 0.00465940824
v -0.00149019656 -0.00479835737 0.00493259635
v -0.00195056817 -0.00520297559 0.00448102271
v -0.00203872286 -0.00500823371 0.00484669302
v -0.0026629162 -0.00542400358 0.00436885469
v -0.00275127846 -0.0052305446 0.0047367923
v -0.00305845705 -0.00552553451 0.00430466374
v -0.00340583757 -0.00541592902 0.004564045
v -0.00420205807 -0.00549392449 0.0045229136
v -0.00492903031 -0.0055914917 0.0043978109
v -0.00565465167 -0.00568070542 0.00425794674
v -0.000641154009 -0.00436543021 0.00506984908
v -0.000727089355 -0.00415697135 0.00541128032
v -0.00102309708 -0.0045922054 0.00500616012
v -0.00137085712 -0.00450937357 0.00529739726
v -0.00211816072 -0.00466715405 0.00541835651
v -0.00238453271 -0.00458556553 0.00567773404
v -0.00286807702 -0.00497358106 0.00522213196
v -0.00295745954 -0.00478642806 0.00560121238
v -0.0035872627 -0.00513779046 0.00510464935
v -0.00367902755 -0.00496536447 0.00550975278
v -0.0043133013 -0.00524706068 0.00498345355
v -0.0044060233 -0.00508055091 0.00539901247
v -0.00504173664 -0.00533694727 0.0048608291
v -0.00513410149 -0.00516822748 0.00527248159
v -0.00566988764 -0.00605384354 0.00720902812
v -0.00577126956 -0.00541730691 0.00473701861
v -0.00586307002 -0.00524510071 0.00514251087
v -0.00607443415 -0.00608093385 0.00707113184
v -0.000873591111 -0.00382457301 0.00593514275
v -0.00119340001 -0.00376505195 0.00622756965
v -0.00154936255 -0.00420833286 0.00581416674
v -0.00163568673 -0.00400227634 0.00615984341
v -0.00191618502 -0.00438699266 0.00575001398
v -0.00229532667 -0.004308654 0.00611834647
v -0.00268096314 -0.00427046092 0.00655761966
v -0.00305729336 -0.00460387021 0.00604599901
v -0.00318390923 -0.00451881951 0.00661002286
v -0.00350046065 -0.00468975445 0.00704146968
v -0.00355011574 -0.00513372198 0.00778127601
v -0.00377254211 -0.00481052184 0.00593943289
v -0.00384738739 -0.00481684832 0.0063885022
v -0.00388054643 -0.00493594492 0.00706837652
v -0.00391657231 -0.00521291001 0.00750569999
v -0.00449641049 -0.0049394262 0.00582121685
v -0.00454791263 -0.00503283879 0.0062021357
v -0.0046083401 -0.00527841644 0.00675886124
v -0.00464956509 -0.00560821686 0.00726968236
v -0.00522466423 -0.00502633164 0.00569510553
v -0.00526661798 -0.00516908988 0.00605922984
v -0.00530661037 -0.00550429476 0.00656710565
v -0.00538949855 -0.00587089872 0.00708400458
v -0.00595373986 -0.00510273548 0.00556538999
v -0.00600633398 -0.0052131908 0.00596654834
v -0.00603745878 -0.00558728911 0.00645322585
v -0.00605504913 -0.0059106499 0.00681865495
v -0.00567519292 -0.0060866354 0.00726697315
v -0.0060878126 -0.0061636297 0.00721726194
v -0.00357764005 -0.00530385179 0.00808190927
v -0.00398324244 -0.00554784806 0.00811069738
v -0.00431169802 -0.00575774349 0.0086184619
v -0.00450536422 -0.00587136624 0.00888748094
v -0.00470718741 -0.00586609822 0.00781970285
v -0.00480476907 -0.00594872329 0.00846524164
v -0.00486842822 -0.00598380994 0.00887118001
v -0.00544361537 -0.00607567001 0.00757034682
v -0.00550770527 -0.00615413487 0.00828464143
v -0.00559371337 -0.00619387254 0.0088269012
v -0.00613098359 -0.00622959156 0.00752659794
v -0.00621937914 -0.00632122718 0.00812492613
v -0.00632526306 -0.00639064144 0.00882011931
v -0.00661173323 -0.00649151579 0.00910284929
v -0.00537008932 -0.00728374207 -0.000651753624
v -0.00547307776 -0.00718069077 -0.000124058803
v -0.00628312584 -0.00733163906 -0.00126630394
v -0.00610060804 -0.00728152413 -0.000864986796
v -0.00620841281 -0.00716770254 -0.000288824202
v -0.00676877284 -0.00725895632 -0.00140732189
v -0.00684965216 -0.00715602562 -0.00080980151
v -0.00664613955 -0.007132472 -0.000396724092
v -0.00760908751 -0.00709736999 -0.00208709599
v -0.0075330562 -0.00708638784 -0.00154305738
v -0.00745373592 -0.0070550777 -0.00103494129
v -0.00833644159 -0.00669533014 -0.0032596956
v -0.00826653372 -0.00681351591 -0.0028595652
v -0.00821323879 -0.00689753564 -0.00219622743
v -0.00812538899 -0.00690441718 -0.00164396642
v -0.00894146319 -0.00623239717 -0.00399496313
v -0.00879574474 -0.00645261304 -0.00340088597
v -0.00893265475 -0.0065191919 -0.00282036467
v -0.00875586644 -0.00668932684 -0.00229498721
v -0.0092909243 -0.00596344844 -0.00387475826
v -0.00929498672 -0.00617169123 -0.00329174404
v -0.00929993112 -0.0062859864 -0.00300001074
v -0.00554951187 -0.0071007642 0.000264790724
v -0.00564867491 -0.00697406847 0.000750703854
v -0.00628517522 -0.00708633335 0.000100810663
v -0.00638508843 -0.00696427235 0.00059491361
v -0.00714292005 -0.00704355165 -0.000532474834
v -0.00704529742 -0.00697816676 -3.20476247e-05
v -0.00694736093 -0.00691084843 0.000464963494
v -0.00795198698 -0.00694171479 -0.00118170958
v -0.00773511268 -0.00693230703 -0.000764265889
v -0.00779713411 -0.00681587029 -0.000181205338
v -0.00862452388 -0.00672730245 -0.00183696463
v -0.0084057739 -0.00677906489 -0.00139911438
v -0.00843475014 -0.00669315225 -0.000740183285
v -0.0082202889 -0.00671760319 -0.000304520712
v -0.00925453845 -0.00639158767 -0.00258812704
v -0.00914583355 -0.006472487 -0.00195182697
v -0.00901642162 -0.00650578458 -0.00135161052
v -0.00890462846 -0.00653130561 -0.000950040878
v -0.00969474856 -0.00558041874 -0.00369497132
v -0.00967806764 -0.00587024726 -0.00315622799
v -0.00957825873 -0.00613586884 -0.00266254786
v -0.00959753338 -0.00620819628 -0.00205495418
v -0.0057328199 -0.00686032046 0.00115798612
v -0.00647070305 -0.00684407866 0.0010057094
v -0.00744568417 -0.00681846915 0.000335568329
v -0.00731181819 -0.00672778022 0.000831719139
v -0.00787673704 -0.00672204234 0.000215220149
v -0.00797486678 -0.00658895262 0.000689834938
v -0.0087243719 -0.00653824769 -0.0004699782
v -0.00859410968 -0.00650692359 5.03499759e-05
v -0.00846313871 -0.00647121621 0.000562932924
v -0.00953391567 -0.00626390707 -0.00161316921
v -0.00944279972 -0.0062799463 -0.00126284396
v -0.00927774049 -0.00629309099 -0.000606988673
v -0.00914200209 -0.00629514549 -7.75834778e-05
v -0.0100598736 -0.0052039274 -0.00351534202
v -0.0101049775 -0.00550732343 -0.00298993289
v -0.0101089394 -0.00571250916 -0.00240517966
v -0.00998186041 -0.00589979766 -0.00175486319
v -0.00984310079 -0.0060179173 -0.00115120993
v -0.00977020152 -0.00603964273 -0.000733730965
v -0.0102881426 -0.00491848215 -0.00337470579
v -0.0103387078 -0.00522262091 -0.00285021728
v -0.0103638759 -0.00543069374 -0.0022690394
v -0.0103722196 -0.00552784931 -0.00188684918
v -0.00767715136 -0.0065408689 0.0012005684
v -0.00806118082 -0.00646568835 0.00110230409
v -0.00896955747 -0.00628911285 0.000409106724
v -0.00882834382 -0.0062460592 0.000920499675
v -0.00965402182 -0.00604097964 -0.000256362837
v -0.00950995833 -0.00603918638 0.000269118464
v -0.00936526526 -0.00603350392 0.000787725905
v -0.0103683416 -0.00558195589 -0.00144962559
v -0.0103391539 -0.0055787405 -0.000933333999
v -0.0100275502 -0.00579812517 -0.000369116664
v -0.00998141337 -0.00577987544 0.000140753342
v -0.0105739646 -0.00443402678 -0.0031267181
v -0.0106324563 -0.00473408727 -0.00260064751
v -0.0106208827 -0.00502461102 -0.00206276495
v -0.0105382986 -0.00530021498 -0.00152766996
v -0.010565496 -0.00530669186 -0.00102400745
v -0.00919343997 -0.00602137763 0.00127780717
v -0.00987918768 -0.00577763841 0.000618866645
v -0.00972309615 -0.0057659857 0.0011317872
v -0.0105725052 -0.005314379 -0.000561511493
v -0.0105453124 -0.0052760304 -8.84174369e-05
v -0.0102286451 -0.00551272975 0.000502562849
v -0.0101703824 -0.00549938157 0.000999652897
v -0.0107939495 -0.00383093557 -0.00280556618
v -0.0108779604 -0.00413447013 -0.00228379807
v -0.0109107634 -0.00443103444 -0.00175339682
v -0.0108693801 -0.00471750041 -0.00121048873
v -0.0107446685 -0.00501471106 -0.000651273178
v -0.0107515678 -0.00500802416 -0.00018536963
v -0.0100873727 -0.00547020137 0.00149125396
v -0.0107627297 -0.00494151935 0.000318731822
v -0.0107208909 -0.00491181808 0.000764129101
v -0.0103951273 -0.0051975511 0.0013766546
v -0.0109082228 -0.00321345543 -0.0024665927
v -0.0110506369 -0.00352493976 -0.00195467053
v -0.0111238463 -0.00382700399 -0.00143108121
v -0.0111359255 -0.00412074756 -0.000897186226
v -0.0110732596 -0.00440431619 -0.000350690447
v -0.0109286495 -0.00466412818 0.000222765375
v -0.0109269638 -0.00461233594 0.000659193029
v -0.0107497424 -0.00213963818 -0.00216520159
v -0.010972823 -0.00442121504 0.00124203553
v -0.0108196111 -0.00461305166 0.00165810296
v -0.0108904969 -0.0025115083 -0.00211996632
v -0.0111410264 -0.00290420814 -0.00161167048
v -0.0112663638 -0.00321336789 -0.00109686935
v -0.011308793 -0.00351124257 -0.000568090996
v -0.0112854196 -0.00380015979 -2.8219365e-05
v -0.0111641483 -0.00407575164 0.000528156466
v -0.0110439854 -0.00428485218 0.000962073042
v -0.0107321059 -0.00185507885 -0.00184580137
v -0.0111022592 -0.0041417405 0.00150639494
v -0.0111049535 -0.00415948592 0.00188865419
v -0.0109392507 -0.00202932465 -0.00161275722
v -0.0111399796 -0.00227103056 -0.00125325611
v -0.0113003468 -0.00258495868 -0.000744360266
v -0.0113321189 -0.00288138259 -0.000213785228
v -0.0113519821 -0.0031761853 0.000318797072
v -0.0113332784 -0.00346573838 0.000857881852
v -0.0112381931 -0.0038090772 0.00141848577
v -0.0112756658 -0.00386620546 0.00203899364
v -0.00581952371 -0.00669341907 0.0016890663
v -0.00563106593 -0.00658202171 0.00208763336
v -0.00656686351 -0.00669882074 0.001458821
v -0.00717735663 -0.00663340976 0.00132136408
v -0.00612200331 -0.00658345595 0.00199017487
v -0.00599741004 -0.00643575843 0.00246838853
v -0.00587248057 -0.00628598081 0.00294292625
v -0.00665588817 -0.00656367 0.00187776866
v -0.0067518251 -0.00641703187 0.00232844194
v -0.00745246559 -0.00648902124 0.00160937489
v -0.00749656418 -0.00633297907 0.00216208235
v -0.0081191808 -0.00631300407 0.00164569053
v -0.00790663995 -0.00626011705 0.00206270069
v -0.00868651457 -0.00619919784 0.00142516394
v -0.00636316277 -0.00629208889 0.00284772925
v -0.00614984613 -0.00611001626 0.00333970529
v -0.00593545986 -0.00592133077 0.00381999533
v -0.00684284884 -0.00627311599 0.00275216717
v -0.00693473499 -0.00610143971 0.00315859634
v -0.00759195909 -0.00616989005 0.00259625772
v -0.00768338703 -0.0059953793 0.0029976787
v -0.00840667915 -0.00616234308 0.00193912792
v -0.00823567994 -0.00604654988 0.00244386028
v -0.00806255545 -0.00591761898 0.0029253778
v -0.00905569922 -0.00597298332 0.00178998278
v -0.00891597383 -0.00591231883 0.0022804765
v -0.00956874806 -0.00576511584 0.00166376121
v -0.0064265877 -0.00593678793 0.00373499189
v -0.00629813643 -0.00577391125 0.00406178087
v -0.00704147713 -0.00588858314 0.00361989625
v -0.00713054324 -0.0056994753 0.00399552286
v -0.00778203551 -0.00581802195 0.00343963038
v -0.00787718873 -0.00566653861 0.00388174201
v -0.00855868217 -0.00585945882 0.0028105902
v -0.00846468844 -0.00576506089 0.00330124423
v -0.008371206 -0.00567381829 0.00379747502
v -0.00942204986 -0.00575920474 0.00214802497
v -0.0092668673 -0.00568586122 0.00264366856
v -0.00911498535 -0.00563291367 0.00317535177
v -0.00992660504 -0.00547652598 0.00200077798
v -0.00976599194 -0.0054838066 0.00251199165
v -0.010341133 -0.00518159289 0.00186870841
v -0.0065015452 -0.00548309367 0.0046058516
v -0.00659314636 -0.00530965487 0.00500916597
v -0.00680398382 -0.00619471772 0.00697441213
v -0.00724050216 -0.00547251059 0.00446451223
v -0.00733178947 -0.00529712997 0.0048643956
v -0.00719561521 -0.00628082873 0.00698684063
v -0.00797585212 -0.00548911281 0.00432373118
v -0.00806629565 -0.00530851912 0.00471440237
v -0.00886344817 -0.00562730525 0.00366904214
v -0.00869675446 -0.00549747422 0.00416493509
v -0.00852712896 -0.00534952246 0.00462880684
v -0.00962057058 -0.0054470757 0.00301357987
v -0.00944565702 -0.00539629906 0.0035041857
v -0.00927305687 -0.00535981916 0.00402005482
v -0.0102893198 -0.00516662281 0.00234941207
v -0.0101122484 -0.00516213151 0.00285673724
v -0.00993435457 -0.00515256403 0.00335509307
v -0.0105594601 -0.00488490518 0.00224194024
v -0.0105220666 -0.0048660445 0.00271369494
v -0.0066842353 -0.00516545214 0.00543304672
v -0.00675538648 -0.0052163424 0.00589618599
v -0.00678560277 -0.00559442444 0.00638069212
v -0.00678907661 -0.00600479543 0.00673263893
v -0.00741883554 -0.00517065637 0.00527861342
v -0.00748938648 -0.00528551545 0.00578983966
v -0.00751805538 -0.00567038264 0.00627064751
v -0.00747986091 -0.00611545937 0.00678179553
v -0.00815858133 -0.00515906885 0.00514114415
v -0.00823609345 -0.00529895397 0.00571387028
v -0.0082659414 -0.00567864906 0.00619749725
v -0.00830685254 -0.00600982504 0.00670756912
v -0.00903091021 -0.00528337713 0.00455297157
v -0.00886251219 -0.00513641629 0.00501314597
v -0.00880459882 -0.00521008577 0.00571211241
v -0.009066361 -0.00557628972 0.00623257412
v -0.00915420707 -0.00587606383 0.00671211351
v -0.00979863387 -0.00506186346 0.00388633506
v -0.00959948637 -0.0050221635 0.00437289802
v -0.00940161664 -0.00499035465 0.00487340568
v -0.009462988 -0.00566340238 0.00641432917
v -0.00947404094 -0.00573172187 0.00653505465
v -0.010465554 -0.00480954023 0.00321833231
v -0.0102652172 -0.00478177145 0.00372078712
v -0.0100637078 -0.00474674487 0.00421041623
v -0.0110535556 -0.00421679858 0.00249588815
v -0.0107329069 -0.00454349723 0.00310954591
v -0.0106939999 -0.00449653435 0.00356161222
v -0.0112959761 -0.00388331106 0.00238449266
v -0.0068150484 -0.00626310892 0.00709526427
v -0.00719783455 -0.00629454758 0.00701108295
v -0.00685750879 -0.00633218465 0.00740290293
v -0.00694227312 -0.00643910794 0.00799203292
v -0.00703813834 -0.00652926089 0.00863347016
v -0.00709980121 -0.00658778381 0.0090464903
v -0.00752487639 -0.00634058286 0.00723058684
v -0.00768537959 -0.00646833982 0.00790745579
v -0.00780044356 -0.00658038957 0.00857462455
v -0.00761297857 -0.00663981494 0.00894542132
v -0.00836299825 -0.00627418654 0.00725405756
v -0.00848437566 -0.00639177999 0.00789226498
v -0.00831200462 -0.00651557883 0.00835730974
v -0.00900947116 -0.00614471547 0.00726813823
v -0.00890767761 -0.00627258839 0.00769697502
v 0.0112519702 0.00307043851 -0.000808998186
v 0.0113259833 0.00298812403 -0.00042760247
v 0.0113048293 0.00279588671 0.000162904151
v 0.0111923581 0.00255004037 0.000714713009
v 0.0110663176 0.00221723597 0.00121606933
v 0.0109755211 0.0018747166 0.0015227003
v 0.0107705379 0.00308002019 -0.000891558244
v 0.010602057 0.0031454307 -0.000341927691
v 0.0107463049 0.00303637842 0.000247864285
v 0.010853881 0.00282048504 0.00083677005
v 0.0108288126 0.0025014244 0.0013551485
v 0.0107523752 0.00194526091 0.0017594198
v 0.0102412757 0.0029807922 -0.000963746221
v 0.00994469784 0.00300914585 -0.000620372477
v 0.00935346074 0.0028315871 -0.000522585702
v 0.00897276774 0.00267645018 -0.000397202792
v 0.00855438411 0.00247345073 -0.000199770424
v 0.00816385075 0.0022574903 3.30926996e-05
v 0.00785582233 0.00206951238 0.000249129254
v 0.00754896225 0.00178222428 0.000647864188
v 0.00734035484 0.00156335393 0.000962171936
v 0.00703132479 0.00137523946 0.0011780397
v 0.0102484273 0.00320682721 -6.3860236e-05
v 0.0103508597 0.00312654674 0.000262686284
v 0.0104471166 0.00296030077 0.000878651394
v 0.0103973299 0.00274965656 0.00145612028
v 0.0102627445 0.0024636169 0.00198315876
v 0.00986704882 0.00319051999 -0.000137607625
v 0.00980339199 0.00318412902 0.000245149189
v 0.00965089165 0.00313798385 0.000949852401
v 0.00982035603 0.00298763695 0.00153797027
v 0.00987191964 0.00272693601 0.00209639082
v 0.00942532904 0.00313533633 -0.000211155944
v 0.00910581183 0.0030858987 0.000109703222
v 0.00896343496 0.00315478118 0.000735157111
v 0.00855708774 0.00286506396 0.000157576636
v 0.00819839444 0.00285689416 0.000604320434
v 0.00786941778 0.00271952874 0.00120762922
v 0.00783452392 0.00254131714 0.00151651376
v 0.00780939637 0.0025327988 0.000604896923
v 0.0076932204 0.00237902743 0.000998805859
v 0.00744814472 0.00219098548 0.0014448174
v 0.00691221887 0.00193919218 0.00161320169
v 0.00932729337 0.0031546487 0.00119243166
v 0.00942913909 0.00305926637 0.00154268788
v 0.00947729312 0.00281351991 0.00210925913
v 0.00890265778 0.00316603901 0.0010865794
v 0.00884283986 0.00308737764 0.00150491786
v 0.00878865831 0.0028144028 0.00204671128
v 0.00832440611 0.00308722025 0.000994089525
v 0.00819680002 0.00292787794 0.00135550834
v 0.00804458 0.0026433582 0.00184905785
v 0.00734714186 0.00241368008 0.00188877562
v 0.00693051564 0.00225659157 0.00188322971
v 0.00300019537 0.00062837248 0.000454190624
v 0.00239214464 0.000784927106 -0.000153193891
v 0.00255069206 0.000853812206 0.000326201261
v 0.00173549051 0.000930124661 -0.000200913302
v 0.00186279078 0.00104680145 0.000158021547
v 0.000843085116 0.000704471488 -0.000930159527
v 0.00105101429 0.000867360039 -0.000538030406
v 0.000455219852 0.000689355657 -0.000998798409
v 0.000365185231 0.000872477191 -0.000612594071
v 0.00219487469 0.00111221056 0.000692928559
v 0.00136424205 0.00111164059 5.22014743e-05
v 0.00153412204 0.00124356849 0.00053492689
v 0.000993324327 0.00111198868 -1.58471667e-05
v 0.000901290041 0.00128275016 0.000392198213
v 0.000257434061 0.0010897594 -0.0001488821
v 0.000166239508 0.00126571115 0.000249991572
v 0.00120375503 0.00144778471 0.000915892189
v 0.000801792135 0.00146383455 0.00083618128
v 6.51639202e-05 0.00145371491 0.000697745942
v 0.010321483 0.00159749936 0.00225916738
v 0.0101582855 0.00123303547 0.00242806249
v 0.00997150503 0.00167822593 0.00254624616
v 0.00972649269 0.00128764089 0.00257878029
v 0.00920016319 0.0010270942 0.00272409455
v 0.00881196372 0.000825553318 0.00293147727
v 0.00838970207 0.000622026157 0.00312825595
v 0.00801234879 0.000364460488 0.00339412317
v 0.00778588466 0.000323764427 0.0038480584
v 0.00769351935 -8.79554136e-07 0.00339192571
v 0.00738816429 -3.77535762e-05 0.00382899749
v 0.00708153052 -8.25326424e-05 0.00428003818
v 0.00660978723 0.00102202804 0.00150354882
v 0.00649978593 0.000594904181 0.00163716159
v 0.00687015289 -0.000415645511 0.00378965773
v 0.00658643106 -0.000416222319 0.00422222447
v 0.00625470094 -0.000511188002 0.00484136771
v 0.00608826708 -0.000612177479 0.00514570018
v 0.00625667442 0.00105550222 0.00170351088
v 0.00599028915 0.00062387588 0.00187787786
v 0.00572468527 0.00019707311 0.0020437215
v 0.00588298775 -0.000781931332 0.00412177714
v 0.00579871237 -0.000799938454 0.00463621458
v 0.00571254315 -0.000812993676 0.00515788654
v 0.0101171788 0.0021083944 0.00233553001
v 0.00965351984 0.00214367942 0.00250099041
v 0.00944566447 0.00170197245 0.00263549085
v 0.00906043965 0.00216134801 0.00264463248
v 0.00891216565 0.00173560728 0.00284364913
v 0.00851749349 0.00144359237 0.00319404411
v 0.00833654497 0.00127291214 0.00343150436
v 0.00806216802 0.00102462142 0.00377227762
v 0.00770688336 0.000750476494 0.00412664097
v 0.00743937306 0.000568013755 0.00434950832
v 0.00704475911 0.00032682484 0.00462695258
v 0.00653118733 0.0017819592 0.00174228917
v 0.00671329908 0.000135657261 0.00483903894
v 0.0064123054 -7.6253491e-05 0.00510192895
v 0.00607929844 -0.000317045895 0.00540441787
v 0.00607454777 0.00157375226 0.00193327211
v 0.00568891643 0.00138808961 0.00211259699
v 0.00560741313 -0.000597216364 0.0055928356
v 0.00934765395 0.00255597336 0.00242676144
v 0.00877681654 0.00242990302 0.0025338463
v 0.00847735256 0.00206404505 0.00299604167
v 0.00835369993 0.0018217559 0.0032467097
v 0.0079958383 0.00249260198 0.00249324786
v 0.0078860037 0.00232972531 0.00308167981
v 0.00803564861 0.00191372354 0.00353073399
v 0.00766999926 0.00162471132 0.00411643554
v 0.00754768448 0.00124767364 0.00431015855
v 0.00722732535 0.002510458 0.00248015905
v 0.00739980396 0.00253689778 0.00291361474
v 0.00737677934 0.00171206822 0.00439974898
v 0.00724910339 0.00129435945 0.00454647793
v 0.00682678353 0.000958388438 0.00489670504
v 0.00660119066 0.00228860741 0.00228865491
v 0.00627261447 0.00232525636 0.00268589379
v 0.00655175885 0.000774902757 0.00511830579
v 0.00626978837 0.000537382439 0.00543614104
v 0.00596138183 0.000290176773 0.00576068787
v 0.00605412293 0.00196218165 0.00224750955
v 0.00575167872 0.00198449846 0.00257768249
v 0.00556112826 8.96448037e-05 0.00596117694
v 0.00755367009 0.00243163016 0.00333561795
v 0.00755136413 0.00226165936 0.00372432591
v 0.00748368353 0.00201875577 0.0041156048
v 0.00691207172 0.00258389232 0.00275804149
v 0.00711803697 0.00252122176 0.00311973784
v 0.00704426738 0.00235645706 0.00373154553
v 0.00706052966 0.00201371359 0.00428077439
v 0.0068109096 0.00166558335 0.0047216746
v 0.00665085111 0.00137377903 0.00497448072
v 0.00674084807 0.00256058527 0.00272917561
v 0.00642499654 0.00246760063 0.00302309077
v 0.00628473796 0.00239925808 0.00368622853
v 0.00621077279 0.00221305317 0.00427531404
v 0.00610701786 0.00192397239 0.00478135841
v 0.00618724804 0.00143510429 0.00521444157
v 0.00585813029 0.00114322966 0.0056771636
v 0.00580953853 0.000730365806 0.00591118122
v 0.00565437693 0.00221319892 0.00305950129
v 0.00556230405 0.00227935798 0.00355223427
v 0.00551186083 0.00222503743 0.00420668023
v 0.00574992131 0.00210631359 0.00460337801
v 0.0056189876 0.00124355452 0.00590302609
v 0.00531375827 0.000719215139 0.00614087423
v 0.00577985309 0.00193685316 0.00497770775
v 0.00573993474 0.00171973603 0.00535549922
v 0.00569602754 0.00155339576 0.00561793335
v 0.0052705016 0.00217397441 0.00438181125
v 0.00543546118 0.00205727923 0.00479531335
v 0.00531191658 0.00184570893 0.00538760144
v 0.00530805346 0.00154962298 0.00585678173
v 0.00505694235 0.00124224694 0.00622725487
v 0.00530499266 -0.000581953034 0.00585940527
v 0.00517758913 -8.30861973e-05 0.00611765077
v 0.00502131274 0.000273888872 0.00623909943
v 0.00544817885 0.000648408197 0.00211309618
v 0.00521805091 0.000248268712 0.00228150818
v 0.00497195264 -0.000250582409 0.00262435107
v 0.00492590526 -0.000676291587 0.00336644915
v 0.00489850575 -0.000845652481 0.00366572337
v 0.0053301584 -0.000974092167 0.0040781321
v 0.00515717873 -0.00110681704 0.00440381514
v 0.00501486519 -0.00118886982 0.00504147215
v 0.00466357777 0.000292952434 0.0025112296
v 0.00451562507 -0.000155085523 0.00279290578
v 0.00455741398 -0.000589199597 0.00318469759
v 0.00449647009 -0.000926031556 0.00378806307
v 0.00426818896 -0.00115159294 0.00405736547
v 0.00433103181 -0.00154041674 0.0049078078
v 0.0035394351 -0.000100970843 0.00166816462
v 0.00360575388 2.89612217e-05 0.00206449488
v 0.00394954532 -0.000180192146 0.00267522596
v 0.00403015735 -0.0006835034 0.00313772331
v 0.0039696563 -0.000978185912 0.00366665353
v 0.00397529127 -0.00119146204 0.00400798768
v 0.00388807571 -0.00174655137 0.00490554934
v 0.00304423063 0.000616464065 0.000961531652
v 0.00334404758 0.000241909962 0.00156430539
v 0.00338418386 0.000275098748 0.00192635786
v 0.00270553771 0.000899818202 0.000846025476
v 0.00521163736 0.00117707322 0.0023001004
v 0.00482818205 0.00100485794 0.0024556627
v 0.00527105294 -0.000965029059 0.0055349227
v 0.0043484671 0.00077367021 0.00266650366
v 0.00410215277 0.000390033529 0.0027523397
v 0.00369807729 0.000631729083 0.00265485304
v 0.00400249846 0.000376468641 0.00273553934
v 0.00278327335 0.000886131602 0.00131288508
v 0.00278783753 0.000870575488 0.0018493426
v 0.00310084503 0.000702971127 0.00228695408
v 0.00233924435 0.00113774184 0.00119255297
v 0.00247711851 0.00112312101 0.00176312949
v 0.00170198863 0.00136305008 0.00103964575
v 0.00518962555 0.0017622672 0.00273690745
v 0.00480945315 0.0016103487 0.00285660359
v 0.00425077742 0.00136250095 0.00303878612
v 0.00393945724 0.00137216062 0.00337149808
v 0.00355029828 0.00101937749 0.00295599154
v 0.00346841733 0.00125289825 0.0032531363
v 0.00254344917 0.00106511544 0.00220386451
v 0.00278016552 0.00115666795 0.00272100116
v 0.00302505773 0.00129875587 0.00314883771
v 0.00196909974 0.00139255682 0.00154828699
v 0.00213918136 0.00137752609 0.00206085038
v 0.00231264648 0.00138340564 0.00253646332
v 0.00135132507 0.00154886255 0.00140418904
v 0.00150019699 0.00165798725 0.00187826622
v 0.000707228552 0.00161896239 0.00127185276
v -2.88461415e-05 0.00161226396 0.00112737191
v 0.00527752936 0.00204839534 0.00303327665
v 0.00493652513 0.00199960847 0.00334362499
v 0.00469998596 0.00205171225 0.00403426355
v 0.00437850738 0.00194568711 0.00432094466
v 0.00481471047 0.000707619591 0.00637001637
v 0.00439355895 0.00174451736 0.00338796386
v 0.00409175921 0.00163469836 0.00376226031
v 0.00399034936 0.00172584795 0.00429138867
v 0.0032911303 0.00156219094 0.00376111711
v 0.00343142077 0.00160346995 0.00420504482
v 0.00247622863 0.001606473 0.00314516295
v 0.00264639664 0.00171302166 0.0034296778
v 0.00178140646 0.00171894021 0.00240599364
v 0.00198045722 0.00178707705 0.00299189333
v 0.00219486514 0.00195013441 0.00341006089
v 0.000997123891 0.00175019121 0.0017771892
v 0.0012198122 0.00181489764 0.00218131673
v 0.00116998632 0.0019481607 0.00277718017
v 0.000615320052 0.00176676025 0.0016976936
v 0.000539948174 0.00193062273 0.0022300873
v 0.000736186397 0.00201845495 0.00264557614
v -0.000120399629 0.00175850466 0.00155236409
v -0.000216384185 0.0019048492 0.00200355635
v 0.00486382795 0.00211861823 0.0043132524
v 0.00459603965 0.002033595 0.00466547301
v 0.00452981191 0.001987522 0.00539624877
v 0.00441259751 0.00180524448 0.00592001714
v 0.00442619156 0.00128885848 0.0063719023
v 0.00390805444 0.00183148147 0.00469424855
v 0.00380125735 0.00189446588 0.00527688535
v 0.00373638421 0.00190128712 0.00565618742
v 0.00367012224 0.00132655655 0.00651328405
v 0.00292249187 0.00183032663 0.00402998086
v 0.00314521836 0.00175301963 0.00447254768
v 0.00307745277 0.00178057957 0.0051461691
v 0.00300961896 0.00180614169 0.00552790193
v 0.00316242198 0.00126652792 0.00656827679
v 0.00249618478 0.00197687116 0.00391951762
v 0.00241341442 0.00203525368 0.00446915766
v 0.00261623017 0.00184396782 0.00513981376
v 0.00264598778 0.00177245273 0.00545305014
v 0.00170660636 0.00193488423 0.00330786919
v 0.00183172291 0.00204133661 0.00370818842
v 0.00165437313 0.00218959013 0.0042250785
v 0.00110612146 0.00197296217 0.00313598407
v 0.000960628502 0.00205668272 0.00376912765
v 0.00112544524 0.00212637754 0.00413237885
v 0.000244644412 0.00204749196 0.00252710166
v 0.000407104963 0.00206549512 0.00290917768
v 0.00025626336 0.00211913278 0.00354300579
v -0.000303663081 0.0020323419 0.00241833017
v -0.000398529752 0.00211560517 0.00291382475
v -0.000478749513 0.002169193 0.00334639824
v 0.00410092715 0.00178201811 0.00606969558
v 0.00408300804 0.00167125894 0.00626541581
v 0.00370243704 0.00179487164 0.00594347436
v 0.00366886659 0.00158736878 0.00631014816
v 0.00296721375 0.001736823 0.00583540741
v 0.00291998219 0.0014223489 0.00637290627
v 0.00210916484 0.00218337402 0.00471946457
v 0.00218779081 0.00207884866 0.00523350853
v 0.00221099425 0.00194195833 0.00577526959
v 0.00217299815 0.00164205534 0.00638743443
v 0.00158832816 0.00222395314 0.00458909385
v 0.00147805992 0.00224701664 0.00530763716
v 0.00167916832 0.00223072339 0.00568862539
v 0.000638372789 0.00209437008 0.0040366808
v 0.000845869537 0.00213710405 0.00438491208
v 0.000745057827 0.00217164331 0.00511729484
v 0.000192324165 0.00214425987 0.00390198734
v 0.000110155946 0.00215176726 0.00438332511
v 1.11748523e-05 0.0021265659 0.00499080168
v -0.000543371134 0.00219731312 0.00370701123
v -0.000682392914 0.00222165906 0.00439533172
v -0.000509595964 0.0021751551 0.00483548315
v 0.00177863392 0.00209991517 0.00609119469
v 0.00174329046 0.00188249978 0.00648416113
v 0.00119413435 0.00224494678 0.00554350857
v 0.00138861337 0.0021833186 0.00588964112
v 0.00130387535 0.00196125405 0.0064884983
v 0.000687221182 0.00217000535 0.00546168862
v 0.000627501169 0.00214994908 0.0058321245
v 0.000537524698 0.00203396915 0.00645948574
v -3.75625095e-05 0.00208501937 0.00531344349
v -0.000101071608 0.00205697492 0.00571280578
v -0.000202182331 0.00198982866 0.00636678236
v -0.000992764835 0.00223809201 0.00463996967
v -0.00077552587 0.00213999208 0.00501371035
v -0.000830269535 0.0019667421 0.00559498137
v -0.000908203423 0.00179794454 0.00619355496
v 0.00479975482 -0.00120168261 0.00551088713
v 0.00422705105 -0.00144349539 0.00544633437
v 0.00354722538 -0.00170730078 0.0053554168
v 0.00321433577 -0.00161883992 0.0057183248
v 0.00306070596 -0.00199101772 0.00532377651
v 0.00270379684 -0.00205848273 0.00572788529
v 0.00234972732 -0.00210839813 0.0061009815
v 0.00230120029 -0.00248343288 0.00575564289
v 0.00192717917 -0.0024261584 0.00610986911
v 0.00154845405 -0.00239795959 0.00651547499
v 0.00125373132 -0.00275502563 0.00607788097
v 0.00116450305 -0.00256692036 0.00645527802
v 0.000706518651 -0.00299807102 0.00600619987
v 0.000431891705 -0.00291617122 0.00626496878
v -0.000260897941 -0.00313916663 0.00638797507
v -0.00056541001 -0.00310846465 0.00669592666
v 0.00486658188 -0.000909476599 0.00589188654
v 0.00445991009 -0.000867530587 0.00627289526
v 0.0041343919 -0.00129240542 0.00587396976
v 0.00405022874 -0.00107299339 0.00619604578
v 0.00368673215 -0.00146254431 0.00580072682
v 0.00336697907 -0.00134715368 0.00604099967
v 0.00274185976 -0.00151131046 0.00619945209
v 0.00235148449 -0.0017262965 0.00643059378
v 0.00196783873 -0.00192456762 0.00663388241
v 0.00158569159 -0.00208869646 0.0067751552
v 0.000989470631 -0.00225904863 0.00694486359
v 0.000640895974 -0.00219134171 0.00725243427
v 0.000329135917 -0.00252324133 0.00685909763
v 0.000245492382 -0.00230061589 0.00717549538
v -0.000126333136 -0.00271914853 0.00678782258
v -0.000433169189 -0.00265700463 0.00702053262
v 0.00464837346 -0.000297161809 0.00633495767
v 0.00440890063 -0.000643806532 0.00639483146
v 0.00419193879 -0.000220538583 0.00654061139
v 0.00396375218 -0.000545246119 0.00650373427
v 0.00318901497 -0.000767775928 0.0065420093
v 0.00266956585 -0.000926396344 0.00661573792
v 0.00227984181 -0.00113735744 0.00683976756
v 0.00193570915 -0.00133025018 0.00704971747
v 0.00155411218 -0.00149097876 0.00718498183
v 0.000847301562 -0.00173146708 0.00736219063
v 0.000605735055 -0.0020371296 0.00733648473
v 0.000329052185 -0.00163917011 0.00750371721
v 0.000141239114 -0.0019057811 0.00738664716
v -0.000584391993 -0.00211196393 0.00742973806
v 0.00458565867 0.000379407196 0.00643835915
v 0.00383529603 0.000194741588 0.00666821934
v 0.00364507944 -8.58278363e-05 0.00666494295
v 0.00332314335 0.000327213958 0.00678557158
v 0.00309440354 -1.79832568e-05 0.00674857944
v 0.0024627212 -0.000288212905 0.00687800022
v 0.00207140413 -0.000509019708 0.00711942837
v 0.00177217007 -0.000695800991 0.00733694807
v 0.00138851639 -0.00086924166 0.00749467593
v 0.000766027078 -0.00107746606 0.00761631085
v 1.89362036e-05 -0.00129529287 0.00761919329
v -0.000186162186 -0.00158807845 0.00750785228
v -0.000414731912 -0.00117892632 0.00767467637
v -0.00066764676 -0.00152092031 0.00774594583
v -0.00118358154 -0.00168281875 0.00855975505
v -0.00119075261 -0.00195265154 0.00895382557
v -0.00125713157 -0.00223280955 0.00949043687
v 0.00425155973 0.000850151933 0.00658466434
v 0.00371077983 0.000838230597 0.0066664
v 0.0029861019 0.000799085188 0.0066923378
v 0.00281024608 0.000334515527 0.00681132218
v 0.00245602662 0.000816589221 0.00679178908
v 0.00216586469 0.000365026382 0.00707805436
v 0.00188478781 -3.03826528e-05 0.00726509141
v 0.00170982303 0.000421173347 0.00737653812
v 0.0014483775 3.27880844e-06 0.00751864398
v 0.00118659297 -0.000416710769 0.00766445138
v 0.000849451171 1.48190011e-05 0.00774479844
v 0.000639884267 -0.000336150086 0.00776594738
v -9.78813041e-05 -0.000542180089 0.00779249473
v -0.00059550046 -0.000684529834 0.00784550328
v -0.0010019734 -0.00101881346 0.00816288684
v -0.00115383358 -0.00128420501 0.00858628843
v -0.00112567411 -0.00154000381 0.00919330306
v -0.0012050888 -0.0018429124 0.00971584581
v 0.00266715349 0.00119160046 0.00655585155
v 0.00206252374 0.00129409228 0.00681339949
v 0.00187414023 0.00087833358 0.00718280394
v 0.00156360609 0.00141097349 0.00708876876
v 0.00135964877 0.000930299866 0.00735928398
v 0.00116109324 0.000483015465 0.00757079851
v 0.000693735259 0.000961654936 0.00751023646
v 0.000510025828 0.000489595579 0.00767260557
v 0.000328251801 2.94982456e-05 0.00781383738
v -0.000432709581 0.0008086327 0.00737261446
v -0.000187245314 0.000514903513 0.00758309336
v -0.000165176869 -4.28431085e-05 0.00778849842
v -0.000645048858 0.000779729278 0.00733681722
v -0.000735760434 0.000481368392 0.00756798033
v -0.000977063668 -1.37200404e-05 0.00801253691
v -0.00122465484 -0.000254102284 0.00844441727
v -0.00114051043 -0.000616888748 0.00901310891
v -0.00112290739 -0.000906591769 0.00955200754
v -0.00118832034 -0.00120759441 0.0100769112
v 0.00169020635 0.00167867902 0.00678436738
v 0.00129231252 0.00160548568 0.0069590928
v 0.00103842968 0.00131243235 0.00727281347
v 0.000491439772 0.00172548497 0.00698192464
v 0.000453733868 0.00120510394 0.00738945976
v 0.000183359225 0.000908413029 0.00756991375
v -0.000254733546 0.00170970499 0.00690467935
v -0.000225553609 0.00112829311 0.00731506385
v 3.49756738e-05 0.000888215203 0.00754489843
v -0.000967013999 0.00154527393 0.00674641412
v -0.000946116983 0.00108175341 0.00722275581
v -0.0011735165 0.000757111819 0.00768394629
v -0.00142709143 0.00054684974 0.00835297629
v -0.00138997904 0.000323794637 0.00875631627
v -0.00122073852 5.22565097e-06 0.00935782213
v -0.00123204477 -0.00028841247 0.00989184622
v -0.00127465487 -0.000586311158 0.0104205944
v -0.00162549573 0.0010259219 0.0088354731
v -0.00150925503 0.000891087169 0.00913148932
v -0.00140571594 0.000613081909 0.00968487561
v -0.00142620155 0.000318194303 0.0102173528
v -0.0014460755 2.33904211e-05 0.0107499342
v -0.00132361928 -0.00237488933 0.00983809959
v -0.00132214255 -0.00217699772 0.0101972995
v -0.00142669107 -0.00232931459 0.0108227637
v -0.00152097852 -0.00244276552 0.0112314466
v -0.00126872293 -0.00151063828 0.0105992882
v -0.00137150555 -0.00181672769 0.0111178914
v -0.00155383791 -0.00210135058 0.0115638301
v -0.00131440046 -0.000883820874 0.0109498259
v -0.00140870491 -0.0011887562 0.0114698587
v -0.00165319431 -0.00149080134 0.0119217597
v -0.00145984429 -0.000270583347 0.0112835439
v -0.00157724344 -0.000578662264 0.0117996838
v -0.00182245777 -0.000863892317 0.0122204311
v -0.00169898313 0.00134513364 0.00901173986
v -0.00170217291 0.00133353565 0.009364211
v -0.00174652867 0.00126171752 0.00999253523
v -0.00170499459 0.00091328047 0.0105285905
v -0.00169778545 0.000622163119 0.0110657373
v -0.00191499945 0.00145715452 0.0103026517
v -0.00193858612 0.00130854931 0.0107308896
v -0.00197694125 0.00111182604 0.011317282
v -0.0017189997 0.000327175861 0.0115980925
v -0.00189784623 2.29664292e-05 0.0121261505
v -0.00197356916 -0.000400179095 0.0123940902
v -0.00201522023 0.000806688215 0.0118423309
v -0.00205859914 0.000487405923 0.0121507552
v -0.000279036409 0.000650965609 -0.00112847716
v -0.000369707646 0.00083015213 -0.00073531922
v -0.00101175101 0.000600882748 -0.00125785964
v -0.00110307499 0.00077603478 -0.000857572479
v -0.0017438553 0.000544610783 -0.00138586457
v -0.00183517067 0.000719815725 -0.000985670835
v -0.00247534458 0.000481250871 -0.0015117958
v -0.0025661902 0.000659359503 -0.0011167333
v -0.00320619205 0.000411962334 -0.00163674448
v -0.00329674198 0.000591899152 -0.00124491239
v -0.00393601321 0.000335394929 -0.00176190864
v -0.00402648654 0.000515803462 -0.00137090997
v -0.00466306275 0.000235904939 -0.00188499945
v -0.00475355098 0.000416223833 -0.00149384257
v -0.00538718095 0.000108968336 -0.00200332189
v -0.00547741493 0.000290856056 -0.00161493733
v -0.000474065455 0.0010325514 -0.000279718952
v -0.000565746392 0.00120549707 0.000124466926
v -0.00120354816 0.000961396436 -0.000411258254
v -0.00129635911 0.00112735701 5.27083466e-06
v -0.00193448481 0.000900093582 -0.000542127353
v -0.00202773605 0.00106333336 -0.000120790413
v -0.00266641728 0.000843641523 -0.000671007379
v -0.00275935722 0.00100880512 -0.00025307
v -0.00339688174 0.000775798107 -0.000799395377
v -0.00348969852 0.000941722887 -0.000382803002
v -0.00412634388 0.000698462827 -0.000926068518
v -0.00421913015 0.000864574453 -0.000509806152
v -0.0048540174 0.000601556618 -0.00104754406
v -0.00494656432 0.000769149279 -0.000633898773
v -0.0055802064 0.00048638368 -0.00116308231
v -0.00567219406 0.000657433411 -0.000755546032
v -0.000664911349 0.00138512102 0.00056765409
v -0.00139191782 0.00129116431 0.000439837284
v -0.00212095422 0.00121687585 0.000308181508
v -0.00285206968 0.00116012967 0.000174692992
v -0.00358291809 0.0010952712 4.6172092e-05
v -0.00431358302 0.00102353061 -7.78836256e-05
v -0.00504315039 0.000937462144 -0.000196876586
v -0.00577067072 0.000834038714 -0.000314004254
v -0.00610986026 -3.15144716e-05 -0.00211923872
v -0.00619956618 0.000153639383 -0.00173662545
v -0.00683155097 -0.000177600537 -0.00223649852
v -0.00692106038 8.76531703e-06 -0.00185602694
v -0.00755117508 -0.000338868413 -0.00235375296
v -0.00764111197 -0.000155143556 -0.00196861476
v -0.00803552661 -0.000465168938 -0.0024306376
v -0.0083481269 -0.00038653487 -0.00212875963
v -0.00902464241 -0.000559279812 -0.00202037394
v -0.00928509701 -0.000521275855 -0.00171321258
v -0.00953421835 -0.000885305228 -0.00216265838
v -0.00986846164 -0.000885220594 -0.00175013463
v -0.0102968924 -0.00122807559 -0.00176093681
v -0.00630627852 0.000366366701 -0.00127539597
v -0.0063973791 0.000542898779 -0.00087754766
v -0.00702998694 0.000231202721 -0.00138950523
v -0.00712058414 0.000410848559 -0.000997159048
v -0.00774887577 6.21929939e-05 -0.00150487316
v -0.00783978403 0.000239912391 -0.00110912276
v -0.00846262369 -0.000153211528 -0.00161327585
v -0.0085543124 1.96874025e-05 -0.00120900746
v -0.00881931279 -0.000274549966 -0.00166460709
v -0.00916545931 -0.000232480641 -0.00126481487
v -0.00974524952 -0.000555011793 -0.00130694523
v -0.00649713352 0.000725107093 -0.000432952016
v -0.0072222827 0.000601584848 -0.000547915348
v -0.00794324279 0.000438367511 -0.000655672164
v -0.0086566424 0.000213194799 -0.000758253445
v -0.00904747099 6.35527322e-05 -0.000812471961
v -0.000759289425 0.00154139532 0.00100129982
v -0.00148705102 0.0014427714 0.000881730113
v -0.00221661362 0.00136523054 0.000755821937
v -0.00294794724 0.0013071365 0.000624714885
v -0.00367833674 0.00124511379 0.000491183135
v -0.0044080154 0.001179468 0.000356357195
v -0.00513651455 0.00110000302 0.000225695199
v -0.00586336758 0.00100070459 0.000101278631
v -0.000849262346 0.00168070372 0.00142251363
v -0.000945675187 0.00182440109 0.00187838369
v -0.00157552364 0.00157550012 0.00129935774
v -0.00167296722 0.00171282631 0.00176648574
v -0.00230416725 0.00149392814 0.00117125257
v -0.00240194774 0.00162917201 0.00164206116
v -0.00303447153 0.00143131998 0.0010376852
v -0.00313218054 0.00156700448 0.00150771404
v -0.0037653856 0.00137159787 0.000905407476
v -0.00386295165 0.00150816748 0.00137387286
v -0.00449879002 0.00132229191 0.000779487076
v -0.00459491368 0.00146777672 0.00123219844
v -0.00523281237 0.00126705156 0.000662028324
v -0.00532676047 0.00142598525 0.00109097525
v -0.00596392155 0.00118642044 0.000547785952
v -0.00605624123 0.00135541626 0.000958951539
v -0.00103200565 0.00194773416 0.00229089032
v -0.00113046169 0.00203736383 0.00280253589
v -0.00120675587 0.0020937887 0.0032095334
v -0.00175696635 0.00182593451 0.00217341981
v -0.00185358664 0.00192049542 0.00267019402
v -0.00193362648 0.00199043541 0.00308849732
v -0.00248540193 0.0017398895 0.00204769219
v -0.00256329053 0.00187498087 0.00262423698
v -0.00235942355 0.00195046526 0.00300843734
v -0.00321629737 0.00168062816 0.0019149289
v -0.00331470417 0.00181199936 0.0023925798
v -0.00394749409 0.00162365893 0.00178210565
v -0.00404506084 0.00176022481 0.00225057825
v -0.00468108384 0.00159040594 0.0016443216
v -0.00477798982 0.00173105299 0.00210558157
v -0.00541585032 0.00156142213 0.00151007902
v -0.00551182311 0.00170783896 0.00196114322
v -0.00614871085 0.00150567421 0.00138613337
v -0.00624356186 0.00165902602 0.00182494358
v -0.00127333496 0.00213049375 0.00357482536
v -0.0013862981 0.00217189174 0.00421146676
v -0.0020021724 0.00203576707 0.00345849106
v -0.00211152714 0.00209946954 0.00405571936
v -0.00284941751 0.00195037364 0.00290430081
v -0.00269461051 0.00201657694 0.00328886369
v -0.00284321909 0.00212558126 0.00385874906
v -0.00339869061 0.00192505075 0.00279948302
v -0.00348689035 0.00207120436 0.00335495733
v -0.00329400762 0.00215859385 0.00374583248
v -0.00413187034 0.00188565964 0.0026642303
v -0.00422843918 0.00202839519 0.00312180049
v -0.00486736093 0.00186772086 0.00252535613
v -0.00496283732 0.00201720325 0.00297100283
v -0.00560396677 0.0018566678 0.002387546
v -0.00569868786 0.00201082276 0.00282493676
v -0.00633687247 0.00181297306 0.00225413614
v -0.00643139519 0.00196835306 0.00268936134
v -0.00144657306 0.00218094769 0.00456168875
v -0.00150241004 0.00213686936 0.00492848828
v -0.00158368854 0.00198274059 0.00553505635
v -0.00173758739 0.00179094623 0.00617548637
v -0.00217790529 0.00213529309 0.00442053098
v -0.00225487794 0.00214869576 0.00486628944
v -0.00234798202 0.00210643862 0.00551481079
v -0.00215427065 0.00195294421 0.00603648601
v -0.00291730976 0.00219523278 0.00424199738
v -0.00301469839 0.00226078532 0.00486331107
v -0.00281680562 0.00222235569 0.00529022701
v -0.00378457294 0.00216023624 0.00364368409
v -0.00370590924 0.00227332534 0.00411179941
v -0.00363184651 0.00235797535 0.00463016797
v -0.0043165423 0.00215950352 0.00353854522
v -0.00441336585 0.00230066315 0.00399889937
v -0.00505365571 0.00216021808 0.00339423679
v -0.00514928252 0.00230877101 0.00384152634
v -0.00578969484 0.00215466693 0.00324862264
v -0.00588529417 0.00230339309 0.00369560625
v -0.00652210182 0.00211087987 0.0031123294
v -0.00661781942 0.00225887471 0.00356060686
v -0.00208696863 0.00181950524 0.00643462222
v -0.002639079 0.00215682108 0.00573690049
v -0.00245598773 0.00200975221 0.00623353757
v -0.0033097798 0.00233398261 0.0051135649
v -0.00313482946 0.00229411852 0.00554898055
v -0.00325387949 0.00229516532 0.00622908166
v -0.00412343768 0.00241273711 0.00449121697
v -0.00388756068 0.00242095767 0.00487403898
v -0.00393158523 0.00247803307 0.00560572278
v -0.00373254158 0.00244694552 0.00601667631
v -0.00449963054 0.00242370833 0.00441124896
v -0.00458683632 0.00251116767 0.00485791313
v -0.00467837509 0.00258515333 0.00534115825
v -0.00523661124 0.00243648142 0.00425641891
v -0.00529013528 0.00256250007 0.00485395268
v -0.00506429607 0.00261633983 0.00523075182
v -0.00597122405 0.00242496911 0.00410715537
v -0.00607162062 0.00254404219 0.00460653845
v -0.00670199282 0.00237274636 0.00396795664
v -0.00680239731 0.00249176938 0.0044674282
v -0.000736016198 -0.00348190847 0.00629659928
v -0.00103796297 -0.00342518254 0.00658767531
v -0.00172084535 -0.00367158325 0.00670715561
v -0.00199700496 -0.00366575457 0.00704131508
v -0.00221102498 -0.0040102331 0.0065706824
v -0.0025077248 -0.00401403103 0.00699177431
v -0.00269496953 -0.00415480509 0.00756989652
v -0.00276111905 -0.00444664666 0.00809991732
v -0.00302063697 -0.00436260644 0.0069418638
v -0.00329246605 -0.00459478097 0.00731528457
v -0.00332688191 -0.00484088669 0.00777021889
v -0.00365020102 -0.00485622697 0.00740103982
v -0.00365437847 -0.00488204742 0.00744666625
v -0.00117551652 -0.00296994019 0.00715469429
v -0.00147729483 -0.00295741903 0.00745722419
v -0.00154190382 -0.00331126107 0.00706627453
v -0.0018816269 -0.00332298223 0.00746333739
v -0.00208892021 -0.00350952358 0.00799055118
v -0.00214440958 -0.00380149367 0.0085214749
v -0.00234829681 -0.00369703048 0.00745894108
v -0.00238582841 -0.00386645598 0.00776137831
v -0.00245162845 -0.00415982958 0.00829056371
v -0.00599196926 -0.00334770302 0.00666878838
v -0.00599483401 -0.00336540933 0.00670007663
v -0.00635545328 -0.00340320263 0.0065760049
v -0.00637013791 -0.00349396816 0.00673639495
v -0.00107814639 -0.00231169281 0.00758963963
v -0.00145630306 -0.00257911813 0.00789368805
v -0.00159349933 -0.00278964313 0.00844329409
v -0.00164432987 -0.00308709382 0.00897154305
v -0.00177445298 -0.00294422824 0.00790497102
v -0.00179960602 -0.00313421595 0.00822942797
v -0.00185374322 -0.00343211647 0.00875712
v -0.00521025201 -0.00264773704 0.00698226411
v -0.005134176 -0.00290716742 0.00735139009
v -0.0052831755 -0.00315974699 0.00789604336
v -0.00545679312 -0.00328043196 0.0082313884
v -0.00597038493 -0.0024452561 0.00643672422
v -0.00575488014 -0.00283765304 0.00666828593
v -0.00575366383 -0.00331151229 0.0070181815
v -0.00577490684 -0.00345039135 0.00768654607
v -0.00586563908 -0.00346511649 0.00823663641
v -0.00642890995 -0.00253127213 0.00630771369
v -0.00638678065 -0.00301049999 0.00644475315
v -0.00640127342 -0.00361271412 0.007016961
v -0.00647151563 -0.00368355634 0.00749081885
v -0.0065916786 -0.00368469092 0.00824182294
v -0.00114690559 -0.00172070425 0.00799625833
v -0.00124987739 -0.00184243126 0.00826159213
v -0.00133287266 -0.00228851452 0.00875074696
v -0.00138799532 -0.00256713992 0.0092892563
v -0.00462623732 -0.00197090814 0.00740013225
v -0.00455864286 -0.00227136281 0.00776388776
v -0.00464792829 -0.00253362628 0.00830852799
v -0.00482783653 -0.00273554283 0.00887902267
v -0.00528631639 -0.00178146269 0.00679716188
v -0.0050306893 -0.0021391646 0.0070434534
v -0.00482385745 -0.0026239811 0.00754005741
v -0.00496891793 -0.0028938367 0.00807529502
v -0.00525857601 -0.00310917525 0.00859937631
v -0.00578451948 -0.00199970556 0.00651680212
v -0.00551976589 -0.00231893966 0.00667250669
v -0.00592176244 -0.00347426953 0.00857693236
v -0.00678389706 -0.00161417259 0.00616650283
v -0.00650271727 -0.00191956991 0.0062509859
v -0.00639516581 -0.00363233988 0.00856412854
v -0.00119940529 -0.00140729628 0.00820256025
v -0.00120244955 -0.00142611319 0.00823581126
v -0.00420667324 -0.00123185269 0.00799702574
v -0.00419864152 -0.00143724994 0.00826887693
v -0.00424884818 -0.00172847277 0.00880070683
v -0.00431571016 -0.00188033911 0.00916590728
v -0.00476545142 -0.00108891993 0.00725906622
v -0.0044989856 -0.00140647171 0.00756757893
v -0.00429866649 -0.00176738261 0.008072895
v -0.00438037096 -0.00206289324 0.00859941542
v -0.00452213455 -0.00224785972 0.00917686056
v -0.00550953252 -0.000842494308 0.00668392843
v -0.00518478965 -0.00121578877 0.00690398226
v -0.00486027263 -0.00159048033 0.00712650502
v -0.00590522494 -0.000985620776 0.00646945089
v -0.00585150113 -0.00139318104 0.00647984818
v -0.00659042597 -0.00123429392 0.0062179435
v -0.00630774535 -0.00152831501 0.0062834993
v -0.00142056413 8.90927404e-05 0.00832744036
v -0.00142167625 8.22188813e-05 0.0083395876
v -0.00424886774 -0.000850111945 0.00814069528
v -0.00418072194 -0.00103071972 0.00850057509
v -0.00420510117 -0.00132613734 0.00903239567
v -0.00432105036 -0.00166484655 0.00952520128
v -0.00475529488 -0.000570713193 0.007416212
v -0.00442515733 -0.000728058978 0.00784301013
v -0.0044061821 -0.00200536475 0.00955436006
v -0.00543389097 -0.000402921578 0.00682447711
v -0.00508916704 -0.000470109982 0.00709195994
v -0.00630359584 -3.2821903e-05 0.00637874287
v -0.00601621903 -0.000319895626 0.00648287823
v -0.00674542878 -0.000134436239 0.00624995958
v -0.00668828702 -0.000520871778 0.00622302713
v -0.00164774363 0.00156748842 0.00669666193
v -0.00158667204 0.0013004957 0.00725239189
v -0.00157625577 0.00101880869 0.00779516948
v -0.00158153544 0.000827851531 0.00826494396
v -0.00145519932 0.000240999376 0.008410234
v -0.00145631144 0.000234125517 0.00842238124
v -0.00438134 -0.000223297684 0.00845492911
v -0.00428034738 -0.000411245681 0.0088420175
v -0.00425585313 -0.000700010685 0.00938207749
v -0.00433190586 -0.00100246153 0.00990518741
v -0.00508898776 0.000401286525 0.00744375959
v -0.00486413529 9.96109447e-05 0.00761505449
v -0.00451021781 -9.47906228e-05 0.00816523656
v -0.00579567254 0.000688357279 0.00685547804
v -0.00542003429 0.000320212508 0.00706448127
v -0.00504217204 -3.4186698e-05 0.00724919559
v -0.00613890495 0.000440600037 0.00659657689
v -0.00587872462 0.000221764902 0.00666368287
v -0.00683048787 0.000364745909 0.00635145744
v -0.00205533765 0.00171094493 0.00674052723
v -0.00201866892 0.00155098073 0.00735459197
v -0.00199231063 0.00147130119 0.00796192233
v -0.0017144545 0.0011598625 0.00855250936
v -0.00254645804 0.00189571432 0.00680012535
v -0.00258302572 0.0018308307 0.00740536582
v -0.00235511037 0.00177147496 0.00783068407
v -0.00307028787 0.00209861714 0.00686699012
v -0.00303694326 0.00199122028 0.00718354527
v -0.00450310949 0.000129360851 0.00870239735
v -0.00453384873 0.000155954098 0.00917438883
v -0.00447708741 -9.70896799e-05 0.00970301963
v -0.00450005895 -0.000392315211 0.0102350777
v -0.00513064489 0.00058399199 0.00754333986
v -0.0050614397 0.000666999898 0.00797859486
v -0.00472177286 0.000426305662 0.00859974418
v -0.0046852529 0.000422837213 0.00910087954
v -0.00580981933 0.00075040292 0.00688929483
v -0.00558190094 0.000835698447 0.00736701302
v -0.00535517698 0.000913617318 0.00785776507
v -0.00630661333 0.000954865245 0.0068907761
v -0.00615964318 0.00107018696 0.00716936309
v -0.00697423285 0.000955511758 0.00672711711
v -0.00292804558 -0.00470863096 0.00863760803
v -0.00308199483 -0.00489151618 0.00908571854
v -0.00339255715 -0.00513583794 0.00839793589
v -0.0034189634 -0.00518610701 0.00908261538
v -0.00366951618 -0.00538948644 0.0095868865
v -0.0038679901 -0.00551505713 0.00992194377
v -0.00376460305 -0.00544418581 0.00845286436
v -0.00397929829 -0.00557140261 0.00875434559
v -0.00427866681 -0.00575515395 0.00925431959
v -0.00431601517 -0.0057295803 0.00990523305
v -0.00491913036 -0.00601674011 0.00919851847
v -0.00501177274 -0.00596886873 0.00989853032
v -0.0052936771 -0.0059732357 0.010194961
v -0.005647616 -0.00621276489 0.00916189142
v -0.00573336054 -0.00618565036 0.00964860991
v -0.00582254631 -0.00611948036 0.0101242103
v -0.00612864364 -0.00634252513 0.00912771933
v -0.006421261 -0.00642338628 0.00941598974
v -0.00653789937 -0.00635662675 0.0100428835
v -0.0023047484 -0.00403366191 0.00907664187
v -0.0024681848 -0.00425835559 0.00963575486
v -0.00257595535 -0.0044111684 0.00999866519
v -0.00262495014 -0.00439376524 0.00884354208
v -0.00288448064 -0.0047013727 0.00940586347
v -0.00289230747 -0.00475421827 0.0100126043
v -0.00315843942 -0.00494610565 0.0104459887
v -0.00319924019 -0.00504800119 0.00945391692
v -0.00334403291 -0.00517281238 0.00973930303
v -0.00366163743 -0.00527931005 0.0103765447
v -0.00392674096 -0.00527817104 0.0108064031
v -0.00438783411 -0.0056698923 0.0102830511
v -0.00457020942 -0.00553619396 0.0108306762
v -0.00492380187 -0.00554303173 0.0111441026
v -0.00481453538 -0.00584587967 0.0102607179
v -0.00514318794 -0.00582290534 0.0105601959
v -0.00528820604 -0.00569320936 0.0111265499
v -0.00590240024 -0.00602455344 0.010521234
v -0.00600506784 -0.00591952028 0.0110454261
v -0.00662086019 -0.00624807272 0.0104473354
v -0.00671719061 -0.00610386627 0.0109023051
v -0.00179033144 -0.00330258999 0.00953745749
v -0.0019162423 -0.0034854922 0.0100052776
v -0.00201733713 -0.00365000754 0.00932006817
v -0.00214863592 -0.00382394856 0.00998006389
v -0.00243446557 -0.00418474618 0.0103767896
v -0.00261480687 -0.00424364908 0.0108612794
v -0.00269319536 -0.00454975897 0.010376988
v -0.00302725006 -0.0046238536 0.0108581055
v -0.0033556947 -0.00466327136 0.0112779448
v -0.0034635514 -0.00500730518 0.0108509082
v -0.0037853939 -0.00498797558 0.0112529527
v -0.00410772394 -0.00497166021 0.0116603244
v -0.00445067184 -0.00534474757 0.0111882463
v -0.00471371692 -0.00526979892 0.0114668291
v -0.00538460817 -0.00540703302 0.0114673162
v -0.00611865986 -0.00554835703 0.0114195356
v -0.00687897671 -0.00372553803 0.00849849265
v -0.00684740115 -0.00565685565 0.0113137495
v -0.00150253053 -0.00274798623 0.00985765923
v -0.00178028399 -0.00323033752 0.0103497161
v -0.00191251608 -0.00338737969 0.0108807515
v -0.00208359142 -0.0034904771 0.0112996073
v -0.00201728521 -0.00363224046 0.0103804683
v -0.00212115701 -0.0037322971 0.0106664589
v -0.00248503499 -0.00387692242 0.0112961717
v -0.00280676992 -0.00393968076 0.011745329
v -0.002904227 -0.00426578382 0.0112897437
v -0.00322518148 -0.00430025999 0.0117328903
v -0.00353322434 -0.00425492786 0.0120350076
v -0.00365220243 -0.00466201128 0.0117189996
v -0.0039948863 -0.00454490585 0.0119150467
v -0.00494803209 -0.00285590137 0.00920828991
v -0.00479491148 -0.00467871409 0.0118974205
v -0.00531128328 -0.00313319196 0.0092754988
v -0.00560289528 -0.00334451231 0.00972324237
v -0.00552173704 -0.00477537047 0.0117707085
v -0.00599765731 -0.00349464454 0.0090435734
v -0.00606800476 -0.00354503025 0.00976449717
v -0.00633080397 -0.00366870547 0.0100931609
v -0.00624758378 -0.00486598257 0.0116333142
v -0.00668973755 -0.00367681822 0.00881712697
v -0.00681942888 -0.00368946674 0.00955931656
v -0.00688565383 -0.00372536015 0.00998112466
v -0.00697403308 -0.00496031484 0.011502495
v -0.00140347611 -0.00251381542 0.010219655
v -0.00149693864 -0.00265539438 0.0106318016
v -0.0016684623 -0.00277564465 0.0112576978
v -0.00203289767 -0.00315805734 0.0117159616
v -0.00224630604 -0.00320150447 0.0121685946
v -0.0023502144 -0.00353234052 0.011718994
v -0.00268472754 -0.00352254347 0.0121120242
v -0.00341479713 -0.00372051401 0.0122316182
v -0.00359013653 -0.00400531664 0.0121710533
v -0.00422272645 -0.00366908242 0.0122042587
v -0.00416129502 -0.00402900251 0.0121304719
v -0.00479265209 -0.00264339149 0.00960016344
v -0.00493017817 -0.00281254156 0.0102285426
v -0.00511510856 -0.00298191584 0.0106985699
v -0.00495001627 -0.00374585856 0.012064252
v -0.00489089917 -0.00412008492 0.012015745
v -0.00511577865 -0.00300911558 0.00957371574
v -0.00541875325 -0.00323806098 0.00999765471
v -0.00546798483 -0.00327477325 0.0106881484
v -0.00572122633 -0.00344774825 0.0111991148
v -0.00566997752 -0.00376719213 0.0117449602
v -0.00561105506 -0.00424699392 0.0118738972
v -0.00584349222 -0.0035026581 0.0100792078
v -0.00615274115 -0.00364851207 0.0103506856
v -0.00629067468 -0.00374132255 0.0109808436
v -0.00634470908 -0.00401494093 0.0115222875
v -0.00632745726 -0.00438862527 0.0117216744
v -0.00692435913 -0.00381090702 0.0102797858
v -0.00699920859 -0.00392218726 0.0108136218
v -0.0070537827 -0.00419343775 0.0113563566
v -0.00704826135 -0.00451067928 0.0115797492
v -0.00170860149 -0.00226846663 0.0118057057
v -0.00191860809 -0.00247539696 0.0120975208
v -0.00229429547 -0.0027561707 0.0124555109
v -0.00285509368 -0.00291773817 0.0125173507
v -0.00358329597 -0.00302290777 0.0124056814
v -0.00441053184 -0.00183157763 0.0101300199
v -0.00450846367 -0.00203943439 0.010704658
v -0.00459092343 -0.00215791608 0.0110824276
v -0.00431021722 -0.00312015763 0.0122800171
v -0.00448366441 -0.00215804996 0.0099385716
v -0.00465485314 -0.00237587839 0.0105008604
v -0.00491319504 -0.00262698508 0.0110864379
v -0.00508755678 -0.00284571014 0.0115978271
v -0.00499826437 -0.00316016702 0.0120299133
v -0.00525509194 -0.00309872488 0.0110871382
v -0.00540169049 -0.00320498762 0.0113657489
v -0.00547629781 -0.00340455025 0.0117479665
v -0.00185108196 -0.00166378694 0.0121563645
v -0.00225180131 -0.00186917488 0.0124674439
v -0.00246055308 -0.0022466951 0.0126341246
v -0.00302574853 -0.00185543974 0.0126719065
v -0.00296802493 -0.00223827804 0.0126386173
v -0.00374793517 -0.00196610135 0.0125289876
v -0.00369064044 -0.0023515902 0.012500383
v -0.00442187581 -0.00130680786 0.0104259513
v -0.00452399673 -0.00161280704 0.0109446673
v -0.00462285988 -0.00193523685 0.0114453118
v -0.00445686188 -0.00208975142 0.0121293962
v -0.00439822208 -0.00252157496 0.0123187304
v -0.00471242238 -0.00226705405 0.011477029
v -0.00480518071 -0.00243997108 0.0118532898
v -0.00481751096 -0.00265042391 0.0121530946
v -0.00201881793 -0.00103666959 0.012455293
v -0.00240539201 -0.00122816185 0.0126449186
v -0.00309260469 -0.00142728281 0.0127227744
v -0.00381686841 -0.00150810729 0.0125680864
v -0.00456566364 -0.00069334486 0.0107599497
v -0.00464133872 -0.000995744253 0.0112831229
v -0.00461200206 -0.00128385017 0.0118239997
v -0.00435943715 -0.00147638354 0.012282907
v -0.0102019254 -0.00088031491 -0.00134612992
v -0.0106200948 -0.00132675236 -0.00133688014
v -0.0109915072 -0.00145439315 -0.000777523033
v -0.0111613357 -0.00162849959 -0.000190367864
v -0.0111914771 -0.00179195649 0.000107519852
v -0.0109668104 -0.00176346372 -0.00131558452
v -0.0110851694 -0.00178365991 -0.000972432201
v -0.0112227276 -0.0019533739 -0.000379836594
v -0.0112526547 -0.00216020946 0.000157002127
v -0.0113543589 -0.00254347362 0.000676634721
v -0.0114546688 -0.00284922682 0.0011956552
v -0.0114981234 -0.00314724073 0.00172426063
v -0.0114975497 -0.00343926181 0.00226028892
v -0.00951167475 -0.000190838764 -0.000864267
v -0.0100883069 -0.000543477596 -0.00089712115
v -0.0104311481 -0.000530610094 -0.000489652739
v -0.0105120698 -0.000875308004 -0.000904203858
v -0.0107467612 -0.000909743831 -0.000478373258
v -0.0110963518 -0.00129112066 6.50651054e-06
v -0.0112476731 -0.00158055604 0.000485487282
v -0.0113677084 -0.00169768475 0.00115404907
v -0.0114186173 -0.00182796048 0.00152474875
v -0.0112662502 -0.00187595515 0.000520626665
v -0.0113581708 -0.00201290403 0.000976537762
v -0.0114700049 -0.00217331178 0.00156571309
v -0.0115922149 -0.00252701342 0.00206663623
v -0.0116645144 -0.00282895379 0.00259037921
v -0.00658958079 0.00089331629 -2.03963464e-05
v -0.00731421635 0.000772966829 -0.000140965931
v -0.00803440157 0.00061453908 -0.000257186824
v -0.00874754228 0.000390968838 -0.000362599589
v -0.00940346159 0.000109226617 -0.000416753755
v -0.00975971948 0.000153248664 -1.81173091e-05
v -0.0099735111 -0.000211795559 -0.000450921973
v -0.0102956463 -0.000211401639 -5.13292616e-05
v -0.0106215049 -0.00023403886 0.000388961285
v -0.0106856208 -0.000556185318 -5.99359628e-05
v -0.010882033 -0.000598292914 0.000402912905
v -0.0111910906 -0.000963080442 0.000884704175
v -0.0113506624 -0.00127690006 0.00139373401
v -0.0114641944 -0.00152885413 0.00180851517
v -0.0115594966 -0.00168787607 0.00206041429
v -0.011668276 -0.00190433138 0.00241205166
v -0.0117413048 -0.00220637117 0.00293567171
v -0.00669145165 0.00108480779 0.000429258944
v -0.0067832619 0.00125695392 0.000834858336
v -0.00741675403 0.000967381115 0.000310282398
v -0.00750851957 0.00113980158 0.000715396542
v -0.0081385402 0.00081597385 0.000197887799
v -0.0082302019 0.000989037799 0.000601864827
v -0.00885251537 0.000596063212 9.44697531e-05
v -0.00894443691 0.000767521444 0.00050128455
v -0.00929680187 0.000416099618 3.44697037e-05
v -0.00963230338 0.000451659493 0.000434440619
v -0.00996963959 0.000475873298 0.000854461221
v -0.0101647433 0.000127987529 0.00039799331
v -0.0104597257 8.26942269e-05 0.000818795525
v -0.0107615357 -4.80678864e-06 0.00131418265
v -0.0108331759 -0.000294608413 0.000802793074
v -0.0109895803 -0.000327581889 0.00131174678
v -0.0112220664 -0.000626360648 0.00177365146
v -0.0114861475 -0.00101507059 0.00227524154
v -0.0116888117 -0.00110259524 0.00286387838
v -0.0117821041 -0.00136465835 0.00340826623
v -0.0116366036 -0.00138437166 0.00231589377
v -0.0117318518 -0.00142497115 0.00267750351
v -0.0117953727 -0.0016829822 0.00322691025
v -0.00687867636 0.00142012886 0.00126908009
v -0.00697259093 0.0015792693 0.00169766124
v -0.00760528073 0.00130888296 0.00115283765
v -0.00769883534 0.00147024868 0.00157748605
v -0.0083266655 0.00115681603 0.00103859557
v -0.00842079613 0.00131462305 0.00146953284
v -0.00904112775 0.000936293392 0.000938557147
v -0.00913665351 0.00108547183 0.00138474139
v -0.00950376876 0.000745171739 0.000884328503
v -0.0098032495 0.000751017535 0.00130475836
v -0.0101066399 0.000732692948 0.00176789926
v -0.0103014056 0.000414604205 0.00125690165
v -0.0105769522 0.000313149067 0.00173296046
v -0.010856241 0.000170967425 0.00225835666
v -0.0110539924 4.09127679e-05 0.00271375268
v -0.0109516187 -9.33753327e-05 0.001714146
v -0.0110633643 -0.000173743698 0.00204431964
v -0.0112445829 -0.000291440636 0.00271012168
v -0.0114770839 -0.000612236559 0.00316075981
v -0.0116024697 -0.000921402825 0.00367555348
v -0.0070648659 0.00172867393 0.00212437776
v -0.00715989573 0.00188091781 0.00256514503
v -0.00778930355 0.00161172973 0.00199988415
v -0.00788533781 0.00175776589 0.002451621
v -0.00850842427 0.00144364778 0.00188514171
v -0.00860692747 0.00157442456 0.00236384338
v -0.00922211818 0.00120500766 0.00179517863
v -0.00935102161 0.00130977121 0.00235638348
v -0.00966722984 0.00124932593 0.00269627059
v -0.0096378671 0.00103057828 0.00175746239
v -0.00995846093 0.000919003855 0.00209744205
v -0.0101216985 0.0009538827 0.00274019316
v -0.0104325721 0.000788817299 0.00316030695
v -0.0103945676 0.000640749815 0.00215699477
v -0.0105678961 0.000550530618 0.00249955291
v -0.0108369235 0.00034988136 0.00312542589
v -0.0109960614 0.000133497408 0.00362681458
v -0.011095955 -0.000133668305 0.00416771043
v -0.0111823026 -8.10272759e-05 0.00310048624
v -0.0112551134 -0.000218281872 0.00340402313
v -0.0113535011 -0.00048524281 0.00394517276
v -0.0072494084 0.00201820768 0.00298525859
v -0.00734563777 0.00216304092 0.00343912281
v -0.00797093753 0.00187789323 0.00286238012
v -0.00806937367 0.00200908654 0.00334034627
v -0.00868665241 0.00166878884 0.00276056118
v -0.00885390863 0.0017633005 0.00334505714
v -0.00918768346 0.00169836462 0.00365111791
v -0.00919261016 0.00147499971 0.00270946324
v -0.00948264636 0.00140956277 0.00305657322
v -0.00961198565 0.00143176701 0.00373188732
v -0.00992675219 0.00123724318 0.00412217434
v -0.00995682087 0.00113277487 0.00307128788
v -0.0102471542 0.000952669769 0.00348534039
v -0.0102923419 0.000908729155 0.00413390389
v -0.0105064567 0.00061385252 0.00464470778
v -0.0106188469 0.000654425239 0.00353468722
v -0.0107072787 0.000511136954 0.00386696216
v -0.0108099217 0.000256027328 0.00441442896
v -0.00742730545 0.00226592412 0.00384048373
v -0.00752974395 0.00237237895 0.00436216546
v -0.00814691558 0.00209387392 0.00373184448
v -0.00829703826 0.00217006728 0.00434994418
v -0.0086161131 0.00210947008 0.00464559719
v -0.0087116072 0.00190318795 0.00367250387
v -0.00897874031 0.00184197456 0.00402200222
v -0.00910210982 0.00185986387 0.00472702552
v -0.00942690577 0.00171321153 0.00503759086
v -0.0094484631 0.00157368009 0.0040241708
v -0.00973169506 0.00140318659 0.0044650496
v -0.0098153688 0.00138290646 0.00508658495
v -0.0100945896 0.00109519088 0.00449390756
v -0.0102093536 0.000955000403 0.0048649665
v -0.00918955449 -0.00495989108 0.00537754828
v -0.0091998037 -0.00512096798 0.00572636165
v -0.00933698006 -0.00539516658 0.00611017365
v -0.0094791986 -0.00591316866 0.00689938897
v -0.00998844765 -0.00449890643 0.00483578537
v -0.0098245116 -0.00467646914 0.00529089058
v -0.00982523058 -0.00490600383 0.0057907505
v -0.00977806281 -0.00537386769 0.00628196634
v -0.00981425308 -0.00569370436 0.00675488124
v -0.010606898 -0.00425980613 0.00413837656
v -0.0102726165 -0.00439153798 0.00451991381
v -0.010221797 -0.0045554284 0.00560158817
v -0.0102781048 -0.00472576963 0.0058512832
v -0.0104040168 -0.00510480022 0.00632649101
v -0.0104623036 -0.00542448834 0.00684147328
v -0.0113109946 -0.00376111735 0.00292885792
v -0.0110792117 -0.00396651635 0.0034026769
v -0.0108374869 -0.00414514402 0.00383153697
v -0.0114321876 -0.00363156479 0.00264046108
v -0.00686176727 -0.00347355334 0.00648323866
v -0.00687848171 -0.00357686775 0.00666580256
v -0.0101617565 -0.0042071389 0.00507480418
v -0.0101798028 -0.00431868713 0.00527191861
v -0.0107958559 -0.00365751749 0.00447398052
v -0.0105031664 -0.00390284718 0.00494676596
v -0.0104929768 -0.0042005945 0.00549732288
v -0.0107719265 -0.00443212455 0.00591214467
v -0.0108228587 -0.00491201365 0.00639724359
v -0.0108914189 -0.00518664345 0.00693678344
v -0.0114780553 -0.00318048405 0.00331335422
v -0.0112394197 -0.00335528841 0.0037339062
v -0.010976363 -0.00353603857 0.00417558383
v -0.0112063484 -0.00435899617 0.00610743137
v -0.0112800915 -0.00465773419 0.00649927976
v -0.0113033494 -0.00492619816 0.00704645691
v -0.0116047086 -0.00305167446 0.00302403606
v -0.00716274977 -0.00261857267 0.0062150578
v -0.0071289693 -0.00316343526 0.00636931788
v -0.00713525806 -0.00365031464 0.00679973606
v -0.00719766179 -0.00378717366 0.00736569939
v -0.00731040398 -0.0038033051 0.00804748014
v -0.00757891918 -0.00264742388 0.00620696135
v -0.00784284621 -0.00299565797 0.00634402363
v -0.0078820847 -0.00356317731 0.00672856718
v -0.00795443915 -0.00375644653 0.00731380191
v -0.00800265465 -0.0037958899 0.00796612166
v -0.00840402395 -0.00307460781 0.0064763329
v -0.00849179737 -0.00335221784 0.00679212809
v -0.00850588735 -0.00360302418 0.00735013699
v -0.00846951175 -0.00369767565 0.00773042906
v -0.0109476587 -0.00317093683 0.00477212714
v -0.010932954 -0.00337188272 0.00515503669
v -0.0110026319 -0.00381823163 0.0055972985
v -0.0110838953 -0.0040339171 0.00583511824
v -0.0115910619 -0.002530945 0.00359403738
v -0.01130867 -0.00273167947 0.00408046972
v -0.0110847428 -0.00292604999 0.00467553176
v -0.0112146726 -0.00309371226 0.00528666237
v -0.0113686128 -0.00355153112 0.00571471872
v -0.0115669649 -0.00392923364 0.00614877511
v -0.0117381122 -0.00429311302 0.00666368706
v -0.0117603727 -0.00456594815 0.0072084819
v -0.0116987992 -0.00239956053 0.00330790877
v -0.012011027 -0.00381924026 0.00646900665
v -0.012047505 -0.00401870953 0.00679064728
v -0.0120866783 -0.0042938469 0.00733259041
v -0.00695992075 -0.00163813285 0.0061368281
v -0.00719268247 -0.00202913978 0.00616338616
v -0.00791557971 -0.00229593785 0.00621049013
v -0.0080973804 -0.00265255966 0.00627575908
v -0.0082557546 -0.00377902947 0.00817144942
v -0.00847816188 -0.0022001036 0.00629945565
v -0.00871552434 -0.00261822762 0.00649494119
v -0.00892830733 -0.00308194221 0.00690511428
v -0.00893523172 -0.00336417556 0.0074459943
v -0.00890022144 -0.00354472804 0.00808245223
v -0.00923933741 -0.00257105473 0.00673002657
v -0.00930646155 -0.00281689875 0.00702048186
v -0.00934816431 -0.00310386624 0.00755549874
v -0.00934833102 -0.00328369904 0.00802655704
v -0.0116785988 -0.00185263238 0.00381352985
v -0.0114410846 -0.0021166685 0.00441638473
v -0.0113945492 -0.00240243296 0.00496016163
v -0.0117046768 -0.00270154909 0.00552130211
v -0.0118295271 -0.00317421509 0.00588604528
v -0.0119194901 -0.00353495916 0.00617077574
v -0.0117611419 -0.00197466835 0.00348363607
v -0.0120496163 -0.00261139148 0.00581286894
v -0.0121319294 -0.00289886026 0.00601418363
v -0.0121930121 -0.0034300941 0.00642697047
v -0.0123032769 -0.00369452452 0.00695068855
v -0.0123394327 -0.00399154471 0.00748052448
v -0.00728413137 -0.00131114549 0.0061261123
v -0.00746429572 -0.00165871345 0.00613453332
v -0.00810488593 -0.0012379887 0.0061727576
v -0.00805110019 -0.00164516503 0.00618247502
v -0.00851412769 -0.00121803815 0.00623438507
v -0.00877879653 -0.00164517516 0.00638657995
v -0.00904511474 -0.00208250759 0.00655679172
v -0.00932832621 -0.00340319937 0.00842825137
v -0.00929286145 -0.00162173377 0.00662087975
v -0.00940160267 -0.00204335945 0.00676734699
v -0.00967867579 -0.00241213199 0.00721546402
v -0.0097557595 -0.00271472381 0.00773839932
v -0.00964991841 -0.00308012404 0.00830575265
v -0.0112792114 -0.00100522512 0.00464600418
v -0.011285454 -0.00104380841 0.00471418351
v -0.0114742611 -0.00116567232 0.00428227801
v -0.0115065305 -0.0014263842 0.00474712253
v -0.0118168481 -0.00182688097 0.00524720596
v -0.0120194713 -0.00207631243 0.00562008889
v -0.0121908635 -0.00224569184 0.0058591608
v -0.0124418894 -0.00249615917 0.00621369621
v -0.0126361875 -0.00281470595 0.00671687163
v -0.0127089703 -0.00311671244 0.00724053243
v -0.0127667617 -0.00341667747 0.0077667213
v -0.00732954033 -0.000193101412 0.00617825892
v -0.0074989791 -0.000501163187 0.00615595141
v -0.00818493217 -0.000694629678 0.00620884635
v -0.00868438557 -0.000871010823 0.00632352568
v -0.00907207374 -0.00106938975 0.0065253214
v -0.0094131548 -0.00126186712 0.00673578586
v -0.00970431697 -0.00149048795 0.00703344774
v -0.0100104976 -0.00182426395 0.00751776155
v -0.0101451874 -0.00212088134 0.00797668099
v -0.0101436684 -0.00261219405 0.00846213847
v -0.0102872038 -0.00201735692 0.008214592
v -0.0103515917 -0.00232397905 0.00860620476
v -0.0111305444 -0.000554235186 0.00465976261
v -0.011223386 -0.000733436784 0.00500896852
v -0.0113599952 -0.000724451151 0.00433001202
v -0.0116401967 -0.000936222146 0.00520666596
v -0.0120663168 -0.00124192925 0.00560384709
v -0.0121514937 -0.00159877678 0.00572607014
v -0.0122686261 -0.00116523926 0.00589477085
v -0.0123881996 -0.00153589761 0.00600855425
v -0.0127504095 -0.00190511951 0.00651992206
v -0.012929365 -0.00222157757 0.00702568423
v -0.0130590675 -0.00249351002 0.00760444487
v -0.0130879134 -0.00284608966 0.0080602169
v -0.00761899678 0.00018661248 0.00631253887
v -0.0078573795 -0.000114777707 0.00623529637
v -0.0079965936 0.000296810817 0.00643503014
v -0.00824726839 -8.51642108e-06 0.00640772749
v -0.00889834855 -0.000242128153 0.00659987517
v -0.00928704161 -0.000446716906 0.00681264373
v -0.00957878772 -0.00063247839 0.0070314249
v -0.00987290032 -0.000880400301 0.00736326538
v -0.0101802815 -0.00121433963 0.0078473771
v -0.0103099355 -0.00138779986 0.0081113968
v -0.0106716687 0.000445908168 0.00507142488
v -0.010400366 -0.00154615857 0.00836411677
v -0.0105657978 -0.00185101363 0.0088542467
v -0.0108717522 0.000126990373 0.00507861469
v -0.0112318499 -0.000155212241 0.00546422973
v -0.0117105218 -0.00036641839 0.00565149868
v -0.0120981866 -0.000564654008 0.00585304108
v -0.0123890676 -0.000750297913 0.00607196894
v -0.0126401465 -0.000964976149 0.00636081723
v -0.0129407812 -0.00129799766 0.00684606656
v -0.0131179141 -0.00161420775 0.00735213608
v -0.0132206576 -0.00185021001 0.00774216279
v -0.00764754182 0.000775784138 0.00666841445
v -0.00790661387 0.000856923871 0.00684653642
v -0.00803237222 0.000453729357 0.00652055582
v -0.00838827807 0.000530144258 0.00680923183
v -0.00894496683 0.000348077156 0.00701719429
v -0.00938498043 0.000133264344 0.00729895942
v -0.00966563169 0.000172221102 0.00766445091
v -0.0101160584 0.0012060185 0.00545168202
v -0.00964741781 -0.00019609381 0.00733470218
v -0.00985691883 -0.000195392175 0.00770453922
v -0.0102252383 -0.000587423914 0.00819803588
v -0.0104183247 -0.000825625495 0.00855430495
v -0.010573389 0.000801312039 0.00546491053
v -0.010924845 0.000792229548 0.00580968941
v -0.0105291586 -0.000986761996 0.00880358554
v -0.0106868492 -0.00123445585 0.00919207744
v -0.0109123178 0.000412720954 0.00549810007
v -0.011259702 0.00047119183 0.00578043284
v -0.0118151605 0.000258709653 0.00598047115
v -0.012204838 4.80328454e-05 0.00620399788
v -0.0125318617 -0.000142530422 0.00641683256
v -0.012772317 -0.000349931768 0.00669677369
v -0.0130532701 -0.000680274214 0.00718534086
v -0.013235799 -0.000997218885 0.00769050047
v -0.0133507596 -0.00120087725 0.00801607314
v -0.00714864722 -0.00662885467 0.00936939195
v -0.00725650787 -0.00655591721 0.00995029975
v -0.00809696224 -0.00661696726 0.00878710952
v -0.00788767263 -0.00666175177 0.00915773865
v -0.00798777677 -0.00661143428 0.00981673133
v -0.00879399572 -0.00639305403 0.00810669828
v -0.00857710466 -0.00651407335 0.00854104664
v -0.00864266232 -0.00657942984 0.00915940851
v -0.00872925483 -0.00655011041 0.00964938104
v -0.00940696802 -0.00604554312 0.00728786783
v -0.00921613723 -0.00624420494 0.00790878292
v -0.00932587963 -0.00636072084 0.00851939432
v -0.00936759729 -0.00642549526 0.0091403909
v -0.00913794991 -0.00648533739 0.00954601727
v -0.0100497473 -0.00581956189 0.00742077595
v -0.00997546595 -0.00601034891 0.00795696769
v -0.00990621839 -0.00620499533 0.00855438784
v -0.00983834919 -0.00630450482 0.00890551042
v -0.0104382522 -0.00560246827 0.00731689902
v -0.00734154973 -0.00643823575 0.0103597259
v -0.00743236067 -0.00625991216 0.0107544102
v -0.00807049591 -0.00650394196 0.010220604
v -0.00816318486 -0.00633722497 0.0106357979
v -0.0088047171 -0.00647444557 0.0100359069
v -0.008904594 -0.00635216106 0.0105296168
v -0.0096401833 -0.00632106513 0.00938176923
v -0.00958061218 -0.00632833689 0.00992516428
v -0.0095158238 -0.00630335603 0.0104115689
v -0.0104115829 -0.00574322743 0.00770717207
v -0.0103861298 -0.0058534327 0.00800816901
v -0.0103166383 -0.00604914641 0.00860500801
v -0.0102200788 -0.00611181557 0.00925509539
v -0.0101069929 -0.00613145251 0.00985173043
v -0.0107711414 -0.00547630666 0.00754897902
v -0.0109456526 -0.00556845637 0.00811417215
v -0.0108276531 -0.00580218807 0.00869797729
v -0.0107505945 -0.0058958442 0.00913674571
v -0.0113095213 -0.005157426 0.00761627126
v -0.0113078253 -0.00530563993 0.0079933051
v -0.00737349503 -0.00380048249 0.0084194392
v -0.00757403579 -0.0057523381 0.0111849625
v -0.00776878744 -0.00384703325 0.00834852364
v -0.00829914585 -0.0058383937 0.0110395178
v -0.0090238573 -0.00592198223 0.0108897146
v -0.0100131948 -0.00621554954 0.0102802161
v -0.00979341567 -0.00601068698 0.0105939237
v -0.010603915 -0.00590988575 0.00960971788
v -0.0104064867 -0.00602291618 0.010077321
v -0.0104884813 -0.0058876439 0.0105175693
v -0.0112991184 -0.00544831436 0.00838084985
v -0.0112656821 -0.0055252444 0.0088145975
v -0.0111253578 -0.00561075006 0.00946550909
v -0.0110020507 -0.00573364832 0.0101232613
v -0.0109454375 -0.00579544762 0.0104861232
v -0.0118082231 -0.00475324923 0.00773162395
v -0.0116096698 -0.0051531028 0.00828842912
v -0.0116070146 -0.00525518879 0.00893617328
v -0.0115425941 -0.00529743033 0.00933886878
v -0.0121017601 -0.00442407886 0.00761214178
v -0.00743438816 -0.00378871383 0.0087711392
v -0.00754897576 -0.00377816847 0.00944232661
v -0.00761383725 -0.00380026828 0.00984491035
v -0.00769976899 -0.00505023869 0.0113638863
v -0.00810845848 -0.00381502719 0.00860917475
v -0.00826958288 -0.00382813509 0.00938191544
v -0.00806168187 -0.00387202925 0.00978342351
v -0.00842477288 -0.00513563491 0.0112172766
v -0.00885904767 -0.00365727348 0.00868956745
v -0.00876771659 -0.00376182329 0.00916265137
v -0.00915076677 -0.00522715785 0.0110814925
v -0.0102355378 -0.00500558922 0.0109518133
v -0.0099219 -0.00525428075 0.010943111
v -0.0106460666 -0.00511623872 0.0108294729
v -0.0105836662 -0.00547017111 0.0107451053
v -0.0114919646 -0.00536143314 0.00977477245
v -0.0112931672 -0.00534150144 0.0103808548
v -0.0109840734 -0.00562599208 0.0105784824
v -0.0121120391 -0.00458171871 0.00798947923
v -0.0121206734 -0.00475773914 0.00846942328
v -0.0120712025 -0.00483024213 0.00912622269
v -0.011793416 -0.00509070046 0.00968535244
v -0.011808265 -0.00511544803 0.0102042677
v -0.0123253642 -0.00429411884 0.00794410147
v -0.0124034882 -0.00447971793 0.00860086363
v -0.0123830447 -0.00456358725 0.00900954287
v -0.00764834788 -0.00390421133 0.010133544
v -0.00772366114 -0.00403323025 0.0106844548
v -0.00777719542 -0.00430904329 0.0112247029
v -0.00777258771 -0.0046170624 0.0114460718
v -0.00854324549 -0.00384225929 0.00960517209
v -0.00835598633 -0.00392363779 0.00997154973
v -0.00847324543 -0.00403405307 0.0106153619
v -0.00851608999 -0.0043567461 0.0111300582
v -0.00849837251 -0.00471534813 0.0113145038
v -0.00927243941 -0.00348839024 0.00874729082
v -0.00907480437 -0.00367393484 0.00939545687
v -0.00924727414 -0.00373208732 0.0100591471
v -0.00913345534 -0.00389542757 0.0106333662
v -0.00926261209 -0.0043193954 0.0110802744
v -0.00922382902 -0.00481381966 0.0111811366
v -0.00970113277 -0.00323022623 0.00885413866
v -0.00967882946 -0.00340260775 0.00945986062
v -0.00963242073 -0.0035359133 0.00993115734
v -0.0100244023 -0.00464178808 0.011056589
v -0.00976175256 -0.00490325363 0.0110695371
v -0.0107226754 -0.0046721641 0.0109253405
v -0.0114434864 -0.00473164674 0.0107329395
v -0.0123224081 -0.00452046748 0.00950698368
v -0.0123054683 -0.00462112157 0.00993227959
v -0.0121604633 -0.00468212925 0.0104348166
v -0.0128201339 -0.0037160418 0.00829365477
v -0.0127354013 -0.00399660692 0.00884387083
v -0.0125518879 -0.00425148522 0.00940973498
v -0.0125898477 -0.00434331363 0.0100634564
v -0.0125945797 -0.00444543734 0.0103872837
v -0.00959953945 -0.00366345886 0.0103294766
v -0.00953673013 -0.00377091905 0.010666904
v -0.00954859331 -0.00395664293 0.0110239154
v -0.0101554859 -0.00288169156 0.0090097785
v -0.0101259472 -0.00308580534 0.0095982058
v -0.0100431591 -0.00328994705 0.0101939607
v -0.0101554785 -0.00350866513 0.0107953222
v -0.0100871185 -0.0039320495 0.0110738948
v -0.0104162637 -0.00260067079 0.00914493483
v -0.0104404856 -0.00281210244 0.00972429849
v -0.010444358 -0.00291066105 0.0100655966
v -0.0106007019 -0.00347429537 0.0110321911
v -0.0108226407 -0.00384866027 0.0110287061
v -0.0115659842 -0.00400954811 0.0108765243
v -0.0125072738 -0.00378254149 0.0107299751
v -0.0122491717 -0.00402193982 0.0107077556
v -0.0131373843 -0.00304487441 0.00858309027
v -0.0130021516 -0.00339988107 0.00915713888
v -0.012900603 -0.00367815769 0.00971018989
v -0.0127722276 -0.003940464 0.0103394557
v -0.0126414932 -0.00423967978 0.010499428
v -0.0104518337 -0.00305303093 0.0104518319
v -0.0104769785 -0.00320845144 0.0107264733
v -0.0106791239 -0.0021585389 0.00937107299
v -0.0106981508 -0.00245322753 0.00990379695
v -0.0106512634 -0.00275865709 0.010394441
v -0.0108971912 -0.00314822933 0.0109391492
v -0.0111012282 -0.0035254769 0.0110317767
v -0.0116902944 -0.00322875008 0.0109834643
v -0.0116312327 -0.00360332057 0.0109355655
v -0.0123521443 -0.00341500482 0.0108285118
v -0.0120326504 -0.00367945014 0.010842124
v -0.0132829603 -0.00254051108 0.0089826351
v -0.0132303908 -0.0027979142 0.00947689917
v -0.0132325832 -0.00309031131 0.0100124609
v -0.0130075049 -0.00331471441 0.0105183423
v -0.0108600082 -0.00155012566 0.00969881658
v -0.0109795975 -0.00185850263 0.0102145877
v -0.011093542 -0.00216611195 0.0107313097
v -0.0112988334 -0.00239489204 0.011065186
v -0.0118025336 -0.00251315068 0.0110714482
v -0.0125276484 -0.00259923423 0.0109260539
v -0.0134341102 -0.00193943433 0.00933627784
v -0.0134314457 -0.00219224603 0.0098012425
v -0.0133543061 -0.00247384515 0.010350178
v -0.0130663905 -0.00262287189 0.0107440501
v -0.0131967207 -0.0023733878 0.00792242587
v -0.013223948 -0.00254808879 0.00821640249
v -0.0132787237 -0.00200416334 0.00800033845
v -0.013331743 -0.00222751172 0.00838795025
v -0.0134347109 -0.00135835446 0.00826988555
v -0.0134984218 -0.00161716458 0.00871808827
v -0.0132492362 -0.00269751111 0.00849479157
v -0.0133401221 -0.00240224227 0.00870503206
v -0.0134870615 -0.00180059206 0.00905938633
v -0.00355981663 0.00242035463 0.00648492994
v -0.00422594789 0.00254468061 0.00585379172
v -0.00411055656 0.00260089478 0.00636767643
v -0.00474139629 0.00260625407 0.00569794513
v -0.00484437542 0.00270936312 0.00622553751
v -0.00555348769 0.00262129866 0.00511778099
v -0.00540798763 0.00263988762 0.00549053634
v -0.00558236847 0.00271233195 0.00608462701
v -0.00614500605 0.00261060009 0.00498810038
v -0.00623645354 0.00265877321 0.00549164554
v -0.0063193962 0.00269988482 0.00595044298
v -0.00687418552 0.00255132117 0.00484517217
v -0.00695403712 0.00265486492 0.00546663348
v -0.00674686907 0.00270964741 0.00585316354
v -0.00450013857 0.00280557456 0.00674632704
v -0.00493766461 0.00286321598 0.00665467838
v -0.00567224622 0.0028512245 0.00650561415
v -0.00640121568 0.00280343415 0.00635216711
v -0.0072398996 0.00273378938 0.00574746821
v -0.00712984288 0.00285001192 0.00622000126
v -0.00751641998 0.00300618191 0.00659545278
v -0.00227316422 0.00194418733 0.00839944184
v -0.00193529716 0.00167609903 0.00890039001
v -0.00187848182 0.00162605464 0.00951360632
v -0.00189671374 0.00159098022 0.00991257001
v -0.00287655788 0.00204211869 0.00769452099
v -0.00273104454 0.00209632539 0.00806900766
v -0.00349650346 0.00232374552 0.00695536938
v -0.00338154892 0.00226989156 0.00754908612
v -0.00321032992 0.00232780725 0.00804386195
v -0.00398970721 0.00257312879 0.0070513417
v -0.00390423322 0.00249525509 0.00740066869
v -0.0046926979 0.000391211099 0.0095497882
v -0.00470169494 0.000290483033 0.00990178436
v -0.00474385405 0.000108097127 0.0104959439
v -0.0052719973 0.00100000273 0.00838175509
v -0.00524334423 0.00100859685 0.00888012722
v -0.00496199308 0.000702575548 0.0094445264
v -0.00495060999 0.000573118567 0.0100389402
v -0.00494558131 0.000397155847 0.0106410543
v -0.00589322252 0.00125289813 0.0077646398
v -0.0057185851 0.00128180534 0.00823784433
v -0.00555048045 0.00127033831 0.00878239237
v -0.00667956891 0.00124734594 0.00709965592
v -0.00646429276 0.00140010659 0.00758911064
v -0.00624912744 0.00155218039 0.00807978027
v -0.00706080627 0.00120909372 0.00703589898
v -0.00714842509 0.00140714762 0.00739571638
v -0.00249274005 0.00229168357 0.00870949496
v -0.00242113229 0.00234378898 0.00913988054
v -0.00219007302 0.00206448534 0.00973318983
v -0.00209869328 0.00175824703 0.0102412812
v -0.00215112139 0.00159613683 0.0108741783
v -0.00217108661 0.00140191626 0.011463671
v -0.00332713011 0.00292243599 0.00835962035
v -0.00296205538 0.00259787147 0.00852961186
v -0.00269934977 0.00262673362 0.00902146287
v -0.00356112607 0.00274164067 0.00801901519
v -0.00325108995 0.00250657648 0.00814129598
v -0.00439343415 0.0028878958 0.00720817409
v -0.00405088719 0.00280080852 0.00760377804
v -0.00502811745 0.00304375123 0.00704545202
v -0.00548870955 0.00122132374 0.00922779739
v -0.00544928666 0.00112939382 0.0096068522
v -0.00548444269 0.00101197767 0.0103067718
v -0.00533428043 0.000760201714 0.0108109172
v -0.00576445088 0.00302093453 0.00691551715
v -0.0060609784 0.00155781838 0.00856768433
v -0.00589230563 0.00145158439 0.00907140039
v -0.00601298735 0.00143392803 0.00966335274
v -0.0058314316 0.00125986896 0.0102271112
v -0.00649543945 0.00296066096 0.00678412849
v -0.00675067678 0.00164991524 0.00796519592
v -0.0066514723 0.00172208576 0.00845334493
v -0.0065234392 0.00171928597 0.00914110057
v -0.00639873929 0.00165485183 0.00947649404
v -0.00701986067 0.00296577835 0.00669334084
v -0.00726030394 0.00164253358 0.00786929578
v -0.00735877827 0.0017734901 0.00834767986
v -0.00263391971 0.00265787868 0.00951256696
v -0.00262473943 0.00255686208 0.00997203309
v -0.00266869972 0.00240440923 0.0105520366
v -0.00254971907 0.00206436729 0.0111026587
v -0.00251259375 0.00177732215 0.0116448486
v -0.00333545473 0.00295894709 0.00837952085
v -0.00325548695 0.0030676981 0.00881862454
v -0.00292563159 0.00291172764 0.00941509102
v -0.0029188497 0.00283334614 0.0101015698
v -0.00290974323 0.00272273482 0.0104557471
v -0.00378171355 0.00320864026 0.00833989214
v -0.00361944316 0.00328053627 0.00868381746
v -0.00463722181 0.00329623069 0.0076611219
v -0.00445875525 0.00339949969 0.00797348842
v -0.00513790129 0.00343466224 0.00762486504
v -0.00493511651 0.00363492151 0.00792822428
v -0.00575936865 0.00116743008 0.0106488857
v -0.00573359895 0.00109292485 0.0109626474
v -0.00588416541 0.00333928666 0.00736858789
v -0.00632184418 0.00154959084 0.00989145506
v -0.00613828609 0.00137632713 0.0104530975
v -0.00625459105 0.00136413868 0.011059043
v -0.00660662632 0.00326960464 0.00719420984
v -0.0070507084 0.00187836133 0.00881948043
v -0.00691935327 0.00181151507 0.00915704574
v -0.00675144559 0.00169855601 0.00974549726
v -0.00692888722 0.00165791553 0.0104600331
v -0.00673174625 0.00157760177 0.0108961556
v -0.00733153988 0.00317994365 0.00693851616
v -0.00743689109 0.00186078227 0.00874054339
v -0.00750071043 0.00185160781 0.00912650861
v -0.00766707771 0.00180749572 0.0098462021
v -0.00750741921 0.00177289336 0.0102306027
v -0.00290831411 0.00259763887 0.0108525734
v -0.00291373953 0.0024513707 0.0112883383
v -0.00293134572 0.00217555207 0.0118318712
v -0.00345343119 0.00340044335 0.00923436042
v -0.0034002678 0.00332598202 0.00963504612
v -0.00341353589 0.00319470814 0.0102688465
v -0.00318260863 0.00288254907 0.010775568
v -0.00321679283 0.00272663753 0.0114163673
v -0.00328832166 0.00244347844 0.0119508095
v -0.00415124279 0.00357882981 0.00858673453
v -0.00397282932 0.00363580929 0.0090776002
v -0.00381617504 0.00358588668 0.00974404998
v -0.00377053255 0.00347495149 0.0101663917
v -0.00463033933 0.00379931391 0.00852051564
v -0.00446322141 0.00387512497 0.00892573129
v -0.00544611737 0.00371414307 0.00788465701
v -0.00528706517 0.00388037344 0.00814978685
v -0.00602900796 0.00386464316 0.00786827039
v -0.00583446724 0.0040558218 0.00810843613
v -0.00658717286 0.00151171 0.0113395918
v -0.00675808499 0.00381269259 0.00765411975
v -0.00722249458 0.0017106788 0.0106889689
v -0.0070434697 0.00164818694 0.0111475624
v -0.00748070795 0.0037420122 0.00748150609
v -0.00799437799 0.00180120743 0.0100855259
v -0.00776415318 0.00177386706 0.0104491785
v -0.00782847218 0.00175731722 0.011146836
v -0.00372259156 0.00337275211 0.0105804326
v -0.00369192474 0.00326930638 0.0109787351
v -0.00366860162 0.00306401495 0.0115659256
v -0.00373103004 0.00274094287 0.012078614
v -0.00430744374 0.003908752 0.00942651089
v -0.00424355594 0.00381612428 0.00983521342
v -0.00419463729 0.00365242385 0.0105003007
v -0.00414165296 0.00352460751 0.0110820364
v -0.00409980817 0.00332183647 0.0116723506
v -0.00414812099 0.00300068664 0.0121874176
v -0.0049820412 0.00410375185 0.00880790781
v -0.0047909664 0.00408448186 0.00924305804
v -0.00488104764 0.00409950549 0.00987704284
v -0.0046903966 0.0039288681 0.0104161715
v -0.00546847377 0.00422659656 0.00870246999
v -0.00551262684 0.00435113348 0.00925739296
v -0.00527565368 0.00428561633 0.0096723754
v -0.00634624483 0.00416427245 0.00804587267
v -0.00615048641 0.00432631932 0.00853113551
v -0.00595488911 0.00448737573 0.0090181483
v -0.00685756002 0.00417238846 0.00795375369
v -0.00694874674 0.00434838748 0.0083525423
v -0.00759096211 0.00412650593 0.00782505516
v -0.00768178189 0.00430477271 0.00821983628
v -0.00461723562 0.00382328941 0.010830611
v -0.00456548156 0.00373926689 0.0111647099
v -0.00451919669 0.00351702236 0.0117444098
v -0.00457488699 0.00322822947 0.0122771133
v -0.00517771253 0.00418309029 0.0100908102
v -0.0049965987 0.00401230389 0.010632867
v -0.00516089052 0.00396756781 0.0112795252
v -0.00513977045 0.00374906813 0.01181891
v -0.00512759201 0.00346951233 0.0123630539
v -0.00576284295 0.00440392876 0.00945599657
v -0.00562230265 0.00431937585 0.009933603
v -0.00582200242 0.00426475052 0.0106544206
v -0.00564705208 0.00415525958 0.0111342408
v -0.0064480151 0.00451571727 0.00890963245
v -0.00629650429 0.00449884962 0.00926921889
v -0.00651363051 0.00445179129 0.0100255562
v -0.00634324225 0.0043910807 0.0104501834
v -0.00704461383 0.00451354776 0.00878784619
v -0.00713071879 0.00453850068 0.00927844644
v -0.00721499324 0.00450421171 0.0098060267
v -0.00777523639 0.00445935177 0.00864937343
v -0.00787088554 0.00449637743 0.00918684341
v -0.00794312824 0.00447052624 0.00963624008
v -0.00551134441 0.00406167749 0.0115611944
v -0.00554587226 0.0038859793 0.0118592074
v -0.0055417167 0.00364161073 0.0124225309
v -0.00613497011 0.0043113986 0.0108916471
v -0.00592856668 0.00419856887 0.0113399662
v -0.00597702758 0.00401294092 0.011891582
v -0.00604930287 0.00381932547 0.0124766286
v -0.00683047902 0.00446975837 0.0102660926
v -0.00661574677 0.00441078469 0.0106643913
v -0.00668531004 0.00434158137 0.0113114836
v -0.00683691958 0.00418311916 0.011957786
v -0.00666156504 0.00399151444 0.0125180166
v -0.007269077 0.00448611379 0.010141449
v -0.00734678796 0.00446494482 0.0106195025
v -0.00744210836 0.00437240209 0.0112596368
v -0.00750693306 0.00425217999 0.0117412293
v -0.00799838454 0.00445756968 0.00997446477
v -0.00809166022 0.00444345782 0.0105391461
v -0.00822668243 0.00433758879 0.0112115871
v -0.00804466009 0.00425302982 0.0115628792
v -0.00716794329 0.00416007638 0.0121806003
v -0.00705526071 0.00407401333 0.0125286579
v -0.00755138416 0.00419183541 0.0120536257
v -0.0076193884 0.00412872015 0.0125079686
v -0.0085289916 0.00427216943 0.0114096198
v -0.00830667093 0.00422760891 0.0117748585
v -0.00836860761 0.00412629917 0.012438003
v -0.00214120932 0.000111641013 0.0123980315
v -0.00226277672 -0.000327956281 0.0126173478
v -0.00266723474 -0.000568655552 0.0128450515
v -0.00359515916 -0.000344953674 0.0127965566
v -0.00327296299 -0.000612226198 0.0128177321
v -0.00397921633 -0.000446441438 0.0126738772
v -0.00392089551 -0.000825588475 0.0126340669
v -0.00480520353 -0.000117764284 0.0110637425
v -0.00487012556 -0.000309284515 0.011590275
v -0.00456705317 -0.000650575268 0.0122320484
v -0.00434239814 -0.000976526469 0.0124384677
v -0.00496853609 0.00017652064 0.0112153264
v -0.00499169156 3.89241904e-05 0.0115022063
v -0.00223418698 0.00109339983 0.0119845355
v -0.0023050243 0.000575842452 0.0124017475
v -0.0027185143 0.000191494211 0.0128201721
v -0.00287913764 -0.000233826926 0.0129411444
v -0.00336632389 2.27006676e-05 0.0128588686
v -0.00311597856 -0.00026606553 0.0129012158
v -0.00404944178 1.28696265e-05 0.0127195781
v -0.00504020182 4.17118135e-05 0.0119668301
v -0.00482579274 8.09032936e-05 0.012402704
v -0.00523721892 0.000481314113 0.0113632111
v -0.0051565282 0.00028063255 0.0118978908
v -0.00517781265 0.000353432057 0.012350468
v -0.00259156688 0.00147447281 0.0121674668
v -0.00284676533 0.00118142716 0.0127454037
v -0.00292174984 0.000842151116 0.0129279727
v -0.00325140636 0.00126251916 0.0130319288
v -0.0034486088 0.000933494943 0.0129485298
v -0.00416801497 0.000759222661 0.0128203016
v -0.00520449504 0.000849094533 0.0126220044
v -0.00490790745 0.000667079701 0.0126160132
v -0.00570715079 0.000934444368 0.0115766162
v -0.00552362762 0.000785800279 0.0122342538
v -0.00519429985 0.000425743201 0.0123898797
v -0.006085217 0.00119949994 0.0116919987
v -0.00602795742 0.00111932016 0.0120541081
v -0.00298950891 0.0018560926 0.0123469941
v -0.00306894816 0.00157028669 0.012755313
v -0.00333872996 0.00212507416 0.0124672391
v -0.00351900817 0.00160018913 0.0129220774
v -0.0037385046 0.00120024628 0.0129608214
v -0.00429270836 0.00150896481 0.0129545899
v -0.00423206855 0.00114415039 0.0128894504
v -0.00503113959 0.00132587913 0.0128150648
v -0.00475792727 0.00107391714 0.0128022823
v -0.00573434168 0.00134871341 0.0126031907
v -0.00651386846 0.00143531291 0.011786202
v -0.00639877236 0.00142182922 0.0122901555
v -0.00715040136 0.00166393002 0.0118534891
v -0.00694378838 0.00163059961 0.0122517254
v -0.0079039121 0.0017577121 0.011594004
v -0.00378906494 0.0024559875 0.0126132751
v -0.00385016669 0.00221661082 0.0129641546
v -0.0041947565 0.00271728286 0.012724001
v -0.00438701315 0.00229738187 0.013037147
v -0.0051395935 0.00210826006 0.0129781133
v -0.00586693175 0.00200843066 0.0128570078
v -0.00658827694 0.00194565114 0.0126704331
v -0.00744723435 0.00176796783 0.0121163921
v -0.00728249736 0.00190861314 0.0124394847
v -0.00797490962 0.00181379681 0.0119698578
v -0.00806849077 0.00197499804 0.0123947971
v -0.00462131295 0.0029439074 0.0128131956
v -0.0046882648 0.00270999596 0.0130920783
v -0.00527459476 0.00315752532 0.012920564
v -0.00524014328 0.00271873595 0.0130816353
v -0.00603765761 0.0030330983 0.0130423671
v -0.00597770698 0.00266402541 0.0129847536
v -0.00676551973 0.00292528886 0.0129308095
v -0.00670437701 0.00256358366 0.0128601752
v -0.0074898419 0.00281648105 0.0127990618
v -0.00742871501 0.00245467853 0.0127286008
v -0.00821488444 0.00271095103 0.0126689412
v -0.00815377478 0.0023490442 0.0125986645
v -0.00555483252 0.00343280286 0.0128478054
v -0.00607270934 0.00344213704 0.0129200183
v -0.00678401394 0.00350169023 0.012904631
v -0.00756392349 0.00326953596 0.0128726894
v -0.00829152949 0.00316805253 0.0127545064
v -0.0070520686 0.00389870745 0.0128884176
v -0.00764563167 0.00386135047 0.0128795151
v -0.00838261191 0.00379805546 0.0127861043
v -0.00759880478 0.00241996953 0.00473339017
v -0.00771196652 0.0025179002 0.00531973317
v -0.0080187032 0.00249253749 0.00565044023
v -0.00813604612 0.00227553258 0.00467460882
v -0.00841244869 0.00222017639 0.00499406969
v -0.00849215314 0.00229653739 0.00561606418
v -0.00894934405 0.00197332422 0.00500553101
v -0.00921620149 0.00194728968 0.00550265703
v -0.00966446288 0.00163370871 0.00543833803
v -0.00754596759 0.00269212783 0.00569586968
v -0.00786372274 0.00274604862 0.00611226913
v -0.00857876334 0.00242109923 0.00602924079
v -0.00901032612 0.00220254925 0.00597926788
v -0.00770441769 0.00298059173 0.00656375941
v -0.00745957624 0.00115051237 0.00696850102
v -0.00781021081 0.00123033475 0.00726630911
v -0.00854228064 0.000993201858 0.00738910399
v -0.00879650004 0.00101947226 0.0076527223
v -0.00947662257 0.00196103333 0.00592949241
v -0.00893574487 0.0006520116 0.00725553744
v -0.00918170158 0.000703938305 0.00765234325
v -0.00966192316 0.000477418071 0.00810313877
v -0.00985899847 0.000501094852 0.00855280645
v -0.00997280329 0.00160533539 0.0058408482
v -0.00988408644 0.000180819188 0.00811680406
v -0.0100727277 0.000124722486 0.00857839826
v -0.0104318727 -0.00033865904 0.00906675961
v -0.0106098894 -0.000391697045 0.00952409208
v -0.0105614923 0.00136188511 0.0060005635
v -0.0109359063 0.00124555209 0.0060573779
v -0.0105867628 -0.000710816705 0.00910613686
v -0.0107127875 -0.000670429552 0.00955796335
v -0.0114619927 0.00107102667 0.00615751185
v -0.0119357761 0.000878255581 0.00631300174
v -0.0123859989 0.000616119127 0.00663725706
v -0.0126718488 0.000664313557 0.00695691351
v -0.0126016308 0.000270610326 0.00669550151
v -0.0127737792 0.000318398001 0.00702128233
v -0.0130665991 -4.90533421e-05 0.00754133193
v -0.0132836634 -0.000370698865 0.00804066937
v -0.0134922341 -0.0006238278 0.00855753943
v -0.0135824401 -0.000814260216 0.00916476455
v -0.0081778951 0.00282211322 0.00648953766
v -0.00798163004 0.00148532761 0.00775885675
v -0.00810210314 0.00163255353 0.00828691944
v -0.00841952488 0.001635883 0.00861661788
v -0.00866873562 0.00260460936 0.00641475851
v -0.00834440533 0.00135428598 0.00771140493
v -0.00869059842 0.00129020319 0.00802907627
v -0.00892676786 0.00135896134 0.00867518783
v -0.00925134495 0.00122658641 0.00901807286
v -0.00933851209 0.00227462547 0.00627266988
v -0.00918094069 0.00102475623 0.00808800291
v -0.00938546564 0.000949647278 0.00844352692
v -0.00966415182 0.000812867307 0.00898035988
v -0.00993225817 0.00067873369 0.00950334407
v -0.0101144928 0.00208747829 0.00637597404
v -0.0100201257 0.000406884006 0.00895222835
v -0.0101855751 0.000358303427 0.00949477311
v -0.0105520543 -1.88850099e-05 0.00994139165
v -0.010633694 0.00194870622 0.006413389
v -0.0110031776 0.00186285144 0.00641634548
v -0.0107748145 -0.000403483398 0.00996981002
v -0.0116340928 0.00159593578 0.0065899808
v -0.011962207 0.00159915804 0.00691860402
v -0.0119711328 0.00123458833 0.00657063117
v -0.0122303087 0.00126537774 0.00694705965
v -0.0126677062 0.000962354941 0.00739541277
v -0.0128263384 0.000935620163 0.00790013839
v -0.0128192427 0.000654668314 0.00740544731
v -0.0129746282 0.000602834625 0.00792665128
v -0.013228897 0.000269791111 0.00840814039
v -0.0134523474 -5.27238008e-05 0.00890640076
v -0.0135194175 -0.000353952171 0.00943102501
v -0.00802469719 0.0030940685 0.00680610724
v -0.00794008933 0.00179532706 0.00865472201
v -0.00822648592 0.00172765041 0.00894794427
v -0.00832084008 0.00173178222 0.0097435005
v -0.00859283283 0.0016701757 0.0100156255
v -0.00878704339 0.00297999987 0.0068134293
v -0.00877569988 0.00150876958 0.00897956267
v -0.00905155949 0.00139218324 0.00938859768
v -0.00917710457 0.0014017612 0.0100747552
v -0.00950173195 0.00126101729 0.0103908256
v -0.0095229689 0.00282709254 0.00678611733
v -0.00946611632 0.00111066306 0.00940029509
v -0.00977286883 0.000915600336 0.00984793529
v -0.0099117076 0.000944597647 0.0104432562
v -0.010258073 0.00264171115 0.00676863687
v -0.010556912 0.00272791693 0.00695862761
v -0.0101373335 0.000590096461 0.00990189612
v -0.0102877608 0.0005254969 0.0102245826
v -0.0106614493 0.00233419472 0.00662414543
v -0.0110514471 0.0024096421 0.00696759205
v -0.0114474725 0.00244782749 0.00737688458
v -0.0115320673 0.00209326157 0.0069789025
v -0.0118480055 0.00204101717 0.00737829786
v -0.0121716484 0.00194114866 0.00786184799
v -0.0122277085 0.00163704192 0.00738322269
v -0.0124010397 0.00160081219 0.0078630764
v -0.0127451997 0.00122622936 0.00830043945
v -0.0129584419 0.00111013651 0.00890845805
v -0.013098632 0.000994916307 0.00932251196
v -0.012977059 0.000863265479 0.00831288099
v -0.0131064197 0.000773476087 0.00870439131
v -0.0132546499 0.000642069266 0.00933245197
v -0.0133624822 0.000300444546 0.00981571991
v -0.00820806995 0.00364203798 0.00736065675
v -0.00810948666 0.00178553909 0.0100661209
v -0.00841651391 0.00171711575 0.0103228521
v -0.00856449176 0.00169700233 0.0110453172
v -0.00900657568 0.00354629732 0.00733476877
v -0.00935013033 0.0036771365 0.00754588749
v -0.00902374927 0.00151890516 0.0103580561
v -0.0092953844 0.00141484302 0.0107657975
v -0.00964784622 0.00328703411 0.0071554943
v -0.00973311812 0.00349959685 0.00748967379
v -0.00975993089 0.00114864891 0.0107710846
v -0.0101118805 0.00307067321 0.00705279084
v -0.0104227308 0.00312090665 0.00735843182
v -0.0109934434 0.00292002223 0.00752017368
v -0.0113807265 0.00271170074 0.00780185731
v -0.0115806842 0.00268655689 0.00831189379
v -0.0117126554 0.00239012111 0.00778743718
v -0.0119720874 0.00226149987 0.00828220602
v -0.0122357775 0.00209774403 0.00883228146
v -0.0124205109 0.00199096161 0.0092346929
v -0.012330669 0.00184091064 0.00825805217
v -0.012468094 0.00174960343 0.00861399714
v -0.0126788104 0.00163274992 0.00923716836
v -0.0129709803 0.00122178241 0.00968648586
v -0.0130852293 0.00102776068 0.0102526955
v -0.0131888213 0.000845695031 0.00969729759
v -0.0132442974 0.000689591398 0.0100467606
v -0.0083144065 0.0039998265 0.00770253036
v -0.00840472057 0.0041812188 0.00809179153
v -0.00887710415 0.00384539599 0.00761488732
v -0.00915440731 0.00392098073 0.00790913776
v -0.00979729835 0.00375609752 0.00802252069
v -0.0100780055 0.00375683373 0.00842115004
v -0.0105408048 0.00338739576 0.00785516016
v -0.0105882147 0.00346989534 0.00841034856
v -0.0109240822 0.00331091462 0.00893768109
v -0.0111227911 0.00320713641 0.0092149619
v -0.0109199509 0.00321598584 0.00781176798
v -0.0110786343 0.00312216324 0.00811548438
v -0.0114000719 0.00290113711 0.00867504627
v -0.0115010068 0.00290288078 0.00928721298
v -0.0118136974 0.00270700315 0.00970232021
v -0.0117702074 0.00257168245 0.00869702268
v -0.0119444802 0.00246435776 0.00906641968
v -0.0122141652 0.00229340373 0.00966191292
v -0.0124203889 0.00208313926 0.0102095781
v -0.0126188165 0.00187105674 0.0107726241
v -0.0125843044 0.00188393285 0.00962661672
v -0.0126700597 0.00173263624 0.00998836849
v -0.0128240818 0.00152659952 0.0105589004
v -0.00850082561 0.00434742263 0.00852766447
v -0.00859338045 0.00437674858 0.00905299746
v -0.00866977498 0.00434814626 0.00952924043
v -0.0092195468 0.00415289961 0.00843189936
v -0.00929359067 0.00415937742 0.00886587799
v -0.00943729095 0.00411244016 0.00953498855
v -0.00974912569 0.00400040532 0.00982235465
v -0.00960099697 0.00401795423 0.00839155354
v -0.00992549211 0.00386528252 0.0086947754
v -0.0100811431 0.00381447375 0.00929982215
v -0.0102524469 0.00376531482 0.00990920793
v -0.0105858315 0.00362329721 0.0101984385
v -0.0103811575 0.00362721132 0.00878752954
v -0.0105965408 0.00351856672 0.00908518024
v -0.0109084202 0.00337323686 0.00960764382
v -0.0110063497 0.00337371719 0.010298728
v -0.0113305701 0.00319026178 0.0106453774
v -0.0113391522 0.00308459462 0.00959329307
v -0.0116301309 0.00290074851 0.0100548621
v -0.0116765248 0.00287126144 0.0106896292
v -0.0119935432 0.00260363403 0.0112444405
v -0.0120061366 0.00258846488 0.0100851087
v -0.012128138 0.00244556228 0.0104414318
v -0.0123284003 0.00224153558 0.0110088689
v -0.00872517005 0.00433579739 0.00986779667
v -0.00881579239 0.00433100667 0.0104092127
v -0.00895380788 0.00425010407 0.011095508
v -0.00925294217 0.00413887482 0.0113225393
v -0.00926710386 0.00418089703 0.00982812047
v -0.00953991991 0.00409268588 0.0101597039
v -0.0096196793 0.00405774312 0.0108822035
v -0.00968427397 0.00400409708 0.0113086784
v -0.0101053221 0.00385272922 0.0101736607
v -0.0103596784 0.00374036189 0.0105654197
v -0.0104039637 0.00371549395 0.0113313934
v -0.0106914658 0.00357510522 0.0116692828
v -0.0108492775 0.00348476553 0.0105634117
v -0.0111151915 0.00331472489 0.0109919803
v -0.0111649847 0.00328738941 0.0117010083
v -0.0114779463 0.00303843897 0.0110134557
v -0.0116831148 0.00288634142 0.011432847
v -0.00876702834 0.00423976779 0.011369491
v -0.00903113652 0.00415690383 0.0116294501
v -0.00910000037 0.00404569367 0.0123254266
v -0.00973390974 0.00396649353 0.0116334688
v -0.00981263444 0.0038828121 0.012168006
v -0.0102084717 0.00379534345 0.0116371857
v -0.0105016585 0.0036476946 0.0119656371
v -0.0109776026 0.00342491549 0.0120255807
v -0.0109048663 -0.000923196436 0.0100494931
v -0.0110977478 -0.00124154997 0.0105529074
v -0.0113851456 -0.00160389917 0.0110436026
v -0.0114744669 -0.00199221866 0.0111762071
v -0.0119388625 -0.00165029324 0.0111834221
v -0.0118796816 -0.00202412438 0.0111342166
v -0.0126587441 -0.00178099971 0.0110430168
v -0.0125985704 -0.00214869948 0.0109829763
v -0.0135447429 -0.00130584312 0.00955178682
v -0.013582794 -0.00157981226 0.0101339659
v -0.0132782571 -0.00188776117 0.0107092177
v -0.0130081968 -0.0022366154 0.0108775822
v -0.0108049177 -0.000114495517 0.0105162915
v -0.0109368553 -0.000152135734 0.0108535206
v -0.0108815078 -0.000441438402 0.0103242612
v -0.011099007 -0.000533025945 0.010895622
v -0.0114860842 -0.000880576903 0.0112478603
v -0.0120410193 -0.00102871878 0.0112875178
v -0.0127667524 -0.00111862866 0.0111488849
v -0.0135521367 -0.000650505419 0.00996144023
v -0.0136180948 -0.0009515821 0.0104862526
v -0.0133749396 -0.00112880999 0.010913142
v -0.0102305962 0.00079457392 0.0108381109
v -0.0105424663 0.000423128717 0.0108376844
v -0.0108996397 0.000132450252 0.0111542325
v -0.0114261229 -5.37079759e-05 0.0113813626
v -0.0116440393 -0.000367827713 0.0114305131
v -0.0122091435 -1.35115115e-05 0.0114650847
v -0.0121490685 -0.000381814665 0.0114061106
v -0.012924524 -0.000135409995 0.0112908687
v -0.0128657557 -0.00051178725 0.0112461634
v -0.0134813115 -7.82997813e-06 0.0103316186
v -0.0134621374 -0.00029839715 0.0108996974
v -0.0133367693 -0.000641464838 0.0110929776
v -0.00863277633 0.0016899755 0.0114560341
v -0.0093543157 0.00145379663 0.0114106201
v -0.0100044133 0.00105657673 0.0113045601
v -0.0102361972 0.00104299735 0.011699331
v -0.0104454048 0.000698159216 0.0112313703
v -0.0107823974 0.000711196451 0.0116082765
v -0.0115563059 0.000529958052 0.0116699012
v -0.0122832227 0.000432732631 0.0115441959
v -0.0132839223 0.000843888614 0.0108316829
v -0.0130757624 0.000469510793 0.0112826852
v -0.0133818705 0.000514037907 0.0106360512
v -0.0134222684 0.000302469474 0.0110293217
v -0.00870197173 0.00173815794 0.0118275816
v -0.00879770983 0.00188602309 0.012276086
v -0.00941995066 0.00148636405 0.011773658
v -0.00950497296 0.00170046906 0.012105111
v -0.00977445394 0.00130201818 0.011761982
v -0.01013094 0.00144524733 0.0119565958
v -0.0109533267 0.00134037458 0.0119549334
v -0.0116797239 0.00124636956 0.0118235359
v -0.012755475 0.00175696868 0.0111436769
v -0.0124042304 0.0011640439 0.0116715012
v -0.0129885785 0.00138024078 0.0111506321
v -0.0129570551 0.00114057853 0.0114832893
v -0.00894018821 0.00260641705 0.0125395684
v -0.00887923129 0.00224356819 0.0124709588
v -0.00966397673 0.00249750889 0.0124047343
v -0.00960341375 0.00213222136 0.0123404292
v -0.0103862984 0.00238426356 0.0122647006
v -0.0103261052 0.00201668637 0.012204444
v -0.0111071793 0.00227380428 0.0121138748
v -0.0110479621 0.00190019677 0.0120642744
v -0.0118759228 0.00226350408 0.0117965061
v -0.0117671033 0.00177635963 0.0119139235
v -0.0125343865 0.00189028156 0.0114808502
v -0.0124793369 0.00162742112 0.0117428759
v -0.0128493439 0.00159831776 0.0115127889
v -0.0128601938 0.00153125229 0.0116312997
v -0.0090180384 0.0030733496 0.0126243429
v -0.00974417478 0.00298095425 0.0124901002
v -0.0104679344 0.00290324306 0.0123299118
v -0.0111781796 0.00289847236 0.0120932953
v -0.0117228692 0.00266335439 0.0118247513
v -0.00911035854 0.00370600447 0.0126611395
v -0.00983122457 0.00358544406 0.0125183789
v -0.010541765 0.00344260782 0.0123323603
v -0.01099071 0.00334389647 0.0121687474
v -0.0135455523 -0.000894556637 0.00861851498
v -0.0135748535 -0.00112974516 0.00898692384
v -0.0135499388 -0.00143573445 0.00921774656
f 5 2 1
f 5 1 4
f 6 3 2
f 6 2 5
f 8 7 3
f 8 3 6
f 14 13 10
f 14 10 11
f 15 14 11
f 15 11 12
f 17 16 13
f 17 13 14
f 18 17 14
f 18 14 15
f 27 26 1
f 27 1 2
f 28 27 2
f 28 2 3
f 31 30 25
f 31 25 26
f 32 31 26
f 32 26 27
f 32 11 10
f 32 10 31
f 33 32 27
f 33 27 28
f 33 12 11
f 33 11 32
f 35 34 29
f 35 29 30
f 36 35 30
f 36 30 31
f 13 36 31
f 13 31 10
f 38 37 35
f 38 35 36
f 16 38 36
f 16 36 13
f 17 39 38
f 17 38 16
f 18 40 39
f 18 39 17
f 42 20 19
f 42 19 41
f 43 21 20
f 43 20 42
f 44 22 21
f 44 21 43
f 45 23 22
f 45 22 44
f 46 24 23
f 46 23 45
f 48 26 25
f 48 25 47
f 26 48 4
f 26 4 1
f 48 49 5
f 48 5 4
f 49 50 6
f 49 6 5
f 52 30 29
f 52 29 51
f 30 52 47
f 30 47 25
f 34 53 51
f 34 51 29
f 53 54 52
f 53 52 51
f 35 54 53
f 35 53 34
f 37 55 54
f 37 54 35
f 38 56 55
f 38 55 37
f 39 57 56
f 39 56 38
f 40 58 57
f 40 57 39
f 61 42 41
f 61 41 60
f 62 43 42
f 62 42 61
f 63 44 43
f 63 43 62
f 64 45 44
f 64 44 63
f 65 46 45
f 65 45 64
f 67 48 47
f 67 47 66
f 68 49 48
f 68 48 67
f 69 50 49
f 69 49 68
f 52 70 66
f 52 66 47
f 70 71 67
f 70 67 66
f 54 72 70
f 54 70 52
f 72 73 71
f 72 71 70
f 55 75 72
f 55 72 54
f 75 76 73
f 75 73 72
f 56 76 75
f 56 75 55
f 76 77 74
f 76 74 73
f 57 77 76
f 57 76 56
f 58 78 77
f 58 77 57
f 59 79 78
f 59 78 58
f 81 62 61
f 81 61 80
f 82 63 62
f 82 62 81
f 83 64 63
f 83 63 82
f 84 65 64
f 84 64 83
f 86 68 67
f 86 67 85
f 87 69 68
f 87 68 86
f 71 88 85
f 71 85 67
f 88 89 86
f 88 86 85
f 89 90 87
f 89 87 86
f 73 91 88
f 73 88 71
f 91 92 89
f 91 89 88
f 74 92 91
f 74 91 73
f 92 93 90
f 92 90 89
f 77 94 92
f 77 92 74
f 94 95 93
f 94 93 92
f 78 95 94
f 78 94 77
f 104 103 99
f 104 99 100
f 105 104 100
f 105 100 101
f 106 105 101
f 106 101 102
f 108 15 12
f 108 12 103
f 109 108 103
f 109 103 104
f 110 109 104
f 110 104 105
f 111 110 105
f 111 105 106
f 112 111 106
f 112 106 107
f 113 18 15
f 113 15 108
f 114 113 108
f 114 108 109
f 115 114 109
f 115 109 110
f 116 115 110
f 116 110 111
f 117 116 111
f 117 111 112
f 118 96 9
f 118 9 24
f 119 97 96
f 119 96 118
f 120 98 97
f 120 97 119
f 125 28 3
f 125 3 7
f 126 100 99
f 126 99 125
f 127 101 100
f 127 100 126
f 128 102 101
f 128 101 127
f 132 33 28
f 132 28 125
f 132 103 12
f 132 12 33
f 103 132 125
f 103 125 99
f 133 106 102
f 133 102 128
f 134 133 128
f 134 128 129
f 134 107 106
f 134 106 133
f 136 135 130
f 136 130 131
f 138 112 107
f 138 107 134
f 139 138 134
f 139 134 135
f 140 139 135
f 140 135 136
f 141 140 136
f 141 136 137
f 113 142 40
f 113 40 18
f 114 143 142
f 114 142 113
f 115 144 143
f 115 143 114
f 116 145 144
f 116 144 115
f 117 146 145
f 117 145 116
f 146 117 112
f 146 112 138
f 147 146 138
f 147 138 139
f 148 147 139
f 148 139 140
f 149 148 140
f 149 140 141
f 151 150 142
f 151 142 143
f 152 151 143
f 152 143 144
f 153 152 144
f 153 144 145
f 155 154 147
f 155 147 148
f 156 155 148
f 156 148 149
f 157 118 24
f 157 24 46
f 158 119 118
f 158 118 157
f 159 120 119
f 159 119 158
f 160 121 120
f 160 120 159
f 161 122 121
f 161 121 160
f 162 123 122
f 162 122 161
f 163 124 123
f 163 123 162
f 50 165 8
f 50 8 6
f 165 125 7
f 165 7 8
f 166 126 125
f 166 125 165
f 167 127 126
f 167 126 166
f 168 128 127
f 168 127 167
f 169 129 128
f 169 128 168
f 171 131 130
f 171 130 170
f 173 134 129
f 173 129 169
f 174 173 169
f 174 169 170
f 174 135 134
f 174 134 173
f 135 174 170
f 135 170 130
f 175 136 131
f 175 131 171
f 176 175 171
f 176 171 172
f 176 137 136
f 176 136 175
f 142 177 58
f 142 58 40
f 146 179 178
f 146 178 145
f 147 180 179
f 147 179 146
f 181 59 58
f 181 58 177
f 150 181 177
f 150 177 142
f 151 182 181
f 151 181 150
f 152 183 182
f 152 182 151
f 153 184 183
f 153 183 152
f 184 153 145
f 184 145 178
f 185 184 178
f 185 178 179
f 186 185 179
f 186 179 180
f 154 186 180
f 154 180 147
f 155 187 186
f 155 186 154
f 156 188 187
f 156 187 155
f 189 157 46
f 189 46 65
f 190 158 157
f 190 157 189
f 191 159 158
f 191 158 190
f 192 160 159
f 192 159 191
f 193 161 160
f 193 160 192
f 194 162 161
f 194 161 193
f 195 163 162
f 195 162 194
f 196 164 163
f 196 163 195
f 197 165 50
f 197 50 69
f 198 166 165
f 198 165 197
f 199 167 166
f 199 166 198
f 200 168 167
f 200 167 199
f 201 169 168
f 201 168 200
f 202 170 169
f 202 169 201
f 203 171 170
f 203 170 202
f 204 172 171
f 204 171 203
f 79 209 205
f 79 205 78
f 181 209 79
f 181 79 59
f 209 210 206
f 209 206 205
f 182 210 209
f 182 209 181
f 210 211 207
f 210 207 206
f 183 211 210
f 183 210 182
f 211 212 208
f 211 208 207
f 184 212 211
f 184 211 183
f 185 213 212
f 185 212 184
f 186 214 213
f 186 213 185
f 187 215 214
f 187 214 186
f 188 216 215
f 188 215 187
f 218 217 215
f 218 215 216
f 219 189 65
f 219 65 84
f 220 190 189
f 220 189 219
f 221 191 190
f 221 190 220
f 222 192 191
f 222 191 221
f 223 193 192
f 223 192 222
f 224 194 193
f 224 193 223
f 225 195 194
f 225 194 224
f 226 196 195
f 226 195 225
f 227 197 69
f 227 69 87
f 228 198 197
f 228 197 227
f 229 199 198
f 229 198 228
f 230 200 199
f 230 199 229
f 231 201 200
f 231 200 230
f 232 202 201
f 232 201 231
f 233 203 202
f 233 202 232
f 234 204 203
f 234 203 233
f 90 235 227
f 90 227 87
f 235 236 228
f 235 228 227
f 236 237 229
f 236 229 228
f 237 238 230
f 237 230 229
f 238 239 231
f 238 231 230
f 239 240 232
f 239 232 231
f 240 241 233
f 240 233 232
f 93 243 235
f 93 235 90
f 243 244 236
f 243 236 235
f 244 245 237
f 244 237 236
f 245 246 238
f 245 238 237
f 246 247 239
f 246 239 238
f 95 248 243
f 95 243 93
f 205 248 95
f 205 95 78
f 248 249 244
f 248 244 243
f 206 249 248
f 206 248 205
f 249 250 245
f 249 245 244
f 207 250 249
f 207 249 206
f 250 251 246
f 250 246 245
f 208 251 250
f 208 250 207
f 212 253 251
f 212 251 208
f 253 254 252
f 253 252 251
f 213 254 253
f 213 253 212
f 214 255 254
f 214 254 213
f 215 256 255
f 215 255 214
f 217 257 256
f 217 256 215
f 218 258 257
f 218 257 217
f 260 223 222
f 260 222 259
f 261 224 223
f 261 223 260
f 262 225 224
f 262 224 261
f 263 226 225
f 263 225 262
f 265 234 233
f 265 233 264
f 267 240 239
f 267 239 266
f 268 241 240
f 268 240 267
f 241 268 264
f 241 264 233
f 268 269 265
f 268 265 264
f 269 242 234
f 269 234 265
f 271 247 246
f 271 246 270
f 247 271 266
f 247 266 239
f 271 272 267
f 271 267 266
f 272 273 268
f 272 268 267
f 273 274 269
f 273 269 268
f 251 275 270
f 251 270 246
f 275 276 271
f 275 271 270
f 252 276 275
f 252 275 251
f 276 277 272
f 276 272 271
f 277 278 273
f 277 273 272
f 254 280 276
f 254 276 252
f 280 281 277
f 280 277 276
f 255 281 280
f 255 280 254
f 281 282 278
f 281 278 277
f 256 282 281
f 256 281 255
f 282 283 279
f 282 279 278
f 257 284 282
f 257 282 256
f 284 285 283
f 284 283 282
f 258 285 284
f 258 284 257
f 287 262 261
f 287 261 286
f 291 274 273
f 291 273 290
f 274 291 289
f 274 289 269
f 278 292 290
f 278 290 273
f 292 293 291
f 292 291 290
f 279 293 292
f 279 292 278
f 283 294 293
f 283 293 279
f 285 295 294
f 285 294 283
f 297 141 137
f 297 137 296
f 298 149 141
f 298 141 297
f 299 156 149
f 299 149 298
f 302 176 172
f 302 172 301
f 302 296 137
f 302 137 176
f 304 297 296
f 304 296 302
f 305 304 302
f 305 302 303
f 307 298 297
f 307 297 304
f 308 307 304
f 308 304 305
f 309 308 305
f 309 305 306
f 299 310 188
f 299 188 156
f 310 299 298
f 310 298 307
f 311 310 307
f 311 307 308
f 312 300 164
f 312 164 196
f 315 301 172
f 315 172 204
f 317 302 301
f 317 301 315
f 318 317 315
f 318 315 316
f 318 303 302
f 318 302 317
f 321 305 303
f 321 303 318
f 322 321 318
f 322 318 319
f 322 306 305
f 322 305 321
f 323 322 319
f 323 319 320
f 309 326 325
f 309 325 308
f 326 309 306
f 326 306 322
f 327 326 322
f 327 322 323
f 328 327 323
f 328 323 324
f 310 330 216
f 310 216 188
f 311 331 330
f 311 330 310
f 331 311 308
f 331 308 325
f 332 331 325
f 332 325 326
f 333 332 326
f 333 326 327
f 334 333 327
f 334 327 328
f 335 334 328
f 335 328 329
f 336 218 216
f 336 216 330
f 338 337 332
f 338 332 333
f 339 338 333
f 339 333 334
f 340 339 334
f 340 334 335
f 343 312 196
f 343 196 226
f 346 345 341
f 346 341 342
f 346 314 313
f 346 313 345
f 349 315 204
f 349 204 234
f 350 316 315
f 350 315 349
f 242 351 349
f 242 349 234
f 351 352 350
f 351 350 349
f 352 318 316
f 352 316 350
f 353 319 318
f 353 318 352
f 354 320 319
f 354 319 353
f 357 323 320
f 357 320 354
f 358 357 354
f 358 354 355
f 358 324 323
f 358 323 357
f 359 358 355
f 359 355 356
f 361 328 324
f 361 324 358
f 362 361 358
f 362 358 359
f 362 329 328
f 362 328 361
f 363 362 359
f 363 359 360
f 331 365 364
f 331 364 330
f 332 366 365
f 332 365 331
f 367 335 329
f 367 329 362
f 368 367 362
f 368 362 363
f 336 369 258
f 336 258 218
f 369 336 330
f 369 330 364
f 370 369 364
f 370 364 365
f 371 370 365
f 371 365 366
f 337 371 366
f 337 366 332
f 338 372 371
f 338 371 337
f 339 373 372
f 339 372 338
f 340 374 373
f 340 373 339
f 374 340 335
f 374 335 367
f 375 374 367
f 375 367 368
f 378 377 371
f 378 371 372
f 378 342 341
f 378 341 377
f 379 378 372
f 379 372 373
f 380 379 373
f 380 373 374
f 381 343 226
f 381 226 263
f 383 382 376
f 383 376 377
f 383 345 344
f 383 344 382
f 345 383 377
f 345 377 341
f 384 346 342
f 384 342 378
f 385 384 378
f 385 378 379
f 385 347 346
f 385 346 384
f 386 348 347
f 386 347 385
f 388 351 242
f 388 242 269
f 389 352 351
f 389 351 388
f 390 353 352
f 390 352 389
f 391 354 353
f 391 353 390
f 392 355 354
f 392 354 391
f 393 356 355
f 393 355 392
f 395 359 356
f 395 356 393
f 396 395 393
f 396 393 394
f 396 360 359
f 396 359 395
f 398 363 360
f 398 360 396
f 399 398 396
f 399 396 397
f 400 368 363
f 400 363 398
f 401 400 398
f 401 398 399
f 369 402 285
f 369 285 258
f 370 403 402
f 370 402 369
f 371 404 403
f 371 403 370
f 375 406 405
f 375 405 374
f 406 375 368
f 406 368 400
f 407 406 400
f 407 400 401
f 409 408 402
f 409 402 403
f 410 409 403
f 410 403 404
f 410 377 376
f 410 376 409
f 377 410 404
f 377 404 371
f 380 412 411
f 380 411 379
f 412 380 374
f 412 374 405
f 413 412 405
f 413 405 406
f 414 381 263
f 414 263 288
f 415 382 381
f 415 381 414
f 382 415 409
f 382 409 376
f 416 385 379
f 416 379 411
f 417 416 411
f 417 411 412
f 417 386 385
f 417 385 416
f 418 387 386
f 418 386 417
f 419 388 269
f 419 269 289
f 420 389 388
f 420 388 419
f 421 390 389
f 421 389 420
f 422 391 390
f 422 390 421
f 423 392 391
f 423 391 422
f 424 393 392
f 424 392 423
f 425 394 393
f 425 393 424
f 291 426 419
f 291 419 289
f 426 427 420
f 426 420 419
f 428 429 424
f 428 424 423
f 429 430 425
f 429 425 424
f 430 396 394
f 430 394 425
f 431 397 396
f 431 396 430
f 293 432 426
f 293 426 291
f 433 399 397
f 433 397 431
f 294 434 432
f 294 432 293
f 435 401 399
f 435 399 433
f 295 436 434
f 295 434 294
f 402 436 295
f 402 295 285
f 407 439 438
f 407 438 406
f 439 407 401
f 439 401 435
f 408 440 436
f 408 436 402
f 440 441 437
f 440 437 436
f 409 441 440
f 409 440 408
f 413 444 443
f 413 443 412
f 444 413 406
f 444 406 438
f 445 444 438
f 445 438 439
f 447 415 414
f 447 414 446
f 415 447 441
f 415 441 409
f 447 448 442
f 447 442 441
f 449 417 412
f 449 412 443
f 450 449 443
f 450 443 444
f 450 418 417
f 450 417 449
f 456 453 452
f 456 452 455
f 457 454 453
f 457 453 456
f 463 462 458
f 463 458 459
f 464 463 459
f 464 459 460
f 465 464 460
f 465 460 461
f 469 468 462
f 469 462 463
f 470 469 463
f 470 463 464
f 471 470 464
f 471 464 465
f 472 471 465
f 472 465 466
f 473 472 466
f 473 466 467
f 475 474 469
f 475 469 470
f 476 475 470
f 476 470 471
f 477 476 471
f 477 471 472
f 478 477 472
f 478 472 473
f 480 479 475
f 480 475 476
f 481 480 476
f 481 476 477
f 482 481 477
f 482 477 478
f 484 483 452
f 484 452 453
f 484 459 458
f 484 458 483
f 485 484 453
f 485 453 454
f 485 460 459
f 485 459 484
f 486 461 460
f 486 460 485
f 462 489 483
f 462 483 458
f 490 465 461
f 490 461 486
f 491 490 486
f 491 486 487
f 491 466 465
f 491 465 490
f 492 491 487
f 492 487 488
f 492 467 466
f 492 466 491
f 468 493 489
f 468 489 462
f 469 494 493
f 469 493 468
f 495 473 467
f 495 467 492
f 474 496 494
f 474 494 469
f 475 497 496
f 475 496 474
f 479 499 497
f 479 497 475
f 480 500 499
f 480 499 479
f 481 501 500
f 481 500 480
f 482 502 501
f 482 501 481
f 502 482 478
f 502 478 498
f 504 503 500
f 504 500 501
f 505 504 501
f 505 501 502
f 483 506 455
f 483 455 452
f 506 507 456
f 506 456 455
f 507 508 457
f 507 457 456
f 508 485 454
f 508 454 457
f 509 486 485
f 509 485 508
f 510 487 486
f 510 486 509
f 511 488 487
f 511 487 510
f 489 512 506
f 489 506 483
f 513 492 488
f 513 488 511
f 493 514 512
f 493 512 489
f 494 515 514
f 494 514 493
f 496 516 515
f 496 515 494
f 497 517 516
f 497 516 496
f 499 518 517
f 499 517 497
f 500 519 518
f 500 518 499
f 503 520 519
f 503 519 500
f 504 521 520
f 504 520 503
f 505 522 521
f 505 521 504
f 525 421 420
f 525 420 524
f 526 422 421
f 526 421 525
f 527 423 422
f 527 422 526
f 529 427 426
f 529 426 528
f 427 529 524
f 427 524 420
f 529 530 525
f 529 525 524
f 530 531 526
f 530 526 525
f 531 532 527
f 531 527 526
f 532 428 423
f 532 423 527
f 533 429 428
f 533 428 532
f 534 430 429
f 534 429 533
f 535 431 430
f 535 430 534
f 432 536 528
f 432 528 426
f 536 537 529
f 536 529 528
f 538 433 431
f 538 431 535
f 434 539 536
f 434 536 432
f 539 540 537
f 539 537 536
f 436 541 539
f 436 539 434
f 541 542 540
f 541 540 539
f 437 542 541
f 437 541 436
f 441 544 542
f 441 542 437
f 544 545 543
f 544 543 542
f 442 545 544
f 442 544 441
f 445 548 547
f 445 547 444
f 550 448 447
f 550 447 549
f 448 550 545
f 448 545 442
f 550 551 546
f 550 546 545
f 552 450 444
f 552 444 547
f 553 552 547
f 553 547 548
f 553 451 450
f 553 450 552
f 555 530 529
f 555 529 554
f 556 531 530
f 556 530 555
f 557 532 531
f 557 531 556
f 558 533 532
f 558 532 557
f 559 534 533
f 559 533 558
f 560 535 534
f 560 534 559
f 537 561 554
f 537 554 529
f 561 562 555
f 561 555 554
f 562 563 556
f 562 556 555
f 564 538 535
f 564 535 560
f 540 565 561
f 540 561 537
f 565 566 562
f 565 562 561
f 542 567 565
f 542 565 540
f 567 568 566
f 567 566 565
f 543 568 567
f 543 567 542
f 545 570 568
f 545 568 543
f 570 571 569
f 570 569 568
f 546 571 570
f 546 570 545
f 573 551 550
f 573 550 572
f 551 573 571
f 551 571 546
f 576 557 556
f 576 556 575
f 577 558 557
f 577 557 576
f 578 559 558
f 578 558 577
f 579 560 559
f 579 559 578
f 581 563 562
f 581 562 580
f 563 581 575
f 563 575 556
f 581 582 576
f 581 576 575
f 582 583 577
f 582 577 576
f 583 584 578
f 583 578 577
f 566 585 580
f 566 580 562
f 585 586 581
f 585 581 580
f 568 588 585
f 568 585 566
f 588 589 586
f 588 586 585
f 569 589 588
f 569 588 568
f 589 590 587
f 589 587 586
f 571 591 589
f 571 589 569
f 591 592 590
f 591 590 589
f 573 593 591
f 573 591 571
f 593 594 592
f 593 592 591
f 574 594 593
f 574 593 573
f 597 579 578
f 597 578 596
f 599 582 581
f 599 581 598
f 600 583 582
f 600 582 599
f 601 600 595
f 601 595 596
f 601 584 583
f 601 583 600
f 584 601 596
f 584 596 578
f 586 602 598
f 586 598 581
f 602 603 599
f 602 599 598
f 587 603 602
f 587 602 586
f 590 604 603
f 590 603 587
f 592 605 604
f 592 604 590
f 594 606 605
f 594 605 592
f 608 596 595
f 608 595 607
f 609 597 596
f 609 596 608
f 611 600 599
f 611 599 610
f 600 611 607
f 600 607 595
f 611 612 608
f 611 608 607
f 603 613 610
f 603 610 599
f 613 614 611
f 613 611 610
f 604 615 613
f 604 613 603
f 605 616 615
f 605 615 604
f 606 617 616
f 606 616 605
f 619 609 608
f 619 608 618
f 621 612 611
f 621 611 620
f 612 621 618
f 612 618 608
f 621 622 619
f 621 619 618
f 624 614 613
f 624 613 623
f 614 624 620
f 614 620 611
f 615 625 623
f 615 623 613
f 625 626 624
f 625 624 623
f 616 627 625
f 616 625 615
f 617 628 627
f 617 627 616
f 631 621 620
f 631 620 630
f 632 622 621
f 632 621 631
f 622 632 629
f 622 629 619
f 624 633 630
f 624 630 620
f 633 634 631
f 633 631 630
f 636 626 625
f 636 625 635
f 626 636 633
f 626 633 624
f 627 637 635
f 627 635 625
f 637 638 636
f 637 636 635
f 628 639 637
f 628 637 627
f 639 640 638
f 639 638 637
f 642 632 631
f 642 631 641
f 644 634 633
f 644 633 643
f 634 644 641
f 634 641 631
f 644 645 642
f 644 642 641
f 636 646 643
f 636 643 633
f 646 647 644
f 646 644 643
f 638 648 646
f 638 646 636
f 648 649 647
f 648 647 646
f 640 650 648
f 640 648 638
f 654 435 433
f 654 433 653
f 656 439 435
f 656 435 654
f 657 656 654
f 657 654 655
f 659 445 439
f 659 439 656
f 660 659 656
f 660 656 657
f 661 660 657
f 661 657 658
f 664 663 659
f 664 659 660
f 665 664 660
f 665 660 661
f 665 652 651
f 665 651 664
f 666 665 661
f 666 661 662
f 669 478 473
f 669 473 668
f 671 495 492
f 671 492 670
f 671 668 473
f 671 473 495
f 669 673 498
f 669 498 478
f 673 669 668
f 673 668 671
f 674 673 671
f 674 671 672
f 675 502 498
f 675 498 673
f 676 675 673
f 676 673 674
f 677 505 502
f 677 502 675
f 678 677 675
f 678 675 676
f 679 670 492
f 679 492 513
f 681 671 670
f 681 670 679
f 682 681 679
f 682 679 680
f 682 672 671
f 682 671 681
f 683 674 672
f 683 672 682
f 685 676 674
f 685 674 683
f 686 685 683
f 686 683 684
f 677 688 522
f 677 522 505
f 678 689 688
f 678 688 677
f 689 678 676
f 689 676 685
f 690 689 685
f 690 685 686
f 691 690 686
f 691 686 687
f 693 523 522
f 693 522 688
f 694 693 688
f 694 688 689
f 695 694 689
f 695 689 690
f 696 695 690
f 696 690 691
f 697 696 691
f 697 691 692
f 700 699 694
f 700 694 695
f 701 700 695
f 701 695 696
f 702 701 696
f 702 696 697
f 703 702 697
f 703 697 698
f 704 653 433
f 704 433 538
f 706 654 653
f 706 653 704
f 707 706 704
f 707 704 705
f 707 655 654
f 707 654 706
f 710 657 655
f 710 655 707
f 711 710 707
f 711 707 708
f 711 658 657
f 711 657 710
f 712 711 708
f 712 708 709
f 659 714 548
f 659 548 445
f 715 661 658
f 715 658 711
f 716 715 711
f 716 711 712
f 716 662 661
f 716 661 715
f 717 716 712
f 717 712 713
f 719 553 548
f 719 548 714
f 719 663 451
f 719 451 553
f 663 719 714
f 663 714 659
f 720 666 662
f 720 662 716
f 721 720 716
f 721 716 717
f 721 667 666
f 721 666 720
f 722 721 717
f 722 717 718
f 725 564 560
f 725 560 723
f 725 704 538
f 725 538 564
f 726 725 723
f 726 723 724
f 726 705 704
f 726 704 725
f 729 707 705
f 729 705 726
f 730 729 726
f 730 726 727
f 730 708 707
f 730 707 729
f 731 730 727
f 731 727 728
f 731 709 708
f 731 708 730
f 733 712 709
f 733 709 731
f 734 733 731
f 734 731 732
f 734 713 712
f 734 712 733
f 736 717 713
f 736 713 734
f 737 736 734
f 737 734 735
f 737 718 717
f 737 717 736
f 739 722 718
f 739 718 737
f 740 739 737
f 740 737 738
f 741 723 560
f 741 560 579
f 742 724 723
f 742 723 741
f 744 726 724
f 744 724 742
f 745 744 742
f 745 742 743
f 745 727 726
f 745 726 744
f 746 728 727
f 746 727 745
f 748 731 728
f 748 728 746
f 749 748 746
f 749 746 747
f 749 732 731
f 749 731 748
f 751 734 732
f 751 732 749
f 752 751 749
f 752 749 750
f 752 735 734
f 752 734 751
f 754 737 735
f 754 735 752
f 755 754 752
f 755 752 753
f 755 738 737
f 755 737 754
f 757 740 738
f 757 738 755
f 758 757 755
f 758 755 756
f 759 741 579
f 759 579 597
f 760 742 741
f 760 741 759
f 761 743 742
f 761 742 760
f 763 745 743
f 763 743 761
f 764 763 761
f 764 761 762
f 764 746 745
f 764 745 763
f 765 747 746
f 765 746 764
f 767 749 747
f 767 747 765
f 768 767 765
f 768 765 766
f 768 750 749
f 768 749 767
f 770 752 750
f 770 750 768
f 771 770 768
f 771 768 769
f 771 753 752
f 771 752 770
f 773 755 753
f 773 753 771
f 774 773 771
f 774 771 772
f 774 756 755
f 774 755 773
f 775 758 756
f 775 756 774
f 776 759 597
f 776 597 609
f 777 760 759
f 777 759 776
f 778 761 760
f 778 760 777
f 779 762 761
f 779 761 778
f 781 764 762
f 781 762 779
f 782 781 779
f 782 779 780
f 782 765 764
f 782 764 781
f 783 766 765
f 783 765 782
f 784 768 766
f 784 766 783
f 785 769 768
f 785 768 784
f 787 771 769
f 787 769 785
f 788 787 785
f 788 785 786
f 788 772 771
f 788 771 787
f 789 774 772
f 789 772 788
f 790 776 609
f 790 609 619
f 791 777 776
f 791 776 790
f 792 778 777
f 792 777 791
f 793 779 778
f 793 778 792
f 794 780 779
f 794 779 793
f 795 782 780
f 795 780 794
f 796 783 782
f 796 782 795
f 798 784 783
f 798 783 796
f 799 798 796
f 799 796 797
f 799 785 784
f 799 784 798
f 800 786 785
f 800 785 799
f 801 788 786
f 801 786 800
f 802 790 619
f 802 619 629
f 803 791 790
f 803 790 802
f 804 792 791
f 804 791 803
f 805 793 792
f 805 792 804
f 806 794 793
f 806 793 805
f 632 808 802
f 632 802 629
f 809 795 794
f 809 794 806
f 810 809 806
f 810 806 807
f 810 796 795
f 810 795 809
f 811 797 796
f 811 796 810
f 813 799 797
f 813 797 811
f 814 813 811
f 814 811 812
f 814 800 799
f 814 799 813
f 815 801 800
f 815 800 814
f 817 816 700
f 817 700 701
f 818 817 701
f 818 701 702
f 819 818 702
f 819 702 703
f 823 822 817
f 823 817 818
f 825 824 819
f 825 819 820
f 826 825 820
f 826 820 821
f 828 803 802
f 828 802 827
f 829 804 803
f 829 803 828
f 830 805 804
f 830 804 829
f 831 806 805
f 831 805 830
f 832 807 806
f 832 806 831
f 834 833 825
f 834 825 826
f 835 808 632
f 835 632 642
f 808 835 827
f 808 827 802
f 835 836 828
f 835 828 827
f 837 810 807
f 837 807 832
f 838 837 832
f 838 832 833
f 838 811 810
f 838 810 837
f 839 838 833
f 839 833 834
f 839 812 811
f 839 811 838
f 841 775 774
f 841 774 840
f 843 789 788
f 843 788 842
f 843 840 774
f 843 774 789
f 844 841 840
f 844 840 843
f 846 842 788
f 846 788 801
f 847 843 842
f 847 842 846
f 849 844 843
f 849 843 847
f 850 849 847
f 850 847 848
f 850 845 844
f 850 844 849
f 853 814 812
f 853 812 852
f 855 815 814
f 855 814 853
f 855 846 801
f 855 801 815
f 856 855 853
f 856 853 854
f 857 847 846
f 857 846 855
f 858 857 855
f 858 855 856
f 858 848 847
f 858 847 857
f 860 850 848
f 860 848 858
f 861 860 858
f 861 858 859
f 861 851 850
f 861 850 860
f 864 839 834
f 864 834 863
f 864 852 812
f 864 812 839
f 866 853 852
f 866 852 864
f 867 866 864
f 867 864 865
f 867 854 853
f 867 853 866
f 869 856 854
f 869 854 867
f 870 869 867
f 870 867 868
f 871 858 856
f 871 856 869
f 872 871 869
f 872 869 870
f 872 859 858
f 872 858 871
f 874 861 859
f 874 859 872
f 875 874 872
f 875 872 873
f 875 862 861
f 875 861 874
f 879 878 876
f 879 876 877
f 881 880 878
f 881 878 879
f 886 885 19
f 886 19 20
f 887 886 20
f 887 20 21
f 888 887 21
f 888 21 22
f 889 888 22
f 889 22 23
f 890 889 23
f 890 23 24
f 890 877 876
f 890 876 889
f 877 890 24
f 877 24 9
f 892 891 885
f 892 885 886
f 893 892 886
f 893 886 887
f 894 893 887
f 894 887 888
f 895 894 888
f 895 888 889
f 878 895 889
f 878 889 876
f 897 896 891
f 897 891 892
f 898 897 892
f 898 892 893
f 899 898 893
f 899 893 894
f 900 899 894
f 900 894 895
f 880 900 895
f 880 895 878
f 881 901 900
f 881 900 880
f 903 902 899
f 903 899 900
f 904 903 900
f 904 900 901
f 911 910 905
f 911 905 906
f 912 911 906
f 912 906 907
f 913 912 907
f 913 907 908
f 915 914 909
f 915 909 910
f 916 915 910
f 916 910 911
f 917 916 911
f 917 911 912
f 918 917 912
f 918 912 913
f 883 918 913
f 883 913 882
f 920 919 914
f 920 914 915
f 921 920 915
f 921 915 916
f 922 921 916
f 922 916 917
f 923 922 917
f 923 917 918
f 884 923 918
f 884 918 883
f 885 924 41
f 885 41 19
f 891 925 924
f 891 924 885
f 896 926 925
f 896 925 891
f 897 927 926
f 897 926 896
f 898 928 927
f 898 927 897
f 899 929 928
f 899 928 898
f 931 930 928
f 931 928 929
f 902 931 929
f 902 929 899
f 903 932 931
f 903 931 902
f 904 933 932
f 904 932 903
f 935 906 905
f 935 905 934
f 936 907 906
f 936 906 935
f 937 908 907
f 937 907 936
f 908 937 933
f 908 933 904
f 939 910 909
f 939 909 938
f 910 939 934
f 910 934 905
f 914 940 938
f 914 938 909
f 919 941 940
f 919 940 914
f 920 942 941
f 920 941 919
f 921 943 942
f 921 942 920
f 922 944 943
f 922 943 921
f 923 945 944
f 923 944 922
f 924 946 60
f 924 60 41
f 946 947 61
f 946 61 60
f 925 948 946
f 925 946 924
f 948 949 947
f 948 947 946
f 926 950 948
f 926 948 925
f 950 951 949
f 950 949 948
f 927 951 950
f 927 950 926
f 928 952 951
f 928 951 927
f 930 956 952
f 930 952 928
f 956 957 953
f 956 953 952
f 931 957 956
f 931 956 930
f 957 958 954
f 957 954 953
f 932 958 957
f 932 957 931
f 958 959 955
f 958 955 954
f 933 959 958
f 933 958 932
f 961 935 934
f 961 934 960
f 962 936 935
f 962 935 961
f 963 937 936
f 963 936 962
f 937 963 959
f 937 959 933
f 965 939 938
f 965 938 964
f 939 965 960
f 939 960 934
f 965 966 961
f 965 961 960
f 966 967 962
f 966 962 961
f 967 968 963
f 967 963 962
f 940 969 964
f 940 964 938
f 969 970 965
f 969 965 964
f 941 972 969
f 941 969 940
f 972 973 970
f 972 970 969
f 942 973 972
f 942 972 941
f 973 974 971
f 973 971 970
f 943 974 973
f 943 973 942
f 944 975 974
f 944 974 943
f 945 976 975
f 945 975 944
f 947 977 80
f 947 80 61
f 977 978 81
f 977 81 80
f 978 979 82
f 978 82 81
f 979 980 83
f 979 83 82
f 980 981 84
f 980 84 83
f 949 982 977
f 949 977 947
f 982 983 978
f 982 978 977
f 983 984 979
f 983 979 978
f 984 985 980
f 984 980 979
f 985 986 981
f 985 981 980
f 951 987 982
f 951 982 949
f 987 988 983
f 987 983 982
f 952 988 987
f 952 987 951
f 988 989 984
f 988 984 983
f 953 989 988
f 953 988 952
f 989 990 985
f 989 985 984
f 954 990 989
f 954 989 953
f 990 991 986
f 990 986 985
f 955 991 990
f 955 990 954
f 994 966 965
f 994 965 993
f 995 967 966
f 995 966 994
f 996 968 967
f 996 967 995
f 968 996 992
f 968 992 963
f 970 997 993
f 970 993 965
f 997 998 994
f 997 994 993
f 971 998 997
f 971 997 970
f 998 999 995
f 998 995 994
f 999 1000 996
f 999 996 995
f 974 1001 998
f 974 998 971
f 1001 1002 999
f 1001 999 998
f 975 1002 1001
f 975 1001 974
f 1002 1003 1000
f 1002 1000 999
f 976 1003 1002
f 976 1002 975
f 1004 877 9
f 1004 9 96
f 1005 1004 96
f 1005 96 97
f 1006 1005 97
f 1006 97 98
f 1007 879 877
f 1007 877 1004
f 1008 1007 1004
f 1008 1004 1005
f 1009 1008 1005
f 1009 1005 1006
f 1010 881 879
f 1010 879 1007
f 1011 1010 1007
f 1011 1007 1008
f 1012 1011 1008
f 1012 1008 1009
f 1019 1018 1013
f 1019 1013 1014
f 1020 1019 1014
f 1020 1014 1015
f 1023 1022 1016
f 1023 1016 1017
f 1025 883 882
f 1025 882 1018
f 1026 1025 1018
f 1026 1018 1019
f 1027 1026 1019
f 1027 1019 1020
f 1028 1027 1020
f 1028 1020 1021
f 1030 1029 1022
f 1030 1022 1023
f 1031 1030 1023
f 1031 1023 1024
f 1032 884 883
f 1032 883 1025
f 1033 1032 1025
f 1033 1025 1026
f 1034 1033 1026
f 1034 1026 1027
f 1035 1034 1027
f 1035 1027 1028
f 1037 1036 1029
f 1037 1029 1030
f 1038 1006 98
f 1038 98 120
f 1039 1038 120
f 1039 120 121
f 1040 1039 121
f 1040 121 122
f 1041 1040 122
f 1041 122 123
f 1042 1041 123
f 1042 123 124
f 1044 1009 1006
f 1044 1006 1038
f 1045 1044 1038
f 1045 1038 1039
f 1046 1045 1039
f 1046 1039 1040
f 1047 1046 1040
f 1047 1040 1041
f 1048 1047 1041
f 1048 1041 1042
f 1049 1048 1042
f 1049 1042 1043
f 1010 1050 901
f 1010 901 881
f 1011 1051 1050
f 1011 1050 1010
f 1012 1052 1051
f 1012 1051 1011
f 1052 1012 1009
f 1052 1009 1044
f 1053 1052 1044
f 1053 1044 1045
f 1054 1053 1045
f 1054 1045 1046
f 1055 1054 1046
f 1055 1046 1047
f 1056 1055 1047
f 1056 1047 1048
f 1057 1056 1048
f 1057 1048 1049
f 1058 904 901
f 1058 901 1050
f 1059 1058 1050
f 1059 1050 1051
f 1060 1059 1051
f 1060 1051 1052
f 1061 1060 1052
f 1061 1052 1053
f 1062 1061 1053
f 1062 1053 1054
f 1063 1062 1054
f 1063 1054 1055
f 1064 1063 1055
f 1064 1055 1056
f 1066 908 904
f 1066 904 1058
f 1067 1066 1058
f 1067 1058 1059
f 1067 1014 1013
f 1067 1013 1066
f 1068 1067 1059
f 1068 1059 1060
f 1068 1015 1014
f 1068 1014 1067
f 1069 1068 1060
f 1069 1060 1061
f 1070 1069 1061
f 1070 1061 1062
f 1071 1070 1062
f 1071 1062 1063
f 1071 1017 1016
f 1071 1016 1070
f 1072 1071 1063
f 1072 1063 1064
f 1073 1072 1064
f 1073 1064 1065
f 1074 913 908
f 1074 908 1066
f 1074 1018 882
f 1074 882 913
f 1018 1074 1066
f 1018 1066 1013
f 1075 1020 1015
f 1075 1015 1068
f 1076 1075 1068
f 1076 1068 1069
f 1076 1021 1020
f 1076 1020 1075
f 1077 1076 1069
f 1077 1069 1070
f 1022 1077 1070
f 1022 1070 1016
f 1078 1023 1017
f 1078 1017 1071
f 1079 1078 1071
f 1079 1071 1072
f 1079 1024 1023
f 1079 1023 1078
f 1080 1079 1072
f 1080 1072 1073
f 1081 1028 1021
f 1081 1021 1076
f 1082 1081 1076
f 1082 1076 1077
f 1029 1082 1077
f 1029 1077 1022
f 1031 1084 1083
f 1031 1083 1030
f 1084 1031 1024
f 1084 1024 1079
f 1085 1084 1079
f 1085 1079 1080
f 1032 1086 923
f 1032 923 884
f 1033 1087 1086
f 1033 1086 1032
f 1034 1088 1087
f 1034 1087 1033
f 1035 1089 1088
f 1035 1088 1034
f 1089 1035 1028
f 1089 1028 1081
f 1090 1089 1081
f 1090 1081 1082
f 1036 1090 1082
f 1036 1082 1029
f 1037 1091 1090
f 1037 1090 1036
f 1091 1037 1030
f 1091 1030 1083
f 1092 1091 1083
f 1092 1083 1084
f 1093 1092 1084
f 1093 1084 1085
f 1094 1042 124
f 1094 124 163
f 1095 1094 163
f 1095 163 164
f 1095 1043 1042
f 1095 1042 1094
f 1096 1049 1043
f 1096 1043 1095
f 1057 1098 1097
f 1057 1097 1056
f 1098 1057 1049
f 1098 1049 1096
f 1099 1064 1056
f 1099 1056 1097
f 1100 1099 1097
f 1100 1097 1098
f 1100 1065 1064
f 1100 1064 1099
f 1101 1073 1065
f 1101 1065 1100
f 1088 1104 1103
f 1088 1103 1087
f 1089 1105 1104
f 1089 1104 1088
f 1090 1106 1105
f 1090 1105 1089
f 1091 1107 1106
f 1091 1106 1090
f 1092 1108 1107
f 1092 1107 1091
f 1093 1109 1108
f 1093 1108 1092
f 959 1113 1110
f 959 1110 955
f 1113 1114 1111
f 1113 1111 1110
f 1114 1115 1112
f 1114 1112 1111
f 963 1118 1113
f 963 1113 959
f 1118 1119 1114
f 1118 1114 1113
f 1119 1120 1115
f 1119 1115 1114
f 1120 1121 1116
f 1120 1116 1115
f 1121 1122 1117
f 1121 1117 1116
f 1123 1124 1119
f 1123 1119 1118
f 1124 1125 1120
f 1124 1120 1119
f 1125 1126 1121
f 1125 1121 1120
f 1127 1128 1125
f 1127 1125 1124
f 1102 1129 976
f 1102 976 945
f 1103 1130 1129
f 1103 1129 1102
f 1130 1131 1128
f 1130 1128 1127
f 1104 1131 1130
f 1104 1130 1103
f 1105 1132 1131
f 1105 1131 1104
f 1106 1133 1132
f 1106 1132 1105
f 1107 1134 1133
f 1107 1133 1106
f 1108 1135 1134
f 1108 1134 1107
f 1109 1137 1135
f 1109 1135 1108
f 981 1138 219
f 981 219 84
f 1138 1139 220
f 1138 220 219
f 1139 1140 221
f 1139 221 220
f 1140 1141 222
f 1140 222 221
f 986 1142 1138
f 986 1138 981
f 1142 1143 1139
f 1142 1139 1138
f 1143 1144 1140
f 1143 1140 1139
f 991 1145 1142
f 991 1142 986
f 1110 1145 991
f 1110 991 955
f 1145 1146 1143
f 1145 1143 1142
f 1111 1146 1145
f 1111 1145 1110
f 1146 1147 1144
f 1146 1144 1143
f 1112 1147 1146
f 1112 1146 1111
f 1115 1150 1147
f 1115 1147 1112
f 1150 1151 1148
f 1150 1148 1147
f 1116 1151 1150
f 1116 1150 1115
f 1151 1152 1149
f 1151 1149 1148
f 1117 1152 1151
f 1117 1151 1116
f 1155 1118 963
f 1155 963 992
f 1157 1122 1121
f 1157 1121 1156
f 1122 1157 1152
f 1122 1152 1117
f 1157 1158 1153
f 1157 1153 1152
f 1158 1159 1154
f 1158 1154 1153
f 996 1160 1155
f 996 1155 992
f 1160 1123 1118
f 1160 1118 1155
f 1161 1124 1123
f 1161 1123 1160
f 1163 1126 1125
f 1163 1125 1162
f 1126 1163 1156
f 1126 1156 1121
f 1163 1164 1157
f 1163 1157 1156
f 1164 1165 1158
f 1164 1158 1157
f 1000 1166 1160
f 1000 1160 996
f 1166 1167 1161
f 1166 1161 1160
f 1167 1127 1124
f 1167 1124 1161
f 1128 1168 1162
f 1128 1162 1125
f 1168 1169 1163
f 1168 1163 1162
f 1169 1170 1164
f 1169 1164 1163
f 1003 1171 1166
f 1003 1166 1000
f 1129 1171 1003
f 1129 1003 976
f 1171 1172 1167
f 1171 1167 1166
f 1130 1172 1171
f 1130 1171 1129
f 1172 1130 1127
f 1172 1127 1167
f 1131 1173 1168
f 1131 1168 1128
f 1173 1174 1169
f 1173 1169 1168
f 1132 1174 1173
f 1132 1173 1131
f 1174 1175 1170
f 1174 1170 1169
f 1133 1175 1174
f 1133 1174 1132
f 1180 1141 1140
f 1180 1140 1179
f 1141 1180 259
f 1141 259 222
f 1180 1181 260
f 1180 260 259
f 1181 1182 261
f 1181 261 260
f 1183 1184 263
f 1183 263 262
f 1144 1185 1179
f 1144 1179 1140
f 1185 1186 1180
f 1185 1180 1179
f 1186 1187 1181
f 1186 1181 1180
f 1147 1188 1185
f 1147 1185 1144
f 1188 1189 1186
f 1188 1186 1185
f 1148 1189 1188
f 1148 1188 1147
f 1189 1190 1187
f 1189 1187 1186
f 1149 1190 1189
f 1149 1189 1148
f 1152 1194 1190
f 1152 1190 1149
f 1194 1195 1191
f 1194 1191 1190
f 1153 1195 1194
f 1153 1194 1152
f 1195 1196 1192
f 1195 1192 1191
f 1154 1196 1195
f 1154 1195 1153
f 1196 1197 1193
f 1196 1193 1192
f 1199 1159 1158
f 1199 1158 1198
f 1159 1199 1196
f 1159 1196 1154
f 1199 1200 1197
f 1199 1197 1196
f 1202 1165 1164
f 1202 1164 1201
f 1165 1202 1198
f 1165 1198 1158
f 1202 1203 1199
f 1202 1199 1198
f 1203 1204 1200
f 1203 1200 1199
f 1170 1205 1201
f 1170 1201 1164
f 1205 1206 1202
f 1205 1202 1201
f 1206 1207 1203
f 1206 1203 1202
f 1207 1208 1204
f 1207 1204 1203
f 1175 1209 1205
f 1175 1205 1170
f 1209 1210 1206
f 1209 1206 1205
f 1176 1210 1209
f 1176 1209 1175
f 1210 1211 1207
f 1210 1207 1206
f 1177 1211 1210
f 1177 1210 1176
f 1211 1212 1208
f 1211 1208 1207
f 1178 1212 1211
f 1178 1211 1177
f 1214 1182 1181
f 1214 1181 1213
f 1182 1214 286
f 1182 286 261
f 1214 1215 287
f 1214 287 286
f 1215 1183 262
f 1215 262 287
f 1216 1184 1183
f 1216 1183 1215
f 1184 1216 288
f 1184 288 263
f 1187 1217 1213
f 1187 1213 1181
f 1217 1218 1214
f 1217 1214 1213
f 1218 1219 1215
f 1218 1215 1214
f 1219 1220 1216
f 1219 1216 1215
f 1190 1221 1217
f 1190 1217 1187
f 1221 1222 1218
f 1221 1218 1217
f 1191 1222 1221
f 1191 1221 1190
f 1222 1223 1219
f 1222 1219 1218
f 1192 1223 1222
f 1192 1222 1191
f 1223 1224 1220
f 1223 1220 1219
f 1193 1224 1223
f 1193 1223 1192
f 1197 1225 1224
f 1197 1224 1193
f 1204 1227 1226
f 1204 1226 1200
f 1208 1228 1227
f 1208 1227 1204
f 1212 1229 1228
f 1212 1228 1208
f 1220 1231 1230
f 1220 1230 1216
f 1224 1232 1231
f 1224 1231 1220
f 1225 1233 1232
f 1225 1232 1224
f 1235 1080 1073
f 1235 1073 1234
f 1237 1085 1080
f 1237 1080 1235
f 1238 1237 1235
f 1238 1235 1236
f 1239 1093 1085
f 1239 1085 1237
f 1240 1095 164
f 1240 164 300
f 1242 1096 1095
f 1242 1095 1240
f 1243 1242 1240
f 1243 1240 1241
f 1244 1098 1096
f 1244 1096 1242
f 1245 1244 1242
f 1245 1242 1243
f 1246 1100 1098
f 1246 1098 1244
f 1248 1101 1100
f 1248 1100 1246
f 1248 1234 1073
f 1248 1073 1101
f 1249 1248 1246
f 1249 1246 1247
f 1250 1235 1234
f 1250 1234 1248
f 1251 1250 1248
f 1251 1248 1249
f 1251 1236 1235
f 1251 1235 1250
f 1238 1255 1254
f 1238 1254 1237
f 1255 1238 1236
f 1255 1236 1251
f 1256 1255 1251
f 1256 1251 1252
f 1257 1256 1252
f 1257 1252 1253
f 1239 1258 1109
f 1239 1109 1093
f 1258 1239 1237
f 1258 1237 1254
f 1259 1258 1254
f 1259 1254 1255
f 1260 1259 1255
f 1260 1255 1256
f 1261 1260 1256
f 1261 1256 1257
f 1262 1240 300
f 1262 300 312
f 1263 1241 1240
f 1263 1240 1262
f 1265 1264 313
f 1265 313 314
f 1267 1243 1241
f 1267 1241 1263
f 1268 1267 1263
f 1268 1263 1264
f 1269 1268 1264
f 1269 1264 1265
f 1270 1269 1265
f 1270 1265 1266
f 1245 1272 1271
f 1245 1271 1244
f 1272 1245 1243
f 1272 1243 1267
f 1273 1272 1267
f 1273 1267 1268
f 1274 1273 1268
f 1274 1268 1269
f 1275 1274 1269
f 1275 1269 1270
f 1276 1246 1244
f 1276 1244 1271
f 1277 1276 1271
f 1277 1271 1272
f 1277 1247 1246
f 1277 1246 1276
f 1278 1277 1272
f 1278 1272 1273
f 1279 1278 1273
f 1279 1273 1274
f 1280 1279 1274
f 1280 1274 1275
f 1281 1249 1247
f 1281 1247 1277
f 1282 1281 1277
f 1282 1277 1278
f 1283 1282 1278
f 1283 1278 1279
f 1284 1283 1279
f 1284 1279 1280
f 1286 1251 1249
f 1286 1249 1281
f 1287 1286 1281
f 1287 1281 1282
f 1287 1252 1251
f 1287 1251 1286
f 1288 1287 1282
f 1288 1282 1283
f 1288 1253 1252
f 1288 1252 1287
f 1289 1288 1283
f 1289 1283 1284
f 1290 1289 1284
f 1290 1284 1285
f 1291 1257 1253
f 1291 1253 1288
f 1292 1291 1288
f 1292 1288 1289
f 1293 1292 1289
f 1293 1289 1290
f 1259 1295 1294
f 1259 1294 1258
f 1260 1296 1295
f 1260 1295 1259
f 1261 1297 1296
f 1261 1296 1260
f 1297 1261 1257
f 1297 1257 1291
f 1298 1297 1291
f 1298 1291 1292
f 1299 1298 1292
f 1299 1292 1293
f 1300 1262 312
f 1300 312 343
f 1301 1263 1262
f 1301 1262 1300
f 1302 1301 344
f 1302 344 345
f 1302 1264 1263
f 1302 1263 1301
f 1264 1302 345
f 1264 345 313
f 1303 1265 314
f 1303 314 346
f 1304 1303 346
f 1304 346 347
f 1304 1266 1265
f 1304 1265 1303
f 1305 1304 347
f 1305 347 348
f 1307 1270 1266
f 1307 1266 1304
f 1308 1307 1304
f 1308 1304 1305
f 1309 1308 1305
f 1309 1305 1306
f 1310 1275 1270
f 1310 1270 1307
f 1311 1310 1307
f 1311 1307 1308
f 1312 1311 1308
f 1312 1308 1309
f 1313 1280 1275
f 1313 1275 1310
f 1314 1313 1310
f 1314 1310 1311
f 1315 1314 1311
f 1315 1311 1312
f 1316 1284 1280
f 1316 1280 1313
f 1317 1316 1313
f 1317 1313 1314
f 1317 1285 1284
f 1317 1284 1316
f 1319 1290 1285
f 1319 1285 1317
f 1320 1319 1317
f 1320 1317 1318
f 1321 1293 1290
f 1321 1290 1319
f 1322 1321 1319
f 1322 1319 1320
f 1294 1323 1178
f 1294 1178 1136
f 1295 1324 1323
f 1295 1323 1294
f 1299 1326 1325
f 1299 1325 1298
f 1326 1299 1293
f 1326 1293 1321
f 1327 1326 1321
f 1327 1321 1322
f 1328 1300 343
f 1328 343 381
f 1329 1328 381
f 1329 381 382
f 1329 1301 1300
f 1329 1300 1328
f 1301 1329 382
f 1301 382 344
f 1330 1305 348
f 1330 348 386
f 1331 1330 386
f 1331 386 387
f 1331 1306 1305
f 1331 1305 1330
f 1333 1309 1306
f 1333 1306 1331
f 1334 1333 1331
f 1334 1331 1332
f 1335 1312 1309
f 1335 1309 1333
f 1336 1335 1333
f 1336 1333 1334
f 1315 1339 1338
f 1315 1338 1314
f 1339 1315 1312
f 1339 1312 1335
f 1200 1340 1337
f 1200 1337 1197
f 1341 1317 1314
f 1341 1314 1338
f 1342 1341 1338
f 1342 1338 1339
f 1342 1318 1317
f 1342 1317 1341
f 1344 1320 1318
f 1344 1318 1342
f 1345 1344 1342
f 1345 1342 1343
f 1346 1322 1320
f 1346 1320 1344
f 1347 1346 1344
f 1347 1344 1345
f 1323 1348 1212
f 1323 1212 1178
f 1349 1327 1322
f 1349 1322 1346
f 1350 1349 1346
f 1350 1346 1347
f 1216 1351 414
f 1216 414 288
f 1352 1331 387
f 1352 387 418
f 1353 1332 1331
f 1353 1331 1352
f 1354 1334 1332
f 1354 1332 1353
f 1336 1356 1355
f 1336 1355 1335
f 1356 1336 1334
f 1356 1334 1354
f 1337 1357 1225
f 1337 1225 1197
f 1358 1339 1335
f 1358 1335 1355
f 1359 1358 1355
f 1359 1355 1356
f 1360 1340 1200
f 1360 1200 1226
f 1340 1360 1357
f 1340 1357 1337
f 1361 1342 1339
f 1361 1339 1358
f 1362 1361 1358
f 1362 1358 1359
f 1362 1343 1342
f 1362 1342 1361
f 1227 1363 1360
f 1227 1360 1226
f 1364 1345 1343
f 1364 1343 1362
f 1228 1365 1363
f 1228 1363 1227
f 1366 1347 1345
f 1366 1345 1364
f 1229 1367 1365
f 1229 1365 1228
f 1348 1367 1229
f 1348 1229 1212
f 1350 1370 1369
f 1350 1369 1349
f 1370 1350 1347
f 1370 1347 1366
f 1371 1351 1216
f 1371 1216 1230
f 1351 1371 446
f 1351 446 414
f 1371 1372 447
f 1371 447 446
f 1373 1352 418
f 1373 418 450
f 1374 1373 450
f 1374 450 451
f 1374 1353 1352
f 1374 1352 1373
f 1231 1375 1371
f 1231 1371 1230
f 1232 1376 1375
f 1232 1375 1231
f 1233 1377 1376
f 1233 1376 1232
f 1357 1377 1233
f 1357 1233 1225
f 1360 1381 1377
f 1360 1377 1357
f 1381 1382 1378
f 1381 1378 1377
f 1382 1383 1379
f 1382 1379 1378
f 1384 1362 1359
f 1384 1359 1380
f 1363 1385 1381
f 1363 1381 1360
f 1385 1386 1382
f 1385 1382 1381
f 1365 1387 1385
f 1365 1385 1363
f 1387 1388 1386
f 1387 1386 1385
f 1367 1389 1387
f 1367 1387 1365
f 1389 1390 1388
f 1389 1388 1387
f 1368 1390 1389
f 1368 1389 1367
f 1392 1393 945
f 1392 945 923
f 1397 1396 1394
f 1397 1394 1395
f 1399 1398 1396
f 1399 1396 1397
f 1401 1400 1398
f 1401 1398 1399
f 1405 1395 1394
f 1405 1394 1404
f 1408 1407 1403
f 1408 1403 1404
f 1396 1408 1404
f 1396 1404 1394
f 1410 1409 1406
f 1410 1406 1407
f 1411 1410 1407
f 1411 1407 1408
f 1398 1411 1408
f 1398 1408 1396
f 1413 1412 1409
f 1413 1409 1410
f 1414 1413 1410
f 1414 1410 1411
f 1400 1414 1411
f 1400 1411 1398
f 1401 1415 1414
f 1401 1414 1400
f 1417 1416 1413
f 1417 1413 1414
f 1418 1417 1414
f 1418 1414 1415
f 1402 1418 1415
f 1402 1415 1401
f 1420 1404 1403
f 1420 1403 1419
f 1421 1405 1404
f 1421 1404 1420
f 1423 1407 1406
f 1423 1406 1422
f 1407 1423 1419
f 1407 1419 1403
f 1409 1424 1422
f 1409 1422 1406
f 1424 1425 1423
f 1424 1423 1422
f 1412 1426 1424
f 1412 1424 1409
f 1426 1427 1425
f 1426 1425 1424
f 1413 1427 1426
f 1413 1426 1412
f 1416 1429 1427
f 1416 1427 1413
f 1429 1430 1428
f 1429 1428 1427
f 1417 1430 1429
f 1417 1429 1416
f 1418 1431 1430
f 1418 1430 1417
f 1433 1420 1419
f 1433 1419 1432
f 1434 1421 1420
f 1434 1420 1433
f 1423 1435 1432
f 1423 1432 1419
f 1435 1436 1433
f 1435 1433 1432
f 1436 1437 1434
f 1436 1434 1433
f 1425 1438 1435
f 1425 1435 1423
f 1438 1439 1436
f 1438 1436 1435
f 1439 1440 1437
f 1439 1437 1436
f 1427 1441 1438
f 1427 1438 1425
f 1441 1442 1439
f 1441 1439 1438
f 1428 1442 1441
f 1428 1441 1427
f 1442 1443 1440
f 1442 1440 1439
f 1430 1444 1442
f 1430 1442 1428
f 1444 1445 1443
f 1444 1443 1442
f 1431 1445 1444
f 1431 1444 1430
f 1446 1392 923
f 1446 923 1086
f 1447 1446 1086
f 1447 1086 1087
f 1456 1455 1448
f 1456 1448 1449
f 1457 1456 1449
f 1457 1449 1450
f 1458 1457 1450
f 1458 1450 1451
f 1459 1458 1451
f 1459 1451 1452
f 1460 1459 1452
f 1460 1452 1453
f 1461 1460 1453
f 1461 1453 1454
f 1463 1462 1455
f 1463 1455 1456
f 1464 1463 1456
f 1464 1456 1457
f 1465 1464 1457
f 1465 1457 1458
f 1466 1465 1458
f 1466 1458 1459
f 1467 1466 1459
f 1467 1459 1460
f 1468 1467 1460
f 1468 1460 1461
f 1470 1469 1462
f 1470 1462 1463
f 1471 1470 1463
f 1471 1463 1464
f 1472 1471 1464
f 1472 1464 1465
f 1473 1472 1465
f 1473 1465 1466
f 1474 1473 1466
f 1474 1466 1467
f 1475 1474 1467
f 1475 1467 1468
f 1477 1476 1470
f 1477 1470 1471
f 1478 1477 1471
f 1478 1471 1472
f 1480 1479 1474
f 1480 1474 1475
f 1393 1481 1102
f 1393 1102 945
f 1446 1481 1393
f 1446 1393 1392
f 1481 1482 1103
f 1481 1103 1102
f 1447 1482 1481
f 1447 1481 1446
f 1482 1447 1087
f 1482 1087 1103
f 1487 1449 1448
f 1487 1448 1486
f 1488 1450 1449
f 1488 1449 1487
f 1489 1451 1450
f 1489 1450 1488
f 1490 1452 1451
f 1490 1451 1489
f 1491 1453 1452
f 1491 1452 1490
f 1492 1454 1453
f 1492 1453 1491
f 1493 1397 1395
f 1493 1395 1485
f 1494 1493 1485
f 1494 1485 1486
f 1455 1494 1486
f 1455 1486 1448
f 1495 1399 1397
f 1495 1397 1493
f 1496 1495 1493
f 1496 1493 1494
f 1462 1496 1494
f 1462 1494 1455
f 1497 1401 1399
f 1497 1399 1495
f 1498 1497 1495
f 1498 1495 1496
f 1469 1498 1496
f 1469 1496 1462
f 1470 1499 1498
f 1470 1498 1469
f 1473 1501 1500
f 1473 1500 1472
f 1474 1502 1501
f 1474 1501 1473
f 1503 1402 1401
f 1503 1401 1497
f 1504 1503 1497
f 1504 1497 1498
f 1505 1504 1498
f 1505 1498 1499
f 1476 1505 1499
f 1476 1499 1470
f 1477 1506 1505
f 1477 1505 1476
f 1478 1507 1506
f 1478 1506 1477
f 1507 1478 1472
f 1507 1472 1500
f 1508 1507 1500
f 1508 1500 1501
f 1509 1508 1501
f 1509 1501 1502
f 1479 1509 1502
f 1479 1502 1474
f 1480 1510 1509
f 1480 1509 1479
f 1512 1511 1133
f 1512 1133 1134
f 1513 1512 1134
f 1513 1134 1135
f 1514 1513 1135
f 1514 1135 1137
f 1483 1514 1137
f 1483 1137 1109
f 1518 1485 1395
f 1518 1395 1405
f 1519 1486 1485
f 1519 1485 1518
f 1520 1487 1486
f 1520 1486 1519
f 1521 1488 1487
f 1521 1487 1520
f 1522 1489 1488
f 1522 1488 1521
f 1523 1490 1489
f 1523 1489 1522
f 1524 1523 1515
f 1524 1515 1516
f 1524 1491 1490
f 1524 1490 1523
f 1525 1524 1516
f 1525 1516 1517
f 1525 1492 1491
f 1525 1491 1524
f 1492 1525 1517
f 1492 1517 1484
f 1503 1527 1418
f 1503 1418 1402
f 1504 1528 1527
f 1504 1527 1503
f 1505 1529 1528
f 1505 1528 1504
f 1506 1530 1529
f 1506 1529 1505
f 1507 1531 1530
f 1507 1530 1506
f 1508 1532 1531
f 1508 1531 1507
f 1509 1533 1532
f 1509 1532 1508
f 1510 1534 1533
f 1510 1533 1509
f 1511 1535 1175
f 1511 1175 1133
f 1535 1536 1176
f 1535 1176 1175
f 1512 1536 1535
f 1512 1535 1511
f 1536 1537 1177
f 1536 1177 1176
f 1513 1537 1536
f 1513 1536 1512
f 1537 1538 1178
f 1537 1178 1177
f 1514 1538 1537
f 1514 1537 1513
f 1538 1514 1136
f 1538 1136 1178
f 1540 1516 1515
f 1540 1515 1539
f 1541 1517 1516
f 1541 1516 1540
f 1542 1518 1405
f 1542 1405 1421
f 1543 1519 1518
f 1543 1518 1542
f 1544 1520 1519
f 1544 1519 1543
f 1545 1521 1520
f 1545 1520 1544
f 1546 1522 1521
f 1546 1521 1545
f 1547 1523 1522
f 1547 1522 1546
f 1523 1547 1539
f 1523 1539 1515
f 1547 1548 1540
f 1547 1540 1539
f 1548 1549 1541
f 1548 1541 1540
f 1549 1526 1517
f 1549 1517 1541
f 1550 1551 1544
f 1550 1544 1543
f 1551 1552 1545
f 1551 1545 1544
f 1552 1553 1546
f 1552 1546 1545
f 1553 1554 1547
f 1553 1547 1546
f 1555 1556 1553
f 1555 1553 1552
f 1558 1559 1556
f 1558 1556 1555
f 1527 1563 1431
f 1527 1431 1418
f 1528 1564 1563
f 1528 1563 1527
f 1529 1565 1564
f 1529 1564 1528
f 1565 1566 1558
f 1565 1558 1557
f 1530 1566 1565
f 1530 1565 1529
f 1566 1567 1559
f 1566 1559 1558
f 1531 1567 1566
f 1531 1566 1530
f 1567 1568 1560
f 1567 1560 1559
f 1532 1568 1567
f 1532 1567 1531
f 1568 1569 1561
f 1568 1561 1560
f 1533 1569 1568
f 1533 1568 1532
f 1534 1570 1569
f 1534 1569 1533
f 1571 1542 1421
f 1571 1421 1434
f 1572 1543 1542
f 1572 1542 1571
f 1574 1548 1547
f 1574 1547 1573
f 1575 1549 1548
f 1575 1548 1574
f 1437 1576 1571
f 1437 1571 1434
f 1576 1577 1572
f 1576 1572 1571
f 1577 1550 1543
f 1577 1543 1572
f 1578 1551 1550
f 1578 1550 1577
f 1579 1552 1551
f 1579 1551 1578
f 1581 1554 1553
f 1581 1553 1580
f 1554 1581 1573
f 1554 1573 1547
f 1581 1582 1574
f 1581 1574 1573
f 1582 1583 1575
f 1582 1575 1574
f 1440 1584 1576
f 1440 1576 1437
f 1584 1585 1577
f 1584 1577 1576
f 1585 1586 1578
f 1585 1578 1577
f 1586 1587 1579
f 1586 1579 1578
f 1587 1555 1552
f 1587 1552 1579
f 1556 1588 1580
f 1556 1580 1553
f 1588 1589 1581
f 1588 1581 1580
f 1589 1590 1582
f 1589 1582 1581
f 1590 1591 1583
f 1590 1583 1582
f 1443 1592 1584
f 1443 1584 1440
f 1592 1593 1585
f 1592 1585 1584
f 1593 1594 1586
f 1593 1586 1585
f 1594 1595 1587
f 1594 1587 1586
f 1558 1595 1594
f 1558 1594 1557
f 1595 1558 1555
f 1595 1555 1587
f 1559 1596 1588
f 1559 1588 1556
f 1596 1597 1589
f 1596 1589 1588
f 1560 1597 1596
f 1560 1596 1559
f 1597 1598 1590
f 1597 1590 1589
f 1561 1598 1597
f 1561 1597 1560
f 1598 1599 1591
f 1598 1591 1590
f 1445 1600 1592
f 1445 1592 1443
f 1563 1600 1445
f 1563 1445 1431
f 1600 1601 1593
f 1600 1593 1592
f 1564 1601 1600
f 1564 1600 1563
f 1601 1602 1594
f 1601 1594 1593
f 1565 1602 1601
f 1565 1601 1564
f 1602 1565 1557
f 1602 1557 1594
f 1569 1603 1598
f 1569 1598 1561
f 1603 1604 1599
f 1603 1599 1598
f 1570 1604 1603
f 1570 1603 1569
f 1604 1570 1562
f 1604 1562 1599
f 1583 1606 1605
f 1583 1605 1575
f 1591 1607 1606
f 1591 1606 1583
f 1599 1608 1607
f 1599 1607 1591
f 1611 1461 1454
f 1611 1454 1609
f 1612 1611 1609
f 1612 1609 1610
f 1613 1468 1461
f 1613 1461 1611
f 1614 1613 1611
f 1614 1611 1612
f 1615 1475 1468
f 1615 1468 1613
f 1616 1615 1613
f 1616 1613 1614
f 1617 1480 1475
f 1617 1475 1615
f 1618 1483 1109
f 1618 1109 1258
f 1620 1492 1484
f 1620 1484 1619
f 1620 1609 1454
f 1620 1454 1492
f 1621 1610 1609
f 1621 1609 1620
f 1624 1612 1610
f 1624 1610 1621
f 1625 1624 1621
f 1625 1621 1622
f 1626 1625 1622
f 1626 1622 1623
f 1627 1614 1612
f 1627 1612 1624
f 1628 1627 1624
f 1628 1624 1625
f 1616 1630 1629
f 1616 1629 1615
f 1630 1616 1614
f 1630 1614 1627
f 1631 1630 1627
f 1631 1627 1628
f 1617 1632 1510
f 1617 1510 1480
f 1632 1617 1615
f 1632 1615 1629
f 1633 1632 1629
f 1633 1629 1630
f 1514 1634 1294
f 1514 1294 1136
f 1618 1634 1514
f 1618 1514 1483
f 1634 1618 1258
f 1634 1258 1294
f 1636 1635 1295
f 1636 1295 1296
f 1637 1636 1296
f 1637 1296 1297
f 1638 1637 1297
f 1638 1297 1298
f 1639 1619 1484
f 1639 1484 1517
f 1526 1644 1639
f 1526 1639 1517
f 1644 1620 1619
f 1644 1619 1639
f 1645 1621 1620
f 1645 1620 1644
f 1646 1645 1640
f 1646 1640 1641
f 1646 1622 1621
f 1646 1621 1645
f 1647 1646 1641
f 1647 1641 1642
f 1647 1623 1622
f 1647 1622 1646
f 1648 1647 1642
f 1648 1642 1643
f 1626 1651 1650
f 1626 1650 1625
f 1651 1626 1623
f 1651 1623 1647
f 1652 1651 1647
f 1652 1647 1648
f 1653 1652 1648
f 1653 1648 1649
f 1654 1628 1625
f 1654 1625 1650
f 1655 1654 1650
f 1655 1650 1651
f 1656 1655 1651
f 1656 1651 1652
f 1657 1656 1652
f 1657 1652 1653
f 1631 1659 1658
f 1631 1658 1630
f 1659 1631 1628
f 1659 1628 1654
f 1660 1659 1654
f 1660 1654 1655
f 1661 1660 1655
f 1661 1655 1656
f 1662 1661 1656
f 1662 1656 1657
f 1632 1663 1534
f 1632 1534 1510
f 1633 1664 1663
f 1633 1663 1632
f 1664 1633 1630
f 1664 1630 1658
f 1666 1665 1323
f 1666 1323 1324
f 1635 1666 1324
f 1635 1324 1295
f 1636 1667 1666
f 1636 1666 1635
f 1637 1668 1667
f 1637 1667 1636
f 1638 1669 1668
f 1638 1668 1637
f 1669 1638 1298
f 1669 1298 1325
f 1670 1669 1325
f 1670 1325 1326
f 1671 1670 1326
f 1671 1326 1327
f 1674 1641 1640
f 1674 1640 1673
f 1675 1674 1667
f 1675 1667 1668
f 1675 1642 1641
f 1675 1641 1674
f 1676 1675 1668
f 1676 1668 1669
f 1676 1643 1642
f 1676 1642 1675
f 1677 1676 1669
f 1677 1669 1670
f 1678 1644 1526
f 1678 1526 1549
f 1679 1678 1672
f 1679 1672 1673
f 1679 1645 1644
f 1679 1644 1678
f 1645 1679 1673
f 1645 1673 1640
f 1680 1648 1643
f 1680 1643 1676
f 1681 1680 1676
f 1681 1676 1677
f 1681 1649 1648
f 1681 1648 1680
f 1683 1653 1649
f 1683 1649 1681
f 1684 1683 1681
f 1684 1681 1682
f 1685 1657 1653
f 1685 1653 1683
f 1686 1685 1683
f 1686 1683 1684
f 1659 1689 1688
f 1659 1688 1658
f 1660 1690 1689
f 1660 1689 1659
f 1661 1691 1690
f 1661 1690 1660
f 1662 1692 1691
f 1662 1691 1661
f 1692 1662 1657
f 1692 1657 1685
f 1693 1692 1685
f 1693 1685 1686
f 1570 1694 1687
f 1570 1687 1562
f 1663 1694 1570
f 1663 1570 1534
f 1694 1695 1688
f 1694 1688 1687
f 1664 1695 1694
f 1664 1694 1663
f 1695 1664 1658
f 1695 1658 1688
f 1697 1696 1690
f 1697 1690 1691
f 1665 1698 1348
f 1665 1348 1323
f 1666 1699 1698
f 1666 1698 1665
f 1667 1700 1699
f 1667 1699 1666
f 1671 1702 1701
f 1671 1701 1670
f 1702 1671 1327
f 1702 1327 1349
f 1704 1673 1672
f 1704 1672 1703
f 1705 1674 1673
f 1705 1673 1704
f 1674 1705 1700
f 1674 1700 1667
f 1706 1677 1670
f 1706 1670 1701
f 1708 1678 1549
f 1708 1549 1575
f 1678 1708 1703
f 1678 1703 1672
f 1709 1681 1677
f 1709 1677 1706
f 1710 1709 1706
f 1710 1706 1707
f 1710 1682 1681
f 1710 1681 1709
f 1712 1684 1682
f 1712 1682 1710
f 1713 1712 1710
f 1713 1710 1711
f 1714 1686 1684
f 1714 1684 1712
f 1715 1714 1712
f 1715 1712 1713
f 1687 1716 1599
f 1687 1599 1562
f 1688 1717 1716
f 1688 1716 1687
f 1689 1718 1717
f 1689 1717 1688
f 1690 1720 1718
f 1690 1718 1689
f 1692 1723 1722
f 1692 1722 1691
f 1693 1724 1723
f 1693 1723 1692
f 1724 1693 1686
f 1724 1686 1714
f 1725 1724 1714
f 1725 1714 1715
f 1727 1726 1717
f 1727 1717 1718
f 1728 1727 1718
f 1728 1718 1720
f 1696 1728 1720
f 1696 1720 1690
f 1728 1729 1721
f 1728 1721 1719
f 1697 1729 1728
f 1697 1728 1696
f 1729 1697 1691
f 1729 1691 1722
f 1730 1729 1722
f 1730 1722 1723
f 1698 1731 1367
f 1698 1367 1348
f 1731 1732 1368
f 1731 1368 1367
f 1699 1732 1731
f 1699 1731 1698
f 1700 1733 1732
f 1700 1732 1699
f 1702 1735 1734
f 1702 1734 1701
f 1735 1702 1349
f 1735 1349 1369
f 1736 1735 1369
f 1736 1369 1370
f 1738 1704 1703
f 1738 1703 1737
f 1739 1705 1704
f 1739 1704 1738
f 1705 1739 1733
f 1705 1733 1700
f 1740 1706 1701
f 1740 1701 1734
f 1741 1740 1734
f 1741 1734 1735
f 1741 1707 1706
f 1741 1706 1740
f 1743 1708 1575
f 1743 1575 1605
f 1708 1743 1737
f 1708 1737 1703
f 1743 1744 1738
f 1743 1738 1737
f 1745 1710 1707
f 1745 1707 1741
f 1746 1745 1741
f 1746 1741 1742
f 1746 1711 1710
f 1746 1710 1745
f 1606 1747 1743
f 1606 1743 1605
f 1748 1713 1711
f 1748 1711 1746
f 1607 1749 1747
f 1607 1747 1606
f 1750 1715 1713
f 1750 1713 1748
f 1608 1751 1749
f 1608 1749 1607
f 1716 1751 1608
f 1716 1608 1599
f 1717 1752 1751
f 1717 1751 1716
f 1721 1755 1754
f 1721 1754 1719
f 1724 1757 1756
f 1724 1756 1723
f 1725 1758 1757
f 1725 1757 1724
f 1758 1725 1715
f 1758 1715 1750
f 1726 1759 1752
f 1726 1752 1717
f 1759 1760 1753
f 1759 1753 1752
f 1727 1760 1759
f 1727 1759 1726
f 1728 1761 1760
f 1728 1760 1727
f 1761 1728 1719
f 1761 1719 1754
f 1762 1761 1754
f 1762 1754 1755
f 1729 1762 1755
f 1729 1755 1721
f 1730 1763 1762
f 1730 1762 1729
f 1763 1730 1723
f 1763 1723 1756
f 1732 1764 1390
f 1732 1390 1368
f 1764 1765 1391
f 1764 1391 1390
f 1733 1765 1764
f 1733 1764 1732
f 1736 1768 1767
f 1736 1767 1735
f 1770 1739 1738
f 1770 1738 1769
f 1739 1770 1765
f 1739 1765 1733
f 1770 1771 1766
f 1770 1766 1765
f 1772 1741 1735
f 1772 1735 1767
f 1773 1772 1767
f 1773 1767 1768
f 1773 1742 1741
f 1773 1741 1772
f 1775 1744 1743
f 1775 1743 1774
f 1744 1775 1769
f 1744 1769 1738
f 1775 1776 1770
f 1775 1770 1769
f 1777 1746 1742
f 1777 1742 1773
f 1747 1778 1774
f 1747 1774 1743
f 1778 1779 1775
f 1778 1775 1774
f 1749 1780 1778
f 1749 1778 1747
f 1780 1781 1779
f 1780 1779 1778
f 1751 1783 1780
f 1751 1780 1749
f 1783 1784 1781
f 1783 1781 1780
f 1752 1784 1783
f 1752 1783 1751
f 1753 1785 1784
f 1753 1784 1752
f 1757 1789 1788
f 1757 1788 1756
f 1758 1790 1789
f 1758 1789 1757
f 1790 1758 1750
f 1790 1750 1782
f 1760 1791 1785
f 1760 1785 1753
f 1791 1792 1786
f 1791 1786 1785
f 1761 1792 1791
f 1761 1791 1760
f 1762 1793 1792
f 1762 1792 1761
f 1793 1794 1788
f 1793 1788 1787
f 1763 1794 1793
f 1763 1793 1762
f 1794 1763 1756
f 1794 1756 1788
f 1796 1372 1371
f 1796 1371 1795
f 1372 1796 549
f 1372 549 447
f 1796 1797 550
f 1796 550 549
f 1375 1798 1795
f 1375 1795 1371
f 1798 1799 1796
f 1798 1796 1795
f 1376 1800 1798
f 1376 1798 1375
f 1800 1801 1799
f 1800 1799 1798
f 1377 1803 1800
f 1377 1800 1376
f 1803 1804 1801
f 1803 1801 1800
f 1378 1804 1803
f 1378 1803 1377
f 1804 1805 1802
f 1804 1802 1801
f 1379 1805 1804
f 1379 1804 1378
f 1808 1383 1382
f 1808 1382 1807
f 1383 1808 1805
f 1383 1805 1379
f 1808 1809 1806
f 1808 1806 1805
f 1386 1810 1807
f 1386 1807 1382
f 1810 1811 1808
f 1810 1808 1807
f 1388 1812 1810
f 1388 1810 1386
f 1812 1813 1811
f 1812 1811 1810
f 1390 1814 1812
f 1390 1812 1388
f 1814 1815 1813
f 1814 1813 1812
f 1391 1815 1814
f 1391 1814 1390
f 1818 1797 1796
f 1818 1796 1817
f 1797 1818 572
f 1797 572 550
f 1818 1819 573
f 1818 573 572
f 1819 1820 574
f 1819 574 573
f 1799 1821 1817
f 1799 1817 1796
f 1821 1822 1818
f 1821 1818 1817
f 1822 1823 1819
f 1822 1819 1818
f 1801 1824 1821
f 1801 1821 1799
f 1824 1825 1822
f 1824 1822 1821
f 1802 1825 1824
f 1802 1824 1801
f 1825 1826 1823
f 1825 1823 1822
f 1805 1827 1825
f 1805 1825 1802
f 1827 1828 1826
f 1827 1826 1825
f 1806 1828 1827
f 1806 1827 1805
f 1831 1809 1808
f 1831 1808 1830
f 1809 1831 1828
f 1809 1828 1806
f 1831 1832 1829
f 1831 1829 1828
f 1811 1833 1830
f 1811 1830 1808
f 1833 1834 1831
f 1833 1831 1830
f 1813 1835 1833
f 1813 1833 1811
f 1835 1836 1834
f 1835 1834 1833
f 1815 1837 1835
f 1815 1835 1813
f 1837 1838 1836
f 1837 1836 1835
f 1816 1838 1837
f 1816 1837 1815
f 1841 1820 1819
f 1841 1819 1840
f 1820 1841 594
f 1820 594 574
f 1823 1842 1840
f 1823 1840 1819
f 1842 1843 1841
f 1842 1841 1840
f 1826 1844 1842
f 1826 1842 1823
f 1844 1845 1843
f 1844 1843 1842
f 1828 1846 1844
f 1828 1844 1826
f 1846 1847 1845
f 1846 1845 1844
f 1829 1847 1846
f 1829 1846 1828
f 1849 1832 1831
f 1849 1831 1848
f 1832 1849 1847
f 1832 1847 1829
f 1834 1850 1848
f 1834 1848 1831
f 1850 1851 1849
f 1850 1849 1848
f 1836 1852 1850
f 1836 1850 1834
f 1852 1853 1851
f 1852 1851 1850
f 1838 1854 1852
f 1838 1852 1836
f 1854 1855 1853
f 1854 1853 1852
f 1839 1855 1854
f 1839 1854 1838
f 1841 1856 606
f 1841 606 594
f 1843 1857 1856
f 1843 1856 1841
f 1845 1858 1857
f 1845 1857 1843
f 1847 1859 1858
f 1847 1858 1845
f 1849 1860 1859
f 1849 1859 1847
f 1851 1861 1860
f 1851 1860 1849
f 1853 1862 1861
f 1853 1861 1851
f 1855 1863 1862
f 1855 1862 1853
f 1856 1864 617
f 1856 617 606
f 1857 1865 1864
f 1857 1864 1856
f 1858 1866 1865
f 1858 1865 1857
f 1859 1867 1866
f 1859 1866 1858
f 1860 1868 1867
f 1860 1867 1859
f 1861 1869 1868
f 1861 1868 1860
f 1862 1870 1869
f 1862 1869 1861
f 1863 1871 1870
f 1863 1870 1862
f 1864 1872 628
f 1864 628 617
f 1865 1873 1872
f 1865 1872 1864
f 1866 1874 1873
f 1866 1873 1865
f 1867 1875 1874
f 1867 1874 1866
f 1868 1876 1875
f 1868 1875 1867
f 1869 1877 1876
f 1869 1876 1868
f 1870 1878 1877
f 1870 1877 1869
f 1871 1879 1878
f 1871 1878 1870
f 1872 1880 639
f 1872 639 628
f 1880 1881 640
f 1880 640 639
f 1873 1882 1880
f 1873 1880 1872
f 1882 1883 1881
f 1882 1881 1880
f 1874 1884 1882
f 1874 1882 1873
f 1875 1885 1884
f 1875 1884 1874
f 1876 1886 1885
f 1876 1885 1875
f 1877 1887 1886
f 1877 1886 1876
f 1878 1888 1887
f 1878 1887 1877
f 1879 1889 1888
f 1879 1888 1878
f 1881 1890 650
f 1881 650 640
f 1892 1883 1882
f 1892 1882 1891
f 1883 1892 1890
f 1883 1890 1881
f 1884 1893 1891
f 1884 1891 1882
f 1893 1894 1892
f 1893 1892 1891
f 1885 1895 1893
f 1885 1893 1884
f 1895 1896 1894
f 1895 1894 1893
f 1886 1897 1895
f 1886 1895 1885
f 1897 1898 1896
f 1897 1896 1895
f 1887 1899 1897
f 1887 1897 1886
f 1899 1900 1898
f 1899 1898 1897
f 1888 1901 1899
f 1888 1899 1887
f 1901 1902 1900
f 1901 1900 1899
f 1889 1903 1901
f 1889 1901 1888
f 1903 1904 1902
f 1903 1902 1901
f 1765 1905 1815
f 1765 1815 1391
f 1905 1906 1816
f 1905 1816 1815
f 1766 1906 1905
f 1766 1905 1765
f 1909 1771 1770
f 1909 1770 1908
f 1771 1909 1906
f 1771 1906 1766
f 1909 1910 1907
f 1909 1907 1906
f 1912 1776 1775
f 1912 1775 1911
f 1776 1912 1908
f 1776 1908 1770
f 1912 1913 1909
f 1912 1909 1908
f 1779 1914 1911
f 1779 1911 1775
f 1914 1915 1912
f 1914 1912 1911
f 1781 1916 1914
f 1781 1914 1779
f 1916 1917 1915
f 1916 1915 1914
f 1784 1918 1916
f 1784 1916 1781
f 1918 1919 1917
f 1918 1917 1916
f 1785 1919 1918
f 1785 1918 1784
f 1786 1920 1919
f 1786 1919 1785
f 1788 1922 1921
f 1788 1921 1787
f 1789 1923 1922
f 1789 1922 1788
f 1790 1924 1923
f 1790 1923 1789
f 1792 1925 1920
f 1792 1920 1786
f 1925 1926 1921
f 1925 1921 1920
f 1793 1926 1925
f 1793 1925 1792
f 1926 1793 1787
f 1926 1787 1921
f 1928 1927 1923
f 1928 1923 1924
f 1906 1929 1838
f 1906 1838 1816
f 1929 1930 1839
f 1929 1839 1838
f 1907 1930 1929
f 1907 1929 1906
f 1933 1910 1909
f 1933 1909 1932
f 1910 1933 1930
f 1910 1930 1907
f 1933 1934 1931
f 1933 1931 1930
f 1936 1913 1912
f 1936 1912 1935
f 1913 1936 1932
f 1913 1932 1909
f 1936 1937 1933
f 1936 1933 1932
f 1915 1938 1935
f 1915 1935 1912
f 1938 1939 1936
f 1938 1936 1935
f 1917 1940 1938
f 1917 1938 1915
f 1940 1941 1939
f 1940 1939 1938
f 1919 1943 1940
f 1919 1940 1917
f 1943 1944 1941
f 1943 1941 1940
f 1920 1944 1943
f 1920 1943 1919
f 1944 1945 1942
f 1944 1942 1941
f 1921 1945 1944
f 1921 1944 1920
f 1922 1946 1945
f 1922 1945 1921
f 1923 1947 1946
f 1923 1946 1922
f 1949 1948 1946
f 1949 1946 1947
f 1927 1949 1947
f 1927 1947 1923
f 1928 1950 1949
f 1928 1949 1927
f 1930 1951 1855
f 1930 1855 1839
f 1931 1952 1951
f 1931 1951 1930
f 1954 1953 1951
f 1954 1951 1952
f 1954 1934 1933
f 1954 1933 1953
f 1934 1954 1952
f 1934 1952 1931
f 1956 1937 1936
f 1956 1936 1955
f 1937 1956 1953
f 1937 1953 1933
f 1939 1957 1955
f 1939 1955 1936
f 1957 1958 1956
f 1957 1956 1955
f 1941 1959 1957
f 1941 1957 1939
f 1959 1960 1958
f 1959 1958 1957
f 1942 1960 1959
f 1942 1959 1941
f 1945 1961 1960
f 1945 1960 1942
f 1946 1962 1961
f 1946 1961 1945
f 1948 1963 1962
f 1948 1962 1946
f 1949 1964 1963
f 1949 1963 1948
f 1950 1965 1964
f 1950 1964 1949
f 1967 1966 1964
f 1967 1964 1965
f 1951 1968 1863
f 1951 1863 1855
f 1953 1969 1968
f 1953 1968 1951
f 1956 1970 1969
f 1956 1969 1953
f 1958 1971 1970
f 1958 1970 1956
f 1960 1972 1971
f 1960 1971 1958
f 1961 1973 1972
f 1961 1972 1960
f 1962 1974 1973
f 1962 1973 1961
f 1976 1975 1973
f 1976 1973 1974
f 1963 1976 1974
f 1963 1974 1962
f 1964 1977 1976
f 1964 1976 1963
f 1966 1978 1977
f 1966 1977 1964
f 1967 1979 1978
f 1967 1978 1966
f 1968 1980 1871
f 1968 1871 1863
f 1969 1981 1980
f 1969 1980 1968
f 1970 1982 1981
f 1970 1981 1969
f 1971 1983 1982
f 1971 1982 1970
f 1972 1984 1983
f 1972 1983 1971
f 1973 1985 1984
f 1973 1984 1972
f 1975 1987 1985
f 1975 1985 1973
f 1987 1988 1986
f 1987 1986 1985
f 1976 1988 1987
f 1976 1987 1975
f 1977 1989 1988
f 1977 1988 1976
f 1978 1990 1989
f 1978 1989 1977
f 1979 1991 1990
f 1979 1990 1978
f 1980 1992 1879
f 1980 1879 1871
f 1981 1993 1992
f 1981 1992 1980
f 1982 1994 1993
f 1982 1993 1981
f 1983 1995 1994
f 1983 1994 1982
f 1984 1996 1995
f 1984 1995 1983
f 1985 1998 1996
f 1985 1996 1984
f 1998 1999 1997
f 1998 1997 1996
f 1986 1999 1998
f 1986 1998 1985
f 1988 2000 1999
f 1988 1999 1986
f 1989 2001 2000
f 1989 2000 1988
f 1990 2003 2001
f 1990 2001 1989
f 2003 2004 2002
f 2003 2002 2001
f 1991 2004 2003
f 1991 2003 1990
f 1992 2005 1889
f 1992 1889 1879
f 1993 2006 2005
f 1993 2005 1992
f 1994 2007 2006
f 1994 2006 1993
f 1995 2009 2007
f 1995 2007 1994
f 2009 2010 2008
f 2009 2008 2007
f 1996 2011 2009
f 1996 2009 1995
f 2011 2012 2010
f 2011 2010 2009
f 1997 2012 2011
f 1997 2011 1996
f 1999 2013 2012
f 1999 2012 1997
f 2000 2015 2013
f 2000 2013 1999
f 2015 2016 2014
f 2015 2014 2013
f 2001 2016 2015
f 2001 2015 2000
f 2002 2017 2016
f 2002 2016 2001
f 2004 2018 2017
f 2004 2017 2002
f 2005 2019 1903
f 2005 1903 1889
f 2019 2020 1904
f 2019 1904 1903
f 2006 2021 2019
f 2006 2019 2005
f 2021 2022 2020
f 2021 2020 2019
f 2007 2023 2021
f 2007 2021 2006
f 2023 2024 2022
f 2023 2022 2021
f 2008 2024 2023
f 2008 2023 2007
f 2010 2025 2024
f 2010 2024 2008
f 2012 2027 2025
f 2012 2025 2010
f 2027 2028 2026
f 2027 2026 2025
f 2013 2029 2027
f 2013 2027 2012
f 2029 2030 2028
f 2029 2028 2027
f 2014 2030 2029
f 2014 2029 2013
f 2016 2032 2030
f 2016 2030 2014
f 2032 2033 2031
f 2032 2031 2030
f 2017 2033 2032
f 2017 2032 2016
f 2037 2036 2034
f 2037 2034 2035
f 2040 2039 651
f 2040 651 652
f 2042 1354 1353
f 2042 1353 2038
f 2043 2042 2038
f 2043 2038 2039
f 2044 2043 2039
f 2044 2039 2040
f 2045 2044 2040
f 2045 2040 2041
f 2046 1356 1354
f 2046 1354 2042
f 2047 2046 2042
f 2047 2042 2043
f 2048 2047 2043
f 2048 2043 2044
f 2049 2048 2044
f 2049 2044 2045
f 2051 1359 1356
f 2051 1356 2046
f 2052 2051 2046
f 2052 2046 2047
f 2053 2052 2047
f 2053 2047 2048
f 2053 2035 2034
f 2053 2034 2052
f 2054 2053 2048
f 2054 2048 2049
f 2055 2054 2049
f 2055 2049 2050
f 2057 2056 2051
f 2057 2051 2052
f 2036 2057 2052
f 2036 2052 2034
f 2037 2058 2057
f 2037 2057 2036
f 2058 2037 2035
f 2058 2035 2053
f 2059 2058 2053
f 2059 2053 2054
f 2060 2059 2054
f 2060 2054 2055
f 2061 1364 1362
f 2061 1362 2056
f 2062 2061 2056
f 2062 2056 2057
f 2063 2062 2057
f 2063 2057 2058
f 2064 2063 2058
f 2064 2058 2059
f 2065 2064 2059
f 2065 2059 2060
f 2066 1366 1364
f 2066 1364 2061
f 2067 2066 2061
f 2067 2061 2062
f 2068 2067 2062
f 2068 2062 2063
f 2069 2068 2063
f 2069 2063 2064
f 2070 2069 2064
f 2070 2064 2065
f 2071 1370 1366
f 2071 1366 2066
f 2072 2071 2066
f 2072 2066 2067
f 2073 2072 2067
f 2073 2067 2068
f 2074 2073 2068
f 2074 2068 2069
f 2075 2074 2069
f 2075 2069 2070
f 2076 1374 451
f 2076 451 663
f 2076 2038 1353
f 2076 1353 1374
f 2077 2076 663
f 2077 663 664
f 2077 2039 2038
f 2077 2038 2076
f 2039 2077 664
f 2039 664 651
f 2078 2040 652
f 2078 652 665
f 2079 2078 665
f 2079 665 666
f 2079 2041 2040
f 2079 2040 2078
f 2080 2079 666
f 2080 666 667
f 2081 2045 2041
f 2081 2041 2079
f 2082 2081 2079
f 2082 2079 2080
f 2084 2049 2045
f 2084 2045 2081
f 2085 2084 2081
f 2085 2081 2082
f 2085 2050 2049
f 2085 2049 2084
f 2086 2085 2082
f 2086 2082 2083
f 2051 2087 1380
f 2051 1380 1359
f 2088 2055 2050
f 2088 2050 2085
f 2089 2088 2085
f 2089 2085 2086
f 2090 1384 1380
f 2090 1380 2087
f 2090 2056 1362
f 2090 1362 1384
f 2056 2090 2087
f 2056 2087 2051
f 2091 2060 2055
f 2091 2055 2088
f 2092 2091 2088
f 2092 2088 2089
f 2093 2065 2060
f 2093 2060 2091
f 2094 2093 2091
f 2094 2091 2092
f 2095 2070 2065
f 2095 2065 2093
f 2096 2095 2093
f 2096 2093 2094
f 2075 2098 2097
f 2075 2097 2074
f 2098 2075 2070
f 2098 2070 2095
f 2099 2098 2095
f 2099 2095 2096
f 2100 1736 1370
f 2100 1370 2071
f 2101 2100 2071
f 2101 2071 2072
f 2102 2101 2072
f 2102 2072 2073
f 2103 2102 2073
f 2103 2073 2074
f 2105 2104 2100
f 2105 2100 2101
f 2106 2105 2101
f 2106 2101 2102
f 2107 2106 2102
f 2107 2102 2103
f 2109 2108 2104
f 2109 2104 2105
f 2110 2109 2105
f 2110 2105 2106
f 2111 1748 1746
f 2111 1746 2108
f 2112 2111 2108
f 2112 2108 2109
f 2113 1750 1748
f 2113 1748 2111
f 2100 2114 1768
f 2100 1768 1736
f 2115 2103 2074
f 2115 2074 2097
f 2116 2115 2097
f 2116 2097 2098
f 2117 2116 2098
f 2117 2098 2099
f 2118 1773 1768
f 2118 1768 2114
f 2104 2118 2114
f 2104 2114 2100
f 2107 2120 2119
f 2107 2119 2106
f 2120 2107 2103
f 2120 2103 2115
f 2121 2120 2115
f 2121 2115 2116
f 2122 2121 2116
f 2122 2116 2117
f 2123 1777 1773
f 2123 1773 2118
f 2123 2108 1746
f 2123 1746 1777
f 2108 2123 2118
f 2108 2118 2104
f 2110 2125 2124
f 2110 2124 2109
f 2125 2110 2106
f 2125 2106 2119
f 2126 2125 2119
f 2126 2119 2120
f 2127 2126 2120
f 2127 2120 2121
f 2112 2129 2128
f 2112 2128 2111
f 2129 2112 2109
f 2129 2109 2124
f 2130 2129 2124
f 2130 2124 2125
f 2131 2130 2125
f 2131 2125 2126
f 2132 2131 2126
f 2132 2126 2127
f 2113 2133 1782
f 2113 1782 1750
f 2133 2113 2111
f 2133 2111 2128
f 2134 2133 2128
f 2134 2128 2129
f 2135 2134 2129
f 2135 2129 2130
f 2136 2135 2130
f 2136 2130 2131
f 2137 1790 1782
f 2137 1782 2133
f 2138 2137 2133
f 2138 2133 2134
f 2139 2080 667
f 2139 667 721
f 2140 2139 721
f 2140 721 722
f 2142 2082 2080
f 2142 2080 2139
f 2143 2142 2139
f 2143 2139 2140
f 2143 2083 2082
f 2143 2082 2142
f 2144 2143 2140
f 2144 2140 2141
f 2145 2086 2083
f 2145 2083 2143
f 2146 2145 2143
f 2146 2143 2144
f 2147 2089 2086
f 2147 2086 2145
f 2148 2147 2145
f 2148 2145 2146
f 2149 2092 2089
f 2149 2089 2147
f 2150 2149 2147
f 2150 2147 2148
f 2151 2094 2092
f 2151 2092 2149
f 2152 2151 2149
f 2152 2149 2150
f 2154 2096 2094
f 2154 2094 2151
f 2155 2154 2151
f 2155 2151 2152
f 2156 2155 2152
f 2156 2152 2153
f 2157 2099 2096
f 2157 2096 2154
f 2158 2157 2154
f 2158 2154 2155
f 2159 2140 722
f 2159 722 739
f 2160 2159 739
f 2160 739 740
f 2160 2141 2140
f 2160 2140 2159
f 2162 2144 2141
f 2162 2141 2160
f 2163 2162 2160
f 2163 2160 2161
f 2164 2146 2144
f 2164 2144 2162
f 2165 2164 2162
f 2165 2162 2163
f 2166 2148 2146
f 2166 2146 2164
f 2167 2166 2164
f 2167 2164 2165
f 2168 2150 2148
f 2168 2148 2166
f 2169 2168 2166
f 2169 2166 2167
f 2170 2152 2150
f 2170 2150 2168
f 2171 2170 2168
f 2171 2168 2169
f 2171 2153 2152
f 2171 2152 2170
f 2156 2173 2172
f 2156 2172 2155
f 2173 2156 2153
f 2173 2153 2171
f 2174 2158 2155
f 2174 2155 2172
f 2175 2174 2172
f 2175 2172 2173
f 2176 2160 740
f 2176 740 757
f 2177 2176 757
f 2177 757 758
f 2177 2161 2160
f 2177 2160 2176
f 2178 2163 2161
f 2178 2161 2177
f 2179 2165 2163
f 2179 2163 2178
f 2180 2167 2165
f 2180 2165 2179
f 2182 2177 758
f 2182 758 775
f 2184 2169 2167
f 2184 2167 2183
f 2185 2171 2169
f 2185 2169 2184
f 2186 2173 2171
f 2186 2171 2185
f 2187 2175 2173
f 2187 2173 2186
f 2189 2178 2177
f 2189 2177 2188
f 2190 2179 2178
f 2190 2178 2189
f 2192 2180 2179
f 2192 2179 2190
f 2192 2183 2167
f 2192 2167 2180
f 2193 2192 2190
f 2193 2190 2191
f 2194 2184 2183
f 2194 2183 2192
f 2195 2194 2192
f 2195 2192 2193
f 2196 2185 2184
f 2196 2184 2194
f 2197 2196 2194
f 2197 2194 2195
f 2198 2186 2185
f 2198 2185 2196
f 2199 2198 2196
f 2199 2196 2197
f 2187 2200 2181
f 2187 2181 2175
f 2200 2187 2186
f 2200 2186 2198
f 2201 2200 2198
f 2201 2198 2199
f 2202 2182 775
f 2202 775 841
f 2202 2188 2177
f 2202 2177 2182
f 2204 2189 2188
f 2204 2188 2202
f 2205 2204 2202
f 2205 2202 2203
f 2206 2190 2189
f 2206 2189 2204
f 2207 2206 2204
f 2207 2204 2205
f 2207 2191 2190
f 2207 2190 2206
f 2208 2193 2191
f 2208 2191 2207
f 2210 2195 2193
f 2210 2193 2208
f 2211 2210 2208
f 2211 2208 2209
f 2212 2197 2195
f 2212 2195 2210
f 2213 2212 2210
f 2213 2210 2211
f 2214 2199 2197
f 2214 2197 2212
f 2215 2214 2212
f 2215 2212 2213
f 2216 2201 2199
f 2216 2199 2214
f 2217 2216 2214
f 2217 2214 2215
f 2218 2202 841
f 2218 841 844
f 2219 2218 844
f 2219 844 845
f 2219 2203 2202
f 2219 2202 2218
f 2221 2205 2203
f 2221 2203 2219
f 2222 2221 2219
f 2222 2219 2220
f 2223 2207 2205
f 2223 2205 2221
f 2224 2223 2221
f 2224 2221 2222
f 2225 2208 2207
f 2225 2207 2223
f 2226 2225 2223
f 2226 2223 2224
f 2226 2209 2208
f 2226 2208 2225
f 2227 2211 2209
f 2227 2209 2226
f 2229 2213 2211
f 2229 2211 2227
f 2230 2229 2227
f 2230 2227 2228
f 2231 2215 2213
f 2231 2213 2229
f 2232 2231 2229
f 2232 2229 2230
f 2233 2217 2215
f 2233 2215 2231
f 2234 2233 2231
f 2234 2231 2232
f 2235 2219 845
f 2235 845 850
f 2236 2235 850
f 2236 850 851
f 2236 2220 2219
f 2236 2219 2235
f 2237 2222 2220
f 2237 2220 2236
f 2239 2224 2222
f 2239 2222 2237
f 2240 2239 2237
f 2240 2237 2238
f 2241 2226 2224
f 2241 2224 2239
f 2242 2241 2239
f 2242 2239 2240
f 2243 2227 2226
f 2243 2226 2241
f 2244 2243 2241
f 2244 2241 2242
f 2244 2228 2227
f 2244 2227 2243
f 2245 2230 2228
f 2245 2228 2244
f 2246 2232 2230
f 2246 2230 2245
f 2247 2234 2232
f 2247 2232 2246
f 2248 2236 851
f 2248 851 861
f 2249 2248 861
f 2249 861 862
f 2250 2237 2236
f 2250 2236 2248
f 2251 2250 2248
f 2251 2248 2249
f 2251 2238 2237
f 2251 2237 2250
f 2252 2240 2238
f 2252 2238 2251
f 2254 2242 2240
f 2254 2240 2252
f 2255 2254 2252
f 2255 2252 2253
f 2256 2244 2242
f 2256 2242 2254
f 2257 2256 2254
f 2257 2254 2255
f 2258 2245 2244
f 2258 2244 2256
f 2259 2258 2256
f 2259 2256 2257
f 2260 2246 2245
f 2260 2245 2258
f 2261 2260 2258
f 2261 2258 2259
f 2263 2247 2246
f 2263 2246 2260
f 2264 2263 2260
f 2264 2260 2261
f 2266 2249 862
f 2266 862 875
f 2268 2251 2249
f 2268 2249 2266
f 2269 2268 2266
f 2269 2266 2267
f 2270 2252 2251
f 2270 2251 2268
f 2271 2270 2268
f 2271 2268 2269
f 2271 2253 2252
f 2271 2252 2270
f 2273 2255 2253
f 2273 2253 2271
f 2274 2273 2271
f 2274 2271 2272
f 2277 2257 2255
f 2277 2255 2273
f 2278 2277 2273
f 2278 2273 2274
f 2279 2278 2274
f 2279 2274 2275
f 2281 2259 2257
f 2281 2257 2277
f 2282 2281 2277
f 2282 2277 2278
f 2283 2282 2278
f 2283 2278 2279
f 2284 2283 2279
f 2284 2279 2280
f 2285 2261 2259
f 2285 2259 2281
f 2286 2285 2281
f 2286 2281 2282
f 2287 2286 2282
f 2287 2282 2283
f 2288 2287 2283
f 2288 2283 2284
f 2289 2264 2261
f 2289 2261 2285
f 2290 2289 2285
f 2290 2285 2286
f 2291 2290 2286
f 2291 2286 2287
f 2292 2291 2287
f 2292 2287 2288
f 2265 2292 2288
f 2265 2288 2262
f 2294 2265 2262
f 2294 2262 2293
f 2296 2280 2276
f 2296 2276 2295
f 2299 2284 2280
f 2299 2280 2296
f 2300 2299 2296
f 2300 2296 2297
f 2301 2300 2297
f 2301 2297 2298
f 2302 2288 2284
f 2302 2284 2299
f 2302 2293 2262
f 2302 2262 2288
f 2303 2302 2299
f 2303 2299 2300
f 2304 2303 2300
f 2304 2300 2301
f 2305 2294 2293
f 2305 2293 2302
f 2306 2305 2302
f 2306 2302 2303
f 2307 2306 2303
f 2307 2303 2304
f 2309 2117 2099
f 2309 2099 2157
f 2310 2309 2157
f 2310 2157 2158
f 2122 2312 2311
f 2122 2311 2121
f 2312 2122 2117
f 2312 2117 2309
f 2313 2312 2309
f 2313 2309 2310
f 2314 2127 2121
f 2314 2121 2311
f 2315 2314 2311
f 2315 2311 2312
f 2316 2315 2312
f 2316 2312 2313
f 2132 2318 2317
f 2132 2317 2131
f 2318 2132 2127
f 2318 2127 2314
f 2319 2318 2314
f 2319 2314 2315
f 2135 2321 2320
f 2135 2320 2134
f 2136 2322 2321
f 2136 2321 2135
f 2322 2136 2131
f 2322 2131 2317
f 2323 2322 2317
f 2323 2317 2318
f 2137 2324 1924
f 2137 1924 1790
f 2138 2325 2324
f 2138 2324 2137
f 2325 2138 2134
f 2325 2134 2320
f 2326 2325 2320
f 2326 2320 2321
f 2327 2326 2321
f 2327 2321 2322
f 2328 1928 1924
f 2328 1924 2324
f 2329 2328 2324
f 2329 2324 2325
f 2330 2329 2325
f 2330 2325 2326
f 2331 2310 2158
f 2331 2158 2174
f 2332 2331 2174
f 2332 2174 2175
f 2333 2313 2310
f 2333 2310 2331
f 2334 2333 2331
f 2334 2331 2332
f 2316 2336 2335
f 2316 2335 2315
f 2336 2316 2313
f 2336 2313 2333
f 2337 2336 2333
f 2337 2333 2334
f 2319 2339 2338
f 2319 2338 2318
f 2339 2319 2315
f 2339 2315 2335
f 2340 2339 2335
f 2340 2335 2336
f 2323 2342 2341
f 2323 2341 2322
f 2342 2323 2318
f 2342 2318 2338
f 2343 2342 2338
f 2343 2338 2339
f 2344 2343 2339
f 2344 2339 2340
f 2327 2346 2345
f 2327 2345 2326
f 2346 2327 2322
f 2346 2322 2341
f 2347 2346 2341
f 2347 2341 2342
f 2348 2347 2342
f 2348 2342 2343
f 2328 2349 1950
f 2328 1950 1928
f 2329 2350 2349
f 2329 2349 2328
f 2330 2351 2350
f 2330 2350 2329
f 2351 2330 2326
f 2351 2326 2345
f 2352 2351 2345
f 2352 2345 2346
f 2353 2332 2175
f 2353 2175 2181
f 2354 2334 2332
f 2354 2332 2353
f 2337 2356 2355
f 2337 2355 2336
f 2356 2337 2334
f 2356 2334 2354
f 2357 2340 2336
f 2357 2336 2355
f 2358 2357 2355
f 2358 2355 2356
f 2344 2360 2359
f 2344 2359 2343
f 2360 2344 2340
f 2360 2340 2357
f 2361 2360 2357
f 2361 2357 2358
f 2347 2363 2362
f 2347 2362 2346
f 2348 2364 2363
f 2348 2363 2347
f 2364 2348 2343
f 2364 2343 2359
f 2365 2364 2359
f 2365 2359 2360
f 2349 2366 1965
f 2349 1965 1950
f 2350 2367 2366
f 2350 2366 2349
f 2351 2368 2367
f 2351 2367 2350
f 2352 2369 2368
f 2352 2368 2351
f 2369 2352 2346
f 2369 2346 2362
f 2370 2369 2362
f 2370 2362 2363
f 2371 2370 2363
f 2371 2363 2364
f 2372 1967 1965
f 2372 1965 2366
f 2373 2372 2366
f 2373 2366 2367
f 2374 2373 2367
f 2374 2367 2368
f 2375 2374 2368
f 2375 2368 2369
f 2377 2358 2356
f 2377 2356 2376
f 2361 2379 2378
f 2361 2378 2360
f 2379 2361 2358
f 2379 2358 2377
f 2365 2381 2380
f 2365 2380 2364
f 2381 2365 2360
f 2381 2360 2378
f 2382 2381 2378
f 2382 2378 2379
f 2370 2384 2383
f 2370 2383 2369
f 2371 2385 2384
f 2371 2384 2370
f 2385 2371 2364
f 2385 2364 2380
f 2386 2385 2380
f 2386 2380 2381
f 2372 2387 1979
f 2372 1979 1967
f 2373 2388 2387
f 2373 2387 2372
f 2374 2389 2388
f 2374 2388 2373
f 2375 2390 2389
f 2375 2389 2374
f 2390 2375 2369
f 2390 2369 2383
f 2391 2390 2383
f 2391 2383 2384
f 2382 2394 2393
f 2382 2393 2381
f 2394 2382 2379
f 2394 2379 2392
f 2385 2396 2395
f 2385 2395 2384
f 2386 2397 2396
f 2386 2396 2385
f 2397 2386 2381
f 2397 2381 2393
f 2398 2397 2393
f 2398 2393 2394
f 2387 2399 1991
f 2387 1991 1979
f 2388 2400 2399
f 2388 2399 2387
f 2389 2401 2400
f 2389 2400 2388
f 2390 2402 2401
f 2390 2401 2389
f 2391 2403 2402
f 2391 2402 2390
f 2403 2391 2384
f 2403 2384 2395
f 2404 2403 2395
f 2404 2395 2396
f 2397 2407 2406
f 2397 2406 2396
f 2398 2408 2407
f 2398 2407 2397
f 2408 2398 2394
f 2408 2394 2405
f 2399 2409 2004
f 2399 2004 1991
f 2400 2410 2409
f 2400 2409 2399
f 2401 2411 2410
f 2401 2410 2400
f 2402 2412 2411
f 2402 2411 2401
f 2403 2413 2412
f 2403 2412 2402
f 2404 2414 2413
f 2404 2413 2403
f 2414 2404 2396
f 2414 2396 2406
f 2415 2414 2406
f 2415 2406 2407
f 2408 2418 2417
f 2408 2417 2407
f 2018 2419 2416
f 2018 2416 2017
f 2409 2419 2018
f 2409 2018 2004
f 2410 2420 2419
f 2410 2419 2409
f 2411 2421 2420
f 2411 2420 2410
f 2412 2422 2421
f 2412 2421 2411
f 2413 2423 2422
f 2413 2422 2412
f 2414 2424 2423
f 2414 2423 2413
f 2415 2425 2424
f 2415 2424 2414
f 2425 2415 2407
f 2425 2407 2417
f 2416 2426 2033
f 2416 2033 2017
f 2418 2428 2427
f 2418 2427 2417
f 2419 2429 2426
f 2419 2426 2416
f 2420 2430 2429
f 2420 2429 2419
f 2421 2431 2430
f 2421 2430 2420
f 2422 2432 2431
f 2422 2431 2421
f 2423 2433 2432
f 2423 2432 2422
f 2424 2434 2433
f 2424 2433 2423
f 2425 2435 2434
f 2425 2434 2424
f 2435 2425 2417
f 2435 2417 2427
f 2436 2435 2427
f 2436 2427 2428
f 2437 2353 2181
f 2437 2181 2200
f 2438 2437 2200
f 2438 2200 2201
f 2439 2354 2353
f 2439 2353 2437
f 2440 2356 2354
f 2440 2354 2439
f 2438 2442 2441
f 2438 2441 2437
f 2442 2438 2201
f 2442 2201 2216
f 2443 2442 2216
f 2443 2216 2217
f 2444 2439 2437
f 2444 2437 2441
f 2445 2444 2441
f 2445 2441 2442
f 2440 2446 2376
f 2440 2376 2356
f 2446 2440 2439
f 2446 2439 2444
f 2447 2446 2444
f 2447 2444 2445
f 2448 2377 2376
f 2448 2376 2446
f 2449 2448 2446
f 2449 2446 2447
f 2450 2379 2377
f 2450 2377 2448
f 2443 2452 2451
f 2443 2451 2442
f 2452 2443 2217
f 2452 2217 2233
f 2453 2452 2233
f 2453 2233 2234
f 2454 2445 2442
f 2454 2442 2451
f 2455 2454 2451
f 2455 2451 2452
f 2456 2447 2445
f 2456 2445 2454
f 2457 2456 2454
f 2457 2454 2455
f 2449 2459 2458
f 2449 2458 2448
f 2459 2449 2447
f 2459 2447 2456
f 2460 2459 2456
f 2460 2456 2457
f 2450 2461 2392
f 2450 2392 2379
f 2461 2450 2448
f 2461 2448 2458
f 2462 2461 2458
f 2462 2458 2459
f 2463 2394 2392
f 2463 2392 2461
f 2453 2465 2464
f 2453 2464 2452
f 2465 2453 2234
f 2465 2234 2247
f 2466 2455 2452
f 2466 2452 2464
f 2467 2466 2464
f 2467 2464 2465
f 2468 2457 2455
f 2468 2455 2466
f 2469 2468 2466
f 2469 2466 2467
f 2460 2471 2470
f 2460 2470 2459
f 2471 2460 2457
f 2471 2457 2468
f 2472 2471 2468
f 2472 2468 2469
f 2462 2474 2473
f 2462 2473 2461
f 2474 2462 2459
f 2474 2459 2470
f 2475 2474 2470
f 2475 2470 2471
f 2463 2476 2405
f 2463 2405 2394
f 2476 2463 2461
f 2476 2461 2473
f 2477 2476 2473
f 2477 2473 2474
f 2478 2408 2405
f 2478 2405 2476
f 2479 2465 2247
f 2479 2247 2263
f 2480 2479 2263
f 2480 2263 2264
f 2482 2467 2465
f 2482 2465 2479
f 2483 2482 2479
f 2483 2479 2480
f 2485 2469 2467
f 2485 2467 2482
f 2486 2485 2482
f 2486 2482 2483
f 2472 2488 2487
f 2472 2487 2471
f 2488 2472 2469
f 2488 2469 2485
f 2489 2488 2485
f 2489 2485 2486
f 2475 2491 2490
f 2475 2490 2474
f 2491 2475 2471
f 2491 2471 2487
f 2492 2491 2487
f 2492 2487 2488
f 2477 2494 2493
f 2477 2493 2476
f 2494 2477 2474
f 2494 2474 2490
f 2495 2494 2490
f 2495 2490 2491
f 2478 2496 2418
f 2478 2418 2408
f 2496 2478 2476
f 2496 2476 2493
f 2497 2496 2493
f 2497 2493 2494
f 2498 2480 2264
f 2498 2264 2289
f 2499 2498 2289
f 2499 2289 2290
f 2500 2499 2290
f 2500 2290 2291
f 2501 2500 2291
f 2501 2291 2292
f 2481 2501 2292
f 2481 2292 2265
f 2502 2483 2480
f 2502 2480 2498
f 2503 2502 2498
f 2503 2498 2499
f 2504 2503 2499
f 2504 2499 2500
f 2505 2504 2500
f 2505 2500 2501
f 2484 2505 2501
f 2484 2501 2481
f 2506 2486 2483
f 2506 2483 2502
f 2507 2506 2502
f 2507 2502 2503
f 2508 2507 2503
f 2508 2503 2504
f 2509 2508 2504
f 2509 2504 2505
f 2489 2511 2510
f 2489 2510 2488
f 2511 2489 2486
f 2511 2486 2506
f 2512 2511 2506
f 2512 2506 2507
f 2513 2512 2507
f 2513 2507 2508
f 2514 2513 2508
f 2514 2508 2509
f 2492 2516 2515
f 2492 2515 2491
f 2516 2492 2488
f 2516 2488 2510
f 2517 2516 2510
f 2517 2510 2511
f 2519 2518 2513
f 2519 2513 2514
f 2495 2521 2520
f 2495 2520 2494
f 2521 2495 2491
f 2521 2491 2515
f 2522 2521 2515
f 2522 2515 2516
f 2496 2523 2428
f 2496 2428 2418
f 2497 2524 2523
f 2497 2523 2496
f 2524 2497 2494
f 2524 2494 2520
f 2525 2524 2520
f 2525 2520 2521
f 2526 2436 2428
f 2526 2428 2523
f 2527 2481 2265
f 2527 2265 2294
f 2528 2484 2481
f 2528 2481 2527
f 2529 2527 2294
f 2529 2294 2305
f 2530 2529 2305
f 2530 2305 2306
f 2531 2530 2306
f 2531 2306 2307
f 2532 2531 2307
f 2532 2307 2308
f 2528 2533 2505
f 2528 2505 2484
f 2533 2528 2527
f 2533 2527 2529
f 2534 2533 2529
f 2534 2529 2530
f 2535 2534 2530
f 2535 2530 2531
f 2536 2535 2531
f 2536 2531 2532
f 2537 2509 2505
f 2537 2505 2533
f 2538 2537 2533
f 2538 2533 2534
f 2539 2538 2534
f 2539 2534 2535
f 2540 2514 2509
f 2540 2509 2537
f 2541 2540 2537
f 2541 2537 2538
f 2543 507 506
f 2543 506 2542
f 2544 508 507
f 2544 507 2543
f 2545 509 508
f 2545 508 2544
f 2546 510 509
f 2546 509 2545
f 2547 511 510
f 2547 510 2546
f 512 2548 2542
f 512 2542 506
f 2548 2549 2543
f 2548 2543 2542
f 2549 2550 2544
f 2549 2544 2543
f 2550 2551 2545
f 2550 2545 2544
f 2551 2552 2546
f 2551 2546 2545
f 2552 2553 2547
f 2552 2547 2546
f 2553 513 511
f 2553 511 2547
f 514 2554 2548
f 514 2548 512
f 2554 2555 2549
f 2554 2549 2548
f 515 2555 2554
f 515 2554 514
f 516 2556 2555
f 516 2555 515
f 517 2557 2556
f 517 2556 516
f 518 2558 2557
f 518 2557 517
f 519 2559 2558
f 519 2558 518
f 520 2560 2559
f 520 2559 519
f 521 2561 2560
f 521 2560 520
f 522 2562 2561
f 522 2561 521
f 523 2563 2562
f 523 2562 522
f 2565 2550 2549
f 2565 2549 2564
f 2566 2551 2550
f 2566 2550 2565
f 2567 2552 2551
f 2567 2551 2566
f 2568 2553 2552
f 2568 2552 2567
f 2555 2569 2564
f 2555 2564 2549
f 2569 2570 2565
f 2569 2565 2564
f 2570 2571 2566
f 2570 2566 2565
f 2571 2572 2567
f 2571 2567 2566
f 2572 2573 2568
f 2572 2568 2567
f 2556 2574 2569
f 2556 2569 2555
f 2574 2575 2570
f 2574 2570 2569
f 2557 2575 2574
f 2557 2574 2556
f 2575 2576 2571
f 2575 2571 2570
f 2558 2577 2575
f 2558 2575 2557
f 2577 2578 2576
f 2577 2576 2575
f 2559 2578 2577
f 2559 2577 2558
f 2560 2581 2578
f 2560 2578 2559
f 2581 2582 2579
f 2581 2579 2578
f 2561 2582 2581
f 2561 2581 2560
f 2582 2583 2580
f 2582 2580 2579
f 2562 2583 2582
f 2562 2582 2561
f 2563 2584 2583
f 2563 2583 2562
f 2586 2572 2571
f 2586 2571 2585
f 2587 2573 2572
f 2587 2572 2586
f 2576 2588 2585
f 2576 2585 2571
f 2588 2589 2586
f 2588 2586 2585
f 2589 2590 2587
f 2589 2587 2586
f 2578 2591 2588
f 2578 2588 2576
f 2591 2592 2589
f 2591 2589 2588
f 2579 2592 2591
f 2579 2591 2578
f 2592 2593 2590
f 2592 2590 2589
f 2580 2593 2592
f 2580 2592 2579
f 2583 2594 2593
f 2583 2593 2580
f 2584 2595 2594
f 2584 2594 2583
f 2598 645 644
f 2598 644 2597
f 645 2598 2596
f 645 2596 642
f 647 2599 2597
f 647 2597 644
f 2599 2600 2598
f 2599 2598 2597
f 2602 649 648
f 2602 648 2601
f 649 2602 2599
f 649 2599 647
f 650 2603 2601
f 650 2601 648
f 2603 2604 2602
f 2603 2602 2601
f 2607 2600 2599
f 2607 2599 2606
f 2600 2607 2605
f 2600 2605 2598
f 2602 2608 2606
f 2602 2606 2599
f 2608 2609 2607
f 2608 2607 2606
f 2604 2610 2608
f 2604 2608 2602
f 2610 2611 2609
f 2610 2609 2608
f 2609 2613 2612
f 2609 2612 2607
f 2611 2614 2613
f 2611 2613 2609
f 2615 679 513
f 2615 513 2553
f 2616 680 679
f 2616 679 2615
f 2617 2618 2616
f 2617 2616 2615
f 2618 682 680
f 2618 680 2616
f 2619 683 682
f 2619 682 2618
f 2620 684 683
f 2620 683 2619
f 2621 686 684
f 2621 684 2620
f 2622 687 686
f 2622 686 2621
f 2624 691 687
f 2624 687 2622
f 2625 2624 2622
f 2625 2622 2623
f 2625 692 691
f 2625 691 2624
f 693 2627 2563
f 693 2563 523
f 694 2628 2627
f 694 2627 693
f 2629 697 692
f 2629 692 2625
f 2630 2629 2625
f 2630 2625 2626
f 2630 698 697
f 2630 697 2629
f 2634 2633 2627
f 2634 2627 2628
f 699 2634 2628
f 699 2628 694
f 700 2635 2634
f 700 2634 699
f 2636 703 698
f 2636 698 2630
f 2637 2636 2630
f 2637 2630 2631
f 2638 2637 2631
f 2638 2631 2632
f 2639 2615 2553
f 2639 2553 2568
f 2573 2640 2639
f 2573 2639 2568
f 2640 2617 2615
f 2640 2615 2639
f 2641 2618 2617
f 2641 2617 2640
f 2642 2643 2641
f 2642 2641 2640
f 2643 2619 2618
f 2643 2618 2641
f 2644 2620 2619
f 2644 2619 2643
f 2645 2621 2620
f 2645 2620 2644
f 2646 2622 2621
f 2646 2621 2645
f 2647 2623 2622
f 2647 2622 2646
f 2648 2625 2623
f 2648 2623 2647
f 2649 2626 2625
f 2649 2625 2648
f 2627 2650 2584
f 2627 2584 2563
f 2651 2630 2626
f 2651 2626 2649
f 2652 2631 2630
f 2652 2630 2651
f 2653 2632 2631
f 2653 2631 2652
f 2633 2654 2650
f 2633 2650 2627
f 2634 2655 2654
f 2634 2654 2633
f 2656 2638 2632
f 2656 2632 2653
f 2657 2640 2573
f 2657 2573 2587
f 2590 2658 2657
f 2590 2657 2587
f 2658 2642 2640
f 2658 2640 2657
f 2659 2643 2642
f 2659 2642 2658
f 2660 2644 2643
f 2660 2643 2659
f 2593 2661 2658
f 2593 2658 2590
f 2661 2662 2659
f 2661 2659 2658
f 2662 2663 2660
f 2662 2660 2659
f 2663 2645 2644
f 2663 2644 2660
f 2664 2646 2645
f 2664 2645 2663
f 2665 2647 2646
f 2665 2646 2664
f 2594 2666 2661
f 2594 2661 2593
f 2666 2667 2662
f 2666 2662 2661
f 2668 2669 2665
f 2668 2665 2664
f 2669 2648 2647
f 2669 2647 2665
f 2670 2649 2648
f 2670 2648 2669
f 2595 2671 2666
f 2595 2666 2594
f 2650 2671 2595
f 2650 2595 2584
f 2673 2651 2649
f 2673 2649 2670
f 2674 2652 2651
f 2674 2651 2673
f 2675 2653 2652
f 2675 2652 2674
f 2654 2676 2671
f 2654 2671 2650
f 2676 2677 2672
f 2676 2672 2671
f 2655 2677 2676
f 2655 2676 2654
f 2678 2656 2653
f 2678 2653 2675
f 2680 2663 2662
f 2680 2662 2679
f 2681 2664 2663
f 2681 2663 2680
f 2683 2667 2666
f 2683 2666 2682
f 2667 2683 2679
f 2667 2679 2662
f 2683 2684 2680
f 2683 2680 2679
f 2684 2685 2681
f 2684 2681 2680
f 2685 2668 2664
f 2685 2664 2681
f 2686 2669 2668
f 2686 2668 2685
f 2687 2670 2669
f 2687 2669 2686
f 2671 2688 2682
f 2671 2682 2666
f 2688 2689 2683
f 2688 2683 2682
f 2672 2689 2688
f 2672 2688 2671
f 2689 2690 2684
f 2689 2684 2683
f 2690 2691 2685
f 2690 2685 2684
f 2691 2692 2686
f 2691 2686 2685
f 2692 2693 2687
f 2692 2687 2686
f 2693 2673 2670
f 2693 2670 2687
f 2694 2674 2673
f 2694 2673 2693
f 2695 2675 2674
f 2695 2674 2694
f 2677 2696 2689
f 2677 2689 2672
f 2696 2697 2690
f 2696 2690 2689
f 2697 2698 2691
f 2697 2691 2690
f 2698 2699 2692
f 2698 2692 2691
f 2700 2701 2695
f 2700 2695 2694
f 2701 2678 2675
f 2701 2675 2695
f 2703 2693 2692
f 2703 2692 2702
f 2704 2694 2693
f 2704 2693 2703
f 2706 2699 2698
f 2706 2698 2705
f 2699 2706 2702
f 2699 2702 2692
f 2706 2707 2703
f 2706 2703 2702
f 2707 2708 2704
f 2707 2704 2703
f 2708 2700 2694
f 2708 2694 2704
f 2709 2701 2700
f 2709 2700 2708
f 2711 2710 2656
f 2711 2656 2678
f 2712 2711 2678
f 2712 2678 2701
f 2714 2713 2634
f 2714 2634 2635
f 816 2714 2635
f 816 2635 700
f 817 2715 2714
f 817 2714 816
f 819 2717 2716
f 819 2716 818
f 2718 819 703
f 2718 703 2636
f 2719 2718 2636
f 2719 2636 2637
f 2719 820 819
f 2719 819 2718
f 2720 2719 2637
f 2720 2637 2638
f 2720 821 820
f 2720 820 2719
f 2722 2721 2714
f 2722 2714 2715
f 822 2722 2715
f 822 2715 817
f 823 2723 2722
f 823 2722 822
f 2723 823 818
f 2723 818 2716
f 2724 2723 2716
f 2724 2716 2717
f 824 2724 2717
f 824 2717 819
f 825 2725 2724
f 825 2724 824
f 2726 826 821
f 2726 821 2720
f 2728 829 828
f 2728 828 2727
f 2729 830 829
f 2729 829 2728
f 2730 2729 2722
f 2730 2722 2723
f 2730 831 830
f 2730 830 2729
f 2731 2730 2723
f 2731 2723 2724
f 2731 832 831
f 2731 831 2730
f 2732 2731 2724
f 2732 2724 2725
f 2732 833 832
f 2732 832 2731
f 833 2732 2725
f 833 2725 825
f 2733 834 826
f 2733 826 2726
f 2734 835 642
f 2734 642 2596
f 2735 836 835
f 2735 835 2734
f 836 2735 2727
f 836 2727 828
f 2735 2736 2728
f 2735 2728 2727
f 2598 2737 2734
f 2598 2734 2596
f 2713 2738 2655
f 2713 2655 2634
f 2714 2739 2738
f 2714 2738 2713
f 2740 2720 2638
f 2740 2638 2656
f 2721 2741 2739
f 2721 2739 2714
f 2722 2742 2741
f 2722 2741 2721
f 2744 2743 2741
f 2744 2741 2742
f 2744 2729 2728
f 2744 2728 2743
f 2729 2744 2742
f 2729 2742 2722
f 2746 2735 2734
f 2746 2734 2745
f 2747 2736 2735
f 2747 2735 2746
f 2736 2747 2743
f 2736 2743 2728
f 2748 2737 2598
f 2748 2598 2605
f 2737 2748 2745
f 2737 2745 2734
f 2748 2749 2746
f 2748 2746 2745
f 2607 2750 2748
f 2607 2748 2605
f 2738 2751 2677
f 2738 2677 2655
f 2739 2752 2751
f 2739 2751 2738
f 2741 2753 2752
f 2741 2752 2739
f 2743 2755 2753
f 2743 2753 2741
f 2755 2756 2754
f 2755 2754 2753
f 2758 2747 2746
f 2758 2746 2757
f 2747 2758 2755
f 2747 2755 2743
f 2758 2759 2756
f 2758 2756 2755
f 2761 2749 2748
f 2761 2748 2760
f 2749 2761 2757
f 2749 2757 2746
f 2761 2762 2758
f 2761 2758 2757
f 2763 2750 2607
f 2763 2607 2612
f 2750 2763 2760
f 2750 2760 2748
f 2763 2764 2761
f 2763 2761 2760
f 2613 2765 2763
f 2613 2763 2612
f 2614 2766 2765
f 2614 2765 2613
f 2751 2767 2696
f 2751 2696 2677
f 2767 2768 2697
f 2767 2697 2696
f 2752 2768 2767
f 2752 2767 2751
f 2768 2769 2698
f 2768 2698 2697
f 2753 2772 2768
f 2753 2768 2752
f 2772 2773 2769
f 2772 2769 2768
f 2754 2773 2772
f 2754 2772 2753
f 2773 2774 2770
f 2773 2770 2769
f 2756 2775 2773
f 2756 2773 2754
f 2775 2776 2774
f 2775 2774 2773
f 2778 2759 2758
f 2778 2758 2777
f 2759 2778 2775
f 2759 2775 2756
f 2780 2762 2761
f 2780 2761 2779
f 2762 2780 2777
f 2762 2777 2758
f 2780 2781 2778
f 2780 2778 2777
f 2783 2764 2763
f 2783 2763 2782
f 2764 2783 2779
f 2764 2779 2761
f 2783 2784 2780
f 2783 2780 2779
f 2765 2785 2782
f 2765 2782 2763
f 2785 2786 2783
f 2785 2783 2782
f 2786 2787 2784
f 2786 2784 2783
f 2766 2788 2785
f 2766 2785 2765
f 2788 2789 2786
f 2788 2786 2785
f 2769 2790 2705
f 2769 2705 2698
f 2790 2791 2706
f 2790 2706 2705
f 2770 2791 2790
f 2770 2790 2769
f 2791 2792 2707
f 2791 2707 2706
f 2792 2793 2708
f 2792 2708 2707
f 2793 2794 2709
f 2793 2709 2708
f 2794 2771 2701
f 2794 2701 2709
f 2774 2795 2791
f 2774 2791 2770
f 2795 2796 2792
f 2795 2792 2791
f 2796 2797 2793
f 2796 2793 2792
f 2800 2776 2775
f 2800 2775 2799
f 2776 2800 2795
f 2776 2795 2774
f 2800 2801 2796
f 2800 2796 2795
f 2801 2802 2797
f 2801 2797 2796
f 2778 2804 2799
f 2778 2799 2775
f 2804 2805 2800
f 2804 2800 2799
f 2805 2806 2801
f 2805 2801 2800
f 2806 2807 2802
f 2806 2802 2801
f 2809 2781 2780
f 2809 2780 2808
f 2781 2809 2804
f 2781 2804 2778
f 2809 2810 2805
f 2809 2805 2804
f 2784 2811 2808
f 2784 2808 2780
f 2811 2812 2809
f 2811 2809 2808
f 2812 2813 2810
f 2812 2810 2809
f 2815 2787 2786
f 2815 2786 2814
f 2787 2815 2811
f 2787 2811 2784
f 2815 2816 2812
f 2815 2812 2811
f 2789 2817 2814
f 2789 2814 2786
f 2817 2818 2815
f 2817 2815 2814
f 2818 2819 2816
f 2818 2816 2815
f 2821 2794 2793
f 2821 2793 2820
f 2797 2822 2820
f 2797 2820 2793
f 2822 2823 2821
f 2822 2821 2820
f 2823 2798 2794
f 2823 2794 2821
f 2802 2824 2822
f 2802 2822 2797
f 2824 2825 2823
f 2824 2823 2822
f 2825 2803 2798
f 2825 2798 2823
f 2827 2806 2805
f 2827 2805 2826
f 2828 2807 2806
f 2828 2806 2827
f 2807 2828 2824
f 2807 2824 2802
f 2828 2829 2825
f 2828 2825 2824
f 2810 2830 2826
f 2810 2826 2805
f 2830 2831 2827
f 2830 2827 2826
f 2831 2832 2828
f 2831 2828 2827
f 2834 2813 2812
f 2834 2812 2833
f 2813 2834 2830
f 2813 2830 2810
f 2834 2835 2831
f 2834 2831 2830
f 2816 2836 2833
f 2816 2833 2812
f 2836 2837 2834
f 2836 2834 2833
f 2837 2838 2835
f 2837 2835 2834
f 2819 2839 2836
f 2819 2836 2816
f 2839 2840 2837
f 2839 2837 2836
f 2840 2841 2838
f 2840 2838 2837
f 2843 2829 2828
f 2843 2828 2842
f 2845 2832 2831
f 2845 2831 2844
f 2832 2845 2842
f 2832 2842 2828
f 2845 2846 2843
f 2845 2843 2842
f 2835 2847 2844
f 2835 2844 2831
f 2847 2848 2845
f 2847 2845 2844
f 2848 2849 2846
f 2848 2846 2845
f 2838 2850 2847
f 2838 2847 2835
f 2850 2851 2848
f 2850 2848 2847
f 2851 2852 2849
f 2851 2849 2848
f 2854 2841 2840
f 2854 2840 2853
f 2841 2854 2850
f 2841 2850 2838
f 2854 2855 2851
f 2854 2851 2850
f 2855 2856 2852
f 2855 2852 2851
f 2858 2726 2720
f 2858 2720 2857
f 2859 2733 2726
f 2859 2726 2858
f 2859 863 834
f 2859 834 2733
f 2861 864 863
f 2861 863 2859
f 2862 2861 2859
f 2862 2859 2860
f 2862 865 864
f 2862 864 2861
f 2864 867 865
f 2864 865 2862
f 2865 2864 2862
f 2865 2862 2863
f 2865 868 867
f 2865 867 2864
f 2867 870 868
f 2867 868 2865
f 2868 2867 2865
f 2868 2865 2866
f 2869 872 870
f 2869 870 2867
f 2870 2869 2867
f 2870 2867 2868
f 2870 873 872
f 2870 872 2869
f 2871 875 873
f 2871 873 2870
f 2873 2740 2656
f 2873 2656 2710
f 2873 2857 2720
f 2873 2720 2740
f 2875 2858 2857
f 2875 2857 2873
f 2876 2875 2873
f 2876 2873 2874
f 2877 2859 2858
f 2877 2858 2875
f 2878 2877 2875
f 2878 2875 2876
f 2878 2860 2859
f 2878 2859 2877
f 2879 2862 2860
f 2879 2860 2878
f 2880 2863 2862
f 2880 2862 2879
f 2881 2865 2863
f 2881 2863 2880
f 2882 2866 2865
f 2882 2865 2881
f 2883 2868 2866
f 2883 2866 2882
f 2885 2870 2868
f 2885 2868 2883
f 2886 2885 2883
f 2886 2883 2884
f 2887 2871 2870
f 2887 2870 2885
f 2888 2887 2885
f 2888 2885 2886
f 2888 2872 2871
f 2888 2871 2887
f 2889 2873 2710
f 2889 2710 2711
f 2890 2874 2873
f 2890 2873 2889
f 2891 2892 2890
f 2891 2890 2889
f 2892 2876 2874
f 2892 2874 2890
f 2893 2878 2876
f 2893 2876 2892
f 2894 2879 2878
f 2894 2878 2893
f 2895 2880 2879
f 2895 2879 2894
f 2896 2881 2880
f 2896 2880 2895
f 2897 2882 2881
f 2897 2881 2896
f 2898 2883 2882
f 2898 2882 2897
f 2899 2884 2883
f 2899 2883 2898
f 2900 2901 2899
f 2900 2899 2898
f 2901 2886 2884
f 2901 2884 2899
f 2902 2888 2886
f 2902 2886 2901
f 2771 2903 2712
f 2771 2712 2701
f 2903 2889 2711
f 2903 2711 2712
f 2904 2891 2889
f 2904 2889 2903
f 2905 2892 2891
f 2905 2891 2904
f 2906 2907 2905
f 2906 2905 2904
f 2907 2893 2892
f 2907 2892 2905
f 2908 2894 2893
f 2908 2893 2907
f 2909 2895 2894
f 2909 2894 2908
f 2910 2896 2895
f 2910 2895 2909
f 2911 2897 2896
f 2911 2896 2910
f 2912 2898 2897
f 2912 2897 2911
f 2913 2900 2898
f 2913 2898 2912
f 2914 2901 2900
f 2914 2900 2913
f 2915 2916 2914
f 2915 2914 2913
f 2916 2902 2901
f 2916 2901 2914
f 2920 2903 2771
f 2920 2771 2794
f 2798 2921 2920
f 2798 2920 2794
f 2921 2904 2903
f 2921 2903 2920
f 2803 2922 2921
f 2803 2921 2798
f 2922 2906 2904
f 2922 2904 2921
f 2923 2907 2906
f 2923 2906 2922
f 2924 2925 2923
f 2924 2923 2922
f 2925 2908 2907
f 2925 2907 2923
f 2926 2909 2908
f 2926 2908 2925
f 2927 2928 2926
f 2927 2926 2925
f 2928 2910 2909
f 2928 2909 2926
f 2929 2911 2910
f 2929 2910 2928
f 2930 2931 2929
f 2930 2929 2928
f 2931 2912 2911
f 2931 2911 2929
f 2932 2913 2912
f 2932 2912 2931
f 2933 2915 2913
f 2933 2913 2932
f 2934 2916 2915
f 2934 2915 2933
f 2936 2918 2917
f 2936 2917 2935
f 2937 2919 2918
f 2937 2918 2936
f 2938 2922 2803
f 2938 2803 2825
f 2829 2939 2938
f 2829 2938 2825
f 2939 2924 2922
f 2939 2922 2938
f 2940 2925 2924
f 2940 2924 2939
f 2941 2942 2940
f 2941 2940 2939
f 2942 2927 2925
f 2942 2925 2940
f 2943 2928 2927
f 2943 2927 2942
f 2944 2945 2943
f 2944 2943 2942
f 2945 2930 2928
f 2945 2928 2943
f 2946 2931 2930
f 2946 2930 2945
f 2948 2949 2946
f 2948 2946 2945
f 2949 2932 2931
f 2949 2931 2946
f 2950 2951 2948
f 2950 2948 2947
f 2951 2952 2949
f 2951 2949 2948
f 2952 2933 2932
f 2952 2932 2949
f 2953 2934 2933
f 2953 2933 2952
f 2954 2935 2934
f 2954 2934 2953
f 2955 2936 2935
f 2955 2935 2954
f 2956 2937 2936
f 2956 2936 2955
f 2957 2939 2829
f 2957 2829 2843
f 2846 2958 2957
f 2846 2957 2843
f 2958 2941 2939
f 2958 2939 2957
f 2959 2942 2941
f 2959 2941 2958
f 2849 2960 2958
f 2849 2958 2846
f 2960 2961 2959
f 2960 2959 2958
f 2961 2944 2942
f 2961 2942 2959
f 2962 2945 2944
f 2962 2944 2961
f 2852 2963 2960
f 2852 2960 2849
f 2963 2964 2961
f 2963 2961 2960
f 2964 2965 2962
f 2964 2962 2961
f 2948 2965 2964
f 2948 2964 2947
f 2965 2948 2945
f 2965 2945 2962
f 2856 2966 2963
f 2856 2963 2852
f 2966 2967 2964
f 2966 2964 2963
f 2967 2950 2947
f 2967 2947 2964
f 2968 2951 2950
f 2968 2950 2967
f 2969 2952 2951
f 2969 2951 2968
f 2971 2954 2953
f 2971 2953 2970
f 2972 2955 2954
f 2972 2954 2971
f 2973 2956 2955
f 2973 2955 2972
f 2975 2970 2969
f 2975 2969 2974
f 2976 2971 2970
f 2976 2970 2975
f 2977 2972 2971
f 2977 2971 2976
f 2978 2973 2972
f 2978 2972 2977
f 2980 2979 2919
f 2980 2919 2937
f 2983 2980 2937
f 2983 2937 2956
f 2984 2981 2980
f 2984 2980 2983
f 2985 2982 2981
f 2985 2981 2984
f 2986 2983 2956
f 2986 2956 2973
f 2987 2984 2983
f 2987 2983 2986
f 2988 2985 2984
f 2988 2984 2987
f 2989 2986 2973
f 2989 2973 2978
f 2990 2987 2986
f 2990 2986 2989
f 2991 2988 2987
f 2991 2987 2990
f 2993 2975 2974
f 2993 2974 2992
f 2994 2976 2975
f 2994 2975 2993
f 2995 2977 2976
f 2995 2976 2994
f 2996 2978 2977
f 2996 2977 2995
f 2998 2995 2994
f 2998 2994 2997
f 2999 2996 2995
f 2999 2995 2998
f 3000 2989 2978
f 3000 2978 2996
f 3001 2990 2989
f 3001 2989 3000
f 3002 2991 2990
f 3002 2990 3001
f 3003 3000 2996
f 3003 2996 2999
f 3004 3001 3000
f 3004 3000 3003
f 1890 3005 2603
f 1890 2603 650
f 3005 3006 2604
f 3005 2604 2603
f 1892 3007 3005
f 1892 3005 1890
f 3007 3008 3006
f 3007 3006 3005
f 1894 3009 3007
f 1894 3007 1892
f 3009 3010 3008
f 3009 3008 3007
f 1896 3011 3009
f 1896 3009 1894
f 3011 3012 3010
f 3011 3010 3009
f 1898 3013 3011
f 1898 3011 1896
f 3013 3014 3012
f 3013 3012 3011
f 1900 3015 3013
f 1900 3013 1898
f 3015 3016 3014
f 3015 3014 3013
f 1902 3017 3015
f 1902 3015 1900
f 3017 3018 3016
f 3017 3016 3015
f 1904 3019 3017
f 1904 3017 1902
f 3019 3020 3018
f 3019 3018 3017
f 3006 3021 2610
f 3006 2610 2604
f 3021 3022 2611
f 3021 2611 2610
f 3008 3023 3021
f 3008 3021 3006
f 3023 3024 3022
f 3023 3022 3021
f 3010 3025 3023
f 3010 3023 3008
f 3025 3026 3024
f 3025 3024 3023
f 3012 3027 3025
f 3012 3025 3010
f 3027 3028 3026
f 3027 3026 3025
f 3014 3029 3027
f 3014 3027 3012
f 3029 3030 3028
f 3029 3028 3027
f 3016 3031 3029
f 3016 3029 3014
f 3031 3032 3030
f 3031 3030 3029
f 3018 3033 3031
f 3018 3031 3016
f 3033 3034 3032
f 3033 3032 3031
f 3020 3035 3033
f 3020 3033 3018
f 3035 3036 3034
f 3035 3034 3033
f 3022 3037 2614
f 3022 2614 2611
f 3024 3038 3037
f 3024 3037 3022
f 3026 3039 3038
f 3026 3038 3024
f 3028 3040 3039
f 3028 3039 3026
f 3030 3041 3040
f 3030 3040 3028
f 3032 3042 3041
f 3032 3041 3030
f 3034 3043 3042
f 3034 3042 3032
f 3036 3044 3043
f 3036 3043 3034
f 2020 3045 3019
f 2020 3019 1904
f 3045 3046 3020
f 3045 3020 3019
f 2022 3047 3045
f 2022 3045 2020
f 3047 3048 3046
f 3047 3046 3045
f 2024 3049 3047
f 2024 3047 2022
f 3049 3050 3048
f 3049 3048 3047
f 2025 3051 3049
f 2025 3049 2024
f 3051 3052 3050
f 3051 3050 3049
f 2026 3052 3051
f 2026 3051 2025
f 2028 3053 3052
f 2028 3052 2026
f 2030 3055 3053
f 2030 3053 2028
f 3055 3056 3054
f 3055 3054 3053
f 2031 3056 3055
f 2031 3055 2030
f 2033 3057 3056
f 2033 3056 2031
f 3046 3058 3035
f 3046 3035 3020
f 3058 3059 3036
f 3058 3036 3035
f 3048 3060 3058
f 3048 3058 3046
f 3060 3061 3059
f 3060 3059 3058
f 3050 3062 3060
f 3050 3060 3048
f 3062 3063 3061
f 3062 3061 3060
f 3052 3064 3062
f 3052 3062 3050
f 3064 3065 3063
f 3064 3063 3062
f 3053 3066 3064
f 3053 3064 3052
f 3066 3067 3065
f 3066 3065 3064
f 3054 3067 3066
f 3054 3066 3053
f 3056 3068 3067
f 3056 3067 3054
f 3059 3069 3044
f 3059 3044 3036
f 3061 3070 3069
f 3061 3069 3059
f 3063 3071 3070
f 3063 3070 3061
f 3065 3072 3071
f 3065 3071 3063
f 3067 3073 3072
f 3067 3072 3065
f 3037 3074 2766
f 3037 2766 2614
f 3038 3075 3074
f 3038 3074 3037
f 3039 3076 3075
f 3039 3075 3038
f 3040 3077 3076
f 3040 3076 3039
f 3041 3078 3077
f 3041 3077 3040
f 3042 3079 3078
f 3042 3078 3041
f 3043 3080 3079
f 3043 3079 3042
f 3044 3081 3080
f 3044 3080 3043
f 3074 3082 2788
f 3074 2788 2766
f 3082 3083 2789
f 3082 2789 2788
f 3075 3084 3082
f 3075 3082 3074
f 3084 3085 3083
f 3084 3083 3082
f 3076 3086 3084
f 3076 3084 3075
f 3086 3087 3085
f 3086 3085 3084
f 3077 3088 3086
f 3077 3086 3076
f 3088 3089 3087
f 3088 3087 3086
f 3078 3090 3088
f 3078 3088 3077
f 3090 3091 3089
f 3090 3089 3088
f 3079 3092 3090
f 3079 3090 3078
f 3092 3093 3091
f 3092 3091 3090
f 3080 3094 3092
f 3080 3092 3079
f 3094 3095 3093
f 3094 3093 3092
f 3081 3096 3094
f 3081 3094 3080
f 3096 3097 3095
f 3096 3095 3094
f 3083 3098 2817
f 3083 2817 2789
f 3098 3099 2818
f 3098 2818 2817
f 3099 3100 2819
f 3099 2819 2818
f 3085 3101 3098
f 3085 3098 3083
f 3101 3102 3099
f 3101 3099 3098
f 3102 3103 3100
f 3102 3100 3099
f 3087 3104 3101
f 3087 3101 3085
f 3104 3105 3102
f 3104 3102 3101
f 3105 3106 3103
f 3105 3103 3102
f 3089 3107 3104
f 3089 3104 3087
f 3107 3108 3105
f 3107 3105 3104
f 3091 3109 3107
f 3091 3107 3089
f 3109 3110 3108
f 3109 3108 3107
f 3093 3111 3109
f 3093 3109 3091
f 3111 3112 3110
f 3111 3110 3109
f 3095 3113 3111
f 3095 3111 3093
f 3113 3114 3112
f 3113 3112 3111
f 3097 3115 3113
f 3097 3113 3095
f 3115 3116 3114
f 3115 3114 3113
f 3100 3117 2839
f 3100 2839 2819
f 3117 3118 2840
f 3117 2840 2839
f 3103 3119 3117
f 3103 3117 3100
f 3119 3120 3118
f 3119 3118 3117
f 3122 3106 3105
f 3122 3105 3121
f 3106 3122 3119
f 3106 3119 3103
f 3122 3123 3120
f 3122 3120 3119
f 3108 3124 3121
f 3108 3121 3105
f 3124 3125 3122
f 3124 3122 3121
f 3125 3126 3123
f 3125 3123 3122
f 3110 3127 3124
f 3110 3124 3108
f 3127 3128 3125
f 3127 3125 3124
f 3112 3129 3127
f 3112 3127 3110
f 3129 3130 3128
f 3129 3128 3127
f 3114 3131 3129
f 3114 3129 3112
f 3131 3132 3130
f 3131 3130 3129
f 3116 3133 3131
f 3116 3131 3114
f 3133 3134 3132
f 3133 3132 3131
f 3118 3135 2853
f 3118 2853 2840
f 3135 3136 2854
f 3135 2854 2853
f 3136 3137 2855
f 3136 2855 2854
f 3137 3138 2856
f 3137 2856 2855
f 3120 3139 3135
f 3120 3135 3118
f 3139 3140 3136
f 3139 3136 3135
f 3140 3141 3137
f 3140 3137 3136
f 3141 3142 3138
f 3141 3138 3137
f 3123 3143 3139
f 3123 3139 3120
f 3143 3144 3140
f 3143 3140 3139
f 3144 3145 3141
f 3144 3141 3140
f 3147 3126 3125
f 3147 3125 3146
f 3126 3147 3143
f 3126 3143 3123
f 3147 3148 3144
f 3147 3144 3143
f 3128 3149 3146
f 3128 3146 3125
f 3149 3150 3147
f 3149 3147 3146
f 3130 3151 3149
f 3130 3149 3128
f 3151 3152 3150
f 3151 3150 3149
f 3132 3153 3151
f 3132 3151 3130
f 3153 3154 3152
f 3153 3152 3151
f 3134 3155 3153
f 3134 3153 3132
f 3155 3156 3154
f 3155 3154 3153
f 3159 3142 3141
f 3159 3141 3158
f 3142 3159 3157
f 3142 3157 3138
f 3161 3145 3144
f 3161 3144 3160
f 3145 3161 3158
f 3145 3158 3141
f 3161 3162 3159
f 3161 3159 3158
f 3164 3148 3147
f 3164 3147 3163
f 3148 3164 3160
f 3148 3160 3144
f 3164 3165 3161
f 3164 3161 3160
f 3165 3166 3162
f 3165 3162 3161
f 3150 3167 3163
f 3150 3163 3147
f 3167 3168 3164
f 3167 3164 3163
f 3168 3169 3165
f 3168 3165 3164
f 3152 3170 3167
f 3152 3167 3150
f 3170 3171 3168
f 3170 3168 3167
f 3171 3172 3169
f 3171 3169 3168
f 3154 3173 3170
f 3154 3170 3152
f 3173 3174 3171
f 3173 3171 3170
f 3156 3175 3173
f 3156 3173 3154
f 3175 3176 3174
f 3175 3174 3173
f 3177 2266 875
f 3177 875 2871
f 3178 3177 2871
f 3178 2871 2872
f 3178 2267 2266
f 3178 2266 3177
f 3179 2269 2267
f 3179 2267 3178
f 3181 2271 2269
f 3181 2269 3179
f 3182 3181 3179
f 3182 3179 3180
f 3182 2272 2271
f 3182 2271 3181
f 3185 2274 2272
f 3185 2272 3182
f 3186 3185 3182
f 3186 3182 3183
f 3186 2275 2274
f 3186 2274 3185
f 3187 3186 3183
f 3187 3183 3184
f 3188 2279 2275
f 3188 2275 3186
f 3189 3188 3186
f 3189 3186 3187
f 3189 2280 2279
f 3189 2279 3188
f 2280 3189 3187
f 2280 3187 2276
f 3190 3178 2872
f 3190 2872 2888
f 3192 3179 3178
f 3192 3178 3190
f 3193 3192 3190
f 3193 3190 3191
f 3193 3180 3179
f 3193 3179 3192
f 3196 3182 3180
f 3196 3180 3193
f 3197 3196 3193
f 3197 3193 3194
f 3197 3183 3182
f 3197 3182 3196
f 3198 3197 3194
f 3198 3194 3195
f 3198 3184 3183
f 3198 3183 3197
f 3201 3202 3200
f 3201 3200 3199
f 3203 3190 2888
f 3203 2888 2902
f 3204 3191 3190
f 3204 3190 3203
f 3207 3193 3191
f 3207 3191 3204
f 3208 3207 3204
f 3208 3204 3205
f 3208 3194 3193
f 3208 3193 3207
f 3209 3208 3205
f 3209 3205 3206
f 3209 3195 3194
f 3209 3194 3208
f 3215 3216 3211
f 3215 3211 3210
f 3200 3216 3215
f 3200 3215 3199
f 3216 3217 3212
f 3216 3212 3211
f 3217 3218 3213
f 3217 3213 3212
f 3219 3220 3215
f 3219 3215 3214
f 3220 3201 3199
f 3220 3199 3215
f 3202 3221 3216
f 3202 3216 3200
f 3221 3222 3217
f 3221 3217 3216
f 3222 3223 3218
f 3222 3218 3217
f 3224 3203 2902
f 3224 2902 2916
f 3225 3204 3203
f 3225 3203 3224
f 3226 3225 2917
f 3226 2917 2918
f 3226 3205 3204
f 3226 3204 3225
f 3227 3226 2918
f 3227 2918 2919
f 3227 3206 3205
f 3227 3205 3226
f 3233 3234 3229
f 3233 3229 3228
f 3211 3234 3233
f 3211 3233 3210
f 3234 3235 3230
f 3234 3230 3229
f 3212 3235 3234
f 3212 3234 3211
f 3235 3236 3231
f 3235 3231 3230
f 3213 3236 3235
f 3213 3235 3212
f 3237 3238 3233
f 3237 3233 3232
f 3215 3238 3237
f 3215 3237 3214
f 3238 3215 3210
f 3238 3210 3233
f 3218 3239 3236
f 3218 3236 3213
f 3241 3219 3214
f 3241 3214 3237
f 3223 3242 3239
f 3223 3239 3218
f 3243 3224 2916
f 3243 2916 2934
f 3244 3243 2934
f 3244 2934 2935
f 3244 3225 3224
f 3244 3224 3243
f 3225 3244 2935
f 3225 2935 2917
f 3250 3251 3246
f 3250 3246 3245
f 3229 3251 3250
f 3229 3250 3228
f 3251 3252 3247
f 3251 3247 3246
f 3230 3252 3251
f 3230 3251 3229
f 3252 3253 3248
f 3252 3248 3247
f 3231 3253 3252
f 3231 3252 3230
f 3255 3256 3250
f 3255 3250 3249
f 3233 3256 3255
f 3233 3255 3232
f 3256 3233 3228
f 3256 3228 3250
f 3257 3258 3255
f 3257 3255 3254
f 3258 3237 3232
f 3258 3232 3255
f 3259 3260 3258
f 3259 3258 3257
f 3241 3260 3259
f 3241 3259 3240
f 3260 3241 3237
f 3260 3237 3258
f 3261 3262 2953
f 3261 2953 2952
f 3246 3264 3263
f 3246 3263 3245
f 3247 3265 3264
f 3247 3264 3246
f 3248 3266 3265
f 3248 3265 3247
f 3250 3268 3267
f 3250 3267 3249
f 3268 3250 3245
f 3268 3245 3263
f 3253 3269 3266
f 3253 3266 3248
f 3255 3271 3270
f 3255 3270 3254
f 3271 3255 3249
f 3271 3249 3267
f 3273 3257 3254
f 3273 3254 3270
f 3274 3275 3273
f 3274 3273 3272
f 3275 3259 3257
f 3275 3257 3273
f 3138 3276 2966
f 3138 2966 2856
f 3276 3277 2967
f 3276 2967 2966
f 3277 3278 2968
f 3277 2968 2967
f 3278 3279 2969
f 3278 2969 2968
f 3280 3261 2952
f 3280 2952 2969
f 3281 3280 2969
f 3281 2969 2970
f 3281 3262 3261
f 3281 3261 3280
f 3262 3281 2970
f 3262 2970 2953
f 3264 3283 3282
f 3264 3282 3263
f 3265 3284 3283
f 3265 3283 3264
f 3266 3285 3284
f 3266 3284 3265
f 3268 3288 3287
f 3268 3287 3267
f 3288 3268 3263
f 3288 3263 3282
f 3290 3291 3287
f 3290 3287 3286
f 3271 3291 3290
f 3271 3290 3270
f 3291 3271 3267
f 3291 3267 3287
f 3292 3293 3290
f 3292 3290 3289
f 3273 3293 3292
f 3273 3292 3272
f 3293 3273 3270
f 3293 3270 3290
f 3294 3274 3272
f 3294 3272 3292
f 3295 3276 3138
f 3295 3138 3157
f 3296 3277 3276
f 3296 3276 3295
f 3297 3278 3277
f 3297 3277 3296
f 3298 3279 3278
f 3298 3278 3297
f 3279 3298 2974
f 3279 2974 2969
f 3159 3299 3295
f 3159 3295 3157
f 3299 3300 3296
f 3299 3296 3295
f 3300 3301 3297
f 3300 3297 3296
f 3162 3302 3299
f 3162 3299 3159
f 3302 3303 3300
f 3302 3300 3299
f 3283 3305 3304
f 3283 3304 3282
f 3284 3306 3305
f 3284 3305 3283
f 3285 3307 3306
f 3285 3306 3284
f 3287 3309 3308
f 3287 3308 3286
f 3288 3310 3309
f 3288 3309 3287
f 3310 3288 3282
f 3310 3282 3304
f 3311 3310 3304
f 3311 3304 3305
f 3290 3313 3312
f 3290 3312 3289
f 3313 3290 3286
f 3313 3286 3308
f 3314 3313 3308
f 3314 3308 3309
f 3315 3292 3289
f 3315 3289 3312
f 3316 3315 3312
f 3316 3312 3313
f 3317 3294 3292
f 3317 3292 3315
f 3320 3187 3184
f 3320 3184 3318
f 3320 2295 2276
f 3320 2276 3187
f 3321 3320 3318
f 3321 3318 3319
f 3324 2296 2295
f 3324 2295 3320
f 3325 3324 3320
f 3325 3320 3321
f 3325 2297 2296
f 3325 2296 3324
f 3326 3325 3321
f 3326 3321 3322
f 3326 2298 2297
f 3326 2297 3325
f 3327 3326 3322
f 3327 3322 3323
f 3328 2301 2298
f 3328 2298 3326
f 3329 3328 3326
f 3329 3326 3327
f 3331 2304 2301
f 3331 2301 3328
f 3332 3331 3328
f 3332 3328 3329
f 3333 3332 3329
f 3333 3329 3330
f 3334 2307 2304
f 3334 2304 3331
f 3335 3334 3331
f 3335 3331 3332
f 3335 2308 2307
f 3335 2307 3334
f 3336 3335 3332
f 3336 3332 3333
f 3340 3198 3195
f 3340 3195 3337
f 3340 3318 3184
f 3340 3184 3198
f 3341 3340 3337
f 3341 3337 3338
f 3341 3319 3318
f 3341 3318 3340
f 3342 3341 3338
f 3342 3338 3339
f 3344 3321 3319
f 3344 3319 3341
f 3345 3344 3341
f 3345 3341 3342
f 3345 3322 3321
f 3345 3321 3344
f 3346 3345 3342
f 3346 3342 3343
f 3346 3323 3322
f 3346 3322 3345
f 3348 3327 3323
f 3348 3323 3346
f 3349 3348 3346
f 3349 3346 3347
f 3351 3329 3327
f 3351 3327 3348
f 3352 3351 3348
f 3352 3348 3349
f 3352 3330 3329
f 3352 3329 3351
f 3353 3352 3349
f 3353 3349 3350
f 3354 3333 3330
f 3354 3330 3352
f 3355 3354 3352
f 3355 3352 3353
f 3356 3336 3333
f 3356 3333 3354
f 3357 3356 3354
f 3357 3354 3355
f 3360 3209 3206
f 3360 3206 3358
f 3360 3337 3195
f 3360 3195 3209
f 3361 3360 3358
f 3361 3358 3359
f 3361 3338 3337
f 3361 3337 3360
f 3362 3339 3338
f 3362 3338 3361
f 3364 3342 3339
f 3364 3339 3362
f 3365 3364 3362
f 3365 3362 3363
f 3365 3343 3342
f 3365 3342 3364
f 3367 3346 3343
f 3367 3343 3365
f 3368 3367 3365
f 3368 3365 3366
f 3368 3347 3346
f 3368 3346 3367
f 3370 3349 3347
f 3370 3347 3368
f 3371 3370 3368
f 3371 3368 3369
f 3371 3350 3349
f 3371 3349 3370
f 3372 3353 3350
f 3372 3350 3371
f 3373 3355 3353
f 3373 3353 3372
f 3375 3357 3355
f 3375 3355 3373
f 3376 3227 2919
f 3376 2919 2979
f 3376 3358 3206
f 3376 3206 3227
f 3377 3359 3358
f 3377 3358 3376
f 3380 3361 3359
f 3380 3359 3377
f 3381 3380 3377
f 3381 3377 3378
f 3381 3362 3361
f 3381 3361 3380
f 3382 3381 3378
f 3382 3378 3379
f 3382 3363 3362
f 3382 3362 3381
f 3384 3365 3363
f 3384 3363 3382
f 3385 3384 3382
f 3385 3382 3383
f 3385 3366 3365
f 3385 3365 3384
f 3387 3368 3366
f 3387 3366 3385
f 3388 3387 3385
f 3388 3385 3386
f 3388 3369 3368
f 3388 3368 3387
f 3390 3371 3369
f 3390 3369 3388
f 3236 3391 3389
f 3236 3389 3231
f 3393 3372 3371
f 3393 3371 3390
f 3239 3394 3391
f 3239 3391 3236
f 3394 3395 3392
f 3394 3392 3391
f 3397 3373 3372
f 3397 3372 3393
f 3242 3398 3394
f 3242 3394 3239
f 3374 3398 3242
f 3374 3242 3223
f 3398 3399 3395
f 3398 3395 3394
f 3399 3400 3396
f 3399 3396 3395
f 3401 3375 3373
f 3401 3373 3397
f 3402 3376 2979
f 3402 2979 2980
f 3403 3402 2980
f 3403 2980 2981
f 3403 3377 3376
f 3403 3376 3402
f 3404 3403 2981
f 3404 2981 2982
f 3404 3378 3377
f 3404 3377 3403
f 3405 3379 3378
f 3405 3378 3404
f 3407 3382 3379
f 3407 3379 3405
f 3408 3407 3405
f 3408 3405 3406
f 3408 3383 3382
f 3408 3382 3407
f 3409 3385 3383
f 3409 3383 3408
f 3410 3386 3385
f 3410 3385 3409
f 3411 3412 3410
f 3411 3410 3409
f 3412 3388 3386
f 3412 3386 3410
f 3389 3413 3253
f 3389 3253 3231
f 3416 3417 3412
f 3416 3412 3411
f 3417 3390 3388
f 3417 3388 3412
f 3391 3418 3413
f 3391 3413 3389
f 3418 3419 3414
f 3418 3414 3413
f 3392 3419 3418
f 3392 3418 3391
f 3419 3420 3415
f 3419 3415 3414
f 3422 3423 3417
f 3422 3417 3416
f 3423 3393 3390
f 3423 3390 3417
f 3395 3424 3419
f 3395 3419 3392
f 3424 3425 3420
f 3424 3420 3419
f 3396 3425 3424
f 3396 3424 3395
f 3425 3426 3421
f 3425 3421 3420
f 3426 3427 3422
f 3426 3422 3421
f 3427 3428 3423
f 3427 3423 3422
f 3428 3397 3393
f 3428 3393 3423
f 3400 3429 3425
f 3400 3425 3396
f 3429 3430 3426
f 3429 3426 3425
f 3430 3431 3427
f 3430 3427 3426
f 3431 3432 3428
f 3431 3428 3427
f 3432 3401 3397
f 3432 3397 3428
f 3433 3404 2982
f 3433 2982 2985
f 3434 3405 3404
f 3434 3404 3433
f 3435 3406 3405
f 3435 3405 3434
f 3436 3408 3406
f 3436 3406 3435
f 3437 3409 3408
f 3437 3408 3436
f 3441 3411 3409
f 3441 3409 3437
f 3269 3442 3438
f 3269 3438 3266
f 3413 3442 3269
f 3413 3269 3253
f 3442 3443 3439
f 3442 3439 3438
f 3414 3443 3442
f 3414 3442 3413
f 3443 3444 3440
f 3443 3440 3439
f 3415 3444 3443
f 3415 3443 3414
f 3446 3416 3411
f 3446 3411 3441
f 3420 3447 3444
f 3420 3444 3415
f 3447 3448 3445
f 3447 3445 3444
f 3421 3448 3447
f 3421 3447 3420
f 3448 3449 3446
f 3448 3446 3445
f 3422 3449 3448
f 3422 3448 3421
f 3449 3422 3416
f 3449 3416 3446
f 3450 3433 2985
f 3450 2985 2988
f 3451 3434 3433
f 3451 3433 3450
f 3452 3435 3434
f 3452 3434 3451
f 3453 3454 3452
f 3453 3452 3451
f 3454 3436 3435
f 3454 3435 3452
f 3455 3456 3454
f 3455 3454 3453
f 3456 3437 3436
f 3456 3436 3454
f 3438 3457 3285
f 3438 3285 3266
f 3439 3458 3457
f 3439 3457 3438
f 3440 3459 3458
f 3440 3458 3439
f 3460 3461 3456
f 3460 3456 3455
f 3461 3441 3437
f 3461 3437 3456
f 3444 3462 3459
f 3444 3459 3440
f 3462 3463 3460
f 3462 3460 3459
f 3445 3463 3462
f 3445 3462 3444
f 3463 3464 3461
f 3463 3461 3460
f 3446 3464 3463
f 3446 3463 3445
f 3464 3446 3441
f 3464 3441 3461
f 3465 3450 2988
f 3465 2988 2991
f 3466 3451 3450
f 3466 3450 3465
f 3467 3453 3451
f 3467 3451 3466
f 3468 3455 3453
f 3468 3453 3467
f 3457 3469 3307
f 3457 3307 3285
f 3458 3470 3469
f 3458 3469 3457
f 3459 3471 3470
f 3459 3470 3458
f 3460 3472 3471
f 3460 3471 3459
f 3472 3460 3455
f 3472 3455 3468
f 3057 3474 3473
f 3057 3473 3056
f 2426 3474 3057
f 2426 3057 2033
f 2429 3478 3474
f 2429 3474 2426
f 3478 3479 3475
f 3478 3475 3474
f 2430 3479 3478
f 2430 3478 2429
f 3479 3480 3476
f 3479 3476 3475
f 2431 3480 3479
f 2431 3479 2430
f 3480 3481 3477
f 3480 3477 3476
f 2432 3481 3480
f 2432 3480 2431
f 2433 3482 3481
f 2433 3481 2432
f 2434 3483 3482
f 2434 3482 2433
f 2435 3484 3483
f 2435 3483 2434
f 2436 3485 3484
f 2436 3484 2435
f 3068 3487 3486
f 3068 3486 3067
f 3473 3487 3068
f 3473 3068 3056
f 3474 3489 3487
f 3474 3487 3473
f 3489 3490 3488
f 3489 3488 3487
f 3475 3490 3489
f 3475 3489 3474
f 3476 3491 3490
f 3476 3490 3475
f 3477 3492 3491
f 3477 3491 3476
f 3481 3495 3492
f 3481 3492 3477
f 3495 3496 3493
f 3495 3493 3492
f 3482 3496 3495
f 3482 3495 3481
f 3496 3497 3494
f 3496 3494 3493
f 3483 3497 3496
f 3483 3496 3482
f 3484 3498 3497
f 3484 3497 3483
f 3485 3499 3498
f 3485 3498 3484
f 3069 3500 3081
f 3069 3081 3044
f 3070 3501 3500
f 3070 3500 3069
f 3071 3502 3501
f 3071 3501 3070
f 3072 3503 3502
f 3072 3502 3071
f 3073 3504 3503
f 3073 3503 3072
f 3486 3504 3073
f 3486 3073 3067
f 3487 3506 3504
f 3487 3504 3486
f 3506 3507 3505
f 3506 3505 3504
f 3488 3507 3506
f 3488 3506 3487
f 3490 3509 3507
f 3490 3507 3488
f 3509 3510 3508
f 3509 3508 3507
f 3491 3510 3509
f 3491 3509 3490
f 3492 3511 3510
f 3492 3510 3491
f 3493 3512 3511
f 3493 3511 3492
f 3494 3513 3512
f 3494 3512 3493
f 3497 3514 3513
f 3497 3513 3494
f 3498 3515 3514
f 3498 3514 3497
f 3499 3516 3515
f 3499 3515 3498
f 3500 3517 3096
f 3500 3096 3081
f 3517 3518 3097
f 3517 3097 3096
f 3501 3519 3517
f 3501 3517 3500
f 3519 3520 3518
f 3519 3518 3517
f 3502 3521 3519
f 3502 3519 3501
f 3521 3522 3520
f 3521 3520 3519
f 3503 3523 3521
f 3503 3521 3502
f 3523 3524 3522
f 3523 3522 3521
f 3504 3525 3523
f 3504 3523 3503
f 3525 3526 3524
f 3525 3524 3523
f 3505 3526 3525
f 3505 3525 3504
f 3507 3528 3526
f 3507 3526 3505
f 3528 3529 3527
f 3528 3527 3526
f 3508 3529 3528
f 3508 3528 3507
f 3510 3531 3529
f 3510 3529 3508
f 3531 3532 3530
f 3531 3530 3529
f 3511 3532 3531
f 3511 3531 3510
f 3512 3533 3532
f 3512 3532 3511
f 3513 3534 3533
f 3513 3533 3512
f 3514 3537 3534
f 3514 3534 3513
f 3537 3538 3535
f 3537 3535 3534
f 3515 3538 3537
f 3515 3537 3514
f 3538 3539 3536
f 3538 3536 3535
f 3516 3539 3538
f 3516 3538 3515
f 3518 3540 3115
f 3518 3115 3097
f 3540 3541 3116
f 3540 3116 3115
f 3520 3542 3540
f 3520 3540 3518
f 3542 3543 3541
f 3542 3541 3540
f 3522 3544 3542
f 3522 3542 3520
f 3544 3545 3543
f 3544 3543 3542
f 3524 3546 3544
f 3524 3544 3522
f 3546 3547 3545
f 3546 3545 3544
f 3526 3548 3546
f 3526 3546 3524
f 3548 3549 3547
f 3548 3547 3546
f 3527 3549 3548
f 3527 3548 3526
f 3529 3551 3549
f 3529 3549 3527
f 3551 3552 3550
f 3551 3550 3549
f 3530 3552 3551
f 3530 3551 3529
f 3532 3555 3552
f 3532 3552 3530
f 3555 3556 3553
f 3555 3553 3552
f 3533 3556 3555
f 3533 3555 3532
f 3556 3557 3554
f 3556 3554 3553
f 3534 3557 3556
f 3534 3556 3533
f 3535 3558 3557
f 3535 3557 3534
f 3536 3559 3558
f 3536 3558 3535
f 3541 3560 3133
f 3541 3133 3116
f 3560 3561 3134
f 3560 3134 3133
f 3543 3562 3560
f 3543 3560 3541
f 3562 3563 3561
f 3562 3561 3560
f 3545 3564 3562
f 3545 3562 3543
f 3564 3565 3563
f 3564 3563 3562
f 3547 3566 3564
f 3547 3564 3545
f 3566 3567 3565
f 3566 3565 3564
f 3549 3569 3566
f 3549 3566 3547
f 3569 3570 3567
f 3569 3567 3566
f 3550 3570 3569
f 3550 3569 3549
f 3570 3571 3568
f 3570 3568 3567
f 3552 3573 3570
f 3552 3570 3550
f 3573 3574 3571
f 3573 3571 3570
f 3553 3574 3573
f 3553 3573 3552
f 3574 3575 3572
f 3574 3572 3571
f 3554 3575 3574
f 3554 3574 3553
f 3557 3578 3575
f 3557 3575 3554
f 3578 3579 3576
f 3578 3576 3575
f 3558 3579 3578
f 3558 3578 3557
f 3579 3580 3577
f 3579 3577 3576
f 3559 3580 3579
f 3559 3579 3558
f 3561 3581 3155
f 3561 3155 3134
f 3581 3582 3156
f 3581 3156 3155
f 3563 3583 3581
f 3563 3581 3561
f 3583 3584 3582
f 3583 3582 3581
f 3565 3585 3583
f 3565 3583 3563
f 3585 3586 3584
f 3585 3584 3583
f 3567 3588 3585
f 3567 3585 3565
f 3588 3589 3586
f 3588 3586 3585
f 3568 3589 3588
f 3568 3588 3567
f 3589 3590 3587
f 3589 3587 3586
f 3571 3592 3589
f 3571 3589 3568
f 3592 3593 3590
f 3592 3590 3589
f 3572 3593 3592
f 3572 3592 3571
f 3593 3594 3591
f 3593 3591 3590
f 3575 3596 3593
f 3575 3593 3572
f 3596 3597 3594
f 3596 3594 3593
f 3576 3597 3596
f 3576 3596 3575
f 3597 3598 3595
f 3597 3595 3594
f 3577 3598 3597
f 3577 3597 3576
f 3582 3599 3175
f 3582 3175 3156
f 3599 3600 3176
f 3599 3176 3175
f 3584 3601 3599
f 3584 3599 3582
f 3601 3602 3600
f 3601 3600 3599
f 3586 3604 3601
f 3586 3601 3584
f 3604 3605 3602
f 3604 3602 3601
f 3587 3605 3604
f 3587 3604 3586
f 3605 3606 3603
f 3605 3603 3602
f 3590 3608 3605
f 3590 3605 3587
f 3608 3609 3606
f 3608 3606 3605
f 3591 3609 3608
f 3591 3608 3590
f 3609 3610 3607
f 3609 3607 3606
f 3594 3611 3609
f 3594 3609 3591
f 3611 3612 3610
f 3611 3610 3609
f 3595 3612 3611
f 3595 3611 3594
f 2512 3614 3613
f 2512 3613 2511
f 2513 3615 3614
f 2513 3614 2512
f 2517 3618 3617
f 2517 3617 2516
f 3618 2517 2511
f 3618 2511 3613
f 3619 3618 3613
f 3619 3613 3614
f 3620 3619 3614
f 3620 3614 3615
f 2518 3620 3615
f 2518 3615 2513
f 2519 3621 3620
f 2519 3620 2518
f 3621 2519 2514
f 3621 2514 3616
f 2522 3623 3622
f 2522 3622 2521
f 3623 2522 2516
f 3623 2516 3617
f 3625 3624 3618
f 3625 3618 3619
f 3626 3625 3619
f 3626 3619 3620
f 3627 3626 3620
f 3627 3620 3621
f 2524 3629 3628
f 2524 3628 2523
f 2525 3630 3629
f 2525 3629 2524
f 3630 2525 2521
f 3630 2521 3622
f 2526 3631 3485
f 2526 3485 2436
f 3631 2526 2523
f 3631 2523 3628
f 3632 3633 3202
f 3632 3202 3201
f 3618 3635 3634
f 3618 3634 3617
f 3623 3637 3636
f 3623 3636 3622
f 3637 3623 3617
f 3637 3617 3634
f 3638 3637 3634
f 3638 3634 3635
f 3624 3638 3635
f 3624 3635 3618
f 3625 3639 3638
f 3625 3638 3624
f 3626 3640 3639
f 3626 3639 3625
f 3627 3641 3640
f 3627 3640 3626
f 3629 3643 3642
f 3629 3642 3628
f 3630 3644 3643
f 3630 3643 3629
f 3644 3630 3622
f 3644 3622 3636
f 3646 3645 3639
f 3646 3639 3640
f 3647 3646 3640
f 3647 3640 3641
f 3631 3648 3499
f 3631 3499 3485
f 3648 3631 3628
f 3648 3628 3642
f 3649 3650 3220
f 3649 3220 3219
f 3650 3632 3201
f 3650 3201 3220
f 3651 3633 3632
f 3651 3632 3650
f 3633 3651 3221
f 3633 3221 3202
f 3651 3652 3222
f 3651 3222 3221
f 3652 3653 3223
f 3652 3223 3222
f 3654 3655 3650
f 3654 3650 3649
f 3655 3656 3651
f 3655 3651 3650
f 3656 3657 3652
f 3656 3652 3651
f 3657 3658 3653
f 3657 3653 3652
f 3659 3660 3656
f 3659 3656 3655
f 3660 3661 3657
f 3660 3657 3656
f 3661 3662 3658
f 3661 3658 3657
f 3637 3664 3663
f 3637 3663 3636
f 3638 3665 3664
f 3638 3664 3637
f 3639 3666 3665
f 3639 3665 3638
f 3643 3668 3667
f 3643 3667 3642
f 3644 3669 3668
f 3644 3668 3643
f 3669 3644 3636
f 3669 3636 3663
f 3670 3669 3663
f 3670 3663 3664
f 3671 3670 3664
f 3671 3664 3665
f 3672 3671 3665
f 3672 3665 3666
f 3645 3672 3666
f 3645 3666 3639
f 3646 3673 3672
f 3646 3672 3645
f 3647 3674 3673
f 3647 3673 3646
f 3648 3675 3516
f 3648 3516 3499
f 3675 3648 3642
f 3675 3642 3667
f 3677 3676 3672
f 3677 3672 3673
f 3678 3677 3673
f 3678 3673 3674
f 3679 3680 3241
f 3679 3241 3240
f 3680 3649 3219
f 3680 3219 3241
f 3681 3654 3649
f 3681 3649 3680
f 3682 3655 3654
f 3682 3654 3681
f 3684 3685 3682
f 3684 3682 3681
f 3685 3659 3655
f 3685 3655 3682
f 3686 3660 3659
f 3686 3659 3685
f 3687 3661 3660
f 3687 3660 3686
f 3688 3662 3661
f 3688 3661 3687
f 3662 3688 3683
f 3662 3683 3658
f 3689 3690 3686
f 3689 3686 3685
f 3690 3691 3687
f 3690 3687 3686
f 3691 3692 3688
f 3691 3688 3687
f 3668 3694 3693
f 3668 3693 3667
f 3669 3695 3694
f 3669 3694 3668
f 3670 3696 3695
f 3670 3695 3669
f 3671 3697 3696
f 3671 3696 3670
f 3672 3698 3697
f 3672 3697 3671
f 3539 3699 3693
f 3539 3693 3536
f 3675 3699 3539
f 3675 3539 3516
f 3699 3675 3667
f 3699 3667 3693
f 3701 3700 3696
f 3701 3696 3697
f 3702 3701 3697
f 3702 3697 3698
f 3676 3702 3698
f 3676 3698 3672
f 3677 3703 3702
f 3677 3702 3676
f 3678 3704 3703
f 3678 3703 3677
f 3705 3679 3240
f 3705 3240 3259
f 3706 3680 3679
f 3706 3679 3705
f 3707 3708 3706
f 3707 3706 3705
f 3708 3681 3680
f 3708 3680 3706
f 3709 3710 3708
f 3709 3708 3707
f 3710 3684 3681
f 3710 3681 3708
f 3711 3685 3684
f 3711 3684 3710
f 3713 3714 3711
f 3713 3711 3710
f 3714 3689 3685
f 3714 3685 3711
f 3715 3690 3689
f 3715 3689 3714
f 3716 3691 3690
f 3716 3690 3715
f 3717 3692 3691
f 3717 3691 3716
f 3692 3717 3712
f 3692 3712 3688
f 3693 3720 3559
f 3693 3559 3536
f 3720 3721 3719
f 3720 3719 3718
f 3694 3721 3720
f 3694 3720 3693
f 3695 3722 3721
f 3695 3721 3694
f 3696 3723 3722
f 3696 3722 3695
f 3700 3724 3723
f 3700 3723 3696
f 3701 3725 3724
f 3701 3724 3700
f 3702 3726 3725
f 3702 3725 3701
f 3703 3727 3726
f 3703 3726 3702
f 3704 3728 3727
f 3704 3727 3703
f 3729 3730 3275
f 3729 3275 3274
f 3730 3705 3259
f 3730 3259 3275
f 3731 3707 3705
f 3731 3705 3730
f 3732 3709 3707
f 3732 3707 3731
f 3733 3710 3709
f 3733 3709 3732
f 3734 3713 3710
f 3734 3710 3733
f 3735 3714 3713
f 3735 3713 3734
f 3736 3715 3714
f 3736 3714 3735
f 3737 3716 3715
f 3737 3715 3736
f 3738 3717 3716
f 3738 3716 3737
f 3739 3740 3738
f 3739 3738 3737
f 3719 3742 3741
f 3719 3741 3718
f 3580 3743 3741
f 3580 3741 3577
f 3720 3743 3580
f 3720 3580 3559
f 3743 3720 3718
f 3743 3718 3741
f 3721 3744 3742
f 3721 3742 3719
f 3722 3745 3744
f 3722 3744 3721
f 3723 3746 3745
f 3723 3745 3722
f 3748 3747 3745
f 3748 3745 3746
f 3724 3748 3746
f 3724 3746 3723
f 3725 3749 3748
f 3725 3748 3724
f 3726 3750 3749
f 3726 3749 3725
f 3727 3751 3750
f 3727 3750 3726
f 3728 3752 3751
f 3728 3751 3727
f 3753 3729 3274
f 3753 3274 3294
f 3754 3730 3729
f 3754 3729 3753
f 3755 3756 3754
f 3755 3754 3753
f 3756 3731 3730
f 3756 3730 3754
f 3757 3732 3731
f 3757 3731 3756
f 3758 3733 3732
f 3758 3732 3757
f 3759 3734 3733
f 3759 3733 3758
f 3760 3735 3734
f 3760 3734 3759
f 3761 3736 3735
f 3761 3735 3760
f 3762 3737 3736
f 3762 3736 3761
f 3764 3739 3737
f 3764 3737 3762
f 3765 3740 3739
f 3765 3739 3764
f 3598 3766 3763
f 3598 3763 3595
f 3741 3766 3598
f 3741 3598 3577
f 3742 3767 3766
f 3742 3766 3741
f 3744 3768 3767
f 3744 3767 3742
f 3745 3769 3768
f 3745 3768 3744
f 3747 3770 3769
f 3747 3769 3745
f 3748 3771 3770
f 3748 3770 3747
f 3749 3772 3771
f 3749 3771 3748
f 3750 3773 3772
f 3750 3772 3749
f 3751 3774 3773
f 3751 3773 3750
f 3775 3753 3294
f 3775 3294 3317
f 3777 3755 3753
f 3777 3753 3775
f 3778 3777 3775
f 3778 3775 3776
f 3778 3756 3755
f 3778 3755 3777
f 3779 3757 3756
f 3779 3756 3778
f 3780 3758 3757
f 3780 3757 3779
f 3783 3759 3758
f 3783 3758 3780
f 3784 3783 3780
f 3784 3780 3781
f 3784 3760 3759
f 3784 3759 3783
f 3785 3761 3760
f 3785 3760 3784
f 3786 3762 3761
f 3786 3761 3785
f 3612 3787 3782
f 3612 3782 3610
f 3763 3787 3612
f 3763 3612 3595
f 3789 3764 3762
f 3789 3762 3786
f 3790 3765 3764
f 3790 3764 3789
f 3766 3791 3787
f 3766 3787 3763
f 3791 3792 3788
f 3791 3788 3787
f 3767 3792 3791
f 3767 3791 3766
f 3768 3793 3792
f 3768 3792 3767
f 3769 3794 3793
f 3769 3793 3768
f 3770 3795 3794
f 3770 3794 3769
f 3771 3796 3795
f 3771 3795 3770
f 3772 3797 3796
f 3772 3796 3771
f 3773 3798 3797
f 3773 3797 3772
f 3774 3799 3798
f 3774 3798 3773
f 3800 2532 2308
f 3800 2308 3335
f 3801 3800 3335
f 3801 3335 3336
f 2536 3803 3802
f 2536 3802 2535
f 3803 2536 2532
f 3803 2532 3800
f 3804 3803 3800
f 3804 3800 3801
f 2539 3806 3805
f 2539 3805 2538
f 3806 2539 2535
f 3806 2535 3802
f 3807 3806 3802
f 3807 3802 3803
f 3808 3807 3803
f 3808 3803 3804
f 2540 3809 3616
f 2540 3616 2514
f 2541 3810 3809
f 2541 3809 2540
f 3810 2541 2538
f 3810 2538 3805
f 3811 3810 3805
f 3811 3805 3806
f 3812 3811 3806
f 3812 3806 3807
f 3813 3812 3807
f 3813 3807 3808
f 3814 3621 3616
f 3814 3616 3809
f 3815 3814 3809
f 3815 3809 3810
f 3816 3815 3810
f 3816 3810 3811
f 3817 3816 3811
f 3817 3811 3812
f 3818 3627 3621
f 3818 3621 3814
f 3819 3801 3336
f 3819 3336 3356
f 3820 3819 3356
f 3820 3356 3357
f 3821 3804 3801
f 3821 3801 3819
f 3822 3821 3819
f 3822 3819 3820
f 3823 3808 3804
f 3823 3804 3821
f 3824 3823 3821
f 3824 3821 3822
f 3813 3826 3825
f 3813 3825 3812
f 3826 3813 3808
f 3826 3808 3823
f 3827 3826 3823
f 3827 3823 3824
f 3815 3829 3828
f 3815 3828 3814
f 3816 3830 3829
f 3816 3829 3815
f 3817 3831 3830
f 3817 3830 3816
f 3831 3817 3812
f 3831 3812 3825
f 3832 3831 3825
f 3832 3825 3826
f 3818 3833 3641
f 3818 3641 3627
f 3833 3818 3814
f 3833 3814 3828
f 3834 3833 3828
f 3834 3828 3829
f 3835 3834 3829
f 3835 3829 3830
f 3836 3835 3830
f 3836 3830 3831
f 3837 3647 3641
f 3837 3641 3833
f 3838 3837 3833
f 3838 3833 3834
f 3653 3839 3374
f 3653 3374 3223
f 3840 3820 3357
f 3840 3357 3375
f 3658 3841 3839
f 3658 3839 3653
f 3842 3822 3820
f 3842 3820 3840
f 3843 3824 3822
f 3843 3822 3842
f 3827 3845 3844
f 3827 3844 3826
f 3845 3827 3824
f 3845 3824 3843
f 3832 3847 3846
f 3832 3846 3831
f 3847 3832 3826
f 3847 3826 3844
f 3848 3847 3844
f 3848 3844 3845
f 3835 3850 3849
f 3835 3849 3834
f 3836 3851 3850
f 3836 3850 3835
f 3851 3836 3831
f 3851 3831 3846
f 3852 3851 3846
f 3852 3846 3847
f 3853 3852 3847
f 3853 3847 3848
f 3837 3854 3674
f 3837 3674 3647
f 3838 3855 3854
f 3838 3854 3837
f 3855 3838 3834
f 3855 3834 3849
f 3856 3855 3849
f 3856 3849 3850
f 3857 3856 3850
f 3857 3850 3851
f 3858 3678 3674
f 3858 3674 3854
f 3839 3859 3398
f 3839 3398 3374
f 3859 3860 3399
f 3859 3399 3398
f 3860 3861 3400
f 3860 3400 3399
f 3862 3840 3375
f 3862 3375 3401
f 3863 3841 3658
f 3863 3658 3683
f 3841 3863 3859
f 3841 3859 3839
f 3863 3864 3860
f 3863 3860 3859
f 3864 3865 3861
f 3864 3861 3860
f 3866 3842 3840
f 3866 3840 3862
f 3688 3867 3863
f 3688 3863 3683
f 3867 3868 3864
f 3867 3864 3863
f 3869 3843 3842
f 3869 3842 3866
f 3871 3845 3843
f 3871 3843 3869
f 3872 3873 3871
f 3872 3871 3870
f 3873 3848 3845
f 3873 3845 3871
f 3852 3875 3874
f 3852 3874 3851
f 3875 3876 3873
f 3875 3873 3872
f 3853 3876 3875
f 3853 3875 3852
f 3876 3853 3848
f 3876 3848 3873
f 3855 3878 3877
f 3855 3877 3854
f 3856 3879 3878
f 3856 3878 3855
f 3857 3880 3879
f 3857 3879 3856
f 3880 3857 3851
f 3880 3851 3874
f 3881 3880 3874
f 3881 3874 3875
f 3858 3882 3704
f 3858 3704 3678
f 3882 3858 3854
f 3882 3854 3877
f 3883 3882 3877
f 3883 3877 3878
f 3884 3883 3878
f 3884 3878 3879
f 3861 3885 3429
f 3861 3429 3400
f 3885 3886 3430
f 3885 3430 3429
f 3886 3887 3431
f 3886 3431 3430
f 3887 3888 3432
f 3887 3432 3431
f 3888 3862 3401
f 3888 3401 3432
f 3890 3865 3864
f 3890 3864 3889
f 3865 3890 3885
f 3865 3885 3861
f 3890 3891 3886
f 3890 3886 3885
f 3891 3892 3887
f 3891 3887 3886
f 3892 3893 3888
f 3892 3888 3887
f 3893 3866 3862
f 3893 3862 3888
f 3894 3867 3688
f 3894 3688 3712
f 3895 3868 3867
f 3895 3867 3894
f 3868 3895 3889
f 3868 3889 3864
f 3895 3896 3890
f 3895 3890 3889
f 3896 3897 3891
f 3896 3891 3890
f 3897 3898 3892
f 3897 3892 3891
f 3898 3899 3893
f 3898 3893 3892
f 3899 3869 3866
f 3899 3866 3893
f 3717 3900 3894
f 3717 3894 3712
f 3900 3901 3895
f 3900 3895 3894
f 3901 3902 3896
f 3901 3896 3895
f 3903 3904 3899
f 3903 3899 3898
f 3871 3904 3903
f 3871 3903 3870
f 3904 3871 3869
f 3904 3869 3899
f 3905 3872 3870
f 3905 3870 3903
f 3906 3875 3872
f 3906 3872 3905
f 3880 3908 3907
f 3880 3907 3879
f 3881 3909 3908
f 3881 3908 3880
f 3909 3881 3875
f 3909 3875 3906
f 3882 3910 3728
f 3882 3728 3704
f 3883 3911 3910
f 3883 3910 3882
f 3884 3912 3911
f 3884 3911 3883
f 3912 3884 3879
f 3912 3879 3907
f 3913 3912 3907
f 3913 3907 3908
f 3914 3913 3908
f 3914 3908 3909
f 3916 3897 3896
f 3916 3896 3915
f 3917 3898 3897
f 3917 3897 3916
f 3918 3900 3717
f 3918 3717 3738
f 3919 3901 3900
f 3919 3900 3918
f 3920 3902 3901
f 3920 3901 3919
f 3902 3920 3915
f 3902 3915 3896
f 3920 3921 3916
f 3920 3916 3915
f 3921 3922 3917
f 3921 3917 3916
f 3922 3903 3898
f 3922 3898 3917
f 3740 3923 3918
f 3740 3918 3738
f 3923 3924 3919
f 3923 3919 3918
f 3924 3925 3920
f 3924 3920 3919
f 3926 3927 3922
f 3926 3922 3921
f 3927 3905 3903
f 3927 3903 3922
f 3928 3906 3905
f 3928 3905 3927
f 3930 3909 3906
f 3930 3906 3928
f 3910 3931 3752
f 3910 3752 3728
f 3911 3932 3931
f 3911 3931 3910
f 3912 3933 3932
f 3912 3932 3911
f 3913 3934 3933
f 3913 3933 3912
f 3934 3935 3930
f 3934 3930 3929
f 3914 3935 3934
f 3914 3934 3913
f 3935 3914 3909
f 3935 3909 3930
f 3937 3921 3920
f 3937 3920 3936
f 3938 3923 3740
f 3938 3740 3765
f 3939 3924 3923
f 3939 3923 3938
f 3940 3925 3924
f 3940 3924 3939
f 3925 3940 3936
f 3925 3936 3920
f 3940 3941 3937
f 3940 3937 3936
f 3941 3926 3921
f 3941 3921 3937
f 3942 3927 3926
f 3942 3926 3941
f 3943 3944 3942
f 3943 3942 3941
f 3944 3928 3927
f 3944 3927 3942
f 3945 3946 3944
f 3945 3944 3943
f 3930 3946 3945
f 3930 3945 3929
f 3946 3930 3928
f 3946 3928 3944
f 3932 3948 3947
f 3932 3947 3931
f 3933 3949 3948
f 3933 3948 3932
f 3934 3950 3949
f 3934 3949 3933
f 3950 3934 3929
f 3950 3929 3945
f 3951 3938 3765
f 3951 3765 3790
f 3952 3939 3938
f 3952 3938 3951
f 3953 3940 3939
f 3953 3939 3952
f 3954 3941 3940
f 3954 3940 3953
f 3955 3943 3941
f 3955 3941 3954
f 3956 3945 3943
f 3956 3943 3955
f 3948 3958 3957
f 3948 3957 3947
f 3949 3959 3958
f 3949 3958 3948
f 3950 3960 3959
f 3950 3959 3949
f 3960 3950 3945
f 3960 3945 3956
f 3962 3961 3751
f 3962 3751 3752
f 3961 3963 3774
f 3961 3774 3751
f 3962 3964 3963
f 3962 3963 3961
f 3963 3965 3799
f 3963 3799 3774
f 3964 3966 3965
f 3964 3965 3963
f 3967 3962 3752
f 3967 3752 3931
f 3967 3968 3964
f 3967 3964 3962
f 3968 3967 3931
f 3968 3931 3947
f 3968 3969 3966
f 3968 3966 3964
f 3969 3968 3947
f 3969 3947 3957
f 3972 3166 3165
f 3972 3165 3971
f 3166 3972 3970
f 3166 3970 3162
f 3169 3973 3971
f 3169 3971 3165
f 3973 3974 3972
f 3973 3972 3971
f 3976 3172 3171
f 3976 3171 3975
f 3172 3976 3973
f 3172 3973 3169
f 3976 3977 3974
f 3976 3974 3973
f 3174 3978 3975
f 3174 3975 3171
f 3978 3979 3976
f 3978 3976 3975
f 3979 3980 3977
f 3979 3977 3976
f 3176 3981 3978
f 3176 3978 3174
f 3981 3982 3979
f 3981 3979 3978
f 3982 3983 3980
f 3982 3980 3979
f 3974 3985 3984
f 3974 3984 3972
f 3977 3986 3985
f 3977 3985 3974
f 3980 3987 3986
f 3980 3986 3977
f 3989 3983 3982
f 3989 3982 3988
f 3983 3989 3987
f 3983 3987 3980
f 3992 3298 3297
f 3992 3297 3991
f 3298 3992 2992
f 3298 2992 2974
f 3992 3993 2993
f 3992 2993 2992
f 3993 3994 2994
f 3993 2994 2993
f 3996 3301 3300
f 3996 3300 3995
f 3301 3996 3991
f 3301 3991 3297
f 3997 3302 3162
f 3997 3162 3970
f 3998 3303 3302
f 3998 3302 3997
f 3303 3998 3995
f 3303 3995 3300
f 3998 3999 3996
f 3998 3996 3995
f 3972 4000 3997
f 3972 3997 3970
f 4000 4001 3998
f 4000 3998 3997
f 3306 4003 4002
f 3306 4002 3305
f 3307 4004 4003
f 3307 4003 3306
f 3310 4006 4005
f 3310 4005 3309
f 3311 4007 4006
f 3311 4006 3310
f 4007 3311 3305
f 4007 3305 4002
f 4008 4007 4002
f 4008 4002 4003
f 4009 4008 4003
f 4009 4003 4004
f 3314 4011 4010
f 3314 4010 3313
f 4011 3314 3309
f 4011 3309 4005
f 4012 4011 4005
f 4012 4005 4006
f 3316 4014 4013
f 3316 4013 3315
f 4014 3316 3313
f 4014 3313 4010
f 4015 4014 4010
f 4015 4010 4011
f 4016 3317 3315
f 4016 3315 4013
f 4017 4016 4013
f 4017 4013 4014
f 4019 3992 3991
f 4019 3991 4018
f 4020 3993 3992
f 4020 3992 4019
f 4021 3994 3993
f 4021 3993 4020
f 3994 4021 2997
f 3994 2997 2994
f 4021 4022 2998
f 4021 2998 2997
f 4022 4023 2999
f 4022 2999 2998
f 3996 4025 4018
f 3996 4018 3991
f 4025 4026 4019
f 4025 4019 4018
f 4028 4027 4024
f 4028 4024 4025
f 4028 3999 3998
f 4028 3998 4027
f 3999 4028 4025
f 3999 4025 3996
f 4029 4000 3972
f 4029 3972 3984
f 4030 4001 4000
f 4030 4000 4029
f 4001 4030 4027
f 4001 4027 3998
f 3985 4031 4029
f 3985 4029 3984
f 4007 4033 4032
f 4007 4032 4006
f 4008 4034 4033
f 4008 4033 4007
f 4009 4035 4034
f 4009 4034 4008
f 3986 4036 4031
f 3986 4031 3985
f 4012 4038 4037
f 4012 4037 4011
f 4038 4012 4006
f 4038 4006 4032
f 4039 4038 4032
f 4039 4032 4033
f 4040 4039 4033
f 4040 4033 4034
f 3987 4041 4036
f 3987 4036 3986
f 4015 4043 4042
f 4015 4042 4014
f 4043 4015 4011
f 4043 4011 4037
f 4044 4043 4037
f 4044 4037 4038
f 4045 4044 4038
f 4045 4038 4039
f 3989 4046 4041
f 3989 4041 3987
f 4047 4017 4014
f 4047 4014 4042
f 4048 4047 4042
f 4048 4042 4043
f 4050 4020 4019
f 4050 4019 4049
f 4051 4021 4020
f 4051 4020 4050
f 4052 4022 4021
f 4052 4021 4051
f 4053 4023 4022
f 4053 4022 4052
f 4055 4025 4024
f 4055 4024 4054
f 4056 4026 4025
f 4056 4025 4055
f 4026 4056 4049
f 4026 4049 4019
f 4056 4057 4050
f 4056 4050 4049
f 4057 4058 4051
f 4057 4051 4050
f 4027 4059 4054
f 4027 4054 4024
f 4059 4060 4055
f 4059 4055 4054
f 4062 4030 4029
f 4062 4029 4061
f 4030 4062 4059
f 4030 4059 4027
f 4031 4063 4061
f 4031 4061 4029
f 4063 4064 4062
f 4063 4062 4061
f 4035 4066 4065
f 4035 4065 4034
f 4036 4067 4063
f 4036 4063 4031
f 4040 4069 4068
f 4040 4068 4039
f 4069 4040 4034
f 4069 4034 4065
f 4070 4069 4065
f 4070 4065 4066
f 4041 4071 4067
f 4041 4067 4036
f 4044 4073 4072
f 4044 4072 4043
f 4045 4074 4073
f 4045 4073 4044
f 4074 4045 4039
f 4074 4039 4068
f 4075 4074 4068
f 4075 4068 4069
f 4076 4075 4069
f 4076 4069 4070
f 4077 4046 3989
f 4077 3989 3990
f 4046 4077 4071
f 4046 4071 4041
f 4078 4048 4043
f 4078 4043 4072
f 4079 4078 4072
f 4079 4072 4073
f 4080 4079 4073
f 4080 4073 4074
f 4081 4080 4074
f 4081 4074 4075
f 4083 4052 4051
f 4083 4051 4082
f 4084 4053 4052
f 4084 4052 4083
f 4086 4056 4055
f 4086 4055 4085
f 4087 4057 4056
f 4087 4056 4086
f 4088 4058 4057
f 4088 4057 4087
f 4058 4088 4082
f 4058 4082 4051
f 4088 4089 4083
f 4088 4083 4082
f 4089 4090 4084
f 4089 4084 4083
f 4092 4060 4059
f 4092 4059 4091
f 4060 4092 4085
f 4060 4085 4055
f 4092 4093 4086
f 4092 4086 4085
f 4093 4094 4087
f 4093 4087 4086
f 4062 4095 4091
f 4062 4091 4059
f 4095 4096 4092
f 4095 4092 4091
f 4098 4064 4063
f 4098 4063 4097
f 4064 4098 4095
f 4064 4095 4062
f 4067 4099 4097
f 4067 4097 4063
f 4099 4100 4098
f 4099 4098 4097
f 4071 4102 4099
f 4071 4099 4067
f 4076 4104 4103
f 4076 4103 4075
f 4104 4076 4070
f 4104 4070 4101
f 4077 4105 4102
f 4077 4102 4071
f 4081 4107 4106
f 4081 4106 4080
f 4107 4081 4075
f 4107 4075 4103
f 4108 4107 4103
f 4108 4103 4104
f 4110 4088 4087
f 4110 4087 4109
f 4111 4089 4088
f 4111 4088 4110
f 4112 4090 4089
f 4112 4089 4111
f 4114 4093 4092
f 4114 4092 4113
f 4115 4094 4093
f 4115 4093 4114
f 4094 4115 4109
f 4094 4109 4087
f 4115 4116 4110
f 4115 4110 4109
f 4116 4117 4111
f 4116 4111 4110
f 4117 4118 4112
f 4117 4112 4111
f 4120 4096 4095
f 4120 4095 4119
f 4096 4120 4113
f 4096 4113 4092
f 4120 4121 4114
f 4120 4114 4113
f 4121 4122 4115
f 4121 4115 4114
f 4098 4123 4119
f 4098 4119 4095
f 4123 4124 4120
f 4123 4120 4119
f 4124 4125 4121
f 4124 4121 4120
f 4127 4100 4099
f 4127 4099 4126
f 4100 4127 4123
f 4100 4123 4098
f 4127 4128 4124
f 4127 4124 4123
f 4102 4129 4126
f 4102 4126 4099
f 4129 4130 4127
f 4129 4127 4126
f 4105 4131 4129
f 4105 4129 4102
f 4131 4132 4130
f 4131 4130 4129
f 4134 4116 4115
f 4134 4115 4133
f 4135 4117 4116
f 4135 4116 4134
f 4136 4118 4117
f 4136 4117 4135
f 4138 4122 4121
f 4138 4121 4137
f 4122 4138 4133
f 4122 4133 4115
f 4138 4139 4134
f 4138 4134 4133
f 4139 4140 4135
f 4139 4135 4134
f 4140 4141 4136
f 4140 4136 4135
f 4143 4125 4124
f 4143 4124 4142
f 4125 4143 4137
f 4125 4137 4121
f 4143 4144 4138
f 4143 4138 4137
f 4144 4145 4139
f 4144 4139 4138
f 4147 4128 4127
f 4147 4127 4146
f 4128 4147 4142
f 4128 4142 4124
f 4147 4148 4143
f 4147 4143 4142
f 4148 4149 4144
f 4148 4144 4143
f 4130 4150 4146
f 4130 4146 4127
f 4150 4151 4147
f 4150 4147 4146
f 4151 4152 4148
f 4151 4148 4147
f 4132 4153 4150
f 4132 4150 4130
f 4153 4154 4151
f 4153 4151 4150
f 4154 4155 4152
f 4154 4152 4151
f 4157 4140 4139
f 4157 4139 4156
f 4158 4141 4140
f 4158 4140 4157
f 4160 4145 4144
f 4160 4144 4159
f 4145 4160 4156
f 4145 4156 4139
f 4160 4161 4157
f 4160 4157 4156
f 4161 4162 4158
f 4161 4158 4157
f 4164 4149 4148
f 4164 4148 4163
f 4149 4164 4159
f 4149 4159 4144
f 4164 4165 4160
f 4164 4160 4159
f 4165 4166 4161
f 4165 4161 4160
f 4166 4167 4162
f 4166 4162 4161
f 4152 4168 4163
f 4152 4163 4148
f 4168 4169 4164
f 4168 4164 4163
f 4169 4170 4165
f 4169 4165 4164
f 4170 4171 4166
f 4170 4166 4165
f 4155 4172 4168
f 4155 4168 4152
f 4172 4173 4169
f 4172 4169 4168
f 4173 4174 4170
f 4173 4170 4169
f 4174 4175 4171
f 4174 4171 4170
f 4177 4167 4166
f 4177 4166 4176
f 4171 4178 4176
f 4171 4176 4166
f 4178 4179 4177
f 4178 4177 4176
f 4181 4175 4174
f 4181 4174 4180
f 4175 4181 4178
f 4175 4178 4171
f 4181 4182 4179
f 4181 4179 4178
f 4183 4184 3002
f 4183 3002 3001
f 4184 3465 2991
f 4184 2991 3002
f 4185 3466 3465
f 4185 3465 4184
f 4187 3467 3466
f 4187 3466 4185
f 4188 4189 4187
f 4188 4187 4186
f 4189 3468 3467
f 4189 3467 4187
f 3469 4190 4004
f 3469 4004 3307
f 3470 4191 4190
f 3470 4190 3469
f 3471 4192 4191
f 3471 4191 3470
f 4192 4193 4189
f 4192 4189 4188
f 3472 4193 4192
f 3472 4192 3471
f 4193 3472 3468
f 4193 3468 4189
f 4194 4009 4004
f 4194 4004 4190
f 4195 4194 4190
f 4195 4190 4191
f 4023 4196 3003
f 4023 3003 2999
f 4196 4197 3004
f 4196 3004 3003
f 4197 4183 3001
f 4197 3001 3004
f 4198 4184 4183
f 4198 4183 4197
f 4199 4185 4184
f 4199 4184 4198
f 4200 4201 4199
f 4200 4199 4198
f 4187 4201 4200
f 4187 4200 4186
f 4201 4187 4185
f 4201 4185 4199
f 4202 4188 4186
f 4202 4186 4200
f 4192 4204 4203
f 4192 4203 4191
f 4204 4192 4188
f 4204 4188 4202
f 4194 4205 4035
f 4194 4035 4009
f 4195 4206 4205
f 4195 4205 4194
f 4206 4195 4191
f 4206 4191 4203
f 4207 4206 4203
f 4207 4203 4204
f 4208 4196 4023
f 4208 4023 4053
f 4209 4197 4196
f 4209 4196 4208
f 4210 4198 4197
f 4210 4197 4209
f 4211 4212 4210
f 4211 4210 4209
f 4212 4200 4198
f 4212 4198 4210
f 4213 4202 4200
f 4213 4200 4212
f 4215 4204 4202
f 4215 4202 4213
f 4205 4216 4066
f 4205 4066 4035
f 4206 4217 4216
f 4206 4216 4205
f 4217 4218 4215
f 4217 4215 4214
f 4207 4218 4217
f 4207 4217 4206
f 4218 4207 4204
f 4218 4204 4215
f 4219 4070 4066
f 4219 4066 4216
f 4220 4219 4216
f 4220 4216 4217
f 4221 4208 4053
f 4221 4053 4084
f 4222 4209 4208
f 4222 4208 4221
f 4090 4223 4221
f 4090 4221 4084
f 4223 4224 4222
f 4223 4222 4221
f 4224 4211 4209
f 4224 4209 4222
f 4225 4212 4211
f 4225 4211 4224
f 4226 4227 4225
f 4226 4225 4224
f 4227 4213 4212
f 4227 4212 4225
f 4228 4229 4227
f 4228 4227 4226
f 4215 4229 4228
f 4215 4228 4214
f 4229 4215 4213
f 4229 4213 4227
f 4230 4217 4214
f 4230 4214 4228
f 4219 4231 4101
f 4219 4101 4070
f 4220 4232 4231
f 4220 4231 4219
f 4232 4220 4217
f 4232 4217 4230
f 4233 4104 4101
f 4233 4101 4231
f 4234 4233 4231
f 4234 4231 4232
f 4235 4108 4104
f 4235 4104 4233
f 4236 4223 4090
f 4236 4090 4112
f 4237 4224 4223
f 4237 4223 4236
f 4118 4238 4236
f 4118 4236 4112
f 4238 4239 4237
f 4238 4237 4236
f 4239 4226 4224
f 4239 4224 4237
f 4240 4228 4226
f 4240 4226 4239
f 4241 4230 4228
f 4241 4228 4240
f 4242 4232 4230
f 4242 4230 4241
f 4234 4244 4243
f 4234 4243 4233
f 4244 4234 4232
f 4244 4232 4242
f 4245 4235 4233
f 4245 4233 4243
f 4246 4245 4243
f 4246 4243 4244
f 4247 4238 4118
f 4247 4118 4136
f 4248 4239 4238
f 4248 4238 4247
f 4141 4249 4247
f 4141 4247 4136
f 4249 4250 4248
f 4249 4248 4247
f 4250 4240 4239
f 4250 4239 4248
f 4251 4252 4250
f 4251 4250 4249
f 4252 4241 4240
f 4252 4240 4250
f 4253 4254 4252
f 4253 4252 4251
f 4254 4242 4241
f 4254 4241 4252
f 4255 4256 4254
f 4255 4254 4253
f 4256 4244 4242
f 4256 4242 4254
f 4257 4258 4256
f 4257 4256 4255
f 4258 4246 4244
f 4258 4244 4256
f 4259 4249 4141
f 4259 4141 4158
f 4162 4260 4259
f 4162 4259 4158
f 4260 4251 4249
f 4260 4249 4259
f 4167 4261 4260
f 4167 4260 4162
f 4261 4253 4251
f 4261 4251 4260
f 4262 4255 4253
f 4262 4253 4261
f 4263 4257 4255
f 4263 4255 4262
f 4264 4261 4167
f 4264 4167 4177
f 4179 4265 4264
f 4179 4264 4177
f 4265 4262 4261
f 4265 4261 4264
f 4182 4266 4265
f 4182 4265 4179
f 4266 4263 4262
f 4266 4262 4265
f 3600 4267 3981
f 3600 3981 3176
f 4267 4268 3982
f 4267 3982 3981
f 3602 4270 4267
f 3602 4267 3600
f 4270 4271 4268
f 4270 4268 4267
f 3603 4271 4270
f 3603 4270 3602
f 4271 4272 4269
f 4271 4269 4268
f 3606 4273 4271
f 3606 4271 3603
f 4273 4274 4272
f 4273 4272 4271
f 3607 4274 4273
f 3607 4273 3606
f 3610 4275 4274
f 3610 4274 3607
f 4268 4276 3988
f 4268 3988 3982
f 4276 4277 3989
f 4276 3989 3988
f 4269 4277 4276
f 4269 4276 4268
f 4272 4278 4277
f 4272 4277 4269
f 4274 4279 4278
f 4274 4278 4272
f 4277 4280 3990
f 4277 3990 3989
f 4281 3775 3317
f 4281 3317 4016
f 4282 4281 4016
f 4282 4016 4017
f 4282 3776 3775
f 4282 3775 4281
f 4283 3778 3776
f 4283 3776 4282
f 4286 3779 3778
f 4286 3778 4283
f 4287 4286 4283
f 4287 4283 4284
f 4287 3780 3779
f 4287 3779 4286
f 4288 3781 3780
f 4288 3780 4287
f 4275 4290 4285
f 4275 4285 4274
f 3782 4290 4275
f 3782 4275 3610
f 4291 3784 3781
f 4291 3781 4288
f 4292 4291 4288
f 4292 4288 4289
f 4292 3785 3784
f 4292 3784 4291
f 4293 3786 3785
f 4293 3785 4292
f 3787 4295 4290
f 3787 4290 3782
f 3788 4296 4295
f 3788 4295 3787
f 4297 3789 3786
f 4297 3786 4293
f 4298 4297 4293
f 4298 4293 4294
f 4298 3790 3789
f 4298 3789 4297
f 3792 4299 4296
f 3792 4296 3788
f 3793 4300 4299
f 3793 4299 3792
f 3794 4301 4300
f 3794 4300 3793
f 3795 4303 4301
f 3795 4301 3794
f 4303 4304 4302
f 4303 4302 4301
f 3796 4304 4303
f 3796 4303 3795
f 3797 4305 4304
f 3797 4304 3796
f 3798 4306 4305
f 3798 4305 3797
f 3799 4307 4306
f 3799 4306 3798
f 4310 4282 4017
f 4310 4017 4047
f 4311 4310 4047
f 4311 4047 4048
f 4278 4313 4309
f 4278 4309 4277
f 4314 4283 4282
f 4314 4282 4310
f 4315 4314 4310
f 4315 4310 4311
f 4315 4284 4283
f 4315 4283 4314
f 4316 4315 4311
f 4316 4311 4312
f 4279 4318 4313
f 4279 4313 4278
f 4285 4318 4279
f 4285 4279 4274
f 4319 4287 4284
f 4319 4284 4315
f 4320 4319 4315
f 4320 4315 4316
f 4320 4288 4287
f 4320 4287 4319
f 4321 4320 4316
f 4321 4316 4317
f 4321 4289 4288
f 4321 4288 4320
f 4290 4323 4318
f 4290 4318 4285
f 4324 4292 4289
f 4324 4289 4321
f 4325 4324 4321
f 4325 4321 4322
f 4325 4293 4292
f 4325 4292 4324
f 4326 4294 4293
f 4326 4293 4325
f 4295 4327 4323
f 4295 4323 4290
f 4296 4328 4327
f 4296 4327 4295
f 4329 4298 4294
f 4329 4294 4326
f 4299 4330 4328
f 4299 4328 4296
f 4300 4332 4330
f 4300 4330 4299
f 4332 4333 4331
f 4332 4331 4330
f 4301 4333 4332
f 4301 4332 4300
f 4302 4334 4333
f 4302 4333 4301
f 4304 4336 4334
f 4304 4334 4302
f 4336 4337 4335
f 4336 4335 4334
f 4305 4337 4336
f 4305 4336 4304
f 4306 4338 4337
f 4306 4337 4305
f 4307 4339 4338
f 4307 4338 4306
f 4308 4340 4339
f 4308 4339 4307
f 4280 4341 4077
f 4280 4077 3990
f 4309 4341 4280
f 4309 4280 4277
f 4342 4311 4048
f 4342 4048 4078
f 4343 4342 4078
f 4343 4078 4079
f 4343 4312 4311
f 4343 4311 4342
f 4344 4343 4079
f 4344 4079 4080
f 4313 4346 4341
f 4313 4341 4309
f 4347 4316 4312
f 4347 4312 4343
f 4348 4347 4343
f 4348 4343 4344
f 4348 4317 4316
f 4348 4316 4347
f 4349 4348 4344
f 4349 4344 4345
f 4318 4351 4346
f 4318 4346 4313
f 4352 4321 4317
f 4352 4317 4348
f 4353 4352 4348
f 4353 4348 4349
f 4353 4322 4321
f 4353 4321 4352
f 4354 4353 4349
f 4354 4349 4350
f 4323 4355 4351
f 4323 4351 4318
f 4357 4325 4322
f 4357 4322 4353
f 4358 4357 4353
f 4358 4353 4354
f 4358 4326 4325
f 4358 4325 4357
f 4327 4359 4355
f 4327 4355 4323
f 4359 4360 4356
f 4359 4356 4355
f 4328 4360 4359
f 4328 4359 4327
f 4330 4362 4360
f 4330 4360 4328
f 4362 4363 4361
f 4362 4361 4360
f 4331 4363 4362
f 4331 4362 4330
f 4333 4365 4363
f 4333 4363 4331
f 4365 4366 4364
f 4365 4364 4363
f 4334 4366 4365
f 4334 4365 4333
f 4335 4367 4366
f 4335 4366 4334
f 4337 4370 4367
f 4337 4367 4335
f 4370 4371 4368
f 4370 4368 4367
f 4338 4371 4370
f 4338 4370 4337
f 4371 4372 4369
f 4371 4369 4368
f 4339 4372 4371
f 4339 4371 4338
f 4340 4373 4372
f 4340 4372 4339
f 4341 4374 4105
f 4341 4105 4077
f 4375 4344 4080
f 4375 4080 4106
f 4376 4375 4106
f 4376 4106 4107
f 4376 4345 4344
f 4376 4344 4375
f 4377 4376 4107
f 4377 4107 4108
f 4346 4378 4374
f 4346 4374 4341
f 4380 4349 4345
f 4380 4345 4376
f 4381 4380 4376
f 4381 4376 4377
f 4381 4350 4349
f 4381 4349 4380
f 4351 4382 4378
f 4351 4378 4346
f 4382 4383 4379
f 4382 4379 4378
f 4384 4354 4350
f 4384 4350 4381
f 4355 4385 4382
f 4355 4382 4351
f 4385 4386 4383
f 4385 4383 4382
f 4356 4386 4385
f 4356 4385 4355
f 4360 4387 4386
f 4360 4386 4356
f 4361 4388 4387
f 4361 4387 4360
f 4363 4390 4388
f 4363 4388 4361
f 4390 4391 4389
f 4390 4389 4388
f 4364 4391 4390
f 4364 4390 4363
f 4366 4394 4391
f 4366 4391 4364
f 4394 4395 4392
f 4394 4392 4391
f 4367 4395 4394
f 4367 4394 4366
f 4395 4396 4393
f 4395 4393 4392
f 4368 4396 4395
f 4368 4395 4367
f 4369 4397 4396
f 4369 4396 4368
f 4372 4399 4397
f 4372 4397 4369
f 4399 4400 4398
f 4399 4398 4397
f 4373 4400 4399
f 4373 4399 4372
f 4374 4401 4131
f 4374 4131 4105
f 4401 4402 4132
f 4401 4132 4131
f 4378 4403 4401
f 4378 4401 4374
f 4403 4404 4402
f 4403 4402 4401
f 4379 4404 4403
f 4379 4403 4378
f 4383 4405 4404
f 4383 4404 4379
f 4386 4407 4405
f 4386 4405 4383
f 4407 4408 4406
f 4407 4406 4405
f 4387 4411 4407
f 4387 4407 4386
f 4411 4412 4408
f 4411 4408 4407
f 4388 4412 4411
f 4388 4411 4387
f 4412 4413 4409
f 4412 4409 4408
f 4389 4413 4412
f 4389 4412 4388
f 4413 4414 4410
f 4413 4410 4409
f 4391 4416 4413
f 4391 4413 4389
f 4416 4417 4414
f 4416 4414 4413
f 4392 4417 4416
f 4392 4416 4391
f 4417 4418 4415
f 4417 4415 4414
f 4393 4418 4417
f 4393 4417 4392
f 4396 4421 4418
f 4396 4418 4393
f 4421 4422 4419
f 4421 4419 4418
f 4397 4422 4421
f 4397 4421 4396
f 4422 4423 4420
f 4422 4420 4419
f 4398 4423 4422
f 4398 4422 4397
f 4402 4424 4153
f 4402 4153 4132
f 4424 4425 4154
f 4424 4154 4153
f 4425 4426 4155
f 4425 4155 4154
f 4404 4427 4424
f 4404 4424 4402
f 4427 4428 4425
f 4427 4425 4424
f 4428 4429 4426
f 4428 4426 4425
f 4405 4431 4427
f 4405 4427 4404
f 4431 4432 4428
f 4431 4428 4427
f 4406 4432 4431
f 4406 4431 4405
f 4432 4433 4429
f 4432 4429 4428
f 4433 4434 4430
f 4433 4430 4429
f 4408 4436 4432
f 4408 4432 4406
f 4436 4437 4433
f 4436 4433 4432
f 4409 4437 4436
f 4409 4436 4408
f 4437 4438 4434
f 4437 4434 4433
f 4410 4438 4437
f 4410 4437 4409
f 4438 4439 4435
f 4438 4435 4434
f 4414 4441 4438
f 4414 4438 4410
f 4441 4442 4439
f 4441 4439 4438
f 4415 4442 4441
f 4415 4441 4414
f 4442 4443 4440
f 4442 4440 4439
f 4418 4445 4442
f 4418 4442 4415
f 4445 4446 4443
f 4445 4443 4442
f 4419 4446 4445
f 4419 4445 4418
f 4446 4447 4444
f 4446 4444 4443
f 4420 4447 4446
f 4420 4446 4419
f 4426 4448 4172
f 4426 4172 4155
f 4448 4449 4173
f 4448 4173 4172
f 4449 4450 4174
f 4449 4174 4173
f 4429 4452 4448
f 4429 4448 4426
f 4452 4453 4449
f 4452 4449 4448
f 4430 4453 4452
f 4430 4452 4429
f 4453 4454 4450
f 4453 4450 4449
f 4454 4455 4451
f 4454 4451 4450
f 4434 4456 4453
f 4434 4453 4430
f 4456 4457 4454
f 4456 4454 4453
f 4435 4457 4456
f 4435 4456 4434
f 4457 4458 4455
f 4457 4455 4454
f 4439 4460 4457
f 4439 4457 4435
f 4460 4461 4458
f 4460 4458 4457
f 4440 4461 4460
f 4440 4460 4439
f 4461 4462 4459
f 4461 4459 4458
f 4443 4463 4461
f 4443 4461 4440
f 4463 4464 4462
f 4463 4462 4461
f 4444 4464 4463
f 4444 4463 4443
f 4450 4465 4180
f 4450 4180 4174
f 4465 4466 4181
f 4465 4181 4180
f 4451 4466 4465
f 4451 4465 4450
f 4466 4467 4182
f 4466 4182 4181
f 4455 4468 4466
f 4455 4466 4451
f 4468 4469 4467
f 4468 4467 4466
f 4458 4470 4468
f 4458 4468 4455
f 4470 4471 4469
f 4470 4469 4468
f 4459 4471 4470
f 4459 4470 4458
f 4462 4472 4471
f 4462 4471 4459
f 4473 3951 3790
f 4473 3790 4298
f 4474 3952 3951
f 4474 3951 4473
f 4475 3953 3952
f 4475 3952 4474
f 4476 3954 3953
f 4476 3953 4475
f 4477 4478 4476
f 4477 4476 4475
f 4478 3955 3954
f 4478 3954 4476
f 4479 4480 4478
f 4479 4478 4477
f 4480 3956 3955
f 4480 3955 4478
f 3958 4482 4481
f 3958 4481 3957
f 3959 4483 4482
f 3959 4482 3958
f 4483 4484 4480
f 4483 4480 4479
f 3960 4484 4483
f 3960 4483 3959
f 4484 3960 3956
f 4484 3956 4480
f 4487 4329 4326
f 4487 4326 4485
f 4487 4473 4298
f 4487 4298 4329
f 4488 4487 4485
f 4488 4485 4486
f 4488 4474 4473
f 4488 4473 4487
f 4489 4475 4474
f 4489 4474 4488
f 4490 4477 4475
f 4490 4475 4489
f 4491 4479 4477
f 4491 4477 4490
f 4481 4492 4340
f 4481 4340 4308
f 4482 4493 4492
f 4482 4492 4481
f 4483 4494 4493
f 4483 4493 4482
f 4494 4483 4479
f 4494 4479 4491
f 4496 4358 4354
f 4496 4354 4495
f 4496 4485 4326
f 4496 4326 4358
f 4497 4486 4485
f 4497 4485 4496
f 4498 4488 4486
f 4498 4486 4497
f 4499 4489 4488
f 4499 4488 4498
f 4500 4501 4499
f 4500 4499 4498
f 4501 4490 4489
f 4501 4489 4499
f 4502 4503 4501
f 4502 4501 4500
f 4503 4491 4490
f 4503 4490 4501
f 4492 4504 4373
f 4492 4373 4340
f 4493 4505 4504
f 4493 4504 4492
f 4505 4506 4503
f 4505 4503 4502
f 4494 4506 4505
f 4494 4505 4493
f 4506 4494 4491
f 4506 4491 4503
f 4507 4377 4108
f 4507 4108 4235
f 4508 4381 4377
f 4508 4377 4507
f 4509 4384 4381
f 4509 4381 4508
f 4509 4495 4354
f 4509 4354 4384
f 4511 4496 4495
f 4511 4495 4509
f 4512 4511 4509
f 4512 4509 4510
f 4512 4497 4496
f 4512 4496 4511
f 4513 4498 4497
f 4513 4497 4512
f 4514 4500 4498
f 4514 4498 4513
f 4516 4502 4500
f 4516 4500 4514
f 4400 4517 4515
f 4400 4515 4398
f 4504 4517 4400
f 4504 4400 4373
f 4517 4518 4516
f 4517 4516 4515
f 4505 4518 4517
f 4505 4517 4504
f 4518 4505 4502
f 4518 4502 4516
f 4519 4507 4235
f 4519 4235 4245
f 4520 4519 4245
f 4520 4245 4246
f 4521 4508 4507
f 4521 4507 4519
f 4522 4521 4519
f 4522 4519 4520
f 4523 4509 4508
f 4523 4508 4521
f 4524 4523 4521
f 4524 4521 4522
f 4524 4510 4509
f 4524 4509 4523
f 4525 4512 4510
f 4525 4510 4524
f 4526 4513 4512
f 4526 4512 4525
f 4528 4514 4513
f 4528 4513 4526
f 4423 4529 4527
f 4423 4527 4420
f 4515 4529 4423
f 4515 4423 4398
f 4516 4530 4529
f 4516 4529 4515
f 4530 4516 4514
f 4530 4514 4528
f 4531 4532 4258
f 4531 4258 4257
f 4532 4520 4246
f 4532 4246 4258
f 4533 4534 4532
f 4533 4532 4531
f 4534 4522 4520
f 4534 4520 4532
f 4535 4536 4534
f 4535 4534 4533
f 4536 4524 4522
f 4536 4522 4534
f 4537 4538 4536
f 4537 4536 4535
f 4538 4525 4524
f 4538 4524 4536
f 4539 4540 4538
f 4539 4538 4537
f 4540 4526 4525
f 4540 4525 4538
f 4447 4541 4539
f 4447 4539 4444
f 4527 4541 4447
f 4527 4447 4420
f 4541 4542 4540
f 4541 4540 4539
f 4542 4528 4526
f 4542 4526 4540
f 4529 4543 4541
f 4529 4541 4527
f 4543 4544 4542
f 4543 4542 4541
f 4530 4544 4543
f 4530 4543 4529
f 4544 4530 4528
f 4544 4528 4542
f 4545 4531 4257
f 4545 4257 4263
f 4546 4533 4531
f 4546 4531 4545
f 4547 4535 4533
f 4547 4533 4546
f 4548 4537 4535
f 4548 4535 4547
f 4464 4549 4548
f 4464 4548 4462
f 4539 4549 4464
f 4539 4464 4444
f 4549 4539 4537
f 4549 4537 4548
f 4467 4550 4266
f 4467 4266 4182
f 4550 4545 4263
f 4550 4263 4266
f 4469 4551 4550
f 4469 4550 4467
f 4551 4546 4545
f 4551 4545 4550
f 4471 4552 4551
f 4471 4551 4469
f 4552 4547 4546
f 4552 4546 4551
f 4472 4553 4552
f 4472 4552 4471
f 4548 4553 4472
f 4548 4472 4462
f 4553 4548 4547
f 4553 4547 4552
f 3965 4554 4307
f 3965 4307 3799
f 4554 4555 4308
f 4554 4308 4307
f 3966 4555 4554
f 3966 4554 3965
f 4555 4556 4481
f 4555 4481 4308
f 3969 4556 4555
f 3969 4555 3966
f 4556 3969 3957
f 4556 3957 4481
