time_s,flag,side,left_contact,right_contact,left_foot_z_m,right_foot_z_m,trunk_z_m,trunk_tilt_deg,head_yaw_rad,head_roll_rad,neck_pitch_rad,head_pitch_rad,action_head_yaw,action_head_roll,forbidden_ground_contact,root_x_m,root_y_m
0.02,0,-1,0,0,0.0062573249786822445,0.006189509749768719,0.12358640115819342,0.050097631374534934,1.860448046820104e-06,5.661364410175451e-07,0.3492701184930816,0.34909732652605263,0.0,0.0,0,-7.512073230567171e-05,-5.524633548591172e-05
0.04,0,-1,1,1,0.0004234798934854844,0.00016860675483986592,0.11835855443898839,0.15573391939021372,0.000298799338183391,8.821222359505874e-05,0.35015968323611285,0.3500592021652983,0.0,0.0,0,-0.00018648256331205078,-0.000151523721413254
0.06,0,-1,1,1,-0.0015113728402794298,-0.001751860834129912,0.11696179708664306,0.5086726173624578,0.0005937033966833806,0.0002326209093484176,0.3594056476138639,0.3579142571037314,0.0,0.0,0,-9.914417043232289e-05,-6.389537542810821e-05
0.08,0,-1,1,1,-0.001072560666684482,-0.0011646546238421665,0.11805296405192471,0.9830055049004942,0.0004807909998973974,0.00026693979924650546,0.36937651265252364,0.3653665485491909,0.0,0.0,0,0.00037807243511787627,3.249881821045375e-05
0.1,0,-1,1,1,-0.0007537856405528884,-0.0006792896613219655,0.1191536588659361,1.4588884412044478,0.00044881883608163125,0.00028242623723310605,0.37654608002543793,0.37115059942587125,0.0,0.0,0,0.0008122916208141117,0.00029108442701104154
0.12,0,-1,1,1,-0.0006651009700158264,-0.0003500731251883833,0.1200688114971236,1.9616931428584854,0.0004618087299204168,0.00030716469542295264,0.3806779881215289,0.3756915786971445,0.0,0.0,0,0.0010647017936575337,0.0005979059555519013
0.14,0,-1,1,1,-0.0005234316912114782,-0.00018550669231328157,0.1208658107159076,2.489462578644082,0.0004610367087152736,0.00033611495050495305,0.38063733227821034,0.3800235335351968,0.0,0.0,0,0.0006718963003836866,0.0007155516873535739
0.16,0,-1,1,1,-0.00048500010387882847,-0.00022253365789409035,0.12143392225509535,2.9476392618173426,0.0006137301307598235,0.000371304948132848,0.3777611627462218,0.38488312323053325,0.0,0.0,0,-8.885388461658044e-05,0.0006980065237450391
0.18,0,-1,1,1,-0.00037389126298780634,-0.00020765358855956081,0.1220068657550137,3.2313000288807454,0.0006376543832445066,0.0003960463474139147,0.3736616592272811,0.3899135362043175,0.0,0.0,0,-0.00086804061276274,0.0006361575806919026
0.2,0,-1,1,1,-0.0003101602192194311,-0.00019931959801329502,0.12248487455071322,3.369246279516593,0.0006408454001089985,0.0004172692872514771,0.3687925481620339,0.3947624786659768,0.0,0.0,0,-0.0016371831449897179,0.000590760012905889
0.22,0,-1,1,1,-0.0002899213473564373,-0.00020399807172729115,0.12285701641031659,3.368691824012859,0.0006432325959735285,0.0004384184730071128,0.3638664112813254,0.39918759967187956,0.0,0.0,0,-0.00232442486236117,0.000563388752669392
0.24,0,-1,1,1,-0.0002872642194569966,-0.00020544067512067582,0.1231511379877456,3.2546328559583193,0.0006474833949432366,0.00045995047980249443,0.3598110401784619,0.4029030050043901,0.0,0.0,0,-0.0028190547751059895,0.0005587021792456283
0.26,0,-1,1,1,-0.0002785369473145005,-0.000174708844967824,0.12339515592654789,3.0800299814492518,0.0006430141651625552,0.00047953848727082287,0.3572026197420427,0.4056582584187926,0.0,0.0,0,-0.0030859160885205517,0.000565875902511016
0.28,0,-1,1,1,-0.0002915061135512591,-0.00014847688760936256,0.12356538398831532,2.8930939577192865,0.0006524363741500366,0.000501696465111069,0.3563619921494119,0.40723429604903344,0.0,0.0,0,-0.0030812008187765852,0.0005342512958973343
0.3,0,-1,1,1,-0.0003538563445839721,-0.00017127659023258648,0.12364109814016971,2.74282472535635,0.0006697560692181595,0.0005273493367931744,0.3564985000261729,0.4076044873511074,0.0,0.0,0,-0.002890963918696793,0.0004276460760445151
0.32,0,-1,1,1,-0.0003180371766221511,-0.00016632759399995423,0.12373720307379509,2.6508887215463357,0.0006698728592829075,0.0005526995282397445,0.35707408083880005,0.40763975767435784,0.0,0.0,0,-0.0026390703745946685,0.00027853666940561353
0.34,0,-1,1,1,-0.00025329548101371904,-0.00015869906115865626,0.12381666257280413,2.6126635977155606,0.0006645155604977467,0.0005734482101734854,0.357760951242922,0.4076387027985075,0.0,0.0,0,-0.0023829773285625115,0.00017495471018416357
0.36,0,-1,1,1,-0.0002745883940888788,-0.00017800268154959456,0.12382646209140281,2.6267842449046706,0.0006569968850819841,0.0005856543556980417,0.358413958246963,0.4076286969556131,0.0,0.0,0,-0.0021085130549087124,0.00019690770866108504
0.38,0,-1,1,1,-0.00045844367887724544,-0.00021256078879001647,0.12375315971758657,2.6986264823016772,0.000650213746966302,0.0006008315927281874,0.3591628322028193,0.40762383746909975,0.0,0.0,0,-0.0017730111598941597,0.00036135109514253604
0.4,0,-1,1,1,-0.0004624521080650347,-0.00016572671212268866,0.12381485623561614,2.804746137120787,0.0006505364174651276,0.000629560832484034,0.35982889417574165,0.40763203259107555,0.0,0.0,0,-0.001433569267519566,0.00041527903734929353
0.42,0,-1,1,1,-0.0003896721271538922,-0.00012980611454475183,0.12389775977702035,2.9481020948291876,0.0006401676782372084,0.0006514235355947648,0.3599070081920384,0.4076660956006423,0.0,0.0,0,-0.0012446513019827145,0.00039344094078384704
0.44,0,-1,1,1,-0.0003393142305007542,-0.0001122880685223912,0.1239602944603755,3.114413065153584,0.000635643246434049,0.0006713158839288874,0.3598161671257509,0.40771134154418986,0.0,0.0,0,-0.0011480069150795586,0.00038013966349609307
0.46,0,-1,1,1,-0.0003210339206247449,-0.00012765770829288592,0.12399515216086894,3.2750360556084557,0.0006401837109831453,0.000693490144706194,0.3593260445845149,0.4078052028154573,0.0,0.0,0,-0.001165854042307082,0.00036312768199294756
0.48,0,-1,1,1,-0.00031421940981259805,-0.00014706818526204896,0.12402832807973478,3.4105464153388168,0.0006433976936086448,0.0007148256769804309,0.35841354433057926,0.4080553862800902,0.0,0.0,0,-0.0012732726985837165,0.00035139358409699747
0.5,0,-1,1,1,-0.000311923136322681,-0.00015897133789777654,0.12406771114299578,3.5051251554018834,0.0006452559375472318,0.0007356667069384076,0.3571549847954467,0.40848704132650787,0.0,0.0,0,-0.0014379385906345059,0.0003459491004854392
0.52,0,-1,1,1,-0.00031270760076644935,-0.0001624710095195249,0.12411300401082523,3.5480999524748116,0.0006496093598786759,0.0007569142229912391,0.3558315921928884,0.40901968360946106,0.0,0.0,0,-0.0015973408968189705,0.00034477884098370684
0.54,0,-1,1,1,-0.0003134936699612338,-0.00016806047313937256,0.12414906422055973,3.5477567265630006,0.0006522835461364127,0.0007779157058730115,0.3544741146200881,0.4095846724678174,0.0,0.0,0,-0.0017736736069988881,0.000337613978843774
0.56,0,-1,1,1,-0.0003109136916589518,-0.00015843504277611095,0.12418808326780215,3.50664972030461,0.0006514312334420394,0.0007969523063475435,0.3535150908978136,0.41005876213177905,0.0,0.0,0,-0.0018880429190562362,0.00034398749214872284
0.58,0,-1,1,1,-0.00031030015758743215,-0.0001374182859925667,0.1242206194706133,3.4499683669309924,0.0006525107147620662,0.000817007348125703,0.3530935606502475,0.4102753724747898,0.0,0.0,0,-0.0019403990021623135,0.0003569482677903655
0.6,0,-1,1,1,-0.00031091072475367826,-0.00012065349848044624,0.12424372020519756,3.401651950943535,0.0006541365650877429,0.0008375966821687771,0.3530468434781533,0.4103183130777874,0.0,0.0,0,-0.0019474890574781498,0.00036269408916661267
0.62,0,-1,1,1,-0.0003098037105188946,-0.00010834814523949868,0.12425756627646047,3.3630418398655917,0.0006593233387981677,0.0008585489574199406,0.3530647379582848,0.4103351442934389,0.0,0.0,0,-0.0018999033895596784,0.00036464987371671794
0.64,0,-1,1,1,-0.000312146343289188,-0.00010780618431377106,0.12425729416513284,3.3401233008628237,0.00066080529331113,0.0008791654310145863,0.3530750683186275,0.41035328805516796,0.0,0.0,0,-0.001856205752304894,0.00035212466183559365
0.66,0,-1,1,1,-0.00031094926375344056,-0.00010960004672936133,0.12425697906718484,3.329609947097894,0.0006632218459779372,0.0008999410029368282,0.35308014281678163,0.4103732906267777,0.0,0.0,0,-0.0018022442296544991,0.00033186759606594314
0.68,0,-1,1,1,-0.000311493612754038,-0.00011563588615194284,0.12425324732912914,3.3356881381700223,0.0006635775096721724,0.000919484660297608,0.3530823063684826,0.41039679934179124,0.0,0.0,0,-0.0017550284864872793,0.0003146633438386737
0.7,0,-1,1,1,-0.0003116238438485783,-0.00012434592557948945,0.12425066064150611,3.3459255698563846,0.0006658307634049956,0.0009399332069970807,0.3530707328515101,0.41042563301204393,0.0,0.0,0,-0.0017104904528332729,0.0002899277113115573
0.72,0,-1,1,1,-0.00034184153787094815,-0.0001297998263494228,0.12423352551643595,3.363392241443543,0.0006619549488704937,0.0009568084338763063,0.35304894691137323,0.4104603942916204,0.0,0.0,0,-0.0016881375510109243,0.000317207573659748
0.74,0,-1,1,1,-0.0003363208691432758,-0.00013484321307842898,0.12423591615916645,3.3679067099203737,0.0006671228400627215,0.0009774116213298336,0.3530314862654778,0.41049251290078126,0.0,0.0,0,-0.0016598859530905488,0.0003067559986015875
0.76,0,-1,1,1,-0.00035240507368392016,-0.0001286021424021025,0.12423224356032701,3.3773004741279724,0.0006656075586821685,0.0009965577761609937,0.35301422849373193,0.41052729829434353,0.0,0.0,0,-0.0016481369197063475,0.00031870383552284084
0.78,0,-1,1,1,-0.00036554214842685756,-0.00013739806159456663,0.12422374171146162,3.3779703191609687,0.0006702643900795236,0.001016422661486218,0.3529946377928787,0.41055869669940337,0.0,0.0,0,-0.0016369203448368577,0.00032211975234098047
0.8,0,-1,1,1,-0.00036845871737070657,-0.0001337653825772174,0.12422517737606296,3.379277582410995,0.0006698876956115189,0.0010348372330461018,0.352979244052988,0.4105897513867969,0.0,0.0,0,-0.0016331872028640592,0.0003298309655331378
0.82,0,-1,1,1,-0.00035803737804490643,-0.00013043151815762474,0.1242349052998582,3.3756953133960135,0.0006733668016105104,0.0010546383247082138,0.35297197757854865,0.4106171108500035,0.0,0.0,0,-0.0016124571355120572,0.00032549806139114935
0.84,0,-1,1,1,-0.0003673325184465233,-0.0001323603600044687,0.12422943309812412,3.3772470399426076,0.0006755041890030914,0.0010751098298319621,0.3529527384408988,0.41065124482494775,0.0,0.0,0,-0.0016183264848731057,0.00031481334378749245
0.86,0,-1,1,1,-0.00038804595322218527,-0.00013621222044602962,0.12422134005345614,3.3776088188642976,0.0006754440033183337,0.001091069290905696,0.35294302071039846,0.4106755984725964,0.0,0.0,0,-0.0016006180132185884,0.0003410941077110348
0.88,0,-1,1,1,-0.0003847403086713469,-0.00012906626893033346,0.12422679904380449,3.377585211600862,0.0006789744627230247,0.0011132092147922905,0.3529283492840969,0.41071046140276757,0.0,0.0,0,-0.0016053683856940516,0.00033289875511399866
0.9,0,-1,1,1,-0.0003649178309285822,-0.00012919789600079543,0.1242393246453278,3.368870293626405,0.0006809182489365555,0.0011296921005885417,0.352922224420337,0.4107333203973677,0.0,0.0,0,-0.0015893506202004806,0.00032626078923572493
0.92,0,-1,1,1,-0.0003867574481001765,-0.0001311168508046981,0.12422810857320095,3.37231158938722,0.0006826421103317328,0.0011503452137232113,0.3529072459288748,0.4107660345582174,0.0,0.0,0,-0.001595801375948053,0.00032622927018490975
0.94,0,-1,1,1,-0.00036798452195670184,-0.00012855500516730303,0.12424035022297389,3.367125372678721,0.0006840537997141496,0.0011667175818464574,0.3529023416931126,0.4107887829916577,0.0,0.0,0,-0.0015796679397218731,0.00032297841856402656
0.96,0,-1,1,1,-0.00038697625754858384,-0.00013050202646215647,0.12423054651465154,3.3711498743228767,0.0006898072396504153,0.0011883644550174503,0.352895710646442,0.41081775287294986,0.0,0.0,0,-0.001574292831493953,0.0003181045790893042
0.98,0,-1,1,1,-0.0003800815799712802,-0.00013765096220811485,0.1242311378302182,3.3677782798904947,0.0006873296608833234,0.0012039981351869206,0.3528768419316797,0.41084659057208245,0.0,0.0,0,-0.001571804788859395,0.00031577776846192896
1.0,0,-1,1,1,-0.00038395684566251004,-0.00012702148034191355,0.12423516685889192,3.3718124719863627,0.0006929328543067506,0.00122495365007164,0.3528740450585199,0.41087415040736197,0.0,0.0,0,-0.0015629178409982836,0.00031361948334454376
1.02,0,-1,1,1,-0.0003794907701426403,-0.00013984683635142464,0.12423194539312367,3.3664488339029464,0.0006926186157364432,0.0012412127876862628,0.3528512971543258,0.41090346567264485,0.0,0.0,0,-0.0015641644955422386,0.0003046799517831923
1.04,0,-1,1,1,-0.0003813402069958935,-0.00012937140703182803,0.12423708877600728,3.368804452887751,0.0006942998279273212,0.0012606111246270752,0.3528455822770395,0.4109322491595878,0.0,0.0,0,-0.0015611618011779013,0.0003017147906286512
1.06,0,-1,1,1,-0.0003950781432262504,-0.00013940008973716347,0.12422662329801887,3.3674706942107373,0.000693834102586098,0.0012757532103692825,0.35283382512429456,0.41095717243701346,0.0,0.0,0,-0.0015542343123035294,0.0003174712023161078
1.08,0,-1,1,1,-0.00038257872716421226,-0.000133219478618829,0.1242363049019818,3.365000137215716,0.0007038313542819865,0.0012985473181658929,0.35283246049773676,0.410983484798852,0.0,0.0,0,-0.0015430052113765704,0.00029259298399419813
1.1,0,-1,1,1,-0.0003893050296996485,-0.0001364509069718342,0.12423219733293517,3.3668298499959226,0.0006964599636618198,0.0013113463585526489,0.3528146923472298,0.4110102724943329,0.0,0.0,0,-0.0015426655324041452,0.0003055318645039112
1.12,0,-1,1,1,-0.0003790024617319615,-0.0001319738697815112,0.12423942872189163,3.3668963405424326,0.0007070311433278908,0.0013339067511344387,0.3528100458809501,0.41103798554341353,0.0,0.0,0,-0.0015346911486362768,0.0002796742002400135
1.14,0,-1,1,1,-0.0003764919821994915,-0.00013638955942404246,0.12423850927163028,3.3647947096909023,0.00070167058638749,0.0013475252119034894,0.3527916669615039,0.4110660550285775,0.0,0.0,0,-0.0015380046863127704,0.00028711036268265673
1.16,0,-1,1,1,-0.00037650889710117916,-0.00012673819226572888,0.12424573265978733,3.368334751677686,0.0007098143618235989,0.001368412181393918,0.35279443536968047,0.41108836820315153,0.0,0.0,0,-0.0015115828333617182,0.00027585500409338485
1.18,0,-1,1,1,-0.00039751434749444106,-0.00014648393204355278,0.12422491397413064,3.368774157242519,0.0007049543084268461,0.001382295857515153,0.3527657778828519,0.41112112451409916,0.0,0.0,0,-0.0015243084261594762,0.0002878920671149104
1.2,0,-1,1,1,-0.0003769015251025229,-0.00013172185107724124,0.1242427547836738,3.366399615266149,0.000715385314218564,0.0014040829308308268,0.352764599338715,0.41114664474296453,0.0,0.0,0,-0.0015171406668766363,0.00026308655246182086
1.22,0,-1,1,1,-0.000401548913403698,-0.00014276724292269782,0.12422616599421349,3.366933332908413,0.000708825614783281,0.001416785592394996,0.3527480716784428,0.41117336706505164,0.0,0.0,0,-0.001520949509362051,0.0002899338482771534
1.24,0,-1,1,1,-0.0003728019289430916,-0.00012674580443717068,0.12424936610438822,3.365664076755019,0.0007195543477646366,0.0014387615011956217,0.35275002773067476,0.41119592705201347,0.0,0.0,0,-0.0014998728414097214,0.00025666986106097567
1.26,0,-1,1,1,-0.000399230537888335,-0.0001436806178696827,0.12422779292367125,3.3668904669529383,0.0007122821292940757,0.0014509354944919623,0.35272781864209823,0.41122547212180693,0.0,0.0,0,-0.0015087698951625982,0.00027841431420454497
1.28,0,-1,1,1,-0.000371624559276227,-0.00013238421652862417,0.1242474264268521,3.363719930051208,0.0007222292723262841,0.001471083177491121,0.3527252778465791,0.41124806699492433,0.0,0.0,0,-0.0014934334105400973,0.0002541413241706768
1.3,0,-1,1,1,-0.000396616827045608,-0.00013971109346727975,0.12423182968904212,3.3672013110092696,0.0007155006359832719,0.0014846887126631176,0.35271026957779833,0.41127668156644154,0.0,0.0,0,-0.0014987824279411805,0.00027299810450590414
1.32,0,-1,1,1,-0.00036792114191366507,-0.0001284854918043206,0.12425226463590011,3.3650411042779913,0.000725949365635498,0.0015046622214556,0.3527077294376457,0.41129823187087666,0.0,0.0,0,-0.0014804585593252873,0.00024757957500400355
1.34,0,-1,1,1,-0.000395662172726817,-0.00014469820889957685,0.12423063342596398,3.3661071159937688,0.0007205846308758701,0.0015186381137331977,0.35268659357204707,0.4113293344754848,0.0,0.0,0,-0.0014916145322309566,0.0002567107319043268
1.36,0,-1,1,1,-0.00036779370859181884,-0.00013065791731338774,0.12425083705826533,3.3643039608642056,0.0007304804811026146,0.001539388842279266,0.352681938253657,0.4113539418917108,0.0,0.0,0,-0.001486596513423919,0.00022210929650618932
1.38,0,-1,1,1,-0.0003924267342227533,-0.00013880765755099403,0.12423627364061751,3.365477502218752,0.0007252046954724104,0.0015514709338420763,0.3526669098680457,0.4113789742470209,0.0,0.0,0,-0.0014874485611067368,0.00024723705981314053
1.4,0,-1,1,1,-0.00038679870559360854,-0.0001414091367360447,0.12423694797375384,3.3620724936992494,0.0007286271816843549,0.001568846254724482,0.352655092194246,0.41140621039071407,0.0,0.0,0,-0.0014918486007831017,0.00023685362774034132
1.42,0,-1,1,1,-0.00038451997007146743,-0.00013797729778947457,0.12424034425368889,3.3601836105137735,0.0007302639486160564,0.001584918171816928,0.3526466831960337,0.41142998482394244,0.0,0.0,0,-0.0014909461071080034,0.0002349868179481382
1.44,0,-1,1,1,-0.000386383992795062,-0.00013950460980570803,0.12423881430633993,3.3589603629243334,0.0007322488154342676,0.0016011450649801285,0.3526374593951584,0.4114544254843461,0.0,0.0,0,-0.0014907021897721789,0.00023180380435442328
1.46,0,-1,1,1,-0.0003847654351116954,-0.00013542177822237558,0.1242419482365376,3.359233793306996,0.0007355643356501383,0.0016174335694312777,0.35263927890947,0.4114746417531967,0.0,0.0,0,-0.0014783538653143297,0.00023132194150282605
1.48,0,-1,1,1,-0.00038721278951877117,-0.00014542769038199121,0.12423564694959233,3.3567366515960213,0.0007342770976586833,0.0016315742345993627,0.3526158901729604,0.41150284352218297,0.0,0.0,0,-0.0014853048144329545,0.0002342741561220624
1.5,0,-1,1,1,-0.0003964456042647585,-0.0001360727243180579,0.124236882241907,3.3593398812384874,0.0007407164751254943,0.0016507620440436843,0.3526215875206308,0.41152487970200896,0.0,0.0,0,-0.001473453120284892,0.0002352285460724942
1.52,0,-1,1,1,-0.0003794492105488427,-0.00014701100540729511,0.12423836894939976,3.352721677044554,0.0007395439295837793,0.0016645361094558386,0.35259417041437396,0.41155338477929193,0.0,0.0,0,-0.0014871528911002537,0.0002147435838347642
1.54,0,-1,1,1,-0.0003872494736464824,-0.00013920201933607587,0.12424010847331911,3.355134315751989,0.0007445052694147204,0.0016824340726720524,0.3526164353012177,0.4115732547796951,0.0,0.0,0,-0.0014683712161848409,0.00021018122508520954
1.56,0,-1,1,1,-0.00037938101821842485,-0.00014068794346071625,0.12424215569648674,3.3541867950675512,0.0007429265556344293,0.0016969713332538002,0.3525960655654325,0.4116022609030425,0.0,0.0,0,-0.0014799852506033005,0.00019690877655253878
1.58,0,-1,1,1,-0.0003714421424424047,-0.0001402377316472303,0.12424719199149288,3.3511647076509457,0.0007460186678200325,0.0017105191180605969,0.352598905208234,0.41161858282212277,0.0,0.0,0,-0.0014627914625378823,0.00020220823188880013
1.6,0,-1,1,1,-0.0003929046502826987,-0.00014179645103466407,0.12423591102395698,3.357170790405841,0.0007488030242329295,0.0017288591145309719,0.3525856126177377,0.4116467311476316,0.0,0.0,0,-0.0014664359556473946,0.00020009777207671698
1.62,0,-1,1,1,-0.00037800676562415453,-0.00013852930881717157,0.12424571968503113,3.356164581397518,0.0007517223155583578,0.0017441863646028477,0.35258285793919114,0.4116673605236769,0.0,0.0,0,-0.0014499654353325494,0.00018309839115723697
1.64,0,-1,1,1,-0.0003860761711235103,-0.0001415136110522637,0.12423921285564662,3.3586054188571555,0.0007516533739635227,0.0017589642982391892,0.3525663868730756,0.4116946498204846,0.0,0.0,0,-0.0014554508276370612,0.0001845585636525209
1.66,0,-1,1,1,-0.00039777345664184643,-0.00014249637441019272,0.12423353933283975,3.3600228700888652,0.0007497666886947489,0.00177093788531255,0.3525588098598026,0.41171568284628485,0.0,0.0,0,-0.0014507376672971293,0.00020855619669314594
1.68,0,-1,1,1,-0.00038755406393850556,-0.00014081132403028981,0.12423899683822996,3.358104149995752,0.0007574530006041018,0.001791184816380562,0.35253551354700097,0.41174709948183086,0.0,0.0,0,-0.0014637828449672403,0.0001778931750160089
1.7,0,-1,1,1,-0.00036341629070833076,-0.0001417709792563282,0.12425057544097963,3.34775436897364,0.0007580404197772835,0.0018026458282272497,0.35253978503193906,0.41176286934759865,0.0,0.0,0,-0.0014518352509143026,0.00016539102429458726
1.72,0,-1,1,1,-0.00038321703166577237,-0.0001385392327087273,0.1242430803595227,3.3536428522969817,0.0007571733545932144,0.001819081900322146,0.35252070223299914,0.41179132760963144,0.0,0.0,0,-0.0014617957064876187,0.00016548071436024446
1.74,0,-1,1,1,-0.0003686974701013826,-0.00013659514213826274,0.1242517631658235,3.350675109720302,0.000760289193688346,0.0018319877496932116,0.35252205361831584,0.41180712002835607,0.0,0.0,0,-0.0014469856311936486,0.00016458360029670117
1.76,0,-1,1,1,-0.00039258297902240377,-0.00014190551791418843,0.1242371428842559,3.355888750231799,0.0007622094156345228,0.0018490567258174343,0.3525110413176782,0.4118340070136894,0.0,0.0,0,-0.0014507346160229002,0.00016360202488317668
1.78,0,-1,1,1,-0.0003823502873248792,-0.00014313523152406638,0.12424237095150842,3.355313148030718,0.0007630149268956392,0.00186183491217614,0.35250624700849525,0.411852635785311,0.0,0.0,0,-0.0014349162142356922,0.00016288486369013758
1.8,0,-1,1,1,-0.00038844116759570793,-0.00014523488966226156,0.12423693087986887,3.3578675099721016,0.0007655125000818917,0.0018785831876829027,0.3524905509853408,0.41188144971523805,0.0,0.0,0,-0.0014446826692400942,0.0001481480345133017
1.82,0,-1,1,1,-0.0003945455297088771,-0.00014597958196471,0.1242353038706413,3.359442892771952,0.0007655034870096996,0.0018903055448042994,0.3524864254396804,0.4118986606918614,0.0,0.0,0,-0.0014298540818778905,0.00016032826433413076
1.84,0,-1,1,1,-0.0003844576555490156,-0.00014004013931255208,0.12424153050147228,3.360673290199632,0.0007698884029924446,0.0019080521798437975,0.3524721128176612,0.4119269533095003,0.0,0.0,0,-0.0014382130644085265,0.00013983960114844854
1.86,0,-1,1,1,-0.0003908555049738985,-0.00014445880170250655,0.12423839822881545,3.3601636100115315,0.0007702011494313812,0.001919551611566348,0.3524668320235573,0.4119440641328762,0.0,0.0,0,-0.0014222224317808742,0.00014749925695205367
1.88,0,-1,1,1,-0.00038333274199724154,-0.00014181113932041148,0.12424189112121722,3.3606356195218647,0.0007727515037070101,0.0019364170433792854,0.35245388922717147,0.41197192522735054,0.0,0.0,0,-0.0014293710732783422,0.0001282729560122228
1.9,0,-1,1,1,-0.0003778804491730743,-0.00014264027119733833,0.12424530527418634,3.358364506606,0.0007743195768734208,0.0019488741576419205,0.3524468355908209,0.41199071084453526,0.0,0.0,0,-0.0014199401041909776,0.00012944660615397434
1.92,0,-1,1,1,-0.00038024524652058647,-0.00014230682451986387,0.124243369654353,3.3598732844218375,0.0007733159728465996,0.0019628117166998445,0.35242226096658913,0.41201932572072625,0.0,0.0,0,-0.0014354898981520454,0.00012434723354314377
1.94,0,-1,1,1,-0.00039267226758096796,-0.00014058179369225501,0.1242396026160352,3.3604584880625,0.0007758080096006448,0.0019762234817265506,0.35243382645376525,0.4120347030292816,0.0,0.0,0,-0.001418570722959155,0.00013505375952865869
1.96,0,-1,1,1,-0.00037751045482882495,-0.0001430790152993286,0.12424413549283224,3.3568815661338305,0.0007831269435053264,0.0019945908068388753,0.35241172400063414,0.41206373822494685,0.0,0.0,0,-0.0014317067582033897,9.257439553401483e-05
1.98,0,-1,1,1,-0.0003933806947211266,-0.0001441673092133812,0.12423753138556873,3.356124258166342,0.0007786260661513981,0.002003831610430002,0.3524210511132205,0.4120804708557282,0.0,0.0,0,-0.0014233676145341322,0.00011912936937206819
2.0,0,-1,1,1,-0.00039075266679748297,-0.00014923749652471716,0.12423504286199039,3.3536378978579875,0.0007821008863408224,0.002019111361562766,0.35240938723109727,0.41210587445275876,0.0,0.0,0,-0.0014339313116771071,0.00010468477073710378
2.02,1,-1,1,1,-0.00034642891972003556,-0.00016437626352920273,0.12419497496495904,3.344658222002895,0.0007501169318869686,0.002017878617122707,0.3524317639212434,0.4121110857920095,0.0,0.0,0,-0.0013145613155754856,0.00025012328522105033
2.04,1,-1,1,1,-0.00029593573562787523,-0.00021172011163981055,0.12403169822668889,3.327883952136304,0.0007250040597684807,0.002016298343450711,0.352476280506,0.4121028191769883,0.0,0.0,0,-0.0010002600570637862,0.0006576072970500269
2.06,1,-1,1,1,-0.0002733301141067089,-0.0002703987509410921,0.12378881383425284,3.3368019299886615,0.0007143743184075059,0.0020226423905047707,0.35250261292799745,0.4121008725428653,0.0,0.0,0,-0.0006443679393375394,0.001164119797225394
2.08,1,-1,1,1,-0.00024777395456207843,-0.00031487512831520487,0.12352829245729072,3.4072766917358988,0.000707512664212189,0.0020328581593050963,0.35273941905212963,0.41209467075747225,0.0,0.0,0,-0.0002443113390984836,0.001679245495574303
2.1,1,-1,1,1,-0.00020206713296354317,-0.00031438347463623104,0.1233064917347929,3.542298455456852,0.0007095650904922083,0.0020459580305180955,0.35288326599090974,0.41209643810897173,0.0,0.0,0,0.00015230600597101676,0.0021819470153918302
2.12,1,-1,1,1,-0.00017031509925600347,-0.00030591941646417736,0.12309665388639483,3.730129068778117,0.0007151433292828224,0.0020608878925091802,0.35290824412040894,0.41210491694443024,0.0,0.0,0,0.0004939795191692638,0.0026654029333931695
2.14,1,-1,1,1,-0.00014473388356905578,-0.00033491439767142916,0.12289562897916577,3.953628692047276,0.0007701529655717152,0.002084349984499755,0.35291830650084344,0.41211170662074953,0.0,0.0,0,0.000770090760328489,0.0030570838587650846
2.16,1,-1,1,1,-0.00010753083533443855,-0.0003767320880280478,0.12272618111872945,4.191833243301759,0.0008069009116851892,0.002105848154060043,0.3529006118254617,0.4121369798876658,0.0,0.0,0,0.0009859931518674087,0.0033833908212528
2.18,1,-1,1,1,-4.982544085726723e-05,-0.00039214310525436183,0.1226076559988702,4.428431493573115,0.0008367885477608718,0.0021265915444746842,0.35275674491299064,0.4121808819311904,0.0,0.0,0,0.0010801604853895913,0.00368702763867096
2.2,1,-1,1,1,8.210645016451523e-06,-0.0003912968821420809,0.1225186889287593,4.651307435033482,0.0008532672438941318,0.002144168835787531,0.35252267589855546,0.4122262850210402,0.0,0.0,0,0.0011262325683327214,0.003976084892454805
2.22,1,-1,1,1,5.1972833966209414e-05,-0.0003879094957077063,0.12244941478181584,4.842655923270874,0.0008765523839316515,0.002163035130596701,0.3519962143698629,0.4123157158289343,0.0,0.0,0,0.001112487884135785,0.0042899379622819605
2.24,1,-1,1,1,8.13442072294876e-05,-0.0003839211806198235,0.12239258775216819,5.001374130117793,0.0008947808417102127,0.0021807237900018793,0.35138952579542176,0.4124288802064907,0.0,0.0,0,0.0010868559205108705,0.004605021101206761
2.26,1,-1,1,1,0.00010213303767746609,-0.0003724993137282119,0.12235070853422689,5.1357221276354705,0.0009127120485847626,0.0021989427046040203,0.350959324373331,0.4125027029116049,0.0,0.0,0,0.0010947818026883637,0.004912432699201554
2.28,1,-1,1,1,0.0001146767802472845,-0.00036132467799438947,0.12231629034995967,5.253686781038692,0.000934141985625987,0.002218113374709686,0.35083065654769674,0.41253928718282074,0.0,0.0,0,0.0011396668915808438,0.005208063467077318
2.3,1,-1,1,1,0.00012270845840494857,-0.00035360294086587973,0.12228387664399783,5.364764123037305,0.0009598501212074519,0.0022381500209149446,0.350816979148487,0.4125613483777655,0.0,0.0,0,0.0011998155816022448,0.005487349580614297
2.32,1,-1,1,1,0.00012802885731177244,-0.00035177145668537774,0.12225046917380006,5.484734895379351,0.0009842729940719509,0.002257562591946709,0.35084497869244285,0.4125671356275281,0.0,0.0,0,0.001275410915203097,0.005742854454086382
2.34,1,-1,1,1,0.00013232147064400068,-0.00034864268023444486,0.12221993525767567,5.626334625555609,0.0010058723940613778,0.0022764344959650463,0.3509796787166754,0.4125603788809363,0.0,0.0,0,0.0013976647671329224,0.005973201217180519
2.36,1,-1,1,1,0.0001366497268018678,-0.00034673788120284654,0.12219243573755102,5.794889004420084,0.001029441901686787,0.002295179808586302,0.351423270074565,0.4125442808592922,0.0,0.0,0,0.0015587869735521136,0.006194126048820977
2.38,1,-1,1,1,0.00014119842005624536,-0.00034543575451736683,0.12216637275873035,5.994268068749792,0.0010529414682950368,0.00231344668247335,0.35219587582000916,0.41252280222509113,0.0,0.0,0,0.0017597909459349669,0.006412739115667601
2.4,1,-1,1,1,0.000146737142404825,-0.00034400756124829124,0.12214077610394658,6.225599743228428,0.0010765330960622226,0.0023312936154023995,0.35324653900301406,0.41249698171597676,0.0,0.0,0,0.001999584241102878,0.006636837876574903
2.42,1,-1,1,1,0.00015424958729541235,-0.0003421143882281104,0.12211601483026535,6.4900686392874,0.0011014062729537454,0.0023487812765590295,0.35453983431890773,0.41246671270920965,0.0,0.0,0,0.0022691942157990024,0.00688077961212345
2.44,1,-1,1,1,0.00016445126780917016,-0.00033881115846334797,0.12209284951997734,6.789374836151138,0.0011273028839065946,0.0023658603650178658,0.3559866643006026,0.41243351507247866,0.0,0.0,0,0.0025632305827742157,0.0071581296020865
2.46,1,-1,1,1,0.00017787583581549762,-0.00033303814854454897,0.12207164861569363,7.126284651106283,0.0011541714857069433,0.0023825862925923613,0.35747023355214386,0.41239864276272975,0.0,0.0,0,0.0028805100502944,0.007479176607444131
2.48,1,-1,1,1,0.00019558570661397032,-0.0003286729409559021,0.12205346170070265,7.501062035127851,0.0011858795866632817,0.002400061423361145,0.3587811774823659,0.41236774935180814,0.0,0.0,0,0.003203038175599997,0.007870418163528362
2.5,1,-1,1,1,0.000215724307510861,-0.0003282333854884474,0.1220361330970908,7.918442098546229,0.0012202151588345791,0.002416449537514265,0.3598505115427389,0.4123339280556703,0.0,0.0,0,0.003525880600153439,0.008326664187921039
2.52,1,-1,1,1,0.0002361798222821239,-0.00032170386488249506,0.1220106401517026,8.402281653315605,0.0012519542630195848,0.002432700384489197,0.36075860164344775,0.4122987745617311,0.0,0.0,0,0.0038969851523124204,0.00882466639632562
2.54,1,-1,1,1,0.00021729778993949747,-0.00034226105216714556,0.12196143395690957,8.960470205957593,0.0012949928024870083,0.0024452646962636842,0.36157986818939564,0.4122530331935465,0.0,0.0,0,0.00436720136863958,0.009460008264444748
2.56,1,-1,1,1,0.0001852409008560596,-0.0003076354779976351,0.1218978599611456,9.644762310193514,0.0014558610323140118,0.002457576795827876,0.36223348222823876,0.41224027211145525,0.0,0.0,0,0.004877072929367035,0.010179037190714545
2.58,1,-1,1,1,0.0002218967132143375,-0.0002364279748838516,0.1218319471728037,10.424737374426199,0.0016318147005116438,0.002476570642900186,0.36239574386905193,0.41221898179170297,0.0,0.0,0,0.005395629035524735,0.010891441797649946
2.6,1,-1,1,1,0.00021476220900841503,-0.00017009986019441217,0.1217478542249738,11.284215482089548,0.0012010243232652774,0.0024963921526409997,0.36336248144867167,0.411911416550671,0.0,0.0,0,0.0057909085219513285,0.011466537232262822
2.62,1,-1,1,1,0.00016963927221786204,-9.0631631194181e-05,0.12168304097431448,12.160636308952444,0.0012043599445764218,0.002525520245203578,0.3654963139788561,0.41130219620372555,0.0,0.0,0,0.006173837371960686,0.011907297084421339
2.64,1,-1,1,1,0.0001257627982278707,2.720972102935107e-05,0.12164123743156666,13.026882080388846,0.001452922942391695,0.002553241688920699,0.368613955521545,0.4104168597669761,0.0,0.0,0,0.006634723099273571,0.012309789074240752
2.66,1,-1,1,1,0.00011763511947146532,0.00018358760185347572,0.12161237689399032,13.846018235674258,0.0017961037607746042,0.002584566345983094,0.37229475397560274,0.40917885298819323,0.0,0.0,0,0.007102716246455242,0.012679438120626255
2.68,1,-1,1,1,9.985094549843851e-05,0.0003567483377047119,0.12157141321686793,14.621782358572617,0.002109326822280485,0.002616652664285554,0.37651588217380894,0.4076587915168828,0.0,0.0,0,0.00761032455299459,0.013005413573464613
2.7,1,-1,1,1,9.033490583915116e-05,0.0006343942759759261,0.1215674894314656,15.37934207013239,0.00229849773218669,0.002646353239314496,0.3807516308499513,0.40611627642788906,0.0,0.0,0,0.008154087928383987,0.013333231328481384
2.72,1,-1,1,1,9.3400706192584e-05,0.0010616833229363,0.12162154271953138,16.13080506594202,0.0023918475734160016,0.002675348100579718,0.3848060378789566,0.40466092174396556,0.0,0.0,0,0.008783963498016538,0.013698095914053372
2.74,1,-1,1,1,8.770832562988301e-05,0.001651247600605192,0.12172425163742899,16.887870444591925,0.0024334438642603148,0.002703187626846022,0.38863917336721104,0.403289801046524,0.0,0.0,0,0.009557804464831659,0.014093802367078823
2.76,1,-1,1,1,9.26471375784152e-05,0.0024715178148354312,0.12190591641639706,17.660291375774772,0.00245448615368197,0.002732156803555355,0.39205626945389044,0.40211471447621244,0.0,0.0,0,0.01049884565855723,0.014522891725725358
2.78,1,-1,1,1,0.00010660760805590933,0.0036146920408317157,0.1221928103501668,18.45168936409701,0.0024659107118532985,0.002763367757009138,0.3948625231419908,0.401292249513095,0.0,0.0,0,0.011664813583494903,0.014993191052906302
2.8,1,-1,1,1,0.00010649036241141066,0.00514203767942667,0.1225642186458409,19.253483378893282,0.0024721394534592232,0.0027955737764633424,0.3970260344514971,0.4007754859936354,0.0,0.0,0,0.013135242352194093,0.015572809978467328
2.82,1,-1,1,1,0.00010396674002456988,0.007105965539646587,0.12300990981515979,20.072447114106502,0.0024796370272001443,0.0028294882006677023,0.39875692423835396,0.4003484520756558,0.0,0.0,0,0.014938982486575185,0.016290859911576635
2.84,1,-1,1,1,6.60609866016057e-05,0.009513122178351627,0.12346943646853169,20.923824630218235,0.0024901587074166957,0.002864229848562889,0.40077105771614957,0.3995743078590599,0.0,0.0,0,0.017095204441734797,0.01710514219986691
2.86,1,-1,1,1,2.4463851755578137e-05,0.012386501689171114,0.12393009086614899,21.85631838536193,0.0025135975975978156,0.002902691651569228,0.4035317700973905,0.39809029559236053,0.0,0.0,0,0.019584044585497354,0.017883425453464753
2.88,1,-1,1,1,-0.000186170063555164,0.015583640986768368,0.12413143938120227,22.833778291712314,0.002622007761765983,0.002937198123252465,0.40752460869996343,0.3956123430948939,0.0,0.0,0,0.02259874633601669,0.01877620712429385
2.9,1,-1,1,0,-0.00024345577053786274,0.01923289054771113,0.12432681865968892,23.998580820565607,0.003940362252243435,0.002978240338998529,0.4136160263609923,0.39166165075407305,0.0,0.0,0,0.025829884215881865,0.019178333758642346
2.92,1,-1,1,0,-0.00027003510353805146,0.022949102528922485,0.12422696730903632,25.05821589979522,0.007329875624651244,0.0030282092072418535,0.4238575952389871,0.38482217232489896,0.0,0.0,0,0.029014781092991007,0.01920339402492275
2.94,1,-1,1,0,-0.00030758346225425934,0.026725820810189177,0.12375112999018859,25.813759851997613,0.010694634983919225,0.003146532263209682,0.43682021569859825,0.37668082033966205,0.0,0.0,0,0.03236802047008528,0.019410962680378653
2.96,1,-1,1,0,-0.0002850853987057429,0.030906876959806415,0.1231459619338623,26.199292292502918,0.012679784271659427,0.0035782533898985397,0.45089877925415617,0.3686851680631399,0.0,0.0,0,0.035478910360826905,0.020033660471332523
2.98,1,-1,1,0,-0.0002494308177844601,0.034951584686553946,0.12262090383508686,26.019206263831542,0.014378245106862609,0.004047774013500482,0.46542207530338486,0.36095120881077536,0.0,0.0,0,0.03802699270246814,0.02094359097430061
3.0,1,-1,1,0,-7.248523434890547e-05,0.036716336741256086,0.12234516221997685,25.77186004108383,0.01700406916909312,0.004135393751684453,0.479719335188636,0.3533502352421241,0.0,0.0,0,0.03971136847083779,0.021391212926918684
3.02,1,-1,1,0,-4.8697258164764196e-05,0.03425637964539087,0.12201045943395994,25.55819980356241,0.019897005034997608,0.004175843886758241,0.4914745489800659,0.3467389478357631,0.0,0.0,0,0.04061987518786811,0.021455005496111648
3.04,1,-1,1,1,2.6936084559087137e-05,0.031106140328094778,0.12180213208589591,25.40885930179399,0.020973726148511507,0.004088897747989322,0.5040836999729796,0.3403512354114519,0.0,0.0,0,0.04094569399384616,0.021414509363388907
3.06,1,-1,1,1,0.00010822269032194701,0.03127406973153763,0.12195618381465534,25.45133011604262,0.020086246207807162,0.0040721957231263884,0.513715048683704,0.3360465912348119,0.0,0.0,0,0.04115220292956976,0.02190671370389739
3.08,1,-1,1,1,3.456814386993551e-05,0.032383273619030026,0.12198957181515939,25.681292256192144,0.018427905553045847,0.004319393050257266,0.5159539715553267,0.3352151937457664,0.0,0.0,0,0.04158996866537386,0.022852713238447994
3.1,1,-1,1,0,9.8048371899917e-05,0.035132373926306956,0.12212652247203848,25.942935212596492,0.016860201330274025,0.004676348312674442,0.5154868394250015,0.3353172639437977,0.0,0.0,0,0.042223745773843954,0.024011215055106942
3.12,1,-1,1,0,6.713758658041108e-05,0.03999492574240704,0.12217918157682718,26.115998381817334,0.01647488286128113,0.004827252404533131,0.5146895701508853,0.33525972014886796,0.0,0.0,0,0.042791168784953794,0.025017387842176893
3.14,1,-1,1,0,-6.0477113310242886e-05,0.04685630928051211,0.12216484308267027,26.220240935593537,0.016509748918610036,0.004859040932507492,0.5142017499415906,0.33519291416044017,0.0,0.0,0,0.04319689686442871,0.02578480745182021
3.16,1,-1,1,0,-0.00023381424436882958,0.05542235892799848,0.12215060141206277,26.274736412479175,0.016803412360157297,0.004875028306310332,0.5141660120046151,0.33513514325673116,0.0,0.0,0,0.0433623221440081,0.02625278748533474
3.18,1,-1,1,0,-0.00046772431850411814,0.06528479303184473,0.12213032570197532,26.309515370379295,0.017530466313422612,0.004888137936558946,0.5140246534811138,0.3350946111034489,0.0,0.0,0,0.04324465874531561,0.02647996818480343
3.2,1,-1,1,0,-0.0005837640393816235,0.07568595389031232,0.12215971878562551,26.35922680252049,0.018609024250555613,0.004905114827941516,0.5144214076901082,0.3349210839967195,0.0,0.0,0,0.04305864289187018,0.026746217645502092
3.22,1,-1,1,0,-0.0006321555146479516,0.08314682964249562,0.12238082742420671,26.529577997374975,0.018917201000483393,0.004926611544478551,0.5165448675960519,0.33383211370712285,0.0,0.0,0,0.04244650198244021,0.026804906031392513
3.24,1,-1,1,0,-0.0007286249128472394,0.08860034993890446,0.12251874050144564,26.836249386189458,0.01926055731268732,0.00494358788914397,0.517575062547575,0.3333112055181644,0.0,0.0,0,0.04192157748469413,0.0270266178806726
3.26,1,-1,1,0,-0.0007591327987975446,0.09319305426683125,0.12260052306151538,27.244580371736365,0.01933744805862488,0.004964624869320899,0.5181870359045885,0.3329923563026638,0.0,0.0,0,0.04130239725517537,0.027313394642991585
3.28,1,-1,1,0,-0.0006455338679210824,0.09740127558708021,0.12270848251962957,27.609794918390328,0.019333740206925472,0.005007570415593986,0.5194003068174222,0.33247024972861394,0.0,0.0,0,0.040850404847243386,0.027625379556981175
3.3,1,-1,1,0,-0.0005055785122388586,0.10081625406122008,0.12274226995196845,27.84735691686509,0.019342356218194138,0.005047997288480429,0.5220238322668452,0.330982025078824,0.0,0.0,0,0.04072822544146887,0.027908557111656983
3.32,1,-1,1,0,-0.00044920663172567585,0.10329611863560907,0.12264594553640695,27.93247018493915,0.019374014407063544,0.005084505988027922,0.5262771276175495,0.3285033090678153,0.0,0.0,0,0.04088843259021276,0.028107559240328605
3.34,1,-1,1,0,-0.00043820235193995846,0.1048574084324555,0.12249728463129006,27.86520716092234,0.01941224575075459,0.005116924755478783,0.5319197221188602,0.32531566432437053,0.0,0.0,0,0.04127649196784569,0.028205963504019247
3.36,1,-1,1,0,-0.0004465606112884213,0.10563340193632544,0.12234440284648194,27.69525683602024,0.019441552574171597,0.005145387188704526,0.5381920412535653,0.32192012193765146,0.0,0.0,0,0.04182478112391757,0.028263425814178685
3.38,1,-1,1,0,-0.0004492187760125957,0.10587760107158209,0.12224524091010643,27.41841796692767,0.019469385053170012,0.005174220114675783,0.5444733592425884,0.3185492361807825,0.0,0.0,0,0.0424039346554473,0.028135980372675617
3.4,1,-1,1,0,-0.0004586342267875361,0.10566727472990872,0.12220963429240521,27.079638182911847,0.01948861756734668,0.005202399572338045,0.549573363027394,0.31583088045044677,0.0,0.0,0,0.042902950807263245,0.027827626378798362
3.42,1,-1,1,0,-0.0005415079101072744,0.10492972164295761,0.12216636838832508,26.76144556727166,0.019479730822219144,0.005221913321659909,0.5522941351426871,0.3143395189524967,0.0,0.0,0,0.04332010263242671,0.027538626880819737
3.44,1,-1,1,0,-0.0005201045847289462,0.1041032934313461,0.12230279935776599,26.513544518234816,0.019475878000348206,0.005246606094026385,0.5528313244274635,0.3141020798808029,0.0,0.0,0,0.04344666367251991,0.027140015830148887
3.46,1,-1,1,0,-0.0005420124227011741,0.1032308358466088,0.12244390026493351,26.330707023782622,0.01947278063423204,0.005266477059382834,0.5515433159625788,0.31418489883599043,0.0,0.0,0,0.04349815927781,0.02679176327592137
3.48,1,-1,1,0,-0.0004921745128376002,0.10237929697411867,0.12263192659583919,26.211230851189736,0.019469397865282616,0.005291724438109492,0.5491868781969528,0.314495705336086,0.0,0.0,0,0.04343403817178001,0.026444733795632662
3.5,1,-1,1,0,-0.00048381022463876017,0.10166223083566597,0.12279319429015723,26.12596257473187,0.019464677769929894,0.0053120397170462064,0.5455512597968755,0.3150890933438282,0.0,0.0,0,0.043272082205461575,0.02609583080776271
3.52,1,-1,1,0,-0.0005032897110258672,0.10079822941904293,0.12287574092901686,26.098274364584856,0.01946366405560415,0.0053347568569540585,0.5415349467362925,0.3159261723722113,0.0,0.0,0,0.04311898495150008,0.02583166995357687
3.54,1,-1,1,0,-0.0005062033599528802,0.09993645891884875,0.12293653029440016,26.10018876271067,0.019459443120156694,0.005357230952897937,0.5374397486601653,0.3168930711664943,0.0,0.0,0,0.0429236920524189,0.025600991716913615
3.56,1,-1,1,0,-0.0005422809294297927,0.09901341987302346,0.12294131072061626,26.134762847098315,0.0194558138124217,0.005377292004828085,0.5335815224097942,0.3178835104637208,0.0,0.0,0,0.04272959467311458,0.025428257409814328
3.58,1,-1,1,0,-0.0005886056537502196,0.09807349054199303,0.12290707521019711,26.204320177781536,0.019448251626178473,0.0053962295428856425,0.5304727967538269,0.3187053550956168,0.0,0.0,0,0.042549060990189465,0.025324371348860127
3.6,1,-1,1,0,-0.0006319458103585494,0.09722912902757429,0.1228476528839232,26.304885176138956,0.019439577754825445,0.0054142088659949175,0.5281764497432683,0.3193305182331828,0.0,0.0,0,0.042393929109794476,0.02529540276448321
3.62,1,-1,1,0,-0.0006619815585506492,0.09648694869535492,0.122764488973846,26.445519307971622,0.019427555996622162,0.0054315490824839024,0.5267823365540371,0.31968355099101686,0.0,0.0,0,0.042290652862958085,0.025365578622684008
3.64,1,-1,1,0,-0.0007062337867686612,0.09596460499408668,0.1226601507226113,26.611437419236818,0.019412108411995834,0.0054477908410192144,0.5261619580944608,0.3197917790689436,0.0,0.0,0,0.04216676251954475,0.025491434168267914
3.66,1,-1,1,0,-0.0007488218632955776,0.09562627112050251,0.12254008921696748,26.824881641599095,0.019396864981286666,0.0054636987933038535,0.5260842841434864,0.3198230791401815,0.0,0.0,0,0.04208772886247585,0.025727520258282507
3.68,1,-1,1,0,-0.0007856515036465256,0.09556430054696681,0.12242902285232915,27.062844301758037,0.019375875581275088,0.005487359132802103,0.5260907226734678,0.31984642583602363,0.0,0.0,0,0.0419204266513898,0.025995066464901663
3.7,1,-1,1,0,-0.0006477789742626409,0.09581839066727682,0.12244771949468151,27.24027542692782,0.019364682515928152,0.005523106877108236,0.5263500481991903,0.31983881144096665,0.0,0.0,0,0.04197342456129941,0.026309886164513716
3.72,1,-1,1,0,-0.0005981055792670213,0.09603975197169212,0.12234539731502324,27.34063589195071,0.019346022061067315,0.005560913881938246,0.5270922173783472,0.3197349994736425,0.0,0.0,0,0.04215740131157941,0.02651882961641996
3.74,1,-1,1,0,-0.0005487546682423489,0.09635914430647174,0.12225057311179849,27.284539890800485,0.019366520323822183,0.005595128224234411,0.5288120174510094,0.31958712254943444,0.0,0.0,0,0.042428743279811894,0.02651873520832318
3.76,1,-1,1,0,-0.00048954354191659,0.09661929334362883,0.12220086395409446,27.146811334385006,0.019387728691472764,0.0056241736255425836,0.5309144279301538,0.3194510976017186,0.0,0.0,0,0.04273611003954166,0.02637053063733707
3.78,1,-1,1,0,-0.000493291590606796,0.09671299309251569,0.12214010745186889,26.943466167099814,0.019395068767691266,0.005646642567002528,0.5327716366160331,0.3193642938868847,0.0,0.0,0,0.043057854067202736,0.026136791655141513
3.8,1,-1,1,0,-0.0005599442814293865,0.0966298973345377,0.1220885077389568,26.759429736608812,0.01938986752872165,0.005666401045786358,0.5336588056194917,0.31936801353562744,0.0,0.0,0,0.043223634647294604,0.02587166382229156
3.82,1,-1,1,0,-0.0006055468232362068,0.09657171060818405,0.12213288912500465,26.60606236946503,0.01938259681518279,0.005683836166102143,0.533765340784732,0.31939356694334736,0.0,0.0,0,0.04329040403866349,0.025634776762352627
3.84,1,-1,1,0,-0.0005786430848593212,0.09659392046414778,0.12226280650145202,26.49426677765716,0.019378086853295316,0.005703301616579727,0.5336541536207522,0.3194308140700465,0.0,0.0,0,0.043247045259480726,0.025388202580468693
3.86,1,-1,1,0,-0.0005864704492200591,0.0966845288798136,0.1223801568026331,26.418571855199094,0.019371845525421667,0.005719964082218752,0.5330551446365197,0.3194736404121651,0.0,0.0,0,0.043152077278378054,0.02517881219236525
3.88,1,-1,1,0,-0.0005862350299483954,0.0967351583466551,0.12247910952244373,26.39206158985043,0.019365432291573982,0.005738113420258133,0.5323317161234671,0.3195274268247323,0.0,0.0,0,0.0430317716216336,0.025024825588821832
3.9,1,-1,1,0,-0.0006003926837674436,0.09676011885448382,0.12254712253360928,26.401881066822796,0.01935829978055185,0.00575478038384998,0.5313821371778805,0.319576549189446,0.0,0.0,0,0.04288290064225201,0.024922263643724712
3.92,1,-1,1,0,-0.0006329896191210778,0.09668731203970944,0.12256357821609468,26.45874357613522,0.01935003845994453,0.005770826660398349,0.5305259885281925,0.3196172372766636,0.0,0.0,0,0.04274357303577062,0.024902454958350598
3.94,1,-1,1,0,-0.0006498327216263554,0.09668217359747686,0.12258474927670172,26.547333190642984,0.01933909984220455,0.005788485283395769,0.5298671391740699,0.31966339541063316,0.0,0.0,0,0.04252658637223278,0.02490640316759001
3.96,1,-1,1,0,-0.0006970730475984871,0.09664436316763007,0.12256575347978815,26.683395973523794,0.01933069373112715,0.00580308357128068,0.5293673392630187,0.3197005186350554,0.0,0.0,0,0.04235910661211742,0.025015504833901733
3.98,1,-1,1,0,-0.0007473242539773051,0.09658925180240009,0.12251567397578475,26.867975626328935,0.01931685073665471,0.005817454701731001,0.5292037725135986,0.31973019244910694,0.0,0.0,0,0.04217932992862235,0.025210382733800784
4.0,1,-1,1,0,-0.0007532125104687086,0.09670705308133658,0.12249339327972253,27.071421480973928,0.01930726018342367,0.005844282084891561,0.5292056922423011,0.31975490930957423,0.0,0.0,0,0.041962816095009084,0.025422926507709307
4.02,1,-1,1,0,-0.0005995052137608113,0.09692283489303836,0.12255132838737676,27.215482265960645,0.01930748330265917,0.0058783108391211375,0.5293429723347344,0.3197405963726152,0.0,0.0,0,0.042010691048897035,0.025664051044300973
4.04,1,-1,1,0,-0.0005116736614448752,0.09709610273686203,0.1225238103744883,27.274275108996168,0.019313607106711404,0.005907911371746819,0.5298332580241325,0.319695285765168,0.0,0.0,0,0.04211341008987955,0.0257845828023157
4.06,1,-1,1,0,-0.0004682313980766545,0.09717483713942028,0.12244386012647111,27.236293742800306,0.019331493326941094,0.005936528321108931,0.5309694939926652,0.3196229177854805,0.0,0.0,0,0.042334898833710166,0.02578186319367793
4.08,1,-1,1,0,-0.0004640547717190205,0.09721282984610506,0.12235953021307609,27.11293774789997,0.019350735400153033,0.005962843010091289,0.5325160448494711,0.3195155557706465,0.0,0.0,0,0.042584985379056355,0.02562485699128268
4.1,1,-1,1,0,-0.0005248258550868828,0.09707530929011436,0.1222316922874159,26.937684938422453,0.01934841181666905,0.005980912884953412,0.5337329185228223,0.31944347351838015,0.0,0.0,0,0.04287719585099178,0.02544129554592396
4.12,1,-1,1,0,-0.0006209476585099065,0.09689881884141358,0.12215096865878632,26.792417258353957,0.019338935199740632,0.00599738095732076,0.5340853327194783,0.31944958095156706,0.0,0.0,0,0.042993888756385254,0.025239472808713567
4.14,1,-1,1,0,-0.000667110643701202,0.09675256078322922,0.12215297702404672,26.689463668854568,0.01933063672696985,0.006012399168694403,0.5341064000379611,0.3194708296912941,0.0,0.0,0,0.043082184334785244,0.025124940027714905
4.16,1,-1,1,0,-0.0006266804376157432,0.09682004915736096,0.12227331789074468,26.621375072048693,0.01932419370817209,0.006029282731489427,0.5339163896700478,0.31950674601692125,0.0,0.0,0,0.042998016158876856,0.02495804660875132
4.18,1,-1,1,0,-0.0006477619262393458,0.09686879157992179,0.12233795154474085,26.601714737893587,0.01931867098779036,0.0060431026215351695,0.5334475691285802,0.31954281828412673,0.0,0.0,0,0.04295925621688871,0.024906470391645393
4.2,1,-1,1,0,-0.0006201478681165697,0.09697999189191257,0.12244365867482751,26.61825667663943,0.01931124127220388,0.006060610815699561,0.5327823032276211,0.3195882051798837,0.0,0.0,0,0.042777351180216514,0.024828677652488026
4.22,1,-1,1,0,-0.0006686903281148127,0.09699065790186144,0.12246005789043674,26.685436798493075,0.01930589185206671,0.006073968984492785,0.5319120867679258,0.3196272619100072,0.0,0.0,0,0.04266597728103644,0.024876585731057135
4.24,1,-1,1,0,-0.0006880572032599737,0.09702962874949754,0.1224833080284816,26.791670605321283,0.01929258985679976,0.006088960840018495,0.5312869544887844,0.3196627003027442,0.0,0.0,0,0.04246339479920719,0.02494923904046944
4.26,1,-1,1,0,-0.0007558095532689442,0.09708721574258923,0.12245607214901028,26.945363723090757,0.019284262513421604,0.006101893114655847,0.5307396004384753,0.3196995245555606,0.0,0.0,0,0.04226931791237369,0.025117946535861455
4.28,1,-1,1,0,-0.0007089737652298776,0.09726457249081467,0.1225031854154726,27.10954089095596,0.019281504487620386,0.006130541568736538,0.5306294352869765,0.31971641001653434,0.0,0.0,0,0.042083948395208313,0.02528098349349444
4.3,1,-1,1,0,-0.0005509836449151262,0.09749204397801223,0.12258358420768976,27.196581516028765,0.019289674889859165,0.006162941159048956,0.5306703770156878,0.3196965864080671,0.0,0.0,0,0.04212366461103432,0.025416343607402365
4.32,1,-1,1,0,-0.0004868480118629427,0.09758876060535764,0.12255747479440211,27.197253047944177,0.019300641288158962,0.006189933181381016,0.5308964222109791,0.31966322345389175,0.0,0.0,0,0.042221296930255836,0.025417459139837978
4.34,1,-1,1,0,-0.0004666111373322103,0.09754839939726626,0.12249074026411576,27.117094774540277,0.019320993836057856,0.006216181240174331,0.5316480181201363,0.3196184652726097,0.0,0.0,0,0.04242997905263464,0.025312528570490697
4.36,1,-1,1,0,-0.0004943939499687314,0.09739657294608102,0.12239805896886516,26.970413329806277,0.019322749955345393,0.006235492994719466,0.5322983540915798,0.3195920578344811,0.0,0.0,0,0.042617749156279854,0.02509509933146413
4.38,1,-1,1,0,-0.0006455802300428803,0.09704391782574394,0.12222669878283256,26.84992537898199,0.019312368237503617,0.006248534483813366,0.5323965485128989,0.3195949044661206,0.0,0.0,0,0.04281598298833178,0.024987985412962623
4.4,1,-1,1,0,-0.0006507789227084039,0.09687600592016589,0.1222502963090784,26.76080027519291,0.019304591760199465,0.006263988989790602,0.53239532695754,0.31961701994929503,0.0,0.0,0,0.0428082594792809,0.024815041513198126
4.42,1,-1,1,0,-0.0006810249465937571,0.09676516865112098,0.12227547388370298,26.708823935686848,0.019297325936918956,0.006276334319676731,0.5323719167583661,0.319642191076506,0.0,0.0,0,0.04283505481904991,0.02475994994329373
4.44,1,-1,1,0,-0.0006638664946050539,0.09673591333328932,0.12233981366584516,26.705067297520948,0.019286402842029402,0.006289801581394502,0.5323026117586642,0.3196717832043616,0.0,0.0,0,0.042789996660363455,0.02474076445674016
4.46,1,-1,1,0,-0.0006869654549157313,0.09676040603252342,0.12237045565332104,26.743109331429103,0.019277124220683284,0.006302022344190153,0.5320654293648363,0.3197063719469251,0.0,0.0,0,0.04270989150663388,0.02478798056436144
4.48,1,-1,1,0,-0.0006999163937864532,0.0968276841165616,0.12240532645510033,26.8252296386349,0.019267319417897173,0.006315715513404369,0.5318216956179288,0.3197433651294689,0.0,0.0,0,0.04254875130242671,0.02486822655888937
4.5,1,-1,1,0,-0.0007517850171806402,0.09691803507203084,0.12241046568220097,26.95631247338188,0.019258592589748647,0.00632718824964721,0.5314873811286699,0.31977885730969424,0.0,0.0,0,0.042373376608177096,0.02503120256652098
4.52,1,-1,1,0,-0.0007115093534302147,0.09714439288577267,0.12247817237688237,27.101490087358243,0.019258861865318142,0.006352869518596669,0.531405419236468,0.3198006433905329,0.0,0.0,0,0.042158343496446433,0.025163142918650367
4.54,1,-1,1,0,-0.0005760672386847833,0.09738314848389669,0.12256745659772421,27.192885947225896,0.01926786985692036,0.006381984229659322,0.5314325480964613,0.31978767469587377,0.0,0.0,0,0.04219606109231401,0.025308847847133824
4.56,1,-1,1,0,-0.0005363553103569299,0.09754808512987129,0.12255974236892941,27.215498130323418,0.019272657647474066,0.006405365397987789,0.5315188359081332,0.3197704327735664,0.0,0.0,0,0.04217238273683633,0.02529708268363091
4.58,1,-1,1,0,-0.0005072825724517366,0.09753879726440001,0.12251933736865886,27.17942568964301,0.01929270917358678,0.00643070633418422,0.5320716614889516,0.31973252856259166,0.0,0.0,0,0.04235847935532647,0.025269512572773732
4.6,1,-1,1,0,-0.0004982919856042871,0.09747813738225432,0.12247658383428017,27.076666766231074,0.019303552275495923,0.006452234707190016,0.5326724753102385,0.3196869464351921,0.0,0.0,0,0.04248247157404541,0.025075615569755454
4.62,1,-1,1,0,-0.00047361022737768196,0.09732181179419931,0.122438831435624,26.911636869797007,0.01931877041471395,0.006473340737974955,0.5334667246876419,0.3196427306769905,0.0,0.0,0,0.04272935822373248,0.024832948144108455
4.64,1,-1,1,0,-0.0005870823154532842,0.09695196696940334,0.12230553579333708,26.75444575080534,0.019305846665369584,0.006485587409146878,0.533603667198806,0.31964251985709513,0.0,0.0,0,0.042899621359794915,0.024602515143362636
4.66,1,-1,1,0,-0.0006355894106092781,0.09666373968600825,0.12229608407156152,26.62407064946466,0.019295372404061296,0.006497905453060744,0.5335964181419529,0.31966244820319,0.0,0.0,0,0.0429438641820045,0.024377056150519605
4.68,1,-1,1,0,-0.0006549791384980151,0.09638549700384184,0.12231746273825714,26.540066138415334,0.019287286502304355,0.0065096482691438485,0.5335744425024361,0.3196868768181137,0.0,0.0,0,0.043006016723885196,0.02425418613015167
4.7,1,-1,1,0,-0.0006222362121328338,0.0963100404092957,0.12239926016466747,26.494702178528932,0.01927655859997323,0.006522382221937171,0.5334729442603348,0.31971757471300055,0.0,0.0,0,0.04297504270300809,0.02414615570111602
4.72,1,-1,1,0,-0.0006311077040599758,0.09633758807153685,0.12244921576786476,26.48823849728272,0.019268399570243733,0.006533974573788091,0.533086234348914,0.3197537062580247,0.0,0.0,0,0.042915321497059865,0.02410005797775279
4.74,1,-1,1,0,-0.0006276933527288933,0.09638155647608393,0.12249987907251596,26.523054436271405,0.019260989456922038,0.006547350263270215,0.5325273608638523,0.3197964884007593,0.0,0.0,0,0.042791899402423034,0.024087818391185966
4.76,1,-1,1,0,-0.0006630696870100448,0.0964229425451133,0.12251218421003086,26.60109855859329,0.019253421572455298,0.006558657419546721,0.5318159641145012,0.3198361883619726,0.0,0.0,0,0.042648961863865284,0.024142351582061385
4.78,1,-1,1,0,-0.0007060328828266231,0.09645737916041333,0.12250399409534354,26.72721502939121,0.019243547342520054,0.006569301994837663,0.531276230391627,0.3198698535690627,0.0,0.0,0,0.04249438006932541,0.024275030123648157
4.8,1,-1,1,0,-0.0007519342048803619,0.09653092357022312,0.12247758607180921,26.90119695762897,0.019232963452126613,0.006579544056643293,0.5309075484998321,0.3199020984771663,0.0,0.0,0,0.042320828876411684,0.02448704923341551
4.82,1,-1,1,0,-0.0007362351767728759,0.09679903422992463,0.12250174123428349,27.0861995423103,0.01922733404982572,0.006603013113147537,0.530761098529733,0.31993142201252595,0.0,0.0,0,0.04204941660096459,0.024664556493868756
4.84,1,-1,1,0,-0.0006089222345183713,0.09701979836371909,0.12254975430944157,27.238034801079003,0.01923053510698525,0.006629502687016624,0.5307901535669329,0.31992423771943546,0.0,0.0,0,0.04210378520412865,0.024920908222715876
4.86,1,-1,1,0,-0.0005869565362190896,0.09721042367020159,0.12249902196675949,27.297810182148247,0.019180676593406595,0.006655015192685157,0.5312943351287908,0.3198663312286175,0.0,0.0,0,0.042130562094746866,0.02499707925411011
4.88,1,-1,1,0,-0.0005074576658842013,0.09721551698899385,0.12245038985502768,27.296922816875092,0.019187998123546688,0.006678575377352426,0.532279061634927,0.31981924766128855,0.0,0.0,0,0.04236372497014491,0.025072775078485737
4.9,1,-1,1,0,-0.0005423216393936128,0.09723123475418989,0.12236493387571185,27.20688402381703,0.0192041003274814,0.006699151629409721,0.5335782846709896,0.31963593603093665,0.0,0.0,0,0.04253131959490064,0.02494405694623794
4.92,1,-1,1,0,-0.0004889498291077501,0.09710575539802692,0.12232240761943766,27.05157342293072,0.01922663901585101,0.006721751548926839,0.5351986455414735,0.31948465595815584,0.0,0.0,0,0.04286275956194163,0.024771229171362902
4.94,1,-1,1,0,-0.0005680389488015199,0.09691797096998546,0.12223068478175497,26.873819538306773,0.019201370931139855,0.006732198380423042,0.5356514938306104,0.31946470887781026,0.0,0.0,0,0.04304126016446373,0.02454381588068621
4.96,1,-1,1,0,-0.0006653321491958478,0.09667851396619649,0.12216853401774638,26.74009033417893,0.019193651954934395,0.006743244108803678,0.5356901681964906,0.31948091998995215,0.0,0.0,0,0.043180411530884005,0.024399341330888436
4.98,1,-1,1,0,-0.0006252602024412988,0.09665691903812504,0.12227909632366757,26.64405618017411,0.01918841515026934,0.006756064849214066,0.5355298080470976,0.31951238454390346,0.0,0.0,0,0.043137969304032124,0.024201014062940767
5.0,1,-1,1,0,-0.0006446402638599913,0.09668862061050507,0.1223495589357249,26.591286204654697,0.019183143613756122,0.006765981577763329,0.5349883032057521,0.3195481605828291,0.0,0.0,0,0.04310227219445899,0.024095896464495867
5.02,1,-1,1,0,-0.0006144803571669875,0.09677345880471085,0.12245642155123472,26.584115036281286,0.019177567727415534,0.006779131526275209,0.5342892253096608,0.3195908398393746,0.0,0.0,0,0.04296830694330625,0.023999389257299327
5.04,1,-1,1,0,-0.000644797363626836,0.09684404803087202,0.12251219825390391,26.614735670727732,0.01917324011132181,0.006789354983646217,0.5331217961494268,0.3196362811336933,0.0,0.0,0,0.042804616334644226,0.023960069624030626
5.06,1,-1,1,0,-0.0006895349877233878,0.0968015910204996,0.12251872214670087,26.700946761154402,0.019164471219653964,0.006798674516072877,0.5321393059685986,0.31967128477946616,0.0,0.0,0,0.04265880712399583,0.024017930924812338
5.08,1,-1,1,0,-0.0007168823327421449,0.09682840509486379,0.12252747141387813,26.827389244670915,0.01915472388854978,0.00680973085739585,0.531407353697076,0.3197096914175394,0.0,0.0,0,0.04245084938165828,0.02412438493273134
5.1,1,-1,1,0,-0.0007655796933100818,0.09689242144703146,0.12251519401957352,26.998801032244327,0.01914772736733783,0.0068216263163169985,0.5307886401758611,0.31974372762114806,0.0,0.0,0,0.042229793663006464,0.02429417451059001
5.12,1,-1,1,0,-0.0006441379954591347,0.09709281306354968,0.12260056023402628,27.13645365125474,0.01914876238193503,0.006849473015238445,0.5307196271858856,0.31974242150694177,0.0,0.0,0,0.04213089331879035,0.024446236375682048
5.14,1,-1,1,0,-0.0005115560175071518,0.09723554913690238,0.1226276216125991,27.191767954970466,0.019158101591374307,0.0068760526467176305,0.5308692774385851,0.319711420542515,0.0,0.0,0,0.04223797139537959,0.02455023888244264
5.16,1,-1,1,0,-0.00046722743580058373,0.09725353185256734,0.1225680539148159,27.158128963833843,0.01917142112840362,0.00689803242441704,0.5313665138063227,0.3196638756955381,0.0,0.0,0,0.04238926232422502,0.02450986498884413
5.18,1,-1,1,0,-0.0004636353060928876,0.09717753155177503,0.12248247611342947,27.044446803341668,0.019190898068177618,0.006918612752109591,0.5324567939850521,0.3195925578863946,0.0,0.0,0,0.042627945647346004,0.024354734156120106
5.2,1,-1,1,0,-0.0005702567410537512,0.09688847834215183,0.12230987306142065,26.902900018126942,0.019180271421559595,0.00692816757412732,0.532959513663815,0.31957432477378306,0.0,0.0,0,0.04288216643555716,0.024226487957998626
5.22,1,-1,1,0,-0.0006294518165813542,0.09672147743484352,0.12226348812619321,26.791245756888074,0.019175077319861674,0.006940253678203743,0.5330519376857503,0.3195923832933784,0.0,0.0,0,0.04292276493527128,0.02403707364516819
5.24,1,-1,1,0,-0.0006710272581971037,0.09658397493920176,0.12225874891424539,26.718692388511535,0.019169362329903256,0.00694934547810152,0.5330449440299498,0.31961473680966423,0.0,0.0,0,0.04300504916632598,0.023973051222096337
5.26,1,-1,1,0,-0.0006407630873932722,0.09659603368495281,0.12233706870858799,26.68831612211849,0.019160908528311843,0.006960253640387591,0.5329589647666644,0.3196459603740341,0.0,0.0,0,0.04295353516690287,0.02389766264148291
5.28,1,-1,1,0,-0.0006638081145113883,0.09666428366811436,0.12238581429630119,26.695314573302344,0.01915547424944037,0.006968819625687065,0.5325466072427195,0.31968289871160765,0.0,0.0,0,0.04287733530801037,0.023886698066187245
5.3,1,-1,1,0,-0.0006724240721729252,0.0966824585154553,0.12242625603880758,26.750884416580014,0.01914736150364282,0.006978927761908548,0.5321377649912337,0.3197199997517385,0.0,0.0,0,0.04275405698382231,0.023928853565451137
5.32,1,-1,1,0,-0.0007195378841555432,0.09672882374417673,0.12243241660921643,26.850048607344508,0.01913899600757955,0.00698703611648006,0.531676926867765,0.3197561417211791,0.0,0.0,0,0.04259875048301764,0.024039863554617416
5.34,1,-1,1,0,-0.0007708346592476996,0.09678453834097148,0.1224228374270136,27.00349101204776,0.01913059652967145,0.006997177491765467,0.5313845469169348,0.3197877464991411,0.0,0.0,0,0.04241867029488578,0.02422304105383957
5.36,1,-1,1,0,-0.0006813586001317429,0.09708000977368753,0.12252188143381906,27.136372808604683,0.019134139907453312,0.00702132654851463,0.5313444499905295,0.3198005664882932,0.0,0.0,0,0.04222603104520266,0.02434507352081222
5.38,1,-1,1,0,-0.0005477541528262908,0.09726537540103587,0.12258034309949162,27.215582253332027,0.01914315618761515,0.007046109001060484,0.5314003046205683,0.3197797410624823,0.0,0.0,0,0.04230801064755946,0.024483050192581766
5.4,1,-1,1,0,-0.000500390017682862,0.09739133029395909,0.12256610531370474,27.208434872046592,0.019156038683041228,0.007067325952829066,0.5316284604544446,0.3197443093552062,0.0,0.0,0,0.04235740513918517,0.024443396420194996
5.42,1,-1,1,0,-0.0004696933091685833,0.09735926380647597,0.12251570280786091,27.1217494464116,0.019177216828646974,0.007088869544356719,0.532415645499174,0.3196961810966233,0.0,0.0,0,0.04256475187305933,0.02432216706709628
5.44,1,-1,1,0,-0.0004938382340610552,0.09723194122408971,0.1224352457767113,26.969491337171586,0.019179243723822955,0.00710322789112762,0.5330127456206787,0.31967001077738233,0.0,0.0,0,0.042746397726600965,0.02408908762513457
5.46,1,-1,1,0,-0.0006438159360527829,0.09691046079906385,0.12226944138897163,26.844619662484174,0.019172309494491203,0.007112409518184223,0.5330970069319457,0.319676132400131,0.0,0.0,0,0.0429197607385087,0.023945206763938333
5.48,1,-1,1,0,-0.000650806043309797,0.09678255371551987,0.12230734103283898,26.74462303847678,0.019163981897061793,0.007121998123566697,0.5330809555130516,0.3196984317162372,0.0,0.0,0,0.042895478541167764,0.023747250221479114
5.5,1,-1,1,0,-0.0006823978114139755,0.09659117260280344,0.12231170053239643,26.693023302891394,0.019158835828305312,0.007129362377353079,0.53306364170954,0.31972004959223344,0.0,0.0,0,0.04298826877727402,0.023717476348892985
5.52,1,-1,1,0,-0.0006245184316729865,0.09662813603708721,0.12241565546215766,26.67553812937259,0.019148632796667456,0.007140222746090913,0.5329052384284413,0.31975410780763025,0.0,0.0,0,0.04286513749373398,0.023612659654515353
5.54,1,-1,1,0,-0.0006672251518581758,0.09667111903446321,0.12244097296523675,26.695928288841298,0.019145654988226818,0.007147520239070687,0.5324022106313533,0.319790283715952,0.0,0.0,0,0.04279084534989662,0.023616027857102404
5.56,1,-1,1,0,-0.000665720970323011,0.09666266745877597,0.12247760699412574,26.76453040485422,0.01913652075710674,0.007158022528648324,0.5320536075436537,0.31982628685074677,0.0,0.0,0,0.04264531432507452,0.023654531000756096
5.58,1,-1,1,0,-0.0007122012444011096,0.09670102900839535,0.12247616400280383,26.87088098161462,0.01912899120584528,0.007164670398242949,0.531586853862761,0.3198603733231938,0.0,0.0,0,0.04249870565218732,0.02377280460141235
5.6,1,-1,1,0,-0.0007708438231024337,0.09670016509582971,0.12244160559523821,27.033293583157054,0.019117813293101117,0.007173311812567232,0.531397061265148,0.31988587982637046,0.0,0.0,0,0.04233472409973996,0.023972058992999618
5.62,1,-1,1,0,-0.0006908911154122274,0.09697158572661038,0.12251744933117761,27.171754761262036,0.019120465012685797,0.00719526050509357,0.5314028167950617,0.31989442671992596,0.0,0.0,0,0.04216614135285262,0.024120921136366495
5.64,1,-1,1,0,-0.0005688078445335552,0.09711954063146797,0.12254960996347619,27.27510101470169,0.019123554947078163,0.007217628159295202,0.5314357256564426,0.31988030232447073,0.0,0.0,0,0.04223175218422373,0.02428547719676004
5.66,1,-1,1,0,-0.0005442473727586342,0.09726205319706051,0.1225098398234741,27.276002797221228,0.01914319542988528,0.007240379411179253,0.5321209954030865,0.31979619773203266,0.0,0.0,0,0.0423269403937389,0.024276527660551828
5.68,1,-1,1,0,-0.0004809975115127804,0.09722341657757619,0.12245967115305391,27.18924230695516,0.019164316853272835,0.0072613663104569804,0.5333721724126045,0.31966938579843673,0.0,0.0,0,0.04258601785104223,0.024181077387610314
5.7,1,-1,1,0,-0.00046999052768174204,0.09714376312811333,0.12240145801868683,27.024465760628125,0.019179752374634776,0.007278862259924127,0.534616681023141,0.3195937812486108,0.0,0.0,0,0.04280103182753914,0.023912313431775557
5.72,1,-1,1,0,-0.0005277576362530574,0.09690614421943508,0.12230442428221945,26.822330104013368,0.019181105017779303,0.007289100369597264,0.5353521861393604,0.3195610513278757,0.0,0.0,0,0.04306783455223781,0.023639274876546015
5.74,1,-1,1,0,-0.000576468712063273,0.09661643666499832,0.12227167318616931,26.655831313636405,0.019173734488037643,0.007298835231557207,0.5354421618712217,0.3195727170576049,0.0,0.0,0,0.04316501775953626,0.02334457317379545
5.76,1,-1,1,0,-0.0006098336893325743,0.09640864899544031,0.12231079311342999,26.51483252703282,0.01916725787350241,0.007306327170392127,0.5353346965859939,0.3195995688403585,0.0,0.0,0,0.04318515565015087,0.02308364404558795
5.78,1,-1,1,0,-0.0006173190357823301,0.0962037566600591,0.12236922728464544,26.422530547687025,0.019157958411520275,0.00731316363277262,0.5352643522442079,0.3196252748887271,0.0,0.0,0,0.04321019938831955,0.022908370405003885
5.8,1,-1,1,0,-0.0005895448509580757,0.0961938358909246,0.12246654533596263,26.36287663549285,0.01914948553719009,0.007321837980898297,0.5349317537973198,0.3196608379080778,0.0,0.0,0,0.04312972718678381,0.022734531832201768
5.82,1,-1,1,0,-0.0006035074985962507,0.09619930627103228,0.12251518965567555,26.346424287758992,0.019143718248441955,0.007329398962444121,0.5342515772422809,0.3196988641948916,0.0,0.0,0,0.043057000359992825,0.02264300104117571
5.84,1,-1,1,0,-0.0006018364920689391,0.09618291339311795,0.12255576892633677,26.371218311310987,0.019137340372006862,0.007338531420707808,0.5334395947302805,0.3197420630423614,0.0,0.0,0,0.04294699429250048,0.022600142636154924
5.86,1,-1,1,0,-0.0006221523121009084,0.09618387060864261,0.12257493973240036,26.43048302229881,0.019131071502065482,0.00734603753673721,0.5324477009697631,0.3197848257473023,0.0,0.0,0,0.04280020479772434,0.02260403050640001
5.88,1,-1,1,0,-0.0006637303120527252,0.09616138216525806,0.12256561934921466,26.532936715827795,0.019122108086833896,0.007352577324983225,0.5316570561369637,0.3198195676450905,0.0,0.0,0,0.04264341665383869,0.022677892867483347
5.9,1,-1,1,0,-0.0007094025271043407,0.09616470012188127,0.12253871194754726,26.67745497400198,0.019113061122839177,0.007358918849091063,0.5310790584982442,0.3198533583709718,0.0,0.0,0,0.04247150735086951,0.02282329647595635
5.92,1,-1,1,0,-0.000759930693730794,0.0962036386336919,0.12249349769352626,26.869288146445914,0.019102695087567224,0.007364332205009825,0.5307395514163782,0.3198834930336279,0.0,0.0,0,0.04229358905581511,0.02304978058946752
5.94,1,-1,1,0,-0.00074696299059673,0.09636429898101044,0.12248095661929037,27.08450440903976,0.019094522309728534,0.007383153008545585,0.5307307800484918,0.31989858109929736,0.0,0.0,0,0.042141975547261075,0.0233181028511804
5.96,1,-1,1,0,-0.0005712743869517693,0.0966563399762732,0.12254749454518007,27.2167895970114,0.019097790150718937,0.007409946879758845,0.530908222026864,0.3198753068524329,0.0,0.0,0,0.04220845906797201,0.023549453949541752
5.98,1,-1,1,0,-0.0004860524354109441,0.096873314004775,0.12251668094311637,27.254840880423274,0.019110664751408855,0.00743114986778883,0.5313386302404752,0.31982359132417637,0.0,0.0,0,0.04234848256929936,0.023646271475489675
6.0,1,-1,1,0,-0.0004689434112174831,0.09697273377157276,0.12243009828115145,27.200192567581563,0.019128656988445566,0.0074496981097933205,0.5322596814472363,0.3197423178390158,0.0,0.0,0,0.042536058997536076,0.023588051087291752
6.02,1,-1,1,0,-0.00046274852447417483,0.09698746006563808,0.12235092733440676,27.06550658382676,0.019152154814762953,0.007467747391391509,0.5336391187508522,0.3196407125342384,0.0,0.0,0,0.04281178011274303,0.02341396965227583
6.04,1,-1,1,0,-0.000565602398031665,0.09678635198270262,0.12219588860333892,26.90249288501117,0.019143300165440177,0.0074752096667119695,0.5343515122569823,0.3196174695365609,0.0,0.0,0,0.043042589598440574,0.023225313720631267
6.06,1,-1,1,0,-0.0006468611403563154,0.09663446919562607,0.12214470381719768,26.768866729241722,0.019133547879271916,0.007482115577429034,0.5344934042543349,0.3196281826474851,0.0,0.0,0,0.04312942756423345,0.023047794393549113
6.08,1,-1,1,0,-0.0006813140566952966,0.09649504965231591,0.12215871549810453,26.681182229492528,0.01912686253738042,0.007488527138854069,0.5344888489966111,0.3196503842269511,0.0,0.0,0,0.043202821632536054,0.022959501197284633
6.1,1,-1,1,0,-0.0006349682200980089,0.09655277895447509,0.12227236421328334,26.6343963071673,0.01912081982363052,0.007496738248047971,0.5343578890232537,0.3196836799111607,0.0,0.0,0,0.043146156700497526,0.022862083483964034
6.12,1,-1,1,0,-0.000646052015719073,0.09667366893613602,0.12235669027337222,26.62715508886512,0.019115593771772875,0.00750238809727781,0.5337447723859066,0.31972281939490443,0.0,0.0,0,0.04304704685396892,0.022816442945315547
6.14,1,-1,1,0,-0.000654031827809709,0.09671914086160566,0.12241540156823104,26.67305704053819,0.01911021019769015,0.007510834452192792,0.533055039636992,0.3197644204755911,0.0,0.0,0,0.042910537330546554,0.02282736985924011
6.16,1,-1,1,0,-0.0006737401312526571,0.09684999899036618,0.12247243671834594,26.74842283197972,0.019103429924891748,0.007516584576659846,0.5320339492801445,0.31980756765344326,0.0,0.0,0,0.04269856861906551,0.022864683848045447
6.18,1,-1,1,0,-0.0007313781986155073,0.0968234375256159,0.12245019248388851,26.890430365970904,0.01909550223401048,0.007520699620153375,0.5313344908785184,0.31983717481431073,0.0,0.0,0,0.042589277172540976,0.02304730123644369
6.2,1,-1,1,0,-0.0006883339979283018,0.09700247894649887,0.12250611864103203,27.057063898974793,0.019085131385594388,0.007533425072160325,0.5310169041487832,0.31987323641140164,0.0,0.0,0,0.042333065267135525,0.023219724547328763
6.22,1,-1,1,0,-0.000599464850152033,0.09726641237210146,0.12257289705929605,27.19197043024699,0.019092122388857734,0.007555188137472427,0.5309565489067402,0.31987192454882285,0.0,0.0,0,0.042274938889484075,0.02339558127637736
6.24,1,-1,1,0,-0.0005060019280926364,0.09739552150865886,0.12257767751388465,27.248344730268222,0.019098312300387457,0.007575911928983968,0.5311233434793446,0.3198465697605195,0.0,0.0,0,0.04233214266537134,0.023482290121123496
6.26,1,-1,1,0,-0.00048516603627663316,0.09744047652996421,0.12252368578869437,27.22398638945467,0.019120210615725833,0.007595614947234329,0.5316678382378797,0.3198063343823023,0.0,0.0,0,0.04246385720079769,0.02344385238754812
6.28,1,-1,1,0,-0.0004608453311720877,0.09734199280083702,0.12245307816987232,27.116018788266082,0.01913818272154844,0.007613216961913056,0.5326771773163493,0.31972648544811744,0.0,0.0,0,0.042678941680801885,0.023279879416984058
6.3,1,-1,1,0,-0.0004894965206129406,0.09715435681059867,0.12236388742537697,26.943942478261466,0.01914552053040695,0.007624502510408124,0.5335451504321398,0.31968506937194135,0.0,0.0,0,0.042910877248865546,0.023030027825463935
6.32,1,-1,1,0,-0.0006077354441109406,0.09679023796027028,0.12223323215670287,26.796747306817135,0.019137634883285497,0.007631150470516504,0.5336912707510828,0.3196906873174963,0.0,0.0,0,0.04305717247119933,0.02281637166021062
6.34,1,-1,1,0,-0.0006506380645809606,0.09653113285387936,0.12223028806402635,26.68120618575872,0.01912861174500261,0.007636668703021319,0.5336917957547659,0.3197101781230785,0.0,0.0,0,0.0431143056996754,0.022641411861917305
6.36,1,-1,1,0,-0.0006477898590975424,0.09638827400161148,0.12228648236811311,26.607568601636885,0.01912078291594619,0.007642850028017013,0.5336426024084974,0.3197372723080575,0.0,0.0,0,0.04310344029759992,0.02250817471304641
6.38,1,-1,1,0,-0.0006478609073598818,0.09639234938930728,0.12235954158603246,26.572753604126664,0.0191123510067536,0.007647617421028452,0.5333649870915507,0.31977023061406645,0.0,0.0,0,0.04303766566982129,0.022421286121216154
6.4,1,-1,1,0,-0.0006627109113344631,0.09639597026532468,0.12240521927038127,26.588319836964914,0.019104301090539788,0.007652306895567887,0.5330140197009492,0.31980293949731536,0.0,0.0,0,0.04297290161065908,0.02241901706642951
6.42,1,-1,1,0,-0.000659487307703422,0.09646805353807753,0.12246034605017529,26.641232128818146,0.01909717732938008,0.007658954566283812,0.5324791162818878,0.31984462110769346,0.0,0.0,0,0.042816660776836137,0.022437622786685096
6.44,1,-1,1,0,-0.0007026430826047383,0.0965235479538114,0.12246832258694189,26.743265948181648,0.019089706737090394,0.007663355014020909,0.5318801005377082,0.3198812669642216,0.0,0.0,0,0.04266053976706053,0.02254142855177103
6.46,1,-1,1,0,-0.0007483212537509644,0.09658846064025026,0.12245936940869878,26.89687301588241,0.019080266441008995,0.007667234839861253,0.5314281288681986,0.3199135703972783,0.0,0.0,0,0.04249377637867223,0.022729015987941543
6.48,1,-1,1,0,-0.0007607621429642358,0.09678625322650412,0.12247097447950099,27.082393839963355,0.019073335752613125,0.007679555376497371,0.5311659690833109,0.3199484809149505,0.0,0.0,0,0.04222825832175588,0.022923018670737965
6.5,1,-1,1,0,-0.0006435941575014779,0.09705393790190771,0.1225493748724886,27.23551523588009,0.019078301279127158,0.007699938242708619,0.5311660018759599,0.31994308344484224,0.0,0.0,0,0.042219507702730204,0.023149707413231472
6.52,1,-1,1,0,-0.0005675763394322152,0.0971998427219965,0.12251810265957229,27.303341543800464,0.019089061953930706,0.007723245823554803,0.5315682233591842,0.31978063691292125,0.0,0.0,0,0.04231560561515558,0.023251209913667987
6.54,1,-1,1,0,-0.0005083856505311984,0.09730186745230154,0.12245392729226762,27.251341910350973,0.019111246577166334,0.0077428746476702935,0.5324905145016366,0.31964453050006614,0.0,0.0,0,0.04248836370700988,0.023178779020562743
6.56,1,-1,1,0,-0.0004835587186679813,0.09731207905177448,0.12240431022944034,27.124623344576225,0.019134191159550652,0.007758816148246299,0.5337662570117846,0.31948274964669776,0.0,0.0,0,0.04270150857258147,0.02297341116888813
6.58,1,-1,1,0,-0.0004862928812027108,0.09709727806861039,0.12232123125729996,26.934607063552217,0.019140982790532102,0.007769358699597744,0.5349285993452165,0.3193691391376665,0.0,0.0,0,0.04299400374827487,0.022716506635107735
6.6,1,-1,1,0,-0.0005877210700908873,0.09677513494945839,0.12221708417037826,26.7630411381998,0.019130725585512598,0.007775022106512309,0.535228432306838,0.3193647416758112,0.0,0.0,0,0.043133344227157575,0.022454981811360946
6.62,1,-1,1,0,-0.0006425769563687747,0.09649132191297985,0.12220811494301248,26.62647573680284,0.019122923407117076,0.007779875236737834,0.535244821122771,0.3193841361973725,0.0,0.0,0,0.04321257166915104,0.022254887272380904
6.64,1,-1,1,0,-0.0006226439584198183,0.09634856798938822,0.1222923004442171,26.530761454887525,0.019115407738342385,0.0077854676080303335,0.5351463715579837,0.3194126949725397,0.0,0.0,0,0.04320208730428479,0.022077367780342375
6.66,1,-1,1,0,-0.0006239706993687866,0.09632793151210749,0.12236752804816013,26.476013707304865,0.019107394462986423,0.00778949347598379,0.5347645026399828,0.319446159925712,0.0,0.0,0,0.04316420851629498,0.021963534786976113
6.68,1,-1,1,0,-0.0006087541191005831,0.09641028126640815,0.12245861687546945,26.460526470456433,0.01910045049739052,0.007795394675663424,0.5341336746693232,0.31948670549777713,0.0,0.0,0,0.04303599049853573,0.021864791594989424
6.7,1,-1,1,0,-0.0006382922668769532,0.09643601684191797,0.12249146431900425,26.491192091543112,0.019095406112110344,0.007799880246999294,0.5332503647634477,0.31952801015567833,0.0,0.0,0,0.042925197104100296,0.021854475375503845
6.72,1,-1,1,0,-0.0006642884897143791,0.09643171357370955,0.1225026214369899,26.5704260624025,0.01908765292200434,0.007805175704629392,0.5324835840345294,0.3195656637076175,0.0,0.0,0,0.042792983666487344,0.021909351807079314
6.74,1,-1,1,0,-0.0006851036425665862,0.09653881654022656,0.1225275734652724,26.676276287737345,0.019077641300143566,0.00780915905368116,0.5317221828011319,0.31960411653876425,0.0,0.0,0,0.04258562369979253,0.02199585697528724
6.76,1,-1,1,0,-0.0007360640613472413,0.09654534745605393,0.12249237127339242,26.844469145485515,0.019071104911101693,0.007812089883125457,0.5311550412981997,0.31963732521568444,0.0,0.0,0,0.042467591646505876,0.022213239516239415
6.78,1,-1,1,0,-0.0007397278596347687,0.09667590876286135,0.1224842462269918,27.047589235465104,0.019058034071742093,0.007820931621590144,0.5308620100289049,0.3196730823572115,0.0,0.0,0,0.04223226315495144,0.022454868034999593
6.8,1,-1,1,0,-0.0006507576393820005,0.09693028624404568,0.1225259894178575,27.22733326394775,0.0190602318237461,0.007840165377750891,0.5308323161227974,0.31967234792982585,0.0,0.0,0,0.04221957922001647,0.02272941842327379
6.82,1,-1,1,0,-0.0005709731991409908,0.097090427371833,0.12248549554912329,27.320720669844643,0.019071141363020332,0.007864205853489094,0.5312518904249938,0.31949466592991904,0.0,0.0,0,0.042320820911346285,0.022873385719799938
6.84,1,-1,1,0,-0.0005176832770622426,0.09720251627912603,0.12238879564635777,27.267014772632994,0.01909770304735534,0.007885315897449563,0.53244225613344,0.3192870754168943,0.0,0.0,0,0.04255663884936074,0.022828494804192568
6.86,1,-1,1,0,-0.0004959694609136533,0.0972514347947282,0.12232621498622366,27.138777650766666,0.019119071090606208,0.00789964247359243,0.5339653801555669,0.31908593374933786,0.0,0.0,0,0.04276582374362299,0.02262124499568175
6.88,1,-1,1,0,-0.00046494848236242753,0.09710119471903975,0.12227596678549635,26.93810590866542,0.019135791070923495,0.007912167036735435,0.5355858284208763,0.318928587257827,0.0,0.0,0,0.04308658673699189,0.02234673378960715
6.9,1,-1,1,0,-0.0005278527180614979,0.09682631037320943,0.12221084797914121,26.73746221121131,0.019128230653831835,0.007918257965692144,0.5362107171880355,0.3189176640164078,0.0,0.0,0,0.04322307567680585,0.022013057197020236
6.92,1,-1,1,0,-0.0005997151655839951,0.09654072563765416,0.12221383749919489,26.565503249134835,0.0191220582293913,0.007922263898117145,0.5362700360523245,0.31893787116114136,0.0,0.0,0,0.04329407075469973,0.0217327375592692
6.94,1,-1,1,0,-0.0005718417414394619,0.09632697531360519,0.1223225013513464,26.436276506398745,0.019117285420262916,0.00792872591498221,0.5361519386596033,0.3189709231087047,0.0,0.0,0,0.043261393847004774,0.02145834857105989
6.96,1,-1,1,0,-0.0005748628724501596,0.09625103365109988,0.12242974261391186,26.338633415031566,0.01911163827612377,0.007932767942639713,0.5354830459354991,0.3190122451210951,0.0,0.0,0,0.04316617766311142,0.021218316378441824
6.98,1,-1,1,0,-0.0005855844311252467,0.0961685151986281,0.12250729964618283,26.291318526531473,0.019104852278922627,0.00793644396057148,0.5346390880510972,0.3190509807915257,0.0,0.0,0,0.04308693442231755,0.021059400942793825
7.0,1,-1,1,0,-0.0005708251650829721,0.09615944199063506,0.1225927007572419,26.27511077103462,0.019098789564783444,0.007942413969151251,0.5336065671030796,0.31910962988376557,0.0,0.0,0,0.04292684496873157,0.020916220890028116
7.02,1,-1,1,0,-0.0005982860949951783,0.09609099483242227,0.12261738894245156,26.299862942603774,0.01909380435197146,0.007946512150746179,0.532419760266905,0.3191563068245939,0.0,0.0,0,0.04278746338412521,0.020851765499443075
7.04,1,-1,1,0,-0.0006273425814383934,0.0959955905562895,0.12261770252378748,26.365390276818687,0.0190857133582358,0.007950051822795552,0.5314773086590663,0.3191951692797168,0.0,0.0,0,0.04264700449988477,0.02085451616714234
7.06,1,-1,1,0,-0.0006606943645571482,0.09594183616557145,0.12260415991579375,26.46702946933388,0.019076662734920192,0.00795328124139159,0.5308157997046076,0.3192324001825319,0.0,0.0,0,0.04249208556370699,0.02092013691451649
7.08,1,-1,1,0,-0.0007008862766774288,0.0959118089290131,0.12257155091575615,26.609876041226144,0.01906725155097557,0.007955614482683658,0.5304257720926019,0.3192663725511936,0.0,0.0,0,0.04234580603149159,0.021062642854301955
7.1,1,-1,1,0,-0.0007418904457006693,0.09590741624896158,0.122515686544858,26.801012916604158,0.019055812802276792,0.007957863017795976,0.5303276237182617,0.31929662823490096,0.0,0.0,0,0.04220905532758057,0.021293309288360835
7.12,1,-1,1,0,-0.0008008343204642665,0.0959966221985496,0.12243813840870009,27.03663158407494,0.019043678166817457,0.007963030434829509,0.5303148164462136,0.3193225548513284,0.0,0.0,0,0.04204273010521768,0.02158983264027126
7.14,1,-1,1,0,-0.0006526921762473395,0.09631228488260155,0.12248888633040043,27.225350783274088,0.019039246487123598,0.007988080978658989,0.5305573404589695,0.3193120529413329,0.0,0.0,0,0.042059399579427476,0.021881261995272062
7.16,1,-1,1,0,-0.0005071002513651127,0.09663544625348511,0.12248428139535758,27.313173603690316,0.019048792655987575,0.008009388135025544,0.5310797088917153,0.31927385429428856,0.0,0.0,0,0.04224588058755603,0.02207749269780238
7.18,1,-1,1,0,-0.0005515126127299645,0.09686177682149047,0.12233197641896373,27.274622497028066,0.01904178990904517,0.008028601016268705,0.5320359990069904,0.3191151983010183,0.0,0.0,0,0.04243087365904915,0.022032935831136396
7.2,1,-1,1,0,-0.0005233737774403384,0.09696799831383232,0.12224163226372636,27.15026043756973,0.019062317304643625,0.00804348124599081,0.5338947302699721,0.3189506695239269,0.0,0.0,0,0.042779982415164876,0.021910140105145255
7.22,1,-1,1,0,-0.0005058262289719291,0.0970370474002251,0.1222221013412426,26.96874712430173,0.01907701795386513,0.008053333700807505,0.5355446160790903,0.3188555763312111,0.0,0.0,0,0.04295615505604374,0.021603828312939555
7.24,1,-1,1,0,-0.0005754976397124405,0.09680955064605276,0.12213989665702855,26.7774318747727,0.019073613546927645,0.008056030917861055,0.5364032905263185,0.318812701897799,0.0,0.0,0,0.043230663644580246,0.021379904834802593
7.26,1,-1,1,0,-0.0005586287140506539,0.09670038132229485,0.12220427831629259,26.62120973625509,0.019068436114814392,0.008062781748673692,0.5365877153808777,0.31883154155351134,0.0,0.0,0,0.043235977584637666,0.021072581944026066
7.28,1,-1,1,0,-0.0005928447576200174,0.09674178475267795,0.12229030797088451,26.486532352582767,0.019065529161874106,0.008065790596570824,0.5362235665133569,0.31886557388492287,0.0,0.0,0,0.04317728533619482,0.020800087752540268
7.3,1,-1,1,0,-0.0005816144510017787,0.0966706224731023,0.12237822739993279,26.410881734735437,0.019063647982367104,0.008071719189759963,0.5358828748402801,0.3189034167161272,0.0,0.0,0,0.043166573585432556,0.020620345401949798
7.32,1,-1,1,0,-0.0005376409492210167,0.09685307204561175,0.12253479298574106,26.346867573015356,0.019055496075161077,0.008076255141235212,0.5349229198276748,0.31895194196058735,0.0,0.0,0,0.04295205411671528,0.020384141420086484
7.34,1,-1,1,0,-0.0005831516538561954,0.09680648911024342,0.12257005801040183,26.340394794538888,0.019054812063720762,0.008079327108291196,0.5337400171522819,0.3190191058792382,0.0,0.0,0,0.042865605986758364,0.020283292027063367
7.36,1,-1,1,0,-0.0005696842076815291,0.09677862585358027,0.12263756444578718,26.359771619717982,0.019046517410601618,0.008085999299652903,0.5324817731228283,0.3190906029797707,0.0,0.0,0,0.04263884546312287,0.020171201972344954
7.38,1,-1,1,0,-0.0006232149897413206,0.09668213728365521,0.12262567109287485,26.421566437134842,0.01904284324789238,0.008088075843793454,0.5312676680430473,0.3191512578496794,0.0,0.0,0,0.042499603593896346,0.02016234723877663
7.4,1,-1,1,0,-0.0006609882448787019,0.09650269459056991,0.12259127073718967,26.531391039897336,0.01903198133672723,0.008089977152247378,0.5305988748048437,0.3191849171947887,0.0,0.0,0,0.042393550506774826,0.020244931607538146
7.42,1,-1,1,0,-0.0007054841263055972,0.09642197318849138,0.12254086303687842,26.673669883847555,0.0190205846732827,0.008091690442218974,0.5303051082433651,0.31921775458158425,0.0,0.0,0,0.04225410058633564,0.02038887026542274
7.44,1,-1,1,0,-0.0007610125323760757,0.09640792216310648,0.12247653180760802,26.858402807614294,0.0190095407994837,0.00809285592069277,0.5302237886848409,0.31924947180864083,0.0,0.0,0,0.042093528363973266,0.020605157280999743
7.46,1,-1,1,0,-0.0007869244038409759,0.09645111284634118,0.12242094333753684,27.094425562072416,0.01899936390448387,0.008101449239645928,0.5302164735742408,0.31927446709390606,0.0,0.0,0,0.041962580162123286,0.02090314585453319
7.48,1,-1,1,0,-0.0006239564697163719,0.09674313545503327,0.12249304572148831,27.259757317653808,0.018997639280564242,0.008125041992125156,0.5304418816084454,0.31926126882327305,0.0,0.0,0,0.041974597544296166,0.021154434779742486
7.5,1,-1,1,0,-0.000495370103505241,0.0969717155812721,0.12248596601716522,27.327973704992523,0.019008975133682392,0.008144856805000359,0.5309873811147001,0.319222197311092,0.0,0.0,0,0.042157416620750884,0.021305503227081985
7.52,1,-1,1,0,-0.0004842496737294394,0.09709007929841089,0.12237729261356829,27.28252539615598,0.01902564989649305,0.008161122652182284,0.531979441235237,0.31907852744134624,0.0,0.0,0,0.04235206529097376,0.021258262591823975
7.54,1,-1,1,0,-0.0004943663836291419,0.0971683070449447,0.12229068393787823,27.15064712357861,0.019054115573143487,0.008175502759480814,0.5335758661149489,0.318952493450564,0.0,0.0,0,0.04258995444574855,0.021060344077609004
7.56,1,-1,1,0,-0.000491782837197953,0.09703028533911154,0.12221557117674335,26.954857205837133,0.019061747354952367,0.008183729701194107,0.5351071764094758,0.3188561149393933,0.0,0.0,0,0.04289615720776807,0.020799707572195677
7.58,1,-1,1,0,-0.0005711605748207269,0.09682509465301174,0.12214581498858086,26.77505401817221,0.01905494927803803,0.008188167548990228,0.5356668053566613,0.31885773416562735,0.0,0.0,0,0.042999741008269844,0.02051018930768326
7.6,1,-1,1,0,-0.0006270829952018525,0.0966653939901766,0.12216525276345355,26.62624072889679,0.01904980115593357,0.008190642201911876,0.5357165460726171,0.3188802526259022,0.0,0.0,0,0.04305172768330641,0.020283251792221704
7.62,1,-1,1,0,-0.0006074879608322509,0.0965670956828818,0.12226253428592701,26.52423570947806,0.019043369832772297,0.008194000295302541,0.5356186130823354,0.3189105900649914,0.0,0.0,0,0.04304704779466216,0.02010088285343098
7.64,1,-1,1,0,-0.0005852513543705591,0.09663099654680501,0.12237856312945863,26.456835473125548,0.019037482263017453,0.008197406205757329,0.5351403646517852,0.3189572573153623,0.0,0.0,0,0.042947007932769905,0.019937253004195177
7.66,1,-1,1,0,-0.0006046966012400873,0.09668618644587072,0.12244983779513594,26.43572059523526,0.019032160747462685,0.008199458857864973,0.5343081815335493,0.31900066489225226,0.0,0.0,0,0.042845255077835535,0.01984563756651177
7.68,1,-1,1,0,-0.0006048215804762905,0.09673681072317925,0.12252356912687544,26.45264248137824,0.01902737080015375,0.00820360175230601,0.5332714745241323,0.3190639813674377,0.0,0.0,0,0.04267290314721186,0.01978431697730291
7.7,1,-1,1,0,-0.0006451459813213815,0.0967211025037765,0.1225371303508071,26.51649672285711,0.01902197002428455,0.008205528044203811,0.5321536696588325,0.31911157947765956,0.0,0.0,0,0.04252375903677455,0.019807057510895617
7.72,1,-1,1,0,-0.0006842028732834057,0.09669118632548473,0.12253155760805896,26.626029841872914,0.019013753929047698,0.008206899850416711,0.5313130355255035,0.3191499290494991,0.0,0.0,0,0.04237632256225021,0.019906183873641136
7.74,1,-1,1,0,-0.0007261747497831726,0.09669273277568723,0.12250762839983119,26.77994614499004,0.019004645119328797,0.008207928894029779,0.5307328139652603,0.31918652414830995,0.0,0.0,0,0.04222136000628518,0.020082226998400298
7.76,1,-1,1,0,-0.0007782222154886637,0.09674024110359283,0.12246083287665169,26.98179158227387,0.018994206753446024,0.008208373043694001,0.5303934958614315,0.31922103550305736,0.0,0.0,0,0.042050121356390746,0.020337444695055818
7.78,1,-1,1,0,-0.0007367130645756885,0.09698185308994128,0.12248089447875278,27.18457994185541,0.018989475543780172,0.008226433144368779,0.5303820088471046,0.3192417213843233,0.0,0.0,0,0.04187260655462866,0.02058496759184997
7.8,1,-1,1,0,-0.0005954433646855016,0.09716936561562062,0.12250392400839127,27.335344736550265,0.0189890362829228,0.008243943647901117,0.5304999692275423,0.3192251800710486,0.0,0.0,0,0.04201676666595601,0.020848662110496137
7.82,1,-1,1,0,-0.0005885585289539044,0.09729297838871956,0.12238287996189981,27.341910658495294,0.01901386538517959,0.008266790542097311,0.531653932789818,0.3188526069837222,0.0,0.0,0,0.042213672626736816,0.02085714375818792
7.84,1,-1,1,0,-0.0005163288009066846,0.0973043141988508,0.12229407487990207,27.22123216578173,0.019044386616472564,0.008284024355056614,0.5336661858268861,0.3184866839060453,0.0,0.0,0,0.04253709849449355,0.020697102587745264
7.86,1,-1,1,0,-0.0004834568837569046,0.0972600149014512,0.12225109442753064,27.021728980171268,0.019063728486186104,0.008294879919755005,0.5356707706688223,0.31822861580309947,0.0,0.0,0,0.04277533235559876,0.02036419339123698
7.88,1,-1,1,0,-0.0005214589495209782,0.0969783728283974,0.12216766438529186,26.784942592205145,0.01906599770185173,0.00829900094050433,0.5370674100598725,0.3181254298753414,0.0,0.0,0,0.043082480398955215,0.020034012700789923
7.9,1,-1,1,0,-0.0005206712984198864,0.09672350391590408,0.12220765218165701,26.577106707788218,0.019061166793032686,0.008304320941185155,0.5375044615873222,0.3181381316409311,0.0,0.0,0,0.04310887571435314,0.01963294768905842
7.92,1,-1,1,0,-0.0005641238259369782,0.09647990722562659,0.12227006386550708,26.397326584181158,0.019057808097078792,0.00830614661326034,0.5373689954891071,0.31817225536815513,0.0,0.0,0,0.04310454684267536,0.01929629124981701
7.94,1,-1,1,0,-0.0005243184279222803,0.09626965744677689,0.12240956755113126,26.261277235107634,0.019053771503226468,0.00831092509919098,0.5370753767269765,0.31821471460852463,0.0,0.0,0,0.04301673892288983,0.01897637906221242
7.96,1,-1,1,0,-0.0005233462360024477,0.09616390922369909,0.12252846688757436,26.155664157044033,0.019049358591049954,0.008313228164566597,0.5361183392789903,0.3182734723452866,0.0,0.0,0,0.04287872191749609,0.01869321565580618
7.98,1,-1,1,0,-0.0005180760570656223,0.0960429739385756,0.12262475188436969,26.092908201295128,0.019044608013796302,0.008317141764270532,0.5349280507244201,0.3183485465656023,0.0,0.0,0,0.04272233291523553,0.018459702050239817
8.0,1,-1,1,0,-0.0005273191242575158,0.09591247458277324,0.12269076732470179,26.058414238587805,0.019040433675281698,0.008320033841768555,0.5334901493354828,0.3184549619592655,0.0,0.0,0,0.04254733937164074,0.018271304876409086
8.02,1,-1,1,0,-0.0005495511052395693,0.09567336411852001,0.12271207968678674,26.061701667807274,0.01903651715241778,0.008322716930079237,0.532101319895884,0.31857647407282097,0.0,0.0,0,0.04240281594711121,0.018152268794802907
8.04,1,-1,1,0,-0.0005686581595303886,0.09542021590555555,0.12271250450180302,26.096877521642263,0.019029371516280983,0.008324847037569116,0.5309971688034738,0.3186475192629526,0.0,0.0,0,0.042263339326124555,0.018089600573570664
8.06,1,-1,1,0,-0.0005953387964317929,0.09523398869560952,0.12269704409309251,26.159261587589747,0.01902062636372486,0.008326397113353846,0.530246297963865,0.3186903170781702,0.0,0.0,0,0.04211974541563412,0.018079360003624787
8.08,1,-1,1,0,-0.0006144969751474307,0.09506822040028001,0.12266199622577491,26.261468479664146,0.019012104375144227,0.008327297633274298,0.5299244046969493,0.3187247930988445,0.0,0.0,0,0.04205129664350414,0.018156731818574794
8.1,1,-1,1,0,-0.0006456059065437156,0.09497862175595252,0.12260585914575267,26.39145490255094,0.018998554870493633,0.008327994239356751,0.529850772879956,0.3187563153853576,0.0,0.0,0,0.04194260145311602,0.01828530144334824
8.12,1,-1,1,0,-0.0006889627162262185,0.09494373805354445,0.12252964469556715,26.563131294467645,0.018988293584801547,0.008327974269740438,0.5298329693718833,0.31878485364240344,0.0,0.0,0,0.04187664501450029,0.018498975148818653
8.14,1,-1,1,0,-0.0007389703583219435,0.09498145526901919,0.12244055214257371,26.774816809882388,0.018973766833579056,0.008327777960696288,0.5298229309121719,0.31880964256717625,0.0,0.0,0,0.041785304700233436,0.018786784104109455
8.16,1,-1,1,0,-0.0007945906951247646,0.09511849257734484,0.12233852505223827,27.04008300138363,0.01896178502273249,0.008330408177138919,0.5298261402084395,0.3188331851004653,0.0,0.0,0,0.04172430718254643,0.01916602845392361
8.18,1,-1,1,0,-0.0006846406545753352,0.09559293844261801,0.12236676618943139,27.259183921821542,0.018953293350956312,0.008350963537478611,0.5301006351374556,0.3188311527945136,0.0,0.0,0,0.04169364729765032,0.019507367667767124
8.2,1,-1,1,0,-0.0005340298927484326,0.09609243007461345,0.12236898922700785,27.398319389645415,0.018960579632414955,0.00837077843372899,0.5306677392159671,0.31878971844323656,0.0,0.0,0,0.04192927947583658,0.019797956265061527
8.22,1,-1,1,0,-0.0005253903807206292,0.0964986600148907,0.12222586210353764,27.37021758969599,0.018990264300793806,0.008394314839232966,0.532138550712238,0.3183436833353182,0.0,0.0,0,0.04224818804334315,0.019801774440226988
8.24,1,-1,1,0,-0.0005965261365948119,0.09683231793821413,0.12204621596754496,27.18463648009363,0.019026664529445278,0.008411371247067145,0.5343097051477872,0.3178721175087448,0.0,0.0,0,0.04253932766499864,0.019518535142574046
8.26,1,-1,1,0,-0.0005143647405935897,0.09697498745461654,0.12203506929904247,26.927980569315555,0.019051218715786064,0.008420971655272556,0.5369220662571615,0.3175081529888421,0.0,0.0,0,0.04291704495762593,0.019146352999905226
8.28,1,-1,1,0,-0.0005139104141879507,0.09687894518608574,0.1220416247068547,26.671496211605888,0.019045170327066974,0.008424005451590904,0.5383843069463861,0.31745795767799095,0.0,0.0,0,0.043083898593361106,0.018732905874088327
8.3,1,-1,1,0,-0.0005500614358489517,0.09667096931123319,0.12210694752216616,26.445872774484137,0.019039482123473266,0.008425603667322536,0.5386125276151569,0.3174819015507681,0.0,0.0,0,0.04313804564380806,0.01836251732948905
8.32,1,-1,1,0,-0.0005057190812710818,0.09651002035470954,0.12228097571119521,26.25801752604812,0.019037465243847956,0.008429617142869944,0.5383473823144987,0.31752642353101335,0.0,0.0,0,0.04302828707321167,0.017969140144258124
8.34,1,-1,1,0,-0.0005095723330644161,0.09634642011628318,0.12241586613085585,26.11108504069837,0.019034724133497785,0.008431210116417004,0.5374545719330638,0.31759856384317475,0.0,0.0,0,0.042932101524538385,0.017646968584817294
8.36,1,-1,1,0,-0.0004573622893949865,0.09629192384921625,0.12259675670060259,25.9954663768682,0.019030947682720296,0.008436140788077182,0.5361353217231112,0.31774420275898896,0.0,0.0,0,0.0427017626178628,0.017307676150859378
8.38,1,-1,1,0,-0.00047944230420239944,0.09619495472206119,0.12269191506405014,25.914556477338905,0.019029870929654115,0.008438525402163033,0.534355404595731,0.3179880877067775,0.0,0.0,0,0.042499159124388904,0.01703093956902097
8.4,1,-1,1,0,-0.0004915738236680768,0.09593784116522706,0.12275038714301503,25.872381195993743,0.01902641357533435,0.00844086428137526,0.5326413060802667,0.3182486396297885,0.0,0.0,0,0.04234270250581365,0.0168213421341025
8.42,1,-1,1,0,-0.000498170858987082,0.09561041038968165,0.1227719057992571,25.85822504119847,0.0190220556812455,0.008443236269788544,0.5311381949851927,0.318482569049696,0.0,0.0,0,0.04221493111922229,0.016668335162612114
8.44,1,-1,1,0,-0.0005062875203849689,0.0952735932616548,0.12276775283265859,25.868570232852353,0.0190145454202216,0.008445054528603143,0.5299961004270245,0.3186286863295229,0.0,0.0,0,0.0420938462657596,0.01656084647400148
8.46,1,-1,1,0,-0.0005256484145022833,0.09500580171135868,0.12274742677525236,25.898682652982533,0.019006065614807572,0.008446670588566798,0.5292503834632085,0.31868745181102537,0.0,0.0,0,0.041962777856840015,0.016492109973902273
8.48,1,-1,1,0,-0.0005471640979902888,0.09478848501147594,0.12271508956105708,25.955606904618985,0.018998715572391113,0.008447535101230783,0.5288866398026215,0.3187274325921016,0.0,0.0,0,0.04188076920199774,0.01648339402145745
8.5,1,-1,1,0,-0.0005626689343145273,0.09461172386213278,0.12266597975750379,26.042700602360206,0.01898830219236004,0.008448680795336084,0.5288182870246992,0.3187622905283823,0.0,0.0,0,0.0418243001357625,0.01653702346207457
8.52,1,-1,1,0,-0.0005953671088677753,0.09452927849586637,0.12260444624060458,26.152303617443966,0.018977547522333663,0.008449447507474521,0.5287915447944568,0.31879691090395507,0.0,0.0,0,0.04173974696784071,0.016635711009021118
8.54,1,-1,1,0,-0.0006242258479072019,0.09446619638058618,0.1225354696694591,26.303679717400374,0.018968101116924613,0.008449698972180718,0.5287827101995094,0.3188264219080911,0.0,0.0,0,0.04171599236847092,0.01681459020941473
8.56,1,-1,1,0,-0.000664208144167483,0.09450383465606361,0.12245731869759276,26.483475983817037,0.018954204364717474,0.008449739233926237,0.5287719451412282,0.3188540830159401,0.0,0.0,0,0.041646134712477564,0.01704879094373281
8.58,1,-1,1,0,-0.0007201162035379953,0.09464492114500173,0.12236623698084664,26.702808762738623,0.018943708286875416,0.00844911781559903,0.5287654177692989,0.31888217977631855,0.0,0.0,0,0.04158977524269032,0.017356511379022953
8.6,1,-1,1,0,-0.0007789946464568341,0.0948810507908609,0.12226927710730916,26.966464099930153,0.018930701909591813,0.0084483626670226,0.5287600534980318,0.3189080664709239,0.0,0.0,0,0.04151846235314563,0.01774426362116361
8.62,1,-1,1,0,-0.0007119690868341993,0.09538884443519383,0.1222674615765812,27.216028568370138,0.0189226719075982,0.00846901668065743,0.5289995819364579,0.31891454480338965,0.0,0.0,0,0.04151229469490958,0.01812621813118047
8.64,1,-1,1,0,-0.000538490072244463,0.09602898457763427,0.1223049002493698,27.35901348456206,0.018929919542550893,0.008490274501661428,0.5295924584182262,0.3188850543402316,0.0,0.0,0,0.04171349191997017,0.01839957644798412
8.66,1,-1,1,0,-0.0005098685338398995,0.09655640827476486,0.12219729445138329,27.354373461908885,0.01895809541070044,0.008512634674269737,0.5309166872251764,0.31854428782531075,0.0,0.0,0,0.04199621966678669,0.018418687454453554
8.68,1,-1,1,0,-0.0005358193741361247,0.09700154355759326,0.12207761801413901,27.205397976003574,0.018990673461186578,0.008526320352544725,0.5330148619602156,0.31821232558296475,0.0,0.0,0,0.04222179488093008,0.018188684024458224
8.7,1,-1,1,0,-0.00048536900747361833,0.09724545599490265,0.12205600632293277,26.987091143797354,0.019013696728221147,0.008535434144164624,0.5353507936909078,0.31796518069898033,0.0,0.0,0,0.04252705560157769,0.01785866036291374
8.72,1,-1,1,0,-0.0005275237843998214,0.0972570987321937,0.12202830229415249,26.768150290407622,0.01900823717778219,0.008537874722411815,0.5366208042536078,0.3179372894228058,0.0,0.0,0,0.04263559192317693,0.017501163591423657
8.74,1,-1,1,0,-0.0005897945951945545,0.09717000670143948,0.12207030763027689,26.581068067502574,0.019003474884840537,0.008538832488341322,0.5368218253642908,0.3179628941998508,0.0,0.0,0,0.04264393215114031,0.017197542185808462
8.76,1,-1,1,0,-0.0005590072666680837,0.09712628536061516,0.1222170189355215,26.438949960061866,0.019001764023186127,0.008542143363280585,0.5366933386978966,0.31800407678188275,0.0,0.0,0,0.042545323726448585,0.016914051182133044
8.78,1,-1,1,0,-0.0005574653468992108,0.09715607708847097,0.12235629245272876,26.333556259896618,0.01899744175100606,0.008542526948303132,0.5359445252121037,0.3180515782389527,0.0,0.0,0,0.04240384827250975,0.01667842162887119
8.8,1,-1,1,0,-0.0005297723177548723,0.09721854072605647,0.12250288086432078,26.270341556131577,0.018993813052742673,0.008546173711367643,0.534884973323982,0.31815258944323055,0.0,0.0,0,0.04217869386515379,0.01646768893357522
8.82,1,-1,1,0,-0.0005542395320870495,0.09723720242220468,0.12259446232271029,26.242681823042776,0.018991679862357363,0.008547025408802695,0.5333693113768152,0.31833089960683575,0.0,0.0,0,0.04195066573120285,0.016310920442884128
8.84,1,-1,1,0,-0.000586495648045901,0.09706532869000273,0.12262823374082786,26.264310168033763,0.01898709863753641,0.00854753457126371,0.5319438396977649,0.3184952787887705,0.0,0.0,0,0.041784888722902494,0.0162373570292443
8.86,1,-1,1,0,-0.0006124601247966335,0.09686946307885916,0.12263363117183726,26.32353861643363,0.01897996133451978,0.008547708376992287,0.5308438230409844,0.3185816757446169,0.0,0.0,0,0.04163336764855933,0.016229627534903826
8.88,1,-1,1,0,-0.0006422121763331318,0.0967224490087108,0.12262122554481297,26.417815171643863,0.018970599995119387,0.008547360443236627,0.5300952055376136,0.31862710981751774,0.0,0.0,0,0.041478027534745505,0.016283915083443807
8.9,1,-1,1,0,-0.0006844514398375197,0.096619399124973,0.1225848904430858,26.549841245332786,0.018961579989375067,0.008546841355597707,0.5296261286076958,0.3186683004684866,0.0,0.0,0,0.04131680260467815,0.016403715720037862
8.92,1,-1,1,0,-0.0007285049258519832,0.09652270592372125,0.12252886951861033,26.73092803405077,0.01895227612412478,0.00854534042895451,0.5294820318560396,0.3187031268276028,0.0,0.0,0,0.04121121881079685,0.016610402382796444
8.94,1,-1,1,0,-0.0007829567206736124,0.09648600273454169,0.12245103569058807,26.957008297575435,0.018939459208465827,0.0085431900796008,0.5294540897093528,0.3187324600436863,0.0,0.0,0,0.041105712833295935,0.0169016399974665
8.96,1,-1,1,0,-0.0007248122331521001,0.0966747147560202,0.12244845042777958,27.181775720963522,0.018928485218530133,0.008561546715330335,0.5295388519022117,0.3187485526111077,0.0,0.0,0,0.04103221572184461,0.017203121322618017
8.98,1,-1,1,0,-0.0005654335169618385,0.09694463909267247,0.12246986387957043,27.32775649065468,0.01892960766254128,0.008580257316953012,0.5298742269786111,0.31872625218288325,0.0,0.0,0,0.041241906020809974,0.017450761583351182
9.0,1,-1,1,0,-0.000564593980312323,0.09716587275433732,0.12235191340652593,27.345352460353837,0.01891107095109725,0.008597655700664477,0.5307001130485295,0.3186000075049939,0.0,0.0,0,0.04140770621911928,0.017467518765587157
9.02,1,-1,1,0,-0.0005151510921588831,0.09727094073194585,0.122269124697274,27.27400001250706,0.018929745431028214,0.008610228356754577,0.5324072155302708,0.3185133084820445,0.0,0.0,0,0.04171549048934759,0.017377208069150767
9.04,1,-1,1,0,-0.0004992414280908138,0.09734163757199092,0.12221926618159719,27.127029007283934,0.0189474179543775,0.008618517131276043,0.5341893996667133,0.3184220778410492,0.0,0.0,0,0.04187825388991002,0.017116834062857727
9.06,1,-1,1,0,-0.0004714132549122618,0.09724806214662281,0.12218803629075509,26.91567673595081,0.018966299694978612,0.008626714455296804,0.5359453524276326,0.31835303411683996,0.0,0.0,0,0.04213284318079062,0.016775586410126386
9.08,1,-1,1,0,-0.0005434885931386198,0.09697508157563063,0.1221190144376491,26.714646402670823,0.01895903393481413,0.008628258487465429,0.5366559260004473,0.31835493745288546,0.0,0.0,0,0.042256097545732736,0.01644241262386918
9.1,1,-1,1,0,-0.0005572325085809841,0.09688099105001981,0.12221226464524451,26.529619994760743,0.018954184084179877,0.008629355656299062,0.5367043999510133,0.3183849131803609,0.0,0.0,0,0.04214026083159079,0.016087961050733825
9.12,1,-1,1,0,-0.0005878617838362063,0.096639709101995,0.12227240240991842,26.400317910217,0.018953718149124544,0.008630382537208886,0.5366314397322212,0.3184234365501992,0.0,0.0,0,0.04214546715679843,0.01584474690423797
9.14,1,-1,1,0,-0.0005129973637260504,0.09667672995992155,0.12246042515794416,26.289516937201928,0.018946078958796655,0.00863305616711343,0.536051161593495,0.3184754432401947,0.0,0.0,0,0.04190799007163671,0.015566241995922856
9.16,1,-1,1,0,-0.0005524270375749582,0.09662190962976461,0.12252807122451721,26.227441840068266,0.018947104428311497,0.008633114679051623,0.5349315203701595,0.3185948617849848,0.0,0.0,0,0.0417918887425656,0.015387291474865063
9.18,1,-1,1,0,-0.0005199713733576132,0.09657178745302542,0.12263693235684929,26.19587618123054,0.018940578299790647,0.008636912790387707,0.5336908606731134,0.3187037743214067,0.0,0.0,0,0.041558055632484714,0.01522163994779825
9.2,1,-1,1,0,-0.0005616324156359383,0.09644941338198978,0.12265957247008302,26.1995456273442,0.018939264489065927,0.008637136690537058,0.5322413293070886,0.3188470716197066,0.0,0.0,0,0.0413937986654667,0.01513067471405016
9.22,1,-1,1,0,-0.0005888836355091992,0.09620734414927631,0.12265389835542483,26.246347751969477,0.018931315176195975,0.008636824404261651,0.5311753278845955,0.31892050999118426,0.0,0.0,0,0.04127178036702042,0.015111540544295046
9.24,1,-1,1,0,-0.0006199478829950894,0.0960399746541019,0.12263328796207675,26.321518488101024,0.018922739222094243,0.008636413271655012,0.5304831885550713,0.3189622101100803,0.0,0.0,0,0.0411424288631268,0.015150011470308668
9.26,1,-1,1,0,-0.0006568205520786422,0.09592361340217481,0.12259824192627507,26.431028917650107,0.01891393367340671,0.008635769325604361,0.5300541078760377,0.3190003025519148,0.0,0.0,0,0.04100827715308145,0.015250083961026003
9.28,1,-1,1,0,-0.0006932752767599415,0.0958285340515843,0.12254662934268407,26.58624664983827,0.018905300537691294,0.008633885163795587,0.5299294661444531,0.3190312188367999,0.0,0.0,0,0.040949951526035124,0.015434592801413478
9.3,1,-1,1,0,-0.0007360657686291058,0.09579062730949695,0.12247341543390369,26.78240064852012,0.018891759311770225,0.008632094937861998,0.5299004818068547,0.3190582293078541,0.0,0.0,0,0.04087608585943643,0.015697390186963582
9.32,1,-1,1,0,-0.000797396779106254,0.09585695330771216,0.12238112465329276,27.025767586959322,0.018880238001594916,0.008632751314837208,0.529890712568762,0.3190851285630786,0.0,0.0,0,0.0408039594488441,0.016037334263231732
9.34,1,-1,1,0,-0.0006776735431430828,0.09619246515722132,0.12241890971535345,27.2298260949806,0.018872782322962942,0.008650927733967808,0.5300807460966666,0.3190825008119737,0.0,0.0,0,0.04083411715274809,0.016350703049409804
9.36,1,-1,1,0,-0.0005293920955914792,0.0965299885417405,0.12241413465231764,27.355595421094108,0.018881569034299064,0.008670687487721387,0.5306064967086046,0.31903771392712504,0.0,0.0,0,0.04109319175976935,0.016561647105888037
9.38,1,-1,1,0,-0.000571503752974805,0.09683816193553282,0.1222566985255674,27.32497695865693,0.018870743861041997,0.00868781620246758,0.5316378833422009,0.31883582779356995,0.0,0.0,0,0.04128547083865569,0.01650336487799146
9.4,1,-1,1,0,-0.0005312140485452845,0.09702395609275707,0.12217089556244098,27.206305611978035,0.0188948250893475,0.008700192031489765,0.5335910704931872,0.3186705070246624,0.0,0.0,0,0.04160935877608244,0.016318585412264507
9.42,1,-1,1,0,-0.0004956598525433821,0.09716069419851969,0.12216167315282013,27.015363337582606,0.01891455743254169,0.00870773127981553,0.5354560844518454,0.31856995606088373,0.0,0.0,0,0.04175536858006658,0.015971634018936646
9.44,1,-1,1,0,-0.0005681459719941717,0.09698223896630494,0.12207428594909848,26.80875650566989,0.018914023775707407,0.008708129386713505,0.5365250744542743,0.31852823402893093,0.0,0.0,0,0.04196053497497123,0.01565990604930086
9.46,1,-1,1,0,-0.0005551761776685961,0.09693946111992807,0.12216457757153447,26.62596055434778,0.018907982866312897,0.008709781986993693,0.5367392766933718,0.31854685184532366,0.0,0.0,0,0.041864175758485,0.015316964988260982
9.48,1,-1,1,0,-0.000600983435531683,0.0968101410311874,0.1222143236951342,26.486356056585294,0.018907526844118495,0.008708864773047137,0.536633458523983,0.3185776906791438,0.0,0.0,0,0.0418910048270581,0.015087987065945422
9.5,1,-1,1,0,-0.0005212216988813925,0.09685692389135864,0.12239158911262703,26.383188197569698,0.018903079100058926,0.008712808540622065,0.536288121011925,0.3186219370435128,0.0,0.0,0,0.0416961907444032,0.014836420041335474
9.52,1,-1,1,0,-0.0005463924218374362,0.09700316570006054,0.12250537667800994,26.30521933739005,0.01890207188016178,0.008712373405162824,0.5351060934069192,0.3187219961803154,0.0,0.0,0,0.0414624584058526,0.014627134477077362
9.54,1,-1,1,0,-0.0005740448199114227,0.09687233784893924,0.122554110808355,26.290583287550746,0.01890108810129641,0.008713519209032532,0.533958085539277,0.3187957849323696,0.0,0.0,0,0.04135658326777508,0.014515651628771675
9.56,1,-1,1,0,-0.0005440642294930603,0.09689778340064004,0.12265854277948253,26.279831957165847,0.018893461700239204,0.008716536776044101,0.5325274533623903,0.31889640003116626,0.0,0.0,0,0.041038010475754845,0.014392419140080463
9.58,1,-1,1,0,-0.0006021914182309275,0.09668906997012909,0.12264115695056152,26.32537547056654,0.01889446724919443,0.008714897662313283,0.5311635575890158,0.3189990147533252,0.0,0.0,0,0.04095058939865554,0.014375241871198983
9.6,1,-1,1,0,-0.0006023491210491137,0.09647119190801873,0.12263661644208894,26.400496697738788,0.01888076203703754,0.008717089067607747,0.5304288363857693,0.31904878078192495,0.0,0.0,0,0.040797962102993926,0.01440334102164444
9.62,1,-1,1,0,-0.0006513007044547554,0.09637965069368785,0.12260287308253251,26.49493250274983,0.01887511191758438,0.008715709550049544,0.5297925052551241,0.31910747028816516,0.0,0.0,0,0.040653897944822444,0.014486545823356657
9.64,1,-1,1,0,-0.0006943616166902172,0.09619674484417515,0.12254070434963106,26.6435376653834,0.01886423521784134,0.008713511758890038,0.5296388214176107,0.31913716493771743,0.0,0.0,0,0.04060477225162088,0.014663477787188153
9.66,1,-1,1,0,-0.0007488121894127509,0.09613024780222311,0.12246502892442629,26.82562265003174,0.01885194038552002,0.008711364197442796,0.5296054259715622,0.3191659967032041,0.0,0.0,0,0.04051551875961548,0.014912599846711474
9.68,1,-1,1,0,-0.0007760820259766071,0.09615544436558736,0.12240449075493201,27.049413850268042,0.01884352343678329,0.008717405518087957,0.529686852454137,0.31918386615193034,0.0,0.0,0,0.040480375947030765,0.015222924734091389
9.7,1,-1,1,0,-0.0005997697229974328,0.09639407758005304,0.12246831679621385,27.198162052956256,0.018842644584921193,0.008736633818269031,0.5300346438696113,0.3191682634727463,0.0,0.0,0,0.040595741014820774,0.015450572430706362
9.72,1,-1,1,0,-0.0004971362302217189,0.09662712913408827,0.12244921394890504,27.25227570896172,0.01885552218749085,0.008750994175373889,0.5307039876625379,0.31912852782941503,0.0,0.0,0,0.040784378026515175,0.015538972964484697
9.74,1,-1,1,0,-0.0004697070556405475,0.09675336659461882,0.12236728676071788,27.211480719747755,0.018873077403665523,0.008762152500115054,0.5318135601748162,0.3190686456888612,0.0,0.0,0,0.04096823150502914,0.01546537712353207
9.76,1,-1,1,0,-0.0004614344135049492,0.09683347231528844,0.1222898527748384,27.087845802942084,0.01889710190386083,0.008772855853536536,0.5333453072810325,0.3189995355260277,0.0,0.0,0,0.04118354976183013,0.015248581914762714
9.78,1,-1,1,0,-0.0005753416922371878,0.09672898228830358,0.12213781527342725,26.935446713787943,0.018887397204317348,0.008771832875406746,0.5341019013347741,0.31898492389986655,0.0,0.0,0,0.04136364059935222,0.015043116192182994
9.8,1,-1,1,0,-0.0006512069877108034,0.09661084357282954,0.12208318112311035,26.82295318591053,0.018883397245185386,0.008772613744758352,0.534296064108734,0.319001463885053,0.0,0.0,0,0.041434813638813434,0.014894248275492768
9.82,1,-1,1,0,-0.0006574773760232612,0.09661217422401555,0.1221343181271471,26.748981780342017,0.018879830639988153,0.008772680635916422,0.5342714263789026,0.3190314301698325,0.0,0.0,0,0.04143121673003746,0.014801927870445883
9.84,1,-1,1,0,-0.0006624993655331285,0.09669101774110583,0.12220952497220657,26.718125961659226,0.01887505472093883,0.008771914924229008,0.534056573503864,0.3190682570755174,0.0,0.0,0,0.041367229837147135,0.014764421906175074
9.86,1,-1,1,0,-0.000664223049168227,0.09683482292147695,0.12229717178964644,26.728234389471346,0.018868239818071578,0.008770222971024366,0.5335759683924001,0.3191075275808221,0.0,0.0,0,0.04124646967944942,0.014782486343296713
9.88,1,-1,1,0,-0.0007051642606943354,0.09688341009350757,0.12232278742720944,26.79470532620154,0.01886424691990363,0.008768469613291275,0.5329556314473105,0.3191476098148708,0.0,0.0,0,0.04117555766377525,0.014893160315683876
9.9,1,-1,1,0,-0.000700229338959097,0.09706530011726268,0.12239364862062331,26.895746930973697,0.01885796687822864,0.008769849117306347,0.5322367933846018,0.31919496277940695,0.0,0.0,0,0.04095771401609456,0.015035317999904868
9.92,1,-1,1,0,-0.000625179256434804,0.0972826908961442,0.12248703942152822,26.997675430754445,0.018867643761722216,0.008785059122867703,0.5320194452559331,0.31921009120294186,0.0,0.0,0,0.0409127370492741,0.015154542876432583
9.94,1,-1,1,0,-0.0005252243956594023,0.09751078174109624,0.12256798464521092,27.023744327447094,0.01887828613713835,0.008797617776972083,0.5320123455695812,0.31920417419996566,0.0,0.0,0,0.04086411126043437,0.015150380689528333
9.96,1,-1,1,0,-0.0004710699592660218,0.0975322270515115,0.12256907945705092,26.98325933236391,0.01889077130310703,0.00880719812552065,0.5320844479752302,0.31918259617448125,0.0,0.0,0,0.040948792365685126,0.015056575906402482
9.98,1,-1,1,0,-0.000624939760399075,0.09731153010297403,0.12239281884535672,26.94449436574286,0.018877349911118602,0.008804619376753042,0.532056536754802,0.3191916506994018,0.0,0.0,0,0.04101766577130546,0.015006160615683531
10.0,1,-1,1,0,-0.0007110752305362171,0.09720827890951443,0.12232208172289982,26.93893051302894,0.018873570356177365,0.008804862040701555,0.5320349295338204,0.319221776495314,0.0,0.0,0,0.04096844337570153,0.015001688451856475
10.02,1,-1,1,0,-0.000760797262165186,0.09711518796398191,0.12229112887070928,26.984062435066278,0.01886621285668991,0.00880237067633302,0.5320234846609798,0.31924497554250225,0.0,0.0,0,0.040988137543192076,0.015108868465884192
10.04,1,-1,1,0,-0.0007188776464824506,0.0971398853518369,0.12235306418874305,27.07147669163299,0.018863490077400312,0.008804377245125308,0.5320170627786678,0.31926975051236955,0.0,0.0,0,0.040924362823502536,0.015269131481667563
10.06,1,-1,1,0,-0.0005976257047819629,0.09732233065754595,0.12249425925477199,27.131680526558718,0.01887887107915749,0.00881566771129787,0.532044297106529,0.31926509500562866,0.0,0.0,0,0.04084979513391292,0.015341116646685056
10.08,1,-1,1,0,-0.0004938445276630836,0.0973754460819363,0.12255784374765397,27.122830626846604,0.018893817651520626,0.00882828081984226,0.5321620197529838,0.319234930087032,0.0,0.0,0,0.04093894264551382,0.01530511483628855
10.1,1,-1,1,0,-0.0004684886351238246,0.09738413419709883,0.122546357011734,27.041002098268937,0.01890827207224393,0.008838445422203588,0.5322448147197445,0.31921414489011773,0.0,0.0,0,0.040974137055521234,0.015122316983967862
10.12,1,-1,1,0,-0.0004877005090154901,0.09727941207810144,0.12248484395697416,26.907210133105405,0.01891727975911884,0.008843566659329978,0.5323844819958231,0.31920023507477713,0.0,0.0,0,0.04107823270915063,0.014867886848933138
10.14,1,-1,1,0,-0.0006111105520713485,0.0970296726256593,0.12235751777457911,26.796934557079005,0.01890925812014748,0.00884284513040242,0.5323901509653202,0.31921716446988113,0.0,0.0,0,0.041103543647644146,0.014660049140017482
10.16,1,-1,1,0,-0.0006711463920496159,0.0968380392230439,0.12232986044568794,26.717659778497985,0.01890364539519678,0.008841727644179932,0.5323670585682824,0.3192459805720538,0.0,0.0,0,0.04107245053659625,0.014517474622419035
10.18,1,-1,1,0,-0.0006963141533186112,0.09668301948782626,0.12234056571383997,26.684403803891072,0.01889542674434434,0.008839651133369953,0.5323424279432629,0.31927416254177665,0.0,0.0,0,0.04104507938744676,0.014458887234107801
10.2,1,-1,1,0,-0.0007054423787694469,0.09661396290216191,0.12236331650019423,26.697423810524768,0.01888687974736903,0.008837220814184045,0.5323088331980055,0.3193047444687159,0.0,0.0,0,0.04102073353151325,0.014481884131987628
10.22,1,-1,1,0,-0.0007013280168416923,0.09661714043263342,0.12239681487266647,26.75297025815513,0.01887926618909403,0.008836410603280198,0.532241508193092,0.31934024927750476,0.0,0.0,0,0.04094612349996624,0.014569245393867161
10.24,1,-1,1,0,-0.00072513009494116,0.09668287018616267,0.12242331191882685,26.849063115632124,0.01887222939918502,0.008834015649752676,0.5319883044098491,0.3193787588482695,0.0,0.0,0,0.04083188467544741,0.014723806087086342
10.26,1,-1,1,0,-0.0007733938869153127,0.09674087390882102,0.12242169838034951,27.000741379356736,0.018865764489928917,0.008833536550857578,0.5317745978854793,0.31941315622842126,0.0,0.0,0,0.04071573624337673,0.014955744346560523
10.28,1,-1,1,0,-0.0006653758475056691,0.09701027979976988,0.1225309112822002,27.13185893425297,0.01887158150279837,0.008848262593379565,0.531758414939432,0.3194208128366234,0.0,0.0,0,0.040628906826813714,0.015135062899952392
10.3,1,-1,1,0,-0.0005213471485108964,0.09722115308864354,0.12259989292959306,27.187740827691254,0.01888374096535855,0.008863436154420328,0.5318058867463465,0.3193949444382513,0.0,0.0,0,0.040731489598450035,0.015205928156539022
10.32,1,-1,1,0,-0.00047904688675314694,0.09731991146285868,0.12257155858962045,27.159829823788353,0.018899972987042574,0.00887423966837767,0.5319941202188172,0.31936255631406163,0.0,0.0,0,0.040805800412075176,0.015124755492851926
10.34,1,-1,1,0,-0.00045891779901172103,0.09728044842270714,0.12251079231719636,27.053821604290402,0.01892165315817087,0.00888456130493711,0.5326727200384883,0.3193210775375847,0.0,0.0,0,0.040962575582303415,0.014912173973028207
10.36,1,-1,1,0,-0.0005773622576927262,0.09706630834663624,0.12235243107549616,26.918858998597358,0.01891159799724746,0.008882953967491938,0.5328462200367705,0.31931765773826226,0.0,0.0,0,0.04106794440528879,0.014700652261424741
10.38,1,-1,1,0,-0.0006930307957487419,0.0967860852471207,0.12223693425606749,26.826009547506896,0.018905540759262856,0.00888169953846079,0.5328659434194037,0.319335321013914,0.0,0.0,0,0.04115843647797163,0.014579188246494092
10.4,1,-1,1,0,-0.0006903759103903812,0.0966500329167856,0.12226133123938852,26.773532393174975,0.018899485363066557,0.008880927490772987,0.5328492357942848,0.3193616486156214,0.0,0.0,0,0.04115754827440349,0.01450999844419567
10.42,1,-1,1,0,-0.0007018286452777321,0.09661873286489188,0.12229521007868101,26.761582580181337,0.01889177019260836,0.008878098398552648,0.5327828312448641,0.3193932176100529,0.0,0.0,0,0.041136257264035476,0.014515669607126793
10.44,1,-1,1,0,-0.0007164045424598205,0.09660780181322534,0.1223204043253601,26.801763946058568,0.01888497355859032,0.008876382788309998,0.5327336828514548,0.3194268700951771,0.0,0.0,0,0.04110311067364229,0.014597604891003566
10.46,1,-1,1,0,-0.0007202303969313407,0.09670090146333904,0.1223681178750612,26.87878881833213,0.01887669687582041,0.008873889928065948,0.5324962038354333,0.31946333001202165,0.0,0.0,0,0.04099765306075757,0.014737261171277839
10.48,1,-1,1,0,-0.0007708267224996873,0.09677493664381362,0.12237008176536045,27.011897031799275,0.01887230543185223,0.008873350957438011,0.5322470774067452,0.319498391288333,0.0,0.0,0,0.04089781775974077,0.014956226839881136
10.5,1,-1,1,0,-0.0006725630076435153,0.09707403502615801,0.12249140157404216,27.12909367724196,0.018880518898971237,0.00888624692849565,0.5322064921956359,0.31951154995627806,0.0,0.0,0,0.04076231934097292,0.0151125735227301
10.52,1,-1,1,0,-0.0005428611110777568,0.09727080559133847,0.12256264772463439,27.19325034044892,0.018891156011595762,0.00889924378246713,0.5322304922845914,0.31949588954877195,0.0,0.0,0,0.04086829722366008,0.015200257527566069
10.54,1,-1,1,0,-0.0005133054833701481,0.09743347383329587,0.1225632109524034,27.187002389267924,0.018904364252137807,0.008908302389097237,0.5324183334120064,0.31947400544343973,0.0,0.0,0,0.04084313827161654,0.01514405193288053
10.56,1,-1,1,0,-0.0004771186731671144,0.0974314172830156,0.12254061910833461,27.106892435810714,0.018927681180976135,0.008919745745016871,0.533024944125774,0.3194351317262654,0.0,0.0,0,0.040965432568528415,0.014970814192756041
10.58,1,-1,1,0,-0.00048775065830294895,0.0973012201989335,0.12247315438965731,26.962634343824877,0.01893121470890968,0.008924137835987637,0.5335051700317662,0.31941177918630803,0.0,0.0,0,0.041074748275076324,0.014703864751506332
10.6,1,-1,1,0,-0.0006498941396872876,0.09702371133946164,0.12231241066769265,26.83924194540126,0.018923896685372903,0.008922248002237983,0.5335481322220771,0.3194269643999602,0.0,0.0,0,0.04113370598159056,0.0145061455292746
10.62,1,-1,1,0,-0.000702170395868524,0.09674579839185955,0.12227403125965568,26.76251326495789,0.018916477366578293,0.008920415313424409,0.5335469408256694,0.3194465181378966,0.0,0.0,0,0.041188229027580604,0.014398062849202212
10.64,1,-1,1,0,-0.0006844365438941312,0.09665413231933127,0.12232887536275208,26.721445193558708,0.01890977462096699,0.00891915055109689,0.5334405627636041,0.319477139036138,0.0,0.0,0,0.04112609408932824,0.014329437480253117
10.66,1,-1,1,0,-0.00070195169090927,0.09662099548830481,0.12235885492632399,26.726488095377135,0.01890245209825979,0.008916144252766326,0.5332275071488939,0.3195100935839749,0.0,0.0,0,0.04107645591097022,0.01434620830443235
10.68,1,-1,1,0,-0.0007202367744582293,0.09659176758941672,0.12237797831589417,26.782765142481367,0.018893888360107233,0.00891297325382359,0.5330397847036392,0.3195407425314369,0.0,0.0,0,0.04103827691277104,0.014447507399089421
10.7,1,-1,1,0,-0.000724565504424797,0.09667582229884747,0.12241527296660429,26.87912326907843,0.018885476632043666,0.008911514266990014,0.5328552327180063,0.31957640021013517,0.0,0.0,0,0.040918365777974156,0.014605591841912539
10.72,1,-1,1,0,-0.0007458320736837172,0.09681881044637072,0.12244218156311618,27.019101949507622,0.018884397732889656,0.008914499506040523,0.5325967098054777,0.31960903570211163,0.0,0.0,0,0.04078546049478942,0.014813683611232142
10.74,1,-1,1,0,-0.0005977627221995067,0.09708986231504527,0.12257462563379411,27.112319555015937,0.018895216013184158,0.00893012339293512,0.5325920223194084,0.3196024265064808,0.0,0.0,0,0.04077503887953551,0.014934909919703159
10.76,1,-1,1,0,-0.0005009856167015013,0.09726841443721813,0.12261500568392456,27.128225804592272,0.018907950070710673,0.008942181024556427,0.5326359292864441,0.31958135295120843,0.0,0.0,0,0.040810472195166404,0.014926436304137045
10.78,1,-1,1,0,-0.0004650944817348665,0.09729230467026104,0.12258596773847719,27.068731156194257,0.018927619010780564,0.008952884789354205,0.5329259394267903,0.319546416919084,0.0,0.0,0,0.04090595952907311,0.014787017778993407
10.8,1,-1,1,0,-0.0004627972509439124,0.09720834169261854,0.12253168115003862,26.941834512021785,0.018946646355371702,0.008961283044265298,0.5333229818006673,0.31951102119247365,0.0,0.0,0,0.040995140908527614,0.014517843412956285
10.82,1,-1,1,0,-0.000559878558296565,0.09689007488357955,0.12238433326514804,26.794328973044223,0.018939182206595014,0.00895912678829926,0.5334671441314118,0.3195046831635597,0.0,0.0,0,0.041137103978922174,0.014274250966217743
10.84,1,-1,1,0,-0.0006159780489746226,0.09660499166049549,0.12233288185790367,26.680310206340092,0.018933889140291545,0.008959249101940512,0.5334706587034918,0.3195250974056625,0.0,0.0,0,0.04111281104443277,0.014055341341850778
10.86,1,-1,1,0,-0.0006459379339003417,0.09640568728389098,0.12234722772748531,26.595279402881577,0.018929225135407294,0.00895672471769112,0.5334462097666162,0.3195487655074773,0.0,0.0,0,0.041108020015802285,0.013913812118187204
10.88,1,-1,1,0,-0.0006346589108504191,0.09624466953095275,0.12238777724515529,26.55854098435791,0.01892190539252346,0.008956018890266992,0.5333995980988079,0.3195767471593288,0.0,0.0,0,0.04107254841647013,0.01383300521450892
10.9,1,-1,1,0,-0.0006300397390376043,0.09630078572052146,0.12245953422900278,26.544253845779394,0.0189146310800552,0.008953606597008147,0.5330095009686817,0.3196123427435344,0.0,0.0,0,0.040937965265337405,0.01378735037576775
10.92,1,-1,1,0,-0.0006588057749915277,0.09619798917865652,0.12246040735811174,26.587688650361212,0.018909110972119874,0.008950401336033515,0.5327156471045472,0.31964150250181783,0.0,0.0,0,0.04094041460160282,0.013848328459848243
10.94,1,-1,1,0,-0.0006486837857338605,0.09625382071386102,0.1225015644394223,26.655375350137984,0.018898934112039332,0.00895047525240807,0.5324022318606563,0.3196793134124255,0.0,0.0,0,0.04076999410584058,0.013928408510956742
10.96,1,-1,1,0,-0.0007040595751356751,0.0962649288218866,0.12247245418562014,26.774668982961813,0.018893870990660058,0.00894655639709328,0.5320601654665663,0.3197101265685377,0.0,0.0,0,0.040729685840944815,0.014108360245882941
10.98,1,-1,1,0,-0.0007315703053478208,0.09633119937626183,0.12245184199927465,26.936453417678656,0.01888078952864799,0.008944721947287017,0.5319223380017567,0.3197390279749788,0.0,0.0,0,0.040626254837192365,0.01435562130047843
11.0,1,-1,1,0,-0.0006771210598436224,0.09660044135305647,0.12249484819897849,27.091983406714633,0.018886732206088816,0.008958764888746185,0.5319179129155067,0.319749121138978,0.0,0.0,0,0.0405632037742863,0.014575219630926051
11.02,1,-1,1,0,-0.000529083966141701,0.09684554365302112,0.12255834513376905,27.168009161719826,0.018897117166335856,0.008973590819519248,0.5320704871073463,0.3197195106831922,0.0,0.0,0,0.04068227381547686,0.01468469966532429
11.04,1,-1,1,0,-0.0004821468285662184,0.09699338164108325,0.12252729067464889,27.157749343002223,0.018913400016325542,0.00898389262274907,0.5323295416810921,0.31968399899023214,0.0,0.0,0,0.0407708755686927,0.014642010105964245
11.06,1,-1,1,0,-0.0004597469007268859,0.09698914946936926,0.12246287766019126,27.06802565655084,0.01893477819643897,0.008993550358193483,0.5330873816247511,0.31963816489441343,0.0,0.0,0,0.04093970448970995,0.014465067249865338
11.08,1,-1,1,0,-0.0005790210991844791,0.09680374741871507,0.12229770030513074,26.94803569162145,0.018923978240775685,0.008991081678080375,0.5332986655340932,0.31962792548617847,0.0,0.0,0,0.04107617023049405,0.014295442545808482
11.1,1,-1,1,0,-0.0006957821454672067,0.09656204673251274,0.12217312502851561,26.87057647353532,0.01891878295740061,0.00898989802739876,0.5333259995037981,0.3196423751016865,0.0,0.0,0,0.041170941849110625,0.01420520969735504
11.12,1,-1,1,0,-0.0007018407848186047,0.09650696606958319,0.1221987286144128,26.82683696555706,0.018910842011068033,0.008987404315318406,0.5333038398078571,0.31966517225125274,0.0,0.0,0,0.041169907563699565,0.014168001796104262
11.14,1,-1,1,0,-0.0007242509376002154,0.09647858439022193,0.1222183894500253,26.831642185431292,0.01890364323733392,0.008983922897586942,0.5332694144531773,0.31969302505488445,0.0,0.0,0,0.04118164538443325,0.014219171098833128
11.16,1,-1,1,0,-0.0007122588054057216,0.09654985657734654,0.12227734323765428,26.88357553130266,0.018897201067309143,0.008982111912048755,0.5331451086837431,0.3197267694149051,0.0,0.0,0,0.041125694220651286,0.014329233526670117
11.18,1,-1,1,0,-0.0007455619968430721,0.09665324395834195,0.1223005966801479,26.983461379064103,0.018889030653072295,0.008978154845158862,0.5328561151817663,0.3197590920704412,0.0,0.0,0,0.0410590411176824,0.014520873057928207
11.2,1,-1,1,0,-0.0006831372730489206,0.09692730049402631,0.12241142063460819,27.118124852178497,0.01888803106092367,0.008982892880762167,0.532691852270461,0.31979403165528525,0.0,0.0,0,0.040886388006022165,0.014735740545242081
11.22,1,-1,1,0,-0.0005827926227990818,0.09726821225778266,0.12252923837134419,27.218122582327144,0.01890094542482492,0.008995015726790598,0.532654003387033,0.3197885853976173,0.0,0.0,0,0.04086233945928143,0.014876468173387544
11.24,1,-1,1,0,-0.0005109499333202823,0.09747745759301955,0.12255799651283227,27.250756083593615,0.018912870489267458,0.009006956287786104,0.5327327729864495,0.31976719515327334,0.0,0.0,0,0.04088658957017738,0.014895714551245347
11.26,1,-1,1,0,-0.0004758197569335494,0.09760124084819034,0.12254028635133686,27.20326596223094,0.018936435389381064,0.009019000846140272,0.5330078330917293,0.3197342850937444,0.0,0.0,0,0.04096023303035421,0.014773574415964646
11.28,1,-1,1,0,-0.0004631837769625523,0.09758048003209514,0.12250001214581167,27.082390283713867,0.018957619910430618,0.009028503080147953,0.5333657502746108,0.3196991819075167,0.0,0.0,0,0.0410262602167746,0.014507653815808864
11.3,1,-1,1,0,-0.00048668665777484854,0.09737610473631415,0.12242688788548091,26.903392509593484,0.01896551207529601,0.009031600615593322,0.5337852038819297,0.319670294447963,0.0,0.0,0,0.04113751560106945,0.014167094236393464
11.32,1,-1,1,0,-0.0005995311644197837,0.09696578879048429,0.1223061477289681,26.747495851092207,0.018958390410216294,0.009029967094562802,0.5338352939610725,0.31967949992833755,0.0,0.0,0,0.041182601595309204,0.013881497250247484
11.34,1,-1,1,0,-0.0006419614100353112,0.0966176069215207,0.12230369885713682,26.622225800208984,0.018950544168352637,0.009027482691202486,0.5338173359268102,0.3197009412191513,0.0,0.0,0,0.04115421027871601,0.013655842825423073
11.36,1,-1,1,0,-0.0006553019230523989,0.0963434232485248,0.1223393518425485,26.539808760328032,0.01894147763238998,0.009024368290995878,0.5337900467628334,0.3197246651643785,0.0,0.0,0,0.04112280717562671,0.013508082838932409
11.38,1,-1,1,0,-0.0006504790817896781,0.09621590857794514,0.12239095197444812,26.501174556559455,0.01893316414991594,0.009022143965085992,0.5337273319086191,0.31975405021078157,0.0,0.0,0,0.04106704025523477,0.013425277766498912
11.4,1,-1,1,0,-0.0006336596514849441,0.0962605759716975,0.1224687561464092,26.49402028089519,0.01892558314434956,0.009019766651136634,0.5333825377292483,0.3197900406212685,0.0,0.0,0,0.04094170340755326,0.01338987750428062
11.42,1,-1,1,0,-0.0006607385031900496,0.09623670969857007,0.12249130027664806,26.536117911729676,0.018920787647896592,0.009017072170674099,0.5328237021735995,0.3198280679743655,0.0,0.0,0,0.04084956622268367,0.013435027350726905
11.44,1,-1,1,0,-0.0006856667736164015,0.09622077435548657,0.12249959816033743,26.62634426901764,0.01891266976674171,0.009013733994754726,0.532356844797771,0.31986019712717995,0.0,0.0,0,0.04076882968754134,0.013556141945104672
11.46,1,-1,1,0,-0.0006993652961293367,0.09632102028699933,0.12251847724010204,26.752069108110774,0.018903473361871075,0.009012261206074063,0.5319116262305091,0.3198976672700537,0.0,0.0,0,0.04061036272096461,0.0137317480097697
11.48,1,-1,1,0,-0.0007516573973334051,0.09641322846840591,0.12249120456025302,26.931784472189076,0.018896595530243445,0.00900771170363032,0.531455456073368,0.3199295447102837,0.0,0.0,0,0.04052864577597329,0.013997403770365707
11.5,1,-1,1,0,-0.0007424239381116325,0.09658231555231091,0.12249285142910493,27.155305308445552,0.018884706846676317,0.009010304879505328,0.531278098305828,0.3199619261538933,0.0,0.0,0,0.04040458438831817,0.014337800370225147
11.52,1,-1,1,0,-0.0006159485177550487,0.09692957539911094,0.12256445504650364,27.33974922054232,0.018887581689932403,0.009025045354636347,0.5312952800544298,0.31995465246249233,0.0,0.0,0,0.04043486437186986,0.014625310979387667
11.54,1,-1,1,0,-0.0005215146070063591,0.09714435646302111,0.12252960821494079,27.421993800562166,0.01890557863498966,0.009043836035716417,0.53177133482731,0.31976992409737637,0.0,0.0,0,0.040630637926812756,0.014734401595737944
11.56,1,-1,1,0,-0.0005502032677026439,0.09723853804264189,0.12235016414626401,27.316852010485054,0.01894427066740538,0.009063640366941352,0.5332787614187868,0.31918828311854175,0.0,0.0,0,0.04089716375998982,0.014525606228017934
11.58,1,-1,1,0,-0.0005205990059679172,0.0972336312085562,0.12226272283236309,27.09794391201552,0.01897613955226608,0.009073122527796204,0.5354739263655525,0.31864172590488976,0.0,0.0,0,0.04110798415551318,0.01411118688143677
11.6,1,-1,1,0,-0.0005320414123274574,0.09692650463951744,0.12218980458786502,26.83478761066551,0.01897861727899646,0.009072724223586657,0.5372343268659883,0.3183494391076382,0.0,0.0,0,0.04132896029783453,0.013670736739308317
11.62,1,-1,1,0,-0.0005735450129514957,0.09646348552623007,0.12217171923560283,26.603948248710584,0.01897075609126152,0.009071251877626498,0.5378860673270709,0.31833007936061913,0.0,0.0,0,0.04137586479691631,0.013274562418236824
11.64,1,-1,1,0,-0.0005656849422328268,0.09601067765194568,0.12225477907127126,26.4094578213179,0.018966524939269046,0.009070102027616071,0.5378739237886028,0.3183564138209794,0.0,0.0,0,0.041323970690555344,0.012928204848817954
11.66,1,-1,1,0,-0.0005557910112029586,0.09563356416872518,0.12236131371466184,26.254074591833426,0.018961006283282955,0.0090683167023405,0.5375602040867398,0.31839194471745386,0.0,0.0,0,0.041230846365379145,0.012634403406602332
11.68,1,-1,1,0,-0.0005243312226740279,0.09543780334269979,0.12250068177802781,26.13002458860724,0.018953349002870643,0.009065999392888494,0.5368227155074474,0.318431883522174,0.0,0.0,0,0.041070663314404225,0.012377121468087518
11.7,1,-1,1,0,-0.0005262553505910768,0.09527802715375878,0.12258581469009946,26.049225800070804,0.018949583968886047,0.009064042286624713,0.5357502682274974,0.3184793982023741,0.0,0.0,0,0.04095259877234969,0.012186938495370244
11.72,1,-1,1,0,-0.00048587078012931467,0.09525792040614131,0.1227064278424585,25.99154962999145,0.018945950865467832,0.009065647680929129,0.5343626963876674,0.3185799981716003,0.0,0.0,0,0.04069557521404123,0.012000151417865984
11.74,1,-1,1,0,-0.000508969647873541,0.09513421520882491,0.12274678405480176,25.96924303012756,0.018946026499541663,0.009063903198556659,0.532784061397598,0.3187229731059065,0.0,0.0,0,0.040557590301068876,0.011885585652849926
11.76,1,-1,1,0,-0.0005204719944613585,0.0948861396559746,0.1227479192214389,25.983339426250982,0.018939379897928953,0.009063104480871205,0.5314940425420726,0.31880820512261937,0.0,0.0,0,0.04044584839617556,0.01182417344217858
11.78,1,-1,1,0,-0.0005354769392918839,0.09474934835246074,0.12274606941240768,26.0059603677919,0.018931333690476854,0.009061560544156883,0.5304102120501849,0.31886413711302025,0.0,0.0,0,0.040270464034415115,0.01178828810687781
11.8,1,-1,1,0,-0.0005630289667625694,0.09455359728856515,0.12270890675139491,26.067568501980233,0.018926387783945457,0.009058622916194055,0.5297931323937656,0.31890088779224574,0.0,0.0,0,0.04023302450139493,0.011825166325526222
11.82,1,-1,1,0,-0.0005810682839815715,0.09439371831016391,0.1226544277614793,26.15916801445185,0.018914537592206487,0.009055715442196926,0.529640670876181,0.31893057343595455,0.0,0.0,0,0.04022239387190516,0.011922524331309036
11.84,1,-1,1,0,-0.00061546320138137,0.09435471728660674,0.12258905027114317,26.27311551664372,0.018903676960670714,0.00905292908229335,0.5296024044939543,0.3189632582371497,0.0,0.0,0,0.04017784700722397,0.012070654993609696
11.86,1,-1,1,0,-0.0006591616804669381,0.09438131142539535,0.12252147824524405,26.420973749209733,0.01889430678971726,0.009049569446003013,0.5295822138533627,0.31899438659339463,0.0,0.0,0,0.04014126295670587,0.01228045676833095
11.88,1,-1,1,0,-0.0006955372210762506,0.09443727969660826,0.12244765909853034,26.615985443905355,0.018883962741457542,0.009045923297616354,0.5295731798986207,0.3190205655627703,0.0,0.0,0,0.040163803573768385,0.012571401837228182
11.9,1,-1,1,0,-0.0007472649567604323,0.09462124834115664,0.12236367224796682,26.84636948243025,0.018871065212818325,0.00904184667809646,0.5295594034675719,0.31904705940850053,0.0,0.0,0,0.04014892934731397,0.012933339899619306
11.92,1,-1,1,0,-0.0007938704599138521,0.09495505739894895,0.12228753535008617,27.111749781238128,0.018862789374105106,0.009045975966331424,0.5296169990078852,0.31907072214031473,0.0,0.0,0,0.040115829983512485,0.01334585620297507
11.94,1,-1,1,0,-0.000616655999350138,0.0955424770709585,0.12236111197904039,27.304102003465058,0.0188674087946465,0.0090656445597468,0.5300060579726056,0.3190544310618342,0.0,0.0,0,0.040268952772238895,0.013656283097620407
11.96,1,-1,1,0,-0.0004994687451186017,0.09611130763735724,0.12234438099335311,27.38173219731641,0.018885151325321585,0.009082141969348928,0.5308462824754213,0.3189156536512617,0.0,0.0,0,0.040510685967162424,0.01377750734323813
11.98,1,-1,1,0,-0.0005404168599682409,0.09653833591773361,0.1221799387874553,27.284547658027577,0.018918632454141285,0.009097587853699938,0.5325684758275913,0.318479354854222,0.0,0.0,0,0.040746661934618573,0.013604089340973164
12.0,1,-1,1,0,-0.0005022965882494589,0.09684696178823374,0.12211355717761928,27.097406335659073,0.018951931977575547,0.00910686924366035,0.5349283119081184,0.31812226038825003,0.0,0.0,0,0.04100185704447431,0.013266833507925995
12.02,0,-1,1,0,-0.000597900780337602,0.09650292444529754,0.12216896497011509,26.862693212427843,0.01890631013531682,0.009091234334125406,0.5393825372675644,0.3168342690707753,0.0,0.0,0,0.0408121641893823,0.012854612452842066
12.04,0,-1,1,0,-0.0007150462808016879,0.09496944324329214,0.12267755715580843,26.476145119741865,0.019074530810998528,0.009103067738156431,0.5466106780737516,0.31480494744622073,0.0,0.0,0,0.0400605695835067,0.012799257318859518
12.06,0,-1,1,0,-0.0006028859369168194,0.09282065923319575,0.12383712061464865,25.59192426568882,0.019055786907188427,0.009205366604626567,0.5547422494987917,0.31252104492234906,0.0,0.0,0,0.03848028422340017,0.013178859476118398
12.08,0,-1,1,0,-0.00019350625266816718,0.08982326769629685,0.1254897933156313,24.346342238328283,0.018945070139436374,0.00928952454432473,0.5609993802804136,0.310637663001949,0.0,0.0,0,0.03635752810670891,0.013544470758108981
12.1,0,-1,1,0,0.00038130150411213454,0.08494106388236147,0.12721482734700504,23.001106270072963,0.018737980119811395,0.009342500251862944,0.562720135551747,0.3097468307835861,0.0,0.0,0,0.033302558563619925,0.013782609982590663
12.12,0,-1,1,0,0.00099017431386067,0.0776248042025416,0.12852116705732194,21.748702464578955,0.01849494465283667,0.009386642683389708,0.5581681530110372,0.31002062464135577,0.0,0.0,0,0.02917480360771517,0.013858130936880325
12.14,0,-1,1,0,0.0016202496558570048,0.06769762813059116,0.12905664801611447,20.654541100304858,0.018433369934743062,0.009431671585412466,0.5457721510909421,0.3123850255067823,0.0,0.0,0,0.0243311450553431,0.013730120049147171
12.16,0,-1,1,0,0.0021832251471568635,0.055352340833359034,0.1286836182373673,19.53830460752767,0.01843080025740362,0.009475834981745116,0.5248345383065577,0.3183867892370634,0.0,0.0,0,0.01927654171683288,0.01340147118527827
12.18,0,-1,1,0,0.00238052227081054,0.041347459145597364,0.12733088890791683,18.158447505646166,0.017947506282990962,0.00950673459315926,0.4964967056753211,0.32831560672900345,0.0,0.0,0,0.014393108974572105,0.012705080944758937
12.2,0,-1,1,0,0.001935248301089279,0.026882849572422342,0.12507858061023483,16.33061867362109,0.01690323179870121,0.009522890590212055,0.46314557529193184,0.3416384395036991,0.0,0.0,0,0.009845688497508978,0.011425922628732042
12.22,0,-1,1,0,0.0008648172673560717,0.013311806735504451,0.12219112783665506,13.918113679721724,0.016131622979159276,0.009527712015806988,0.42696445822503215,0.3577037019162358,0.0,0.0,0,0.005670144821566043,0.009346564642718186
12.24,0,-1,1,1,0.00010698312794982928,0.004390439016828788,0.11995624539838722,11.536155455974527,0.019224498688685688,0.008525656417241439,0.3936871845698338,0.37576382728187996,0.0,0.0,0,0.0014514136380096168,0.006272208133342453
12.26,0,-1,1,1,0.0002799746987093635,0.002272535270137408,0.11983471001190162,9.827528344986451,0.02570077039889652,0.007971351750912247,0.3652023860234858,0.39385482981081943,0.0,0.0,0,-0.002435594983567373,0.0033900638191376284
12.28,0,-1,1,1,0.00014775654205355024,0.0008684435369417688,0.11990536856573518,7.693114900264774,0.030649239557479044,0.007944016101071245,0.3409353199803115,0.40957613502421975,0.0,0.0,0,-0.005474470863265577,0.00046187462887888086
12.3,0,-1,1,1,0.00038401749516223105,0.00012495426524106526,0.12023411682370874,5.473544373426551,0.034089433687440225,0.007928375524969278,0.3228492800060256,0.4223081062397137,0.0,0.0,0,-0.007741455173533402,-0.0024360249381978954
12.32,0,-1,1,1,0.001160326347514628,0.0008169734271931683,0.12113582188901059,3.8977051547294748,0.03565197932801394,0.007895578416149284,0.31281199046692787,0.43060782694960714,0.0,0.0,0,-0.009386368395289975,-0.005019711219755134
12.34,0,-1,1,1,0.0016050128923599631,0.001898980295263905,0.12168852848010567,3.1902549246834906,0.035127000746243746,0.00783123684159016,0.3103762673702961,0.43290536982559985,0.0,0.0,0,-0.010911189485480009,-0.0072680393401318745
12.36,0,-1,1,1,0.0016799969895141577,0.0033886192565579787,0.12168522617013201,2.7317136976580025,0.027870165233112417,0.007771525837784671,0.31221342882147823,0.432662378625271,0.0,0.0,0,-0.012344139698371793,-0.009370003471125802
12.38,0,-1,1,0,0.001893800149395681,0.004717061120916858,0.12121490953526623,2.459946695143886,0.01653139190262889,0.007424492196150552,0.31850843718930444,0.4295043323312203,0.0,0.0,0,-0.013912710296029886,-0.012652587322627832
12.4,0,-1,1,0,0.002389469768331976,0.004435063206999233,0.11994961417105432,2.6954040839063786,0.010408281555207139,0.00734768451483679,0.3247473996459978,0.4262489191912368,0.0,0.0,0,-0.01526417465097306,-0.017205584218833916
12.42,0,-1,1,1,0.003006500518426731,0.0017239395778505633,0.11819001045218333,3.5561760921159715,0.010802902044913224,0.007591699470952298,0.3311277667599339,0.42439920836026235,0.0,0.0,0,-0.016193687890160118,-0.021871644770125064
12.44,0,-1,0,1,0.004026834859918314,0.0011591488884229104,0.11853752245229804,3.5887497222156752,0.012800622438837289,0.006814078701820881,0.3483260495306288,0.41929398742720153,0.0,0.0,0,-0.01804219041004356,-0.026508776516342914
12.46,0,-1,0,1,0.003193485997457911,0.0015895889775310902,0.11856341895242932,2.5546973642485664,0.009701883492706918,0.006341809614851223,0.3634827745854654,0.41231187900533395,0.0,0.0,0,-0.020082371484712248,-0.030377288853139024
12.48,0,-1,1,1,0.0024033596456407187,0.0015904488828453744,0.11770875295850496,2.261924823205261,-0.0010123421680164045,0.006302386028564182,0.3722458344790006,0.4087668393511452,0.0,0.0,0,-0.02075942560742137,-0.03300212563932416
12.5,0,-1,0,1,0.003149947070867437,0.0012139178695975764,0.11754245774043363,2.6630951963307794,-0.01063923725743799,0.005724473195310067,0.3801686094998084,0.4071175749815661,0.0,0.0,0,-0.02055253296043224,-0.03510353757290746
12.52,0,-1,0,1,0.003527395090163466,0.0011268042538938178,0.11799717205107964,2.542907884853608,-0.01353605835802244,0.004448504505751771,0.39049425945479926,0.40386389237740516,0.0,0.0,0,-0.020373018474680607,-0.03683728756281082
12.54,0,-1,0,1,0.0022030231956190055,0.0011725009826442957,0.11824492880529357,1.498857094505298,-0.014651165094828295,0.003447242474524522,0.40070933427422756,0.3986726827123746,0.0,0.0,0,-0.020400605352775967,-0.03783322164528304
12.56,0,-1,1,1,0.0009428614492712935,0.0008158416274595577,0.11817357112598977,0.7237697013139102,-0.017242987825409138,0.003613886651290953,0.40939812722542146,0.39416089191805403,0.0,0.0,0,-0.0198202814524521,-0.03765998361092918
12.58,0,-1,1,1,0.0008786716001615846,0.0001913735460062696,0.11843997817429554,1.314179477021873,-0.01996746619376366,0.0036784184751106294,0.41506023833359756,0.3917247831982556,0.0,0.0,0,-0.0187398287269871,-0.03724379971208723
12.6,0,-1,1,1,0.0009365165715279448,-0.00020348523646964572,0.11892164849665164,1.7294622161043969,-0.019995475422399153,0.0036112013155479377,0.41665311976426916,0.39109865720844267,0.0,0.0,0,-0.017511310147600434,-0.036568015807664764
12.62,0,-1,1,1,0.0008312017049527075,-0.00021525380895564064,0.11944824204416842,2.066711668345691,-0.018129970289884972,0.003590564873810909,0.4154352516080215,0.39109044664931414,0.0,0.0,0,-0.016564697339337527,-0.03554324738433719
12.64,0,-1,1,1,0.000639526562940966,-0.00020276806292780086,0.11995792505131796,2.5896161846349055,-0.01659321052207326,0.0035880798482645603,0.4110521190472736,0.3916078315065229,0.0,0.0,0,-0.01622835487229052,-0.03436779894352967
12.66,0,-1,1,1,0.00036428641760980277,-0.0002384054330019994,0.12042416611347656,3.1419061389798495,-0.015226420884072075,0.0035944747613351393,0.4030000534846357,0.3933158730903395,0.0,0.0,0,-0.016507624024087276,-0.03310258711380929
12.68,0,-1,1,1,0.00018654798563822947,-0.0001693440808480072,0.12099752875628036,3.5727730540172242,-0.013604282554498345,0.0036073418203418327,0.3928319397602072,0.3963265258047328,0.0,0.0,0,-0.017126260733278813,-0.031868172541650065
12.7,0,-1,1,1,0.00011241986140033203,-4.872137542353411e-05,0.12163239853199274,3.836167802580641,-0.011909204398141457,0.003619049965729764,0.3818978991576766,0.39999244776322573,0.0,0.0,0,-0.017934537965992075,-0.03079780960490316
12.72,0,-1,1,1,1.2919474123598146e-05,5.827618720028252e-05,0.12216227540064223,3.954947694748696,-0.009973373648748065,0.0036316265200236632,0.37030720446023235,0.4039949560284518,0.0,0.0,0,-0.018971523146365132,-0.02982643737651902
12.74,0,-1,1,1,-0.00015745943900358564,2.8252843537895228e-05,0.12251989033392442,3.8897832050280248,-0.008427010262905642,0.0036444431233633714,0.35966877730768193,0.4079677260985245,0.0,0.0,0,-0.019951609677247087,-0.02904410802000915
12.76,0,-1,1,1,-0.0002583959147689878,-1.5537355593116947e-05,0.12281389758764184,3.67415809933461,-0.006970836383290512,0.0036594700330312654,0.3508083868315032,0.41161234297201343,0.0,0.0,0,-0.020816940517299428,-0.028516752927820365
12.78,0,-1,1,1,-0.00028818390560166746,-6.518142774419519e-05,0.12304526128297251,3.3566445587628477,-0.00568066515010401,0.003673249660036342,0.34420101737902215,0.414536353739333,0.0,0.0,0,-0.021543476427311834,-0.028239124291727404
12.8,0,-1,1,1,-0.00026021526909220105,-0.00011993120722299938,0.12320932329535547,2.9916271006308515,-0.00443242033009854,0.0036887882264996018,0.34015650211817755,0.4164937469804303,0.0,0.0,0,-0.02210962904635113,-0.0281869951749993
12.82,0,-1,1,1,-0.0001724898266221575,-0.00017474402962184415,0.12332725800826098,2.644996463619494,-0.003053978685807329,0.0037053269366944205,0.3389304127685476,0.41724412681256234,0.0,0.0,0,-0.022499529926429174,-0.02835670183195351
12.84,0,-1,1,1,-4.920567889611996e-05,-0.0002312059106579882,0.12340792456174138,2.3303301392927227,-0.002183262197655299,0.003715479992499513,0.33954223342524825,0.4173025713179924,0.0,0.0,0,-0.022680592024729114,-0.02871720830411296
12.86,0,-1,1,1,7.10817172131506e-05,-0.00031304104630242024,0.12344050192304241,2.053250780825802,-0.0019841377011365698,0.0037205228047413916,0.34166639376141844,0.4172320759116216,0.0,0.0,0,-0.022644019427121062,-0.02919173230142629
12.88,0,-1,1,1,0.00016655084567958334,-0.0004058565995682939,0.12343653797247477,1.8416807258231085,-0.001951661593321457,0.003721054226311915,0.3450670237781451,0.41693002037113475,0.0,0.0,0,-0.022418743276418907,-0.029689408984074753
12.9,0,-1,1,1,0.00026068960361489216,-0.0003585595633835009,0.12348014967072343,1.753953260089202,-0.0019373718302490744,0.0037146660147755342,0.3492038450807144,0.41637808762996703,0.0,0.0,0,-0.022070468525810488,-0.03006632194687545
12.92,0,-1,1,1,0.0002460137825073157,-0.00030703091872529703,0.12347063716084647,1.7676624848282398,-0.0019518940810261478,0.003707600488965671,0.35397558425619663,0.4153671228781667,0.0,0.0,0,-0.02151055370007341,-0.030267862766238843
12.94,0,-1,1,1,0.0001650477736980585,-0.00029925081661752104,0.12342206167592519,1.8657596085851542,-0.001944024825873738,0.003707493547627923,0.3588574352954921,0.41410698883666963,0.0,0.0,0,-0.02087566330191914,-0.030416653315615428
12.96,0,-1,1,1,6.878534820292312e-05,-0.00027882492884814813,0.12338048170382272,2.0599719172329234,-0.001917546302308796,0.0037103420949301863,0.3628199971939272,0.41297073650176463,0.0,0.0,0,-0.02033694500301564,-0.030459636153987512
12.98,0,-1,1,1,-3.913282164723017e-05,-0.0002667043637598551,0.12334749099928219,2.297118633277879,-0.0018997785245553726,0.0037138880297570035,0.36532419762645973,0.41232469215022904,0.0,0.0,0,-0.01991072741466455,-0.030437037839943275
13.0,0,-1,1,1,-0.00011382572836502944,-0.0002441346869472734,0.12335333022006,2.553018416843815,-0.0018872100650115175,0.0037187690071797757,0.3664113368664708,0.41214330310024144,0.0,0.0,0,-0.019603975542687637,-0.03037138461439697
13.02,0,-1,1,1,-0.00015613234288934866,-0.0002286385102775075,0.12338534883617486,2.820201803929188,-0.0018817368920566683,0.0037244256605148403,0.36650656675318866,0.4121310439871408,0.0,0.0,0,-0.019442067804636146,-0.030288232179125893
13.04,0,-1,1,1,-0.00017644689544089528,-0.00031167123134737476,0.12340655977870904,3.0741568556141297,-0.0018484156175172905,0.0037352758525946205,0.36619897678476215,0.4121478879396039,0.0,0.0,0,-0.019381378858720613,-0.030280426226600016
13.06,0,-1,1,1,-0.00017749548162882336,-0.00034778775663771647,0.12346401986307406,3.313283929217636,-0.001784823145498534,0.0037392764025057927,0.3646179691833589,0.4122064744549724,0.0,0.0,0,-0.01952477273015519,-0.030140155582586668
13.08,0,-1,1,1,-0.00017460307245159568,-0.00031777150751095135,0.12355785082821329,3.5156558320816993,-0.0017964275558518357,0.003734899065865713,0.3623364099199095,0.4123152606510992,0.0,0.0,0,-0.019724747626506917,-0.029957399139696864
13.1,0,-1,1,1,-0.00019875307251179114,-0.0002772017646888343,0.12365421952976043,3.649487364417638,-0.001799508408416391,0.0037334168974012673,0.35966664928260544,0.4124975983454811,0.0,0.0,0,-0.01991907212657503,-0.029745399018520153
13.12,0,-1,1,1,-0.0002492121385147157,-0.0003015447615398424,0.12370900369746764,3.7040909276157965,-0.0017823669793363024,0.0037404608607255288,0.3566610562028501,0.4127810896559112,0.0,0.0,0,-0.020169417716035,-0.02956877687972716
13.14,0,-1,1,1,-0.00027787363857562433,-0.00032040802760664386,0.12376207463504683,3.687045955053069,-0.0017578872047096313,0.003746125797496021,0.3536830177049753,0.41322447565289816,0.0,0.0,0,-0.02044181337774013,-0.029417982547440196
13.16,0,-1,1,1,-0.0002887217017592675,-0.00028535041968780206,0.12383384141998148,3.611300027907697,-0.0017454072571994627,0.0037478775342366924,0.35131682276341664,0.4136098736146986,0.0,0.0,0,-0.020630463858113,-0.029280792977630143
13.18,0,-1,1,1,-0.00030969120101076095,-0.00025709306511649196,0.12387709370989525,3.506853582454781,-0.0017311565341114569,0.003751137061813188,0.3497869445981304,0.4137515150369896,0.0,0.0,0,-0.020768101433312886,-0.029166664626049565
13.2,0,-1,1,1,-0.0003312672134753794,-0.000242363766611315,0.12389334522832939,3.412804055329897,-0.0017163083283262685,0.003755386014016002,0.3491685181734385,0.41378632447875463,0.0,0.0,0,-0.02088653183811507,-0.029082006035381608
13.22,0,-1,1,1,-0.00034228523463200947,-0.00023239238179275853,0.12390005436122571,3.3119057365278883,-0.0016908990190909303,0.003762005444503606,0.3490861666851127,0.4138001535601168,0.0,0.0,0,-0.020940636391237458,-0.02905356576609544
13.24,0,-1,1,1,-0.00034160681161818016,-0.00022619625982919084,0.12390762065959146,3.1947809564782346,-0.0016677850868292564,0.003767835234301439,0.34910456791489736,0.4138049140100623,0.0,0.0,0,-0.02093230036563845,-0.029071355177877133
13.26,0,-1,1,1,-0.00033756804332189805,-0.00022505508956742817,0.12391313883354503,3.0779892365647,-0.0016520546548604309,0.0037722556270643375,0.3491863918407724,0.4138012082423324,0.0,0.0,0,-0.02087255036776755,-0.02912399449817623
13.28,0,-1,1,1,-0.00033495657522890007,-0.00022509333521990998,0.12391369695581483,2.9771995125333843,-0.001634023349192658,0.0037760599891095378,0.34927994940285056,0.4137942025316065,0.0,0.0,0,-0.020783970317002052,-0.02918860772871449
13.3,0,-1,1,1,-0.0003364659966032073,-0.0002245800146832358,0.12390706277099002,2.9055160940407863,-0.0016179866069098727,0.003779446524744763,0.34940963389878177,0.4137860377073729,0.0,0.0,0,-0.020685423151726355,-0.029252993663670797
13.32,0,-1,1,1,-0.0003399391254182739,-0.0002235072575994118,0.12389816673988915,2.8656762598561007,-0.0016039042038207933,0.0037824327317703883,0.34958265711609493,0.4137778974710045,0.0,0.0,0,-0.020579371435969787,-0.029314913349290418
13.34,0,-1,1,1,-0.0003462256303627016,-0.00022206863457253923,0.12389086834059886,2.8573193883001684,-0.0015910920538124043,0.003785093170449155,0.34977900487280766,0.4137699337818776,0.0,0.0,0,-0.020467457353517363,-0.029371042956371926
13.36,0,-1,1,1,-0.0003552475967599708,-0.00021986640225207105,0.12388904328822412,2.8803632690783245,-0.0015788060302955743,0.0037877238605941036,0.34997114201527824,0.4137625281725423,0.0,0.0,0,-0.02035179264165116,-0.02942000022525852
13.38,0,-1,1,1,-0.00035523667051490584,-0.00021363699710618897,0.12390045219062995,2.927997411772587,-0.0015617648447441839,0.0037936730581063505,0.3501490109904924,0.41375642345196195,0.0,0.0,0,-0.020227668941164758,-0.029488725114619207
13.4,0,-1,1,1,-0.0003309311651501119,-0.00020902619551330798,0.12392455953364356,2.9837692724193996,-0.0015516778564284759,0.0037954669427440095,0.35020349682752255,0.413765962441067,0.0,0.0,0,-0.020130477865999568,-0.029555320577949462
13.42,0,-1,1,1,-0.00035196629634290377,-0.000222548029839318,0.12391603833892641,3.049950401170286,-0.0015418815742230417,0.003796835689615599,0.35018237686652237,0.41379148302336805,0.0,0.0,0,-0.020097300513022807,-0.02956095378380128
13.44,0,-1,1,1,-0.0003722355611428946,-0.00022076461022199276,0.12391742082022693,3.110650259520112,-0.001535561975359622,0.003798482827389874,0.35017113493666574,0.41381222576048476,0.0,0.0,0,-0.020070160968280782,-0.02953994396657574
13.46,0,-1,1,1,-0.00039069774911488706,-0.00021506685715319898,0.12392279114293879,3.1649141334867252,-0.0015246330491674538,0.0038013829033127816,0.350159049711251,0.4138328483876803,0.0,0.0,0,-0.020056160903065976,-0.029508593121233342
13.48,0,-1,1,1,-0.000393256759077934,-0.00020861523441274843,0.12393693585111859,3.2076442031334396,-0.001499182944107339,0.0038095637160853605,0.3501447649597541,0.41385497405024796,0.0,0.0,0,-0.02005924944754476,-0.029508455040904547
13.5,0,-1,1,1,-0.00036647807695034534,-0.00020941023211950086,0.12396130881461458,3.2308546183151483,-0.0014836690197315772,0.003812392812147931,0.3501175937838981,0.4138747648203826,0.0,0.0,0,-0.02007894249355612,-0.029528697822209855
13.52,0,-1,1,1,-0.0003842547107965749,-0.00021541639364968182,0.12395871226394918,3.25321102152396,-0.001478323967337984,0.0038125580074223776,0.35010043462580254,0.41389605415827335,0.0,0.0,0,-0.020089546424975548,-0.029511348907517863
13.54,0,-1,1,1,-0.00039359992413565137,-0.00021002680654721995,0.12396524991332421,3.2618433649639345,-0.0014598524098605034,0.003818819691803521,0.3501011957235067,0.41391390458760785,0.0,0.0,0,-0.020087360183161273,-0.029511916610634598
13.56,0,-1,1,1,-0.00037277121631278803,-0.00020507398171221158,0.12398684714451741,3.2610015687250877,-0.001446563283565571,0.003820714128280386,0.3500982590213216,0.4139263288758219,0.0,0.0,0,-0.020080600231079826,-0.029527753673610827
13.58,0,-1,1,1,-0.00040046692959919486,-0.00020993254892158128,0.12397819402761427,3.2662955953773407,-0.001437415124296256,0.0038215180380327374,0.35008315317367683,0.41394611674804427,0.0,0.0,0,-0.020079890897865733,-0.0294979874689988
13.6,0,-1,1,1,-0.00041413418657784,-0.00020379195837951641,0.12398153140282497,3.265030722778013,-0.0014175517249571498,0.0038287248811225993,0.35008683400389595,0.41396211751870204,0.0,0.0,0,-0.020081271801991075,-0.02949162436404988
13.62,0,-1,1,1,-0.000402882452881604,-0.00021623900640222946,0.1239876561061099,3.2547045390620992,-0.0014032894866465174,0.0038316370083325384,0.35007929638325413,0.4139743632020898,0.0,0.0,0,-0.020089811241685015,-0.029503942202262542
13.64,0,-1,1,1,-0.0004237393815954872,-0.0002403603169143058,0.12396996312712176,3.245231730032244,-0.0013861525412159489,0.0038372201101819535,0.3500779038970223,0.4139921263701064,0.0,0.0,0,-0.020108026522346265,-0.029512944871866075
13.66,0,-1,1,1,-0.00040571659988954817,-0.00024981747715908595,0.12397916311730019,3.230110867808434,-0.001375955403758656,0.003838129089690934,0.35006888557922355,0.41400697681616994,0.0,0.0,0,-0.02012761268333406,-0.029523469580086024
13.68,0,-1,1,1,-0.0003970936444486692,-0.00025278542042821844,0.12398633928271172,3.2164635442722047,-0.001359226361517448,0.0038432343191251617,0.3500754712071419,0.414020340063285,0.0,0.0,0,-0.0201445127347093,-0.029540217753056076
13.7,0,-1,1,1,-0.00039306431112567583,-0.0002588264510891801,0.12398965977193614,3.204389935494365,-0.0013452672241725245,0.0038466044982150586,0.3500826574833568,0.41403064325534267,0.0,0.0,0,-0.02015606429343346,-0.029557704131616395
13.72,0,-1,1,1,-0.00038959072639176487,-0.00026427020405024246,0.12399275751707267,3.1962218069015025,-0.0013403742787557419,0.0038451840787089324,0.3500755245610251,0.4140431263626251,0.0,0.0,0,-0.020161927748550686,-0.02954702048244289
13.74,0,-1,1,1,-0.0003831296346117827,-0.00025983148562856717,0.12400255076338723,3.189653489727775,-0.00132496916019016,0.0038495970760026124,0.3500875085898973,0.41405259587616167,0.0,0.0,0,-0.02015593827807362,-0.029555241238442324
13.76,0,-1,1,1,-0.00040810075595246187,-0.0002651290397955898,0.12399206814488926,3.1877678830951437,-0.0013123642464299885,0.003852983267066975,0.3500954856679448,0.4140648442672689,0.0,0.0,0,-0.02014845051719644,-0.029540073644855433
13.78,0,-1,1,1,-0.0004092382092940605,-0.0002632693067794248,0.12399714561465944,3.1858397325846255,-0.001305369061660581,0.0038528285646692514,0.350091218706771,0.4140768915018956,0.0,0.0,0,-0.020139504741309534,-0.029516195222152878
13.8,0,-1,1,1,-0.00041505566102963826,-0.00025630906574051343,0.12400231123904576,3.1849387094860724,-0.0012882697391411423,0.003858711596830769,0.3501034142509332,0.41408855215956925,0.0,0.0,0,-0.020128864775999424,-0.029508514275197045
13.82,0,-1,1,1,-0.000417873753235036,-0.0002558367767308972,0.12400586880895184,3.183859006712523,-0.001276542026350397,0.003861090262198768,0.35010925848853064,0.4140993294280884,0.0,0.0,0,-0.020119079796181657,-0.029501477273142066
13.84,0,-1,1,1,-0.0004199642148024034,-0.00025527047783723694,0.12400958817560799,3.1840949509428347,-0.001264929849654685,0.0038634899086008676,0.3501146702269471,0.4141108613829853,0.0,0.0,0,-0.020107990362917886,-0.029496019678020378
13.86,0,-1,1,1,-0.00043179638886241614,-0.00025650730955774706,0.12400752468547699,3.1852980890371287,-0.0012538448578150651,0.003865885598889676,0.35011791815608007,0.4141241647026166,0.0,0.0,0,-0.02009784414481506,-0.029481025590661226
13.88,0,-1,1,1,-0.00043691125829083827,-0.0002561031600988063,0.12400969958444243,3.185671012050624,-0.001242269050645164,0.003868349403085873,0.3501222445651901,0.41413642746535384,0.0,0.0,0,-0.02008682373410487,-0.029472321435164674
13.9,0,-1,1,1,-0.00044655574345313365,-0.0002562600369909185,0.12400925102032527,3.1862116911879155,-0.0012308019785863935,0.003870976148134731,0.35012650901669257,0.41414962350952095,0.0,0.0,0,-0.020077633293363567,-0.02945861801651173
13.92,0,-1,1,1,-0.0004539709683321104,-0.0002550643929638656,0.12401049357693733,3.1859550534808143,-0.0012145663948271849,0.0038762283194429983,0.35014395456130165,0.4141609179574964,0.0,0.0,0,-0.02006835043411367,-0.029462073460487192
13.94,0,-1,1,1,-0.0004582293315418713,-0.00025576986959057954,0.12401234647402892,3.1851898416350557,-0.0012032570420981105,0.0038786944355217352,0.3501520703198248,0.4141729639685465,0.0,0.0,0,-0.0200617863459818,-0.029456416530586643
13.96,0,-1,1,1,-0.0004462742694363829,-0.00024927433387393616,0.12402588787147038,3.183404932619863,-0.0011900473818274387,0.0038820802423841566,0.3501673607179775,0.4141837338278321,0.0,0.0,0,-0.020054409853107743,-0.029460452473443383
13.98,0,-1,1,1,-0.0004425946916908098,-0.000248933411692024,0.12403203131701143,3.182960321446649,-0.0011791094674005618,0.003884178942935835,0.35018015123624185,0.41419431350155217,0.0,0.0,0,-0.020045673062514778,-0.0294642438557006
14.0,0,-1,1,1,-0.00045259658918981455,-0.00025114706489311883,0.124029875467286,3.184637880622101,-0.0011690161451317856,0.0038861519207621315,0.35018890414392845,0.4142070566545014,0.0,0.0,0,-0.020036825821721494,-0.02945465588489277
14.02,0,-1,1,1,-0.0004571313465824671,-0.0002511752435212025,0.1240316529581934,3.185855824589388,-0.0011583324350228031,0.003888265210663655,0.35019935935754437,0.4142187672236955,0.0,0.0,0,-0.02002604824205316,-0.029448957934196947
14.04,0,-1,1,1,-0.0004670494280632452,-0.0002513237346804566,0.12403065415283096,3.1874352356832136,-0.0011431695597086918,0.003893054698936991,0.35022279333592277,0.41422955639913506,0.0,0.0,0,-0.02001343339128974,-0.02945392812181696
14.06,0,-1,1,1,-0.0004739440808649645,-0.0002520449255342533,0.12403089655810925,3.1889632380094537,-0.001132672241491772,0.0038952501292445012,0.3502347741574649,0.41424131915639884,0.0,0.0,0,-0.02000276176510918,-0.029447053980677606
14.08,0,-1,1,1,-0.0004629878343988085,-0.0002446359428325967,0.1240442133283572,3.18934807025877,-0.0011197992726952,0.003898605506806949,0.35025432337345624,0.41425173667629284,0.0,0.0,0,-0.019991283951452044,-0.0294506055665047
14.1,0,-1,1,1,-0.00047036387094005067,-0.0002456721717524271,0.12404385595929515,3.1916722588181026,-0.0011095100550615735,0.003900745272353111,0.3502671276997084,0.4142637494051313,0.0,0.0,0,-0.019981748481077283,-0.029444926625025594
14.12,0,-1,1,1,-0.0004669603202927669,-0.00024290888683002956,0.12405067423835191,3.1935637867414624,-0.0010981518272648492,0.003903260861513415,0.350283238933972,0.41427451272181987,0.0,0.0,0,-0.019971424815967,-0.029447787747071595
14.14,0,-1,1,1,-0.0004749470402089992,-0.0002438051143793113,0.12404989501804248,3.1961532962061936,-0.0010877134056705435,0.003905477634895429,0.3502950785057586,0.41428685879685595,0.0,0.0,0,-0.019961715751133122,-0.029441218443649872
14.16,0,-1,1,1,-0.0004773080218326148,-0.00024374075863387024,0.1240524672965566,3.1980395639795383,-0.0010771368877768807,0.003907596662393134,0.350308356229916,0.41429810751004453,0.0,0.0,0,-0.01995058355903734,-0.029440299858108424
14.18,0,-1,1,1,-0.00047216991435265754,-0.00023652595110530694,0.1240623915434839,3.1990777279581057,-0.001060311670716688,0.003913495912379301,0.3503429306614947,0.4143077716027776,0.0,0.0,0,-0.01993870348144263,-0.02945537279490786
14.2,0,-1,1,1,-0.0004904053619017856,-0.0002458181537359806,0.12405210025378431,3.202810063066168,-0.0010575584139295476,0.003911550368393645,0.350334832417408,0.4143215738441545,0.0,0.0,0,-0.019931679045144556,-0.02943043834180143
14.22,0,-1,1,1,-0.00047156290883125854,-0.00023450468048409612,0.12407079250523645,3.2034159767630004,-0.001039220471572193,0.003917909458317701,0.3503699276950616,0.41432957397058684,0.0,0.0,0,-0.019917907796705322,-0.029457170980692178
14.24,0,-1,1,1,-0.000508643041292358,-0.00024786375264347973,0.12404888879110917,3.2084796091418704,-0.0010325781017137723,0.00391844401228019,0.3503722576060277,0.4143442978420861,0.0,0.0,0,-0.019910120646428674,-0.029432649132127356
14.26,0,-1,1,1,-0.0004794167281061447,-0.00023500393045956108,0.1240737647409355,3.2086381412700278,-0.0010187517738615018,0.003922041906940082,0.3504025462244479,0.41435203139890625,0.0,0.0,0,-0.01989713487721661,-0.029453386342118942
14.28,0,-1,1,1,-0.0005047455926243394,-0.0002404089475274776,0.12406183585211636,3.212875365368217,-0.0010097962487520722,0.0039239749459215,0.35041185593379626,0.414366534379949,0.0,0.0,0,-0.019889223909426535,-0.029432251527263507
14.3,0,-1,1,1,-0.000492579099006827,-0.000234572102813288,0.12407437937482949,3.213780517858339,-0.0009978370946820642,0.003926760016126634,0.3504346899429246,0.41437572324174465,0.0,0.0,0,-0.019879749803420377,-0.02944337959301705
14.32,0,-1,1,1,-0.0005044245266501435,-0.00023572300690559433,0.12407114483544582,3.2161985420396704,-0.0009875251273339083,0.00392922659377557,0.350448514388274,0.41438855804884833,0.0,0.0,0,-0.019873489896328637,-0.029433359288445562
14.34,0,-1,1,1,-0.00047592588677842357,-0.00022788020969848402,0.12409146959225784,3.215118711625561,-0.0009731057679319252,0.003934225745495301,0.3504680152610594,0.4143998835367013,0.0,0.0,0,-0.01988273382745334,-0.029473639646012864
14.36,0,-1,1,1,-0.000462687413459225,-0.00022763857409303923,0.12410019239957218,3.213839857553843,-0.0009582064179449684,0.00393823450336353,0.3504999787642406,0.41440777710057114,0.0,0.0,0,-0.019885168875931794,-0.02950834712949421
14.38,0,-1,1,1,-0.0004910087072843676,-0.00024231270536123617,0.12408044431084933,3.2190185878094772,-0.0009581023029625199,0.003934681262011945,0.35049082388491637,0.41442085317065747,0.0,0.0,0,-0.01988241992408656,-0.029478914692329716
14.4,0,-1,1,1,-0.00046315974616009323,-0.00022547361022151255,0.12410495106900775,3.2198320907967104,-0.000938232534538898,0.003943204536929285,0.35053759771656234,0.41442961050195226,0.0,0.0,0,-0.019878404059480388,-0.0295229120116675
14.42,0,-1,1,1,-0.0004899100068334328,-0.00024075183308168782,0.12408547221796212,3.222945425950997,-0.0009327930901696584,0.003942298878558015,0.35054108132312206,0.4144422641433852,0.0,0.0,0,-0.019878299867072007,-0.02951108946074703
14.44,0,-1,1,1,-0.000473069599210469,-0.00023212524497391931,0.12410083761073305,3.225260689795811,-0.0009196845616442775,0.0039464257744595225,0.3505777171829544,0.41445009787886256,0.0,0.0,0,-0.01987078325063912,-0.02953731280695269
14.46,0,-1,1,1,-0.00044743126178869996,-0.0002271285843928432,0.12411567910448568,3.226355889563699,-0.0009039017149808196,0.003952433512404846,0.35058232348498447,0.41446194632064104,0.0,0.0,0,-0.0198870276352644,-0.02958498871322567
14.48,0,-1,1,1,-0.00044835926129430104,-0.0002364773643155245,0.12411135810019636,3.22986380860851,-0.0009020252552641359,0.003948354570754894,0.3505715948608125,0.4144705163304413,0.0,0.0,0,-0.0198842295350161,-0.029579077137068917
14.5,0,-1,1,1,-0.0004714801228974906,-0.000233217548223294,0.12410365249880734,3.2369270076872954,-0.0008872409509450903,0.003954554544756073,0.35061368305025076,0.4144814530970277,0.0,0.0,0,-0.01986919465254489,-0.029579342375197253
14.52,0,-1,1,1,-0.0004554428853785174,-0.00022955686648681514,0.12411406897942831,3.240227730213624,-0.0008809873798006687,0.003955074249922299,0.35060830790212005,0.41449465888675385,0.0,0.0,0,-0.019874275575526946,-0.029586250454875156
14.54,0,-1,1,1,-0.00043779438040192006,-0.00022490057598509652,0.12412648766796203,3.2426891892160303,-0.0008666197951036392,0.003958408023152263,0.3506268045826961,0.41449968437622253,0.0,0.0,0,-0.019865096971715804,-0.02961615600016023
14.56,0,-1,1,1,-0.0004537015382021156,-0.0002309103252668178,0.12411562074756628,3.2499759912753596,-0.0008611037376426674,0.003959900336266131,0.3506097602775015,0.41451766160524306,0.0,0.0,0,-0.019875585709475597,-0.029612522478380487
14.58,0,-1,1,1,-0.0004315114561075743,-0.00022421816651890455,0.1241308217877192,3.251222840317757,-0.0008464048764857262,0.003963223093847512,0.35061896650738006,0.4145230486206827,0.0,0.0,0,-0.01987248492120496,-0.029642014721075763
14.6,0,-1,1,1,-0.00047890181602904675,-0.00023728009772055678,0.12410195794625066,3.259473191972566,-0.000840233169925913,0.003964429132441464,0.3506137740939766,0.4145377331915242,0.0,0.0,0,-0.01986797917370668,-0.029614783956264046
14.62,0,-1,1,1,-0.00042849100939040125,-0.000219261208385408,0.12413705125494093,3.2591772825050205,-0.0008255526087350957,0.003968772466612643,0.35062407162375914,0.41454475034433674,0.0,0.0,0,-0.019869231029620578,-0.029658658180143755
14.64,0,-1,1,1,-0.00044291106725787704,-0.0002196096168027989,0.1241297243329814,3.266985529692599,-0.0008175272533992542,0.003971411848309994,0.3506198459190366,0.4145582889024744,0.0,0.0,0,-0.019875623686879826,-0.0296648790829259
14.66,0,-1,1,1,-0.00042344634109483387,-0.00021845355920363171,0.12414083021729477,3.2701067201624934,-0.0008077684458332616,0.003971209839175084,0.3506200296781116,0.4145630109393969,0.0,0.0,0,-0.01986628543486866,-0.029681054156493896
14.68,0,-1,1,1,-0.0004570893708495706,-0.00021879022908965692,0.12412405710605295,3.2825887583154874,-0.0007993625287881288,0.00397501134607972,0.35061556895011403,0.4145783431738498,0.0,0.0,0,-0.01986304258421778,-0.029665572155957207
14.7,0,-1,1,1,-0.0004345407314939598,-0.0002137126075771427,0.12413919622752176,3.2857853723338026,-0.0007857154433108733,0.003978127160055029,0.3506161343694701,0.4145851640511327,0.0,0.0,0,-0.019856015409327087,-0.029695215767528094
14.72,0,-1,1,1,-0.0004248212054541456,-0.0002176173187336504,0.12414160258806067,3.2864163782573597,-0.0007758361349168468,0.0039803278712376485,0.3506048151102803,0.41459920895411934,0.0,0.0,0,-0.019866630855286293,-0.029712464414601503
14.74,0,-1,1,1,-0.00043273402148983134,-0.00021143370807995276,0.12414248289215081,3.2927759035289346,-0.0007661392446057917,0.003983459269986627,0.35061826566619897,0.41460893657098474,0.0,0.0,0,-0.019856962753918017,-0.02971909482943283
14.76,0,-1,1,1,-0.00043683947843732585,-0.00021577299351904777,0.12413854739102367,3.296146441475964,-0.0007559657959093763,0.00398551161742293,0.35061382179775413,0.4146212323231499,0.0,0.0,0,-0.019859954988462086,-0.02972464610305705
14.78,0,-1,1,1,-0.00041331028375736836,-0.00021061958467712485,0.1241525791737542,3.293757332910854,-0.0007465064455642569,0.003987160676363179,0.35062622215496475,0.4146319304894137,0.0,0.0,0,-0.019868119249878642,-0.02974465015303884
14.8,0,-1,1,1,-0.00042974824767706005,-0.00021273981035929007,0.12414485676208191,3.297701439804755,-0.0007354949735490749,0.003990787807075786,0.35064264786500976,0.41464281209688764,0.0,0.0,0,-0.019864533367030878,-0.02975084598249779
14.82,0,-1,1,1,-0.0004322596630112058,-0.00020992212666654658,0.12414547700727803,3.300631251820874,-0.0007280554376069813,0.003991753306247235,0.3506475321287981,0.4146528448689442,0.0,0.0,0,-0.019861924539859008,-0.029747207387729326
14.84,0,-1,1,1,-0.0004027381722703262,-0.0002045934604031699,0.1241629532188692,3.298375982807581,-0.0007159453052880273,0.003994265014574954,0.3506445048629629,0.41466156725015235,0.0,0.0,0,-0.01986799362486121,-0.02977544550544606
14.86,0,-1,1,1,-0.0004317273337152948,-0.0002075544854017175,0.12414791530602186,3.3059874383201056,-0.0007064280844472099,0.003997162903273165,0.35065189714270045,0.41467006286631775,0.0,0.0,0,-0.01985539389916032,-0.029768359618602167
14.88,0,-1,1,1,-0.00042424338829781527,-0.00020973157690781785,0.1241516903176717,3.309263989245866,-0.0006984681189742934,0.003998456841584763,0.350639104632662,0.4146815371124887,0.0,0.0,0,-0.019855809935422925,-0.029784407173410056
14.9,0,-1,1,1,-0.00041938485610525794,-0.00020560834275481013,0.12415584250001653,3.311567683909647,-0.0006865618635003301,0.004002234582846427,0.35064031871335477,0.414692636760473,0.0,0.0,0,-0.01985707487882064,-0.029798937946841436
14.92,0,-1,1,1,-0.00043236460563722545,-0.00020966732248420272,0.12414973316034493,3.3151571585908117,-0.0006795241421691968,0.004003270353203761,0.3506284500919346,0.4147044486792433,0.0,0.0,0,-0.019850479346782822,-0.029795291990190126
14.94,0,-1,1,1,-0.00041508220413625715,-0.0002060401130744259,0.12415915263927636,3.313193146746808,-0.0006660554427412207,0.004007531705935199,0.35063787165257715,0.4147164383913061,0.0,0.0,0,-0.019862337177784257,-0.02982242064083656
14.96,0,-1,1,1,-0.0004267384751823651,-0.0002065525851064759,0.12415534841555338,3.314994882315129,-0.0006612601098296577,0.0040073439961925165,0.350635853321555,0.41472615667131024,0.0,0.0,0,-0.01985515532560575,-0.029814298377561475
14.98,0,-1,1,1,-0.0004125989484388623,-0.00020003110950539763,0.12416502724669454,3.3142972258655234,-0.0006479521828332461,0.004011599714807752,0.3506485014680787,0.41473643693409046,0.0,0.0,0,-0.01986207345522767,-0.029835506693903353
15.0,0,-1,1,1,-0.00042839722962693255,-0.0002058949753014766,0.12415660192397192,3.3157916420574947,-0.0006415749219212826,0.004012269390797505,0.3506426618411932,0.41474742978487444,0.0,0.0,0,-0.019858303726808225,-0.02983028990873255
15.02,1,1,1,1,-0.0003934155621575612,-0.00020940210003326382,0.12413752500820868,3.2828764015954035,-0.0006053706329635543,0.004030326040052741,0.350962864354343,0.4147257048527324,0.0,0.0,0,-0.019781967975526966,-0.029690476026628214
15.04,1,1,1,1,-0.0003511975161886727,-0.00024216816723362025,0.12403783215519773,3.2526673510435584,-0.0005716573435133199,0.0040439975945756705,0.3510954021676411,0.4147171024686674,0.0,0.0,0,-0.0197248816949654,-0.029511571437963062
15.06,1,1,1,1,-0.00030327300757782005,-0.0002771893177765661,0.12389908205834095,3.2974937825121007,-0.0005651758289454746,0.0040461213946665995,0.3511176858596602,0.41471871534014615,0.0,0.0,0,-0.01967690365496569,-0.02941662865309882
15.08,1,1,1,1,-0.000272092318454379,-0.00031483367861515413,0.12375037095842638,3.3653673663736527,-0.000572599826956926,0.004042431543229518,0.35110156086142913,0.41472725814369643,0.0,0.0,0,-0.019566522030671166,-0.029459707813056644
15.1,1,1,1,1,-0.0002700794208505865,-0.0003260011264211299,0.12359256798999237,3.465644037932347,-0.0005661508121761118,0.004040709201990596,0.3508520183875132,0.414759368920745,0.0,0.0,0,-0.019592597085136772,-0.02951172416247935
15.12,1,1,1,1,-0.00027313898892969077,-0.00031966190009461576,0.1234496816156312,3.5564053717370068,-0.0005755135817975945,0.004038310754905789,0.35079250951998786,0.41477894043537533,0.0,0.0,0,-0.019583580800641584,-0.02967151512196366
15.14,1,1,1,1,-0.00028094210222794416,-0.0003144253758009599,0.12331905787285895,3.6285609155789253,-0.0005755883031409796,0.004036901914040224,0.3506671377732628,0.41480812862510513,0.0,0.0,0,-0.01960105364744595,-0.029857628511656117
15.16,1,1,1,1,-0.00030011758894942994,-0.0003103685526969456,0.12318746160612802,3.7001920186570825,-0.0005808613070505643,0.004035076887209335,0.35051017188624145,0.414832834141841,0.0,0.0,0,-0.01962958548200294,-0.030053565339726012
15.18,1,1,1,1,-0.00031987626054835044,-0.00031368906280483666,0.12305972806322808,3.7625339676306426,-0.0005856900044005104,0.004032454195044996,0.3503540774969829,0.41485832545513407,0.0,0.0,0,-0.019654594353015142,-0.030245388337090416
15.2,1,1,1,1,-0.00033185023140315517,-0.00031212716843222535,0.12294621117931082,3.807883960398712,-0.0005928144126353266,0.004029240493198004,0.3502960612109893,0.4148785433517273,0.0,0.0,0,-0.019643477666006177,-0.030459607924872793
15.22,1,1,1,1,-0.00030928454550450263,-0.0002920884578882718,0.12286649734766121,3.8706117726718774,-0.0005986572891120542,0.004027295371450429,0.3502829312027918,0.41489299256203477,0.0,0.0,0,-0.01964424928297035,-0.030672641250494313
15.24,1,1,1,1,-0.00029662899396451503,-0.00028220192246124556,0.12278525249314386,3.9442390785699653,-0.0006113087492058512,0.004022175845348015,0.35012015406382835,0.414917750100515,0.0,0.0,0,-0.01968395320393012,-0.030853807220421997
15.26,1,1,1,1,-0.0002848052119370295,-0.0002701017723578357,0.12271374626787994,4.005321128114693,-0.0006183570241197238,0.004018534485555825,0.35007534499757803,0.414930342374894,0.0,0.0,0,-0.01968268187681779,-0.031045781851710943
15.28,1,1,1,1,-0.00027538097104009077,-0.0002615502560764614,0.12264404274634808,4.067725260072494,-0.0006293557026810335,0.004013558657314694,0.3500841105382467,0.4149342952322949,0.0,0.0,0,-0.019656208779613774,-0.03125105065591878
15.3,1,1,1,1,-0.0002784942518394805,-0.0002581055063795336,0.12256888068745153,4.128218478871064,-0.0006418658244898666,0.004008231087559265,0.3500739165016768,0.4149450911852452,0.0,0.0,0,-0.019654463961841825,-0.031436945327540364
15.32,1,1,1,1,-0.00027500728182336745,-0.00024809580354653166,0.12250482521161626,4.18275999914039,-0.0006542645303844266,0.004002805176655908,0.35010285138013136,0.41494352606643903,0.0,0.0,0,-0.019592304107183735,-0.03165108035976992
15.34,1,1,1,1,-0.00032327274307263065,-0.00025403843643236057,0.12241050682778125,4.240529364821422,-0.000765423944210847,0.0039895151119903405,0.3501482414639166,0.41493430036862194,0.0,0.0,0,-0.01951574602743728,-0.031769548967514154
15.36,1,1,1,1,-0.0004322937844211984,-0.0002497338740299407,0.12230824373231036,4.282521018326319,-0.0009764257022091684,0.003980065689683897,0.35028371890847587,0.41493652502156037,0.0,0.0,0,-0.019407712053630104,-0.031846105048608124
15.38,1,1,1,1,-0.0004067072883838056,-0.00022488856203238539,0.12227535427514871,4.36643669521041,-0.000975444685208952,0.003987535369105634,0.35027465947682357,0.4149539826160143,0.0,0.0,0,-0.01941614171288458,-0.03201831102452306
15.4,1,1,1,1,-0.0003492587561910905,-0.00022080569970050687,0.12224604087356788,4.474756713496993,-0.0009795617329286263,0.0039842878521915235,0.350289516581945,0.4149542995574299,0.0,0.0,0,-0.01942267463015822,-0.03223289009814999
15.42,1,1,1,1,-0.0003956905222452338,-0.0002331278401346143,0.12216465154386168,4.545550502531092,-0.0010511059445941645,0.003968647608404653,0.35051211334437266,0.414930005237324,0.0,0.0,0,-0.019318210826123724,-0.03237056066721161
15.44,1,1,1,1,-0.0004770386303706124,-0.0002321979280058839,0.12207548107465144,4.60622756599064,-0.0010911281115705835,0.0039584298645836645,0.3505998804808871,0.4149207414244785,0.0,0.0,0,-0.019223014818935586,-0.03243792608373831
15.46,1,1,1,1,-0.0005312946081573802,-0.0002228717341405291,0.12200394958515563,4.689102475853148,-0.0010868380113531317,0.0039548899911812955,0.35064979469074026,0.4149218445422962,0.0,0.0,0,-0.019166157621882014,-0.03252453520322744
15.48,1,1,1,1,-0.00048359541272846585,-0.00020281995658391963,0.12198591728529336,4.795896073874595,-0.0010253955701419641,0.00395553895826376,0.3506719545532647,0.4149222807007706,0.0,0.0,0,-0.01914204891828771,-0.032697082329422776
15.5,1,1,1,1,-0.0004953430874018727,-0.00021028763410699605,0.12192417599057596,4.904550585575291,-0.0010443437224694594,0.0039469329972568485,0.3507174296057181,0.41491433033139646,0.0,0.0,0,-0.019120266191699185,-0.03284231141928326
15.52,1,1,1,1,-0.0005040160390147042,-0.00020817603521240333,0.12186915793892482,4.999810366831256,-0.0010640371061254,0.003939929979066968,0.35076776362856926,0.4149069488716544,0.0,0.0,0,-0.019106928498948218,-0.032991446356965014
15.54,1,1,1,1,-0.0005075186581492593,-0.00020462509775833956,0.12181396743052311,5.105247802090728,-0.0010772191547281866,0.003934554775687047,0.3508059324947169,0.41489823899543327,0.0,0.0,0,-0.01909209492340527,-0.03314826064769151
15.56,1,1,1,1,-0.0004991757547765895,-0.00019946543544789586,0.12176477927124561,5.21483261134724,-0.0010902352323497568,0.003929226289978171,0.35084642794953513,0.41488807286858076,0.0,0.0,0,-0.01907510120025104,-0.03332999432749891
15.58,1,1,1,1,-0.0004813385052161133,-0.00019346230532923947,0.12171831441177872,5.32576431239815,-0.0011037835968955984,0.00392358438977913,0.35089115065325266,0.4148757674392219,0.0,0.0,0,-0.019050272806413526,-0.03353933013152536
15.6,1,1,1,1,-0.00045714138078591093,-0.0001869747089782367,0.12167080269065564,5.43688086757229,-0.0011181693285007247,0.003917493187111219,0.3509520157992559,0.414860609943179,0.0,0.0,0,-0.019011782612256604,-0.033774455589164365
15.62,1,1,1,1,-0.00042911895421479315,-0.00017985768740217192,0.12161991366886137,5.550367137406682,-0.0011337677297026246,0.003911075611673807,0.3511067679303476,0.4148415218654032,0.0,0.0,0,-0.018955758063054266,-0.034029469549000116
15.64,1,1,1,1,-0.000399780935536876,-0.00017221873590645906,0.1215641384747746,5.674197081472015,-0.001150596433646039,0.0039044423252318425,0.3514351978744275,0.4148182926188198,0.0,0.0,0,-0.018881464989834673,-0.0342964752824911
15.66,1,1,1,1,-0.00036953539972045535,-0.0001640352932527553,0.1215038848840465,5.811077759891198,-0.001168312177721918,0.0038975616548978615,0.35196206927717044,0.41479161775465545,0.0,0.0,0,-0.018789990694083897,-0.03457292636105583
15.68,1,1,1,1,-0.000338062947609203,-0.00015542627385760344,0.12144031591284978,5.960498917922523,-0.0011866424040732444,0.0038903999644498005,0.3526826207386631,0.41476181206246243,0.0,0.0,0,-0.01868357126992623,-0.03485784490468717
15.7,1,1,1,1,-0.00030475201945654243,-0.0001463575428491959,0.12137467575843319,6.11935897955087,-0.001205532739965193,0.0038828795549650944,0.35357159654472187,0.4147292042130184,0.0,0.0,0,-0.018564460213500986,-0.035152320009128386
15.72,1,1,1,1,-0.0002691830683251295,-0.00013670152887848216,0.12130792606865616,6.284027243610352,-0.0012250570758369347,0.003875013817095409,0.35460017651998,0.41469368713412036,0.0,0.0,0,-0.018434501524270765,-0.03545654754541482
15.74,1,1,1,1,-0.00023143716004900977,-0.00012654582045617743,0.12124038430758907,6.452886668470381,-0.0012453492739147181,0.0038668307286150584,0.3557435936328433,0.41465503076809146,0.0,0.0,0,-0.018294907126493995,-0.03576953146613279
15.76,1,1,1,1,-0.00019233791022585725,-0.00011826770578438062,0.1211708264377071,6.625528244063034,-0.001265454517934956,0.0038587067100250153,0.35700849824396724,0.41461143418293867,0.0,0.0,0,-0.018140148384875807,-0.03609569796313978
15.78,1,1,1,1,-0.0001503678919936649,-0.00011947943337029324,0.12109617374731535,6.806864685890059,-0.0012823774145767964,0.0038510836715539764,0.3585264564374555,0.41455480008321344,0.0,0.0,0,-0.01793152327916429,-0.03644829110168441
15.8,1,1,1,1,-0.00010034670875428212,-0.00011812355268067329,0.1210239767670613,6.994023033848142,-0.0013011711134717184,0.0038427045724328114,0.3603010285430055,0.4144297545257703,0.0,0.0,0,-0.01766886829440596,-0.036825418947809586
15.82,1,1,1,1,-4.459341547791498e-05,-0.00011371799582800962,0.12095106784961963,7.182276063131086,-0.001324474318625735,0.003833569071881082,0.3622469756973939,0.41417680282626945,0.0,0.0,0,-0.017373165298315667,-0.0372241570811142
15.84,1,1,1,1,1.4277783434973185e-05,-0.00010787611245924311,0.12087466026123368,7.373674805231292,-0.0013488859409637164,0.003824204840267503,0.36429872364801613,0.4137798271967202,0.0,0.0,0,-0.017053887543156898,-0.037633082361445684
15.86,1,1,1,1,7.331870398668769e-05,-0.00010088301675714728,0.120794181159876,7.572336705898088,-0.0013746719930684988,0.0038145122059180915,0.3663986135043098,0.41324886042442266,0.0,0.0,0,-0.016716581058991212,-0.03804657878841137
15.88,1,1,1,1,0.0001329430829213954,-9.349868566606648e-05,0.12071007048638953,7.778122854796691,-0.0014012255152347777,0.0038046588828051574,0.36843758430808565,0.4126293811474028,0.0,0.0,0,-0.016378865734461786,-0.03845787557404421
15.9,1,1,1,1,0.00019168808683764013,-8.637048566866035e-05,0.12062147964176825,7.993304233368524,-0.0014277260623717985,0.0037944848613212516,0.3703574501714674,0.41196720932562625,0.0,0.0,0,-0.01604111948846177,-0.03886062310188619
15.92,1,1,1,1,0.0002506906171304106,-5.963028760638117e-05,0.12053949336254129,8.215733822307195,-0.0014564069212782316,0.00378310176798983,0.3720374295990771,0.4113259330434581,0.0,0.0,0,-0.015718350856976784,-0.039222134206147445
15.94,1,1,1,1,0.0002996333336331841,-3.567764886105648e-05,0.12044922180485634,8.44579282158646,-0.00148546574579913,0.0037722336410381087,0.3734524608566185,0.4107359541543969,0.0,0.0,0,-0.01540662227706556,-0.03956772528278077
15.96,1,1,1,1,0.0003479931373170514,-1.9830122636385616e-05,0.12035299475519887,8.687120604526559,-0.0015174642374543108,0.003761758794768769,0.374575255276077,0.4102411735727387,0.0,0.0,0,-0.01511921082564408,-0.039920891128034236
15.98,1,1,1,1,0.0004026193145352276,-9.109500337143445e-06,0.12025532354601391,8.940732628324762,-0.0015523547747269657,0.003751098005909847,0.37534646646381775,0.40988479588776294,0.0,0.0,0,-0.014871816190906313,-0.04028969631409102
16.0,1,1,1,1,0.00045948072294116696,-9.496430979395731e-07,0.12015384657734782,9.207959275480206,-0.0015868220517658647,0.0037400381291479126,0.3758625386889298,0.4096463779282206,0.0,0.0,0,-0.014637544134674252,-0.04067384351804108
16.02,1,1,1,1,0.0005180660729986498,7.43641815263707e-06,0.12004806486148732,9.486671436751815,-0.001620945386492208,0.0037285405858234035,0.37621869858671153,0.40949426240507114,0.0,0.0,0,-0.014398010068784703,-0.04107750053104608
16.04,1,1,1,1,0.0005792189167390625,1.765430380607294e-05,0.11993676247838311,9.774561069253522,-0.0016550818197736525,0.003716686950096493,0.37649344708659366,0.40939367995395143,0.0,0.0,0,-0.014140975256649663,-0.041505554990376475
16.06,1,1,1,1,0.0006435009144960223,2.9938503404592504e-05,0.1198178085703936,10.071068337325302,-0.0016895642524852703,0.003704531812418704,0.3767561483847743,0.4093090205232656,0.0,0.0,0,-0.013858133091879738,-0.04196249486136105
16.08,1,1,1,1,0.0007114289419783426,4.201648021253529e-05,0.11968876899646756,10.376452961126784,-0.001724836073116679,0.0036921131189987435,0.3771138031421371,0.40918709704040185,0.0,0.0,0,-0.01354014811933239,-0.04245427515225708
16.1,1,1,1,1,0.000784322203432733,5.182581634475755e-05,0.11954859459367129,10.690336549469318,-0.0017610912529851253,0.003679274583519987,0.3776993049658335,0.4089633431720289,0.0,0.0,0,-0.013176338454822896,-0.04298500738958075
16.12,1,1,1,1,0.0008633058958354457,5.9589744396553596e-05,0.11939729226675812,11.01074753932499,-0.0017979667078394307,0.003665906287808954,0.37863643530041013,0.4085723039043122,0.0,0.0,0,-0.012758477624438852,-0.04355391316046036
16.14,1,1,1,1,0.0009570496494093576,6.741421883113899e-05,0.11923593674838025,11.328586107040179,-0.0018330482235474012,0.003652168396508615,0.3799589613487685,0.40798666722229965,0.0,0.0,0,-0.012300894154490222,-0.044168427462400954
16.16,1,1,1,1,0.001064568392889844,7.361448506721519e-05,0.1190621784812735,11.633111532181186,-0.0018692701693203972,0.0036367228388622503,0.3818459021738407,0.40710711154149026,0.0,0.0,0,-0.011786580473970335,-0.04481015722368663
16.18,1,1,1,1,0.0011745595995174898,7.779103294651424e-05,0.11887507128287346,11.920252964137855,-0.001910499450394781,0.003619959427516348,0.38433204864063186,0.4059115429714219,0.0,0.0,0,-0.011208264463342091,-0.04545584000920357
16.2,1,1,1,1,0.0012845834614040666,8.352792223289066e-05,0.11867957358964934,12.189725183027726,-0.001951948228127704,0.003602792955002136,0.3873416571910955,0.4044250429321909,0.0,0.0,0,-0.010584249412595727,-0.046089237412762385
16.22,1,1,1,1,0.0013950157159692902,9.028664787929033e-05,0.11847851909033244,12.439623788907014,-0.001992685895452848,0.003585439481619365,0.3907320113900566,0.4027139541849088,0.0,0.0,0,-0.009932944952650844,-0.04669892787423506
16.24,1,1,1,1,0.0015062745847403275,9.820825710858336e-05,0.11827505830967132,12.673229593993325,-0.002032605406746006,0.003568219335949479,0.394310423268496,0.40087142496247097,0.0,0.0,0,-0.009273429391934191,-0.04727522828034832
16.26,1,1,1,1,0.0016187212902000307,0.00010719612067763146,0.11807114060678588,12.897781314011104,-0.002072599605334601,0.0035512103082566554,0.3978544761431072,0.3990123886714841,0.0,0.0,0,-0.008621200778636751,-0.04781431700372101
16.28,1,1,1,1,0.0017386384378077595,0.0001163006602000402,0.11786985467046703,13.123349704938002,-0.0021136581093231708,0.003536905641915997,0.4011700646454705,0.3972301620120072,0.0,0.0,0,-0.008000932818437641,-0.04835223870961965
16.3,1,1,1,1,0.0018811663329188245,6.424608452923822e-05,0.117640147365814,13.368701341008634,-0.002146859611683871,0.003523610593834725,0.4040710197555383,0.39568166909662617,0.0,0.0,0,-0.007409486858506287,-0.048943732785791165
16.32,1,1,1,1,0.00206799354890223,6.28656982288589e-05,0.11744490353216383,13.632406620630587,-0.0023174519866121044,0.003507632713061701,0.40604659894827533,0.39455223316687965,0.0,0.0,0,-0.006950883903648489,-0.04951062215355246
16.34,1,1,1,1,0.0022432158171433146,0.00011131825438937676,0.11727209999226343,13.901154318926746,-0.002688504967913655,0.003487340581056347,0.4072352972581819,0.39379619396336535,0.0,0.0,0,-0.006577388753916944,-0.05001406067586762
16.36,1,1,1,1,0.0024120572030816613,0.00014571246520018663,0.1171019735241545,14.170621226638833,-0.002791449897038715,0.0034693751294575218,0.40779655366447765,0.39329887171537486,0.0,0.0,0,-0.006298925439349078,-0.050449742285349104
16.38,1,1,1,1,0.002589742315237571,0.00016057698606898943,0.11692593558427683,14.457016760812857,-0.002842468538563632,0.003452217263575498,0.4078793327215886,0.39317518586512773,0.0,0.0,0,-0.006085047930141421,-0.050875142644124675
16.4,1,1,1,1,0.0027808632799316453,0.00018161921179768795,0.11675019863847692,14.761670223884595,-0.0028896616569780357,0.003434761650370153,0.40787497770082437,0.3931449796402715,0.0,0.0,0,-0.005919752383046683,-0.05130653520577611
16.42,1,1,1,1,0.002981233243647019,0.00020293352138239448,0.11657227290929009,15.0760873954152,-0.0029949600650030854,0.0034158246852695104,0.40786042536190387,0.39312551901183357,0.0,0.0,0,-0.005779288731627448,-0.05175380543275762
16.44,1,1,1,1,0.003181075041044649,0.00021958775345859785,0.11638950164577351,15.39058118035109,-0.003166052015833475,0.0033953985558480945,0.4078550985769383,0.39310132854906504,0.0,0.0,0,-0.005638739016196453,-0.05221393406933075
16.46,1,1,1,1,0.003375413304030399,0.00023102825759081444,0.11620011815038027,15.699396254946553,-0.0033951687491989226,0.0033737516606914104,0.4078636149386462,0.39306980364451055,0.0,0.0,0,-0.0054760034054132396,-0.052683892801503214
16.48,1,1,1,1,0.0035692172540141634,0.0002401953283281029,0.11600763350058711,15.999341138401995,-0.003640312525073703,0.0033517379513604995,0.40788087149574764,0.39303371053713154,0.0,0.0,0,-0.005290413885150343,-0.053159557941035794
16.5,1,1,1,1,0.0037723815710283028,0.00024926912929675374,0.11581813391264828,16.291110977102065,-0.003875051474307427,0.003329439211518774,0.40790720313862894,0.3929928486918292,0.0,0.0,0,-0.005086170214013123,-0.053639569296397654
16.52,1,1,1,1,0.003985301996214215,0.0002561748554135643,0.11563198500252174,16.573031493916314,-0.00409859824657346,0.003306582155101828,0.40795112774644277,0.3929409929638069,0.0,0.0,0,-0.004856790677191871,-0.05412150537267191
16.54,1,1,1,1,0.0042051837374488185,0.0002598466329065234,0.11544913355665055,16.84355073970529,-0.004319807891047405,0.0032832613783940786,0.4080854740857684,0.39282790837252435,0.0,0.0,0,-0.004595814288717826,-0.05460101726981603
16.56,1,1,1,1,0.0044316769287458535,0.000260494709049805,0.11527029095213147,17.102535758714332,-0.0045328922140469895,0.0032597939293059685,0.408466894877528,0.39258109394341784,0.0,0.0,0,-0.00429910176735689,-0.05507520097911978
16.58,1,1,1,1,0.004669311612815939,0.0002591062847120615,0.11509904878868152,17.352791957399347,-0.004733128637910623,0.003236543476472653,0.40912841459321586,0.3921913150544112,0.0,0.0,0,-0.003973512003980045,-0.055540854628822287
16.6,1,1,1,1,0.004924553138440965,0.0002561680995881131,0.11493999773601354,17.5989915601481,-0.004900777237984489,0.003213556498330796,0.4100192928158865,0.3916887394640679,0.0,0.0,0,-0.0036253385402390337,-0.05599724848550894
16.62,1,1,1,1,0.00520194268877747,0.0002509033019414235,0.11479490974669788,17.84508732341163,-0.005038219093140623,0.003190531893823573,0.4110580568974401,0.3911106482201074,0.0,0.0,0,-0.0032579573750472312,-0.05644199598856725
16.64,1,1,1,1,0.005503211341845407,0.00024296083945725064,0.11466485250849695,18.094885276733628,-0.005166056473147945,0.0031675480592480076,0.412119991803476,0.39051907352882026,0.0,0.0,0,-0.0028788815505622393,-0.056873274941482276
16.66,1,1,1,1,0.005837142814242743,0.00023348862262384182,0.1145548619216124,18.354916249035917,-0.005272343291064462,0.0031449416590120073,0.41307978281789315,0.38998957236826526,0.0,0.0,0,-0.002490300049952883,-0.05729647324550706
16.68,1,1,1,1,0.006219291234539924,0.0002225138591101239,0.11447111582478145,18.631923310375925,-0.0053437328984459265,0.0031226568687530167,0.41383981826747085,0.38957734328657884,0.0,0.0,0,-0.00209258869802067,-0.05772353795014397
16.7,1,1,1,1,0.0066578492955041355,0.00020895078903893777,0.11440593740462525,18.929833182976523,-0.005392618850863959,0.003100738040849079,0.4143985441414807,0.3892762968818159,0.0,0.0,0,-0.001676745985827094,-0.05817294095976827
16.72,1,1,1,1,0.007168665965227691,0.0001919560595369102,0.11436205916115155,19.252033963519146,-0.005440311839105789,0.0030785251895463664,0.4147648221959952,0.3891008105392367,0.0,0.0,0,-0.0012248231587931723,-0.05865934632089246
16.74,1,1,1,1,0.007761016955753455,0.00015827403741944593,0.1143373349775049,19.60051619991881,-0.005484037723196957,0.0030561654944039835,0.4149151697322225,0.3890225892325848,0.0,0.0,0,-0.0007270696045782968,-0.059182660828787224
16.76,1,1,1,1,0.008448930750474822,9.74169643400205e-05,0.11432884521013155,19.979009196674372,-0.005554037164566029,0.003032625436740754,0.41500829513818893,0.38896089250827826,0.0,0.0,0,-0.00017017176288507816,-0.05974835997843833
16.78,1,1,1,1,0.00924337364197848,4.320069905453666e-05,0.11435276157862105,20.38164236453258,-0.0056571823980838855,0.0030071814934670552,0.41514565964546357,0.38887451417102464,0.0,0.0,0,0.00048418070777100377,-0.060356407857213086
16.8,1,1,1,1,0.010139076849343998,-2.530221257463286e-05,0.11438878545173616,20.8096113445245,-0.0057675488305788765,0.002980516323319413,0.4154091625955176,0.3887329163039619,0.0,0.0,0,0.0012590904339781423,-0.061000513466161616
16.82,1,1,1,1,0.011156657759093833,-0.00010079155045132973,0.11443440058759498,21.26654614983863,-0.005894011595332387,0.0029530258845352707,0.41598235758949503,0.3884370273755723,0.0,0.0,0,0.002190454469805454,-0.06168420164666911
16.84,1,1,1,1,0.012333389520877574,-0.00018609134588964266,0.11447994694765501,21.760535477483145,-0.005985203880049691,0.002925316599174601,0.4169546718363865,0.387930352743439,0.0,0.0,0,0.0033121010723880314,-0.062422272606624085
16.86,1,1,1,1,0.01373313536955064,-0.0002952071645763131,0.1145143958008774,22.309240022763348,-0.005987816037931316,0.002900845730927475,0.4178522375259188,0.38742575853535993,0.0,0.0,0,0.004600538829913757,-0.06320397030519513
16.88,1,1,1,1,0.015453320436682218,-0.00044162519905089487,0.11451874667740929,22.913158754067425,-0.006129206730680515,0.0028691346150003447,0.41890910666384223,0.3869394872715923,0.0,0.0,0,0.006073238545258661,-0.06410061073251237
16.9,1,1,0,1,0.0176665485179548,-0.0004169352863315559,0.11461702208813138,23.547487492387468,-0.006264270820691969,0.0028444463568441953,0.42069499327039606,0.38612238481546846,0.0,0.0,0,0.007601425018515529,-0.06518904885757808
16.92,1,1,0,1,0.020747390460203474,-0.0003996434835352898,0.11464042675097269,24.211216762235036,-0.006480675235000422,0.002826363434001299,0.42292533700608514,0.3847202876211041,0.0,0.0,0,0.009160797240848478,-0.06612689074379734
16.94,1,1,0,1,0.02493509501674936,-0.00026132119515016525,0.11473526559624782,24.938261693764833,-0.0072288616002457945,0.002469857016622221,0.426484535339288,0.3826386336148079,0.0,0.0,0,0.010561734440202648,-0.06696971065348688
16.96,1,1,0,1,0.02985129845354224,-0.0002162460655063536,0.11492054127488978,24.82004578133141,-0.008349451849722338,0.0016448180283305722,0.4327450899007087,0.3797428288952967,0.0,0.0,0,0.011401277019648352,-0.06841288580895422
16.98,1,1,0,1,0.034123960850198545,-7.161019212639785e-05,0.11527287171605277,24.58268791378871,-0.010337060760500751,0.0014016217773434065,0.4387712622826335,0.37678150471326766,0.0,0.0,0,0.012159604135103001,-0.0696089729385815
17.0,1,1,0,1,0.03509628715903669,4.411724858456936e-05,0.11553614754725441,24.457787674746896,-0.012346368183795425,0.0013392898074992769,0.4430623835312708,0.37379650050861296,0.0,0.0,0,0.01273816732162317,-0.07022607570055964
17.02,1,1,0,1,0.03219970920888182,1.765769497086636e-05,0.11542624538648262,24.376454561175407,-0.0144933416497239,0.0012917890715265126,0.4450608674343784,0.37145199800539863,0.0,0.0,0,0.01312487274803177,-0.0704385130447551
17.04,1,1,0,1,0.028157929305599735,-6.322115466466174e-05,0.11501727444484162,24.29195344127995,-0.016819753117957123,0.0012535303734914972,0.4454580219710148,0.37012234024217877,0.0,0.0,0,0.013375964683386322,-0.07033430611739529
17.06,1,1,1,1,0.02636131530332826,3.390091843898796e-05,0.11481582720686477,24.257751673919216,-0.01779920807363487,0.0013784963696962097,0.4520806262931038,0.36690882951890125,0.0,0.0,0,0.013362577423438837,-0.07028075450123322
17.08,1,1,1,1,0.02689552157369028,7.137858521514759e-05,0.11483763349472648,24.428258847633114,-0.01787531499376608,0.001400649494735423,0.4583402488614856,0.3643945270524442,0.0,0.0,0,0.013143808028546816,-0.07073978078468325
17.1,1,1,1,1,0.027741215541554013,-3.838538637547517e-05,0.11474215860351188,24.64811612999871,-0.017642369572960247,0.0013781962247110821,0.46137249099141275,0.36321928646835566,0.0,0.0,0,0.01289965478087753,-0.07136630094921212
17.12,1,1,0,1,0.028902061247353023,-0.00019912860273135075,0.11456907968376492,24.831666893698227,-0.01755484317698622,0.0013470348487541728,0.4634400172055524,0.3626097626286966,0.0,0.0,0,0.012700636179452317,-0.07230295693554607
17.14,1,1,0,1,0.030081018684313402,-0.00027092824530671605,0.11444500514699328,24.972108226673036,-0.01756573763403303,0.0013151231101940152,0.4658597430059739,0.36178159354126577,0.0,0.0,0,0.01256243523199616,-0.0734259893315067
17.16,1,1,0,1,0.030715639543605112,-0.0002929132714945687,0.11432155880514967,25.10155777046151,-0.017587118487695712,0.0012873459136510934,0.4689554019105331,0.36039185267691215,0.0,0.0,0,0.012458413757527534,-0.0745834907720502
17.18,1,1,0,1,0.03059309052966116,-0.00030231218105623153,0.11415826773016936,25.244332490823695,-0.017605702965563554,0.001263745591813409,0.47231181857320925,0.35856540496107986,0.0,0.0,0,0.012352697979925447,-0.07556761531894712
17.2,1,1,1,1,0.03050235256245347,-0.0003273084190980359,0.11398146847448735,25.394122721903912,-0.017625166564105958,0.0012615774340967753,0.47746395074983233,0.35558683922699924,0.0,0.0,0,0.012190787549981829,-0.07614541014998182
17.22,1,1,0,1,0.03083477682529556,-0.000380218873096326,0.11383959149957308,25.51742346842719,-0.017637681633394374,0.0012443870045949334,0.48306685361008944,0.35260936726182407,0.0,0.0,0,0.012002087542541244,-0.07675054218618113
17.24,1,1,0,1,0.031327477672760534,-0.00041369024459654916,0.11377431666951224,25.62282864146236,-0.017647995863386383,0.0012208621344872684,0.48812152992172747,0.3501231635988323,0.0,0.0,0,0.011831047431264589,-0.07749907173875993
17.26,1,1,0,1,0.03201681026211603,-0.00041692628984697777,0.11378495191386187,25.72717843381323,-0.0176543555045197,0.0011991732329119642,0.4923046264551466,0.34798896942724417,0.0,0.0,0,0.011648397216156485,-0.0781018994689152
17.28,1,1,0,1,0.032762465194786206,-0.000452810439979863,0.11379005253422092,25.818689282230064,-0.01765905458721326,0.00117582444552607,0.4954611036064145,0.3462333818463299,0.0,0.0,0,0.011423088236814405,-0.07855876920521639
17.3,1,1,0,1,0.03350779021657561,-0.0004905557057821135,0.11381779126987972,25.90165550151771,-0.01767082240014352,0.001153628788510258,0.4981790382712005,0.3448080737050077,0.0,0.0,0,0.01118301837541997,-0.07907042840904974
17.32,1,1,0,1,0.034150007698392666,-0.0005010409544717424,0.11389536727965648,25.997582158808672,-0.017682239825588884,0.0011339986267596195,0.5003996577044935,0.3436211566215054,0.0,0.0,0,0.01093409785623941,-0.07951945942184961
17.34,1,1,0,1,0.034673925122867655,-0.0005168343506604424,0.11397711489150017,26.10915737732047,-0.0176893342679417,0.0011125207817141555,0.5018269231503721,0.3426528098357489,0.0,0.0,0,0.01064291484555924,-0.07977397720232753
17.36,1,1,0,1,0.035113283084681174,-0.0005665921306729285,0.11403255733444596,26.217761238835916,-0.017698439441016723,0.001091526824626506,0.5030086401587981,0.3419230901397591,0.0,0.0,0,0.010322802902090346,-0.08008763836291666
17.38,1,1,0,1,0.035709108708379525,-0.0005958790631291309,0.11413240648801198,26.33542783287835,-0.01769997212830223,0.001073038005086765,0.5040271323878076,0.34135235095956723,0.0,0.0,0,0.00998406202039749,-0.08043804853389559
17.4,1,1,0,1,0.03666053784299938,-0.0006386523581447569,0.11425044429572496,26.459758290055756,-0.01769508721893523,0.0010544871381945242,0.5046810238218199,0.3409411066529322,0.0,0.0,0,0.009600822266963923,-0.08071787897948438
17.42,1,1,0,1,0.03815399702002021,-0.0006728979438998077,0.11441222248450522,26.572612054638878,-0.017691939086197744,0.001036093156410746,0.5053914870266811,0.34062444945388737,0.0,0.0,0,0.009173591724348179,-0.08107908643140901
17.44,1,1,0,1,0.040328285364915326,-0.0007019098710789456,0.11463939684563058,26.688524258449426,-0.017685348451235348,0.0010202058575158393,0.5059431830489484,0.34041262673857514,0.0,0.0,0,0.008707709449700042,-0.08146456273706004
17.46,1,1,0,1,0.0432264419375475,-0.0007377394059966333,0.11492065323196661,26.808753248620775,-0.017680807104106036,0.001003243919788941,0.5063389075177608,0.34029719664832775,0.0,0.0,0,0.008177830559600037,-0.08187548020052121
17.48,1,1,0,1,0.04681806157619327,-0.0007679904069115492,0.1152635498082852,26.94223488051066,-0.01767979744875915,0.0009885838933277496,0.5065068267371065,0.34023840972440283,0.0,0.0,0,0.007596464127392522,-0.08231342616312574
17.5,1,1,0,1,0.05103061211813656,-0.0007910109962239974,0.1156631755906232,27.11118631046442,-0.018095888991592597,0.0009730390426060262,0.5070323944319688,0.33996212793990055,0.0,0.0,0,0.007042430488024995,-0.08263432745811627
17.52,1,1,0,1,0.055564026806097754,-0.0006141194683441167,0.11621516404292678,27.215344844443706,-0.01948085788216825,0.0009461846484695373,0.5091477462315364,0.33868679750716707,0.0,0.0,0,0.006773470527964982,-0.08285573136745115
17.54,1,1,0,1,0.060114225699935894,-0.0004940282342757209,0.11665644368854586,27.225137178061168,-0.020315864327451957,0.000915236715071414,0.5113410127837362,0.3369884936162397,0.0,0.0,0,0.006710094407246476,-0.08300880174465206
17.56,1,1,0,1,0.06425069625997261,-0.00046340963255836476,0.11696224733058692,27.1645614731645,-0.02054132274873637,0.0008811693426372194,0.5132606514135567,0.33528467564404524,0.0,0.0,0,0.0067864132837045935,-0.08303637354384744
17.58,1,1,0,1,0.06689806941918638,-0.00045470149842979576,0.11723193586471709,27.065354994999872,-0.020580630490099235,0.0008453660040020299,0.5151206578800545,0.33374212508192,0.0,0.0,0,0.006957509947608408,-0.08301083044449192
17.6,1,1,0,1,0.06854527546987604,-0.0005809454779127747,0.11737920968896523,26.976613315053786,-0.02057580281377239,0.0008274145036685024,0.5155582811389159,0.33303541965691225,0.0,0.0,0,0.007094494055743495,-0.08291525971931288
17.62,1,1,0,1,0.06952740824460066,-0.0007177208695189792,0.11753701095487429,26.966880424275264,-0.020570034852971396,0.0008120734676658186,0.5154558328067638,0.3329687897470768,0.0,0.0,0,0.007125579821667472,-0.0827026055343004
17.64,1,1,0,1,0.07033318397123847,-0.0007297453262934198,0.11778013751796285,26.997453527796164,-0.020563392257769892,0.0007890973760829223,0.5150044808962949,0.33298378356799,0.0,0.0,0,0.007105209157267199,-0.08244839412411537
17.66,1,1,0,1,0.07114472225928467,-0.0005769010903757636,0.1181129762670242,26.97519606059074,-0.020561107396641423,0.0007539905383386874,0.5148735007161115,0.332984649758248,0.0,0.0,0,0.007190436329633479,-0.08237968138169068
17.68,1,1,0,1,0.0716731359182125,-0.0005978728155249108,0.11827767893932485,26.935396535661077,-0.020550539437398093,0.0007347085650050276,0.5140207564108544,0.33300743237747965,0.0,0.0,0,0.007257695273927492,-0.08233186191669807
17.7,1,1,0,1,0.07197305024144023,-0.0006921765793408141,0.11837602070685667,26.950030293302245,-0.020544696987222846,0.0007176789330059778,0.512601469241699,0.33305043072934165,0.0,0.0,0,0.007230129890119115,-0.08218841479494501
17.72,1,1,0,1,0.0722498309242123,-0.0007560128927977319,0.11849555874665732,27.011888571012573,-0.020545358494521743,0.0006991272306436623,0.5108931969449989,0.3330934615541668,0.0,0.0,0,0.007128267531693177,-0.08202756940237622
17.74,1,1,0,1,0.07274194981865804,-0.0006271421556166591,0.11873853891712538,27.037709370658625,-0.020553377830749547,0.0006663563282169278,0.5102134384243041,0.33309370344439637,0.0,0.0,0,0.0071257926364792406,-0.08198181731002364
17.76,1,1,0,1,0.0732555236520076,-0.0005355940897977841,0.11889986196102817,26.995461931668437,-0.020552708048242847,0.0006397939868741968,0.5098470918532833,0.3330944500478683,0.0,0.0,0,0.007216113957812788,-0.08201832062618378
17.78,1,1,0,1,0.07346029508833317,-0.0006691954336095797,0.11886855841100215,26.9912186415883,-0.020542849953113854,0.000625187517243214,0.5090860456826639,0.3331257699416685,0.0,0.0,0,0.007224632698301813,-0.08202738628005521
17.8,1,1,0,1,0.07360632573875175,-0.0007652767227708419,0.11887126134514289,27.040843511528788,-0.020536455158175704,0.0006096333499263668,0.5083452517163264,0.333162628190119,0.0,0.0,0,0.00714126625269689,-0.08196351455019266
17.82,1,1,0,1,0.07401947192179552,-0.00068449867649149,0.11900651515458657,27.078666729891022,-0.020546535669632902,0.0005819045954069814,0.508034348305084,0.33316631961630316,0.0,0.0,0,0.007104389557148229,-0.08187355417194733
17.84,1,1,0,1,0.0744650869450061,-0.0005422303632203994,0.11917630093384331,27.054453834482047,-0.020556401049317042,0.0005501027776091988,0.5080271073243625,0.33314833857670667,0.0,0.0,0,0.007197828394331633,-0.08197088934971235
17.86,1,1,0,1,0.07473712111557591,-0.0005469162111438851,0.11919637263579874,26.984331956021794,-0.020548438389968244,0.000529501999265398,0.507744481024921,0.333151827417735,0.0,0.0,0,0.007331643191183853,-0.08205599443150381
17.88,1,1,0,1,0.0747271988926659,-0.0006966679627159744,0.11909655664376655,26.966206125634795,-0.020539560975282197,0.0005164122711372,0.5073540391528658,0.3331850386100013,0.0,0.0,0,0.007369423619712021,-0.08207057816241926
17.9,1,1,0,1,0.07470588440705564,-0.0007747379291492065,0.1190717555089547,27.00058861365249,-0.020533684098568563,0.000501677009600328,0.5070707495967539,0.3332207536582906,0.0,0.0,0,0.007316274987700525,-0.08201672767367416
17.92,1,1,0,1,0.07495267104852815,-0.0006539741528458279,0.11921197550938559,27.01247208825365,-0.02054677855428086,0.00047223455479699755,0.5071392081389867,0.33321175519765167,0.0,0.0,0,0.007340013046087733,-0.08200363325791983
17.94,1,1,0,1,0.07522952373851553,-0.0005195638446069024,0.11933866767775426,26.95475493982228,-0.020556290561613958,0.0004425331757288167,0.5071693981837037,0.33319144576760495,0.0,0.0,0,0.007485261226183498,-0.08207108754373689
17.96,1,1,0,1,0.07527252441004087,-0.0005316478749076078,0.1193215818061445,26.86194195740802,-0.020550050003310387,0.00042326272448752064,0.506979219961535,0.3331948635820272,0.0,0.0,0,0.007666695057263147,-0.08214228836776057
17.98,1,1,0,1,0.07503157913234602,-0.0006626510302889625,0.11921723559503754,26.818477743231142,-0.020541524092204822,0.00041064736229607415,0.5067980585916091,0.33322626254856985,0.0,0.0,0,0.007758780102019239,-0.08215133757979436
18.0,1,1,0,1,0.07477744052274911,-0.0007247568401429101,0.11918945089589529,26.82288118060235,-0.02053405287026303,0.0003977120104178885,0.5067167558899256,0.33326022961867835,0.0,0.0,0,0.007760409977496257,-0.08211255609537332
18.02,1,1,0,1,0.07466776983355823,-0.0007606302555264836,0.11920607935649881,26.871115256364224,-0.020526400334953666,0.00038467670550301254,0.5066114902605495,0.33329110449505633,0.0,0.0,0,0.007671889586878037,-0.08205975883915846
18.04,1,1,0,1,0.07474115454599613,-0.0007826499689135985,0.11925668536627719,26.964255177012596,-0.020517081870229482,0.00037175296019347154,0.5065604710089466,0.33331477185572456,0.0,0.0,0,0.007491625406384567,-0.0820776064564995
18.06,1,1,0,1,0.07520571198918491,-0.0007200984037955098,0.11938265673676536,27.058525526360594,-0.02052347472414539,0.00034672110451245926,0.5066700619318283,0.3333157601911217,0.0,0.0,0,0.007321955974465948,-0.08199573552674576
18.08,1,1,0,1,0.07587253589088366,-0.0005668940714344886,0.11955869277529467,27.082909287488043,-0.020535850635903904,0.0003169256540552133,0.5069473500634298,0.33328340539269974,0.0,0.0,0,0.007292374395567578,-0.08210783083690923
18.1,1,1,0,1,0.0764924505569779,-0.0004837553909549687,0.11962602705893433,27.037004946434866,-0.020543479492330846,0.00028876003270094546,0.5069901019448925,0.33326021678825973,0.0,0.0,0,0.007393917838616632,-0.08218000461447394
18.12,1,1,0,1,0.07688422508033839,-0.000469641929274546,0.11959495621143325,26.940789128998706,-0.02055629874493969,0.0002612848618302102,0.5070083816096959,0.3332424429271747,0.0,0.0,0,0.00761377478497235,-0.08222445592191355
18.14,1,1,0,1,0.07683016656005952,-0.0005222605298221203,0.1194876170309066,26.818502845897854,-0.02055326155950671,0.00024331734670708012,0.5068794654038395,0.3332484766771068,0.0,0.0,0,0.00787705943386126,-0.08229484538306606
18.16,1,1,0,1,0.07642229629982407,-0.0006349908860733347,0.11935146136192236,26.746627950366662,-0.02054640759644141,0.00023061684092617258,0.5067484237203934,0.33328505421652377,0.0,0.0,0,0.008053415317259269,-0.08225388413219736
18.18,1,1,0,1,0.07593400717874686,-0.0006842589599460741,0.11930910778705636,26.716025229277317,-0.020543520199311736,0.00021804519587273453,0.5065701142901409,0.33332341031289225,0.0,0.0,0,0.008146644314163025,-0.08216652411243638
18.2,1,1,0,1,0.07548075610624393,-0.0007100458959453763,0.11931701224807055,26.728836283276976,-0.020537125454072398,0.0002052528173293107,0.506428441345751,0.33335627178748045,0.0,0.0,0,0.008153573895032847,-0.08210793572487216
18.22,1,1,0,1,0.07527322349291901,-0.0007335695061106359,0.11934636821960595,26.77648209910262,-0.020527943102723944,0.00019256189708994164,0.5061874998087932,0.3333890659557138,0.0,0.0,0,0.008067639865143923,-0.08201465695373675
18.24,1,1,0,1,0.07528927291822982,-0.0007611914424588764,0.11938811933642031,26.864538529989634,-0.02051915230351338,0.00018073392233031854,0.5060713535759036,0.33341415088453125,0.0,0.0,0,0.00789741532727524,-0.08197328059600087
18.26,1,1,0,1,0.07553509308485568,-0.0007971679557080627,0.11943478961728307,26.99425528743728,-0.02050820159899484,0.00016775818105835313,0.5060087020879994,0.33343568986174227,0.0,0.0,0,0.007639037542380398,-0.08193109728524327
18.28,1,1,0,1,0.07622758476379936,-0.0006610828719070642,0.11961377223927344,27.087567338125822,-0.020517436772322203,0.00013873074743538103,0.5064343410417531,0.3334103869870927,0.0,0.0,0,0.00747908890631796,-0.08192858900417596
18.3,1,1,0,1,0.07704908351085947,-0.0005202022308737862,0.11975294142106879,27.094688887972424,-0.02052849720522054,0.00010900854278681296,0.5067381501999019,0.3333735432267753,0.0,0.0,0,0.007477242074111064,-0.0819979715201547
18.32,1,1,0,1,0.07768852556305564,-0.0004629604892007269,0.11977101070138348,27.03376067194521,-0.020538566093404667,8.125653234446932e-05,0.5068241253870283,0.33334544613320427,0.0,0.0,0,0.007618388699538529,-0.08208001166973071
18.34,1,1,0,1,0.078008115401753,-0.0004607412051322729,0.11970653515698376,26.922841572341653,-0.020551055091720602,5.496651736484639e-05,0.5068276031398379,0.33333653620724746,0.0,0.0,0,0.00787592040190921,-0.08210101764640806
18.36,1,1,0,1,0.07780000852255227,-0.0005643862010679158,0.11954572192172719,26.809915703957632,-0.020546839816060692,4.179194589662251e-05,0.5066686860235977,0.33335527626788464,0.0,0.0,0,0.008132107505515379,-0.08217843863870312
18.38,1,1,0,1,0.07737012167648795,-0.0006210237449272987,0.11945038017495585,26.74111731536575,-0.02054175629416926,2.811006821576089e-05,0.5062985665653559,0.33340432511240464,0.0,0.0,0,0.008300252114637911,-0.08202136886041003
18.4,1,1,0,1,0.07678030901501968,-0.0006826682928699861,0.11939110606659487,26.716995486134284,-0.02054267570433062,1.6603052532275398e-05,0.5059551466814645,0.3334427129315518,0.0,0.0,0,0.008395381721335134,-0.08195355227738377
18.42,1,1,0,1,0.07623668165869198,-0.0007072620095730682,0.11939179336054127,26.73456513452607,-0.020534219769267514,4.322623433034937e-06,0.5057801498458657,0.3334759479677072,0.0,0.0,0,0.008401756143453037,-0.08189117161031922
18.44,1,1,0,1,0.07600299054630279,-0.0007177407276945727,0.1194170017451895,26.77655673893298,-0.02052579459045478,-7.771576443908363e-06,0.5053489161447428,0.33351279506009335,0.0,0.0,0,0.008319183334830732,-0.0817477609744584
18.46,1,1,0,1,0.07592611166789744,-0.0007538227214317489,0.1194438994464609,26.864005589338706,-0.02051739711900856,-1.8118576856487967e-05,0.5052322642425945,0.3335349238457647,0.0,0.0,0,0.008160248874631548,-0.08171773323828364
18.48,1,1,0,1,0.07607624939378323,-0.0007920914398638658,0.11948672183425187,26.994103392023423,-0.020504685369332053,-2.977295675029127e-05,0.5052049488482241,0.33355441807495545,0.0,0.0,0,0.007911112445168334,-0.08169500006126154
18.5,1,1,0,1,0.07668396662679972,-0.0006800476136525832,0.11964050495998668,27.09400772635871,-0.020512753085251217,-5.571825049510367e-05,0.5054614010540547,0.3335417200443874,0.0,0.0,0,0.0077289943104891625,-0.08164088968438214
18.52,1,1,0,1,0.07738408155026379,-0.0005366231528927262,0.11978278004816478,27.12040657627721,-0.020521629302955566,-8.457108795152882e-05,0.5058128619799231,0.3335066871113624,0.0,0.0,0,0.0077050359736006106,-0.08173881901946077
18.54,1,1,0,1,0.0779736187782608,-0.00048132729678225863,0.11979915148200966,27.07502542289713,-0.02053062554379842,-0.00011084418567899533,0.5059132149015512,0.3334878128071886,0.0,0.0,0,0.00781277713898661,-0.08176316848778095
18.56,1,1,0,1,0.07825898366137087,-0.0004641914059236342,0.11974738996015499,26.97419587357791,-0.020546012343418844,-0.00013757827604330002,0.505957095552669,0.3334703592320201,0.0,0.0,0,0.008053204159480692,-0.08180693648174146
18.58,1,1,0,1,0.07806941304118167,-0.000571140610747263,0.11957857777603415,26.865679716248138,-0.02053921489965638,-0.00014978590994025104,0.5057517091471304,0.3334883150080897,0.0,0.0,0,0.008290069071885718,-0.08185909586365506
18.6,1,1,0,1,0.07764448379466198,-0.0006635094184401294,0.11944629792564766,26.807806599576026,-0.020534838900107683,-0.00016079590473909452,0.5055258702546547,0.333531430498043,0.0,0.0,0,0.00843620380910969,-0.08175719122717491
18.62,1,1,0,1,0.07712286706912226,-0.0007231290550167753,0.11937987407633807,26.796210788936502,-0.020532362409355673,-0.00017102585710854096,0.5053158385581115,0.33357119658205,0.0,0.0,0,0.008492120891669262,-0.08166625992898083
18.64,1,1,0,1,0.07668609788160331,-0.0007515171735444429,0.11937418539460921,26.828494486330936,-0.020525817357282854,-0.00018111349027559142,0.5051953066826376,0.3336051901734276,0.0,0.0,0,0.008455068489629996,-0.08158240417765057
18.66,1,1,0,1,0.0764596261597229,-0.0007751740401546747,0.11939541342748117,26.902073575947302,-0.020516138650932644,-0.0001906063049215193,0.5051265881009798,0.33363174584590793,0.0,0.0,0,0.008325183615527037,-0.08151761837184561
18.68,1,1,0,1,0.07650146729333444,-0.0007817551414137577,0.11944591651267616,27.009601587797018,-0.0205105758633887,-0.0002060444617729611,0.5051542269264856,0.3336464650159366,0.0,0.0,0,0.008134337707451714,-0.0814421188202715
18.7,1,1,0,1,0.07689616090678203,-0.0006073865648964782,0.11962542513094714,27.05054963110335,-0.020520093517995604,-0.00023442042309077546,0.5053723700197731,0.33362194485352575,0.0,0.0,0,0.00807874807132658,-0.08144329688856393
18.72,1,1,0,1,0.07729844047527688,-0.0004947961204937075,0.11970730061550307,27.015707338343553,-0.02052897935069194,-0.0002609069163706705,0.5054440645255999,0.33359052361834224,0.0,0.0,0,0.008167639888815512,-0.08149195729783865
18.74,1,1,0,1,0.0774927334147164,-0.0004619913936530738,0.11967784070984004,26.922351487920565,-0.020534954104173914,-0.0002831265485479386,0.5054111862290788,0.3335766051060146,0.0,0.0,0,0.008367426510313584,-0.08151055026211153
18.76,1,1,0,1,0.07725102359674023,-0.0006184299115740109,0.11948180173665754,26.852354850061815,-0.02052648683535464,-0.0002923451476859359,0.5052868257026986,0.33359746321870865,0.0,0.0,0,0.008527067700144443,-0.08154718573671627
18.78,1,1,0,1,0.07691855647209545,-0.0007001392138936101,0.11937754168288639,26.831741805083244,-0.020520423227336968,-0.0003022979974925888,0.5051510801319761,0.33363644582585744,0.0,0.0,0,0.008591271781396561,-0.08145805132016593
18.8,1,1,0,1,0.07660628659895859,-0.0007462347632972294,0.1193354933055045,26.855688602601298,-0.020516126181139276,-0.0003111871526113978,0.5050833513187347,0.33366513729135305,0.0,0.0,0,0.008572745447365502,-0.08142218634557676
18.82,1,1,0,1,0.07641411549106567,-0.0007719649530070274,0.11933741998422104,26.92610820135962,-0.02050609558284698,-0.00031979753149954834,0.505057819101355,0.3336884634745093,0.0,0.0,0,0.00845993629347518,-0.08143629455905882
18.84,1,1,0,1,0.07652713484030511,-0.0007598725827111276,0.11938826857755364,27.019630720693506,-0.020503178899162002,-0.0003359581791730537,0.5050809456205325,0.3337084449246081,0.0,0.0,0,0.008290294410616478,-0.08132947442439398
18.86,1,1,0,1,0.07691077839116946,-0.0005988583619099958,0.11954801469100888,27.04833299997892,-0.020518211812935536,-0.00036350148574120276,0.505272044604166,0.3336882060718526,0.0,0.0,0,0.00825839602730028,-0.08130888729545027
18.88,1,1,0,1,0.07724725979646474,-0.000493515901912555,0.11962242161236007,27.003406223682745,-0.020528188340045505,-0.0003893048871575103,0.5053301453169794,0.333659126591433,0.0,0.0,0,0.00837002534138521,-0.08135781373604582
18.9,1,1,0,1,0.07733870554800125,-0.0004862594303219857,0.11956907153126002,26.90602626616413,-0.020528072126828955,-0.00040784322139199764,0.5052304429581677,0.3336476150611803,0.0,0.0,0,0.008574354821521156,-0.08142499460924094
18.92,1,1,0,1,0.07706743473016202,-0.0006496924439918679,0.11937279590197447,26.850494232440592,-0.020519250421027452,-0.00041636777769869446,0.5050629460992186,0.33367711346433443,0.0,0.0,0,0.008703779104473664,-0.08142092768309106
18.94,1,1,0,1,0.07679026374074864,-0.0007159290806029832,0.11928453683170691,26.83776440698099,-0.020514568354599808,-0.00042503730431095346,0.5049138318682669,0.3337135213112468,0.0,0.0,0,0.008744064313818734,-0.0813330620850243
18.96,1,1,0,1,0.07649521271331154,-0.0007554554543551424,0.11925030135189885,26.876614363502224,-0.020508753922161956,-0.000432991333939481,0.5048856673042734,0.3337370774089148,0.0,0.0,0,0.008702743696572122,-0.08135779080508973
18.98,1,1,0,1,0.0763852585225079,-0.0007807429640431136,0.11925513289644081,26.95724152951975,-0.02049746099568507,-0.00044087923658676264,0.5048537935155588,0.3337634373189832,0.0,0.0,0,0.008557498993580118,-0.08136049624479674
19.0,1,1,0,1,0.07661333882020681,-0.0007270155541660162,0.11933586550313115,27.043544875597128,-0.020502348137866774,-0.0004608523032912122,0.5049633767235757,0.3337726417369378,0.0,0.0,0,0.008406855501132505,-0.0812430985825807
19.02,1,1,0,1,0.07698461154647915,-0.0005740059366721555,0.11947945175899097,27.060742669687592,-0.020514651194427132,-0.0004863929512120163,0.5052042829734323,0.3337458124204666,0.0,0.0,0,0.008405872658567277,-0.08131041823612452
19.04,1,1,0,1,0.07730761176975438,-0.0004935976219084016,0.11951804603030497,27.011333400028782,-0.020520801442582986,-0.0005096365145148674,0.505235581399304,0.3337311408834022,0.0,0.0,0,0.008518960418763287,-0.0813080363409338
19.06,1,1,0,1,0.07743199009158568,-0.00047794532880957724,0.11946791232147766,26.912538716266933,-0.020536106030531125,-0.0005330139594154458,0.5052653984536866,0.33371680749086535,0.0,0.0,0,0.008746619832148708,-0.08128669241140146
19.08,1,1,0,1,0.07717385014424752,-0.000523624106879738,0.11935368360999075,26.785745692678624,-0.020533810652224118,-0.0005466953684957388,0.5051932079395465,0.33372036303826486,0.0,0.0,0,0.009023497693226528,-0.08132272684239833
19.1,1,1,0,1,0.07663023560607161,-0.000618676757334298,0.11921308739382785,26.70497723178418,-0.02052716460667756,-0.0005552817333011133,0.5050868161686078,0.33375633049556647,0.0,0.0,0,0.009213271603763602,-0.08124404545434369
19.12,1,1,0,1,0.0759720879374956,-0.000675854597767065,0.11913782346328013,26.667077400101537,-0.020524725784840516,-0.0005636654440800051,0.5049199976043353,0.33379684777990143,0.0,0.0,0,0.009318374853241466,-0.08113528706853132
19.14,1,1,0,1,0.07536199114582202,-0.0007071040517332185,0.11911633410479618,26.669844371659753,-0.020518745034615014,-0.0005715878125550084,0.5048189677239975,0.33382741422567686,0.0,0.0,0,0.009340009760256993,-0.08103746018626283
19.16,1,1,0,1,0.07495464788315011,-0.0007230004442550543,0.11913289120136834,26.712441132424836,-0.02050873615068938,-0.000579307402303493,0.5047876187517785,0.3338504988111369,0.0,0.0,0,0.009278887458317597,-0.08097859991366636
19.18,1,1,0,1,0.07483079346033683,-0.0007473292103616948,0.119158959704792,26.790421189979444,-0.0204971923807634,-0.0005865915176531479,0.5047598473289344,0.3338704096222351,0.0,0.0,0,0.009129391501373827,-0.08092616283512725
19.2,1,1,0,1,0.07495580447208473,-0.0007773134130082994,0.1191985463778361,26.910255376421237,-0.020483956282312327,-0.0005933567884428645,0.5047474450568016,0.3338864060401581,0.0,0.0,0,0.008890476483112524,-0.08091834603549662
19.22,1,1,0,1,0.07542434443047558,-0.0007456560543152961,0.11929479268147813,27.04652108760476,-0.02048466332009725,-0.000610768035772795,0.5049442548485958,0.33388083165678795,0.0,0.0,0,0.00864176129485755,-0.08090441520021904
19.24,1,1,0,1,0.0761974789278894,-0.0005719450475525911,0.11947955396521126,27.097275990210463,-0.020497148799290415,-0.000636953228365127,0.5053859437094839,0.33384376206613525,0.0,0.0,0,0.008562123005969048,-0.08096000527889007
19.26,1,1,0,1,0.07690859964420904,-0.0004806150209247517,0.11954369839762832,27.07079728758599,-0.020508707303202648,-0.000661414113297853,0.5056658237295911,0.3338054682995654,0.0,0.0,0,0.008638051103271826,-0.08104930038550358
19.28,1,1,0,1,0.07737263307339698,-0.0004617507589899997,0.11949852914970031,26.983403139206416,-0.020520009178500685,-0.0006836737460476619,0.5057604184979395,0.3337879292385198,0.0,0.0,0,0.008839683008869672,-0.08107841200190567
19.3,1,1,0,1,0.07743700291719231,-0.0004861165588910983,0.1193954674974291,26.85630596749348,-0.02052525045216811,-0.0007004057970693902,0.5057068736853316,0.3337841236663895,0.0,0.0,0,0.009125457685705014,-0.08112332681349482
19.32,1,1,0,1,0.07705237335244561,-0.0006115379408685451,0.11921938156554918,26.770153009930134,-0.020519018205599548,-0.000708714462858295,0.5055806087028901,0.333818502274497,0.0,0.0,0,0.009336135548472202,-0.08107747889295651
19.34,1,1,0,1,0.07656575390911029,-0.000658628611465012,0.11914513110178736,26.719368211723097,-0.020517145492177622,-0.0007163766269863339,0.5052927687165929,0.33385881493684916,0.0,0.0,0,0.0094644602189298,-0.08094190999561464
19.36,1,1,0,1,0.0759612840132546,-0.0006986521090550334,0.11911126037821795,26.71780253261069,-0.020512995575576343,-0.0007233418822563737,0.5052321544300677,0.3338859401574018,0.0,0.0,0,0.009520373264425668,-0.08092397174032251
19.38,1,1,0,1,0.0755415690901558,-0.0007187675933022254,0.11911533468901195,26.75180271505701,-0.02050328997953708,-0.0007303622079083333,0.5051828341516341,0.33391463713898434,0.0,0.0,0,0.009480044754356515,-0.08087918154730324
19.4,1,1,0,1,0.07538057318954619,-0.0007466326878322153,0.11913016332543203,26.822844368166553,-0.020494605935348256,-0.0007375840761714088,0.5050398067949495,0.33394643591378337,0.0,0.0,0,0.009345091018056683,-0.08080956286545644
19.42,1,1,0,1,0.07545448840286709,-0.0007838739806806591,0.11915947550676648,26.93528354080727,-0.020485035099006878,-0.0007437643677875069,0.5049306351858139,0.3339700640357395,0.0,0.0,0,0.009121756395627999,-0.08076596993698593
19.44,1,1,0,1,0.07584445866868761,-0.0007684967237103664,0.11924306895619997,27.073870372925597,-0.02048197851499672,-0.0007586104618254929,0.5049778856311613,0.3339780650091121,0.0,0.0,0,0.008862311781958026,-0.08070005626170025
19.46,1,1,0,1,0.07653681452920197,-0.0006051931328781082,0.11942836244338195,27.14213915305275,-0.020493324352020798,-0.0007834491173151759,0.5052966272471602,0.3339474946965776,0.0,0.0,0,0.008758269165625361,-0.08076998651626874
19.48,1,1,0,1,0.07722179359213786,-0.0004995861213805582,0.11951067642465174,27.13191351341005,-0.0205005613030714,-0.000806770948524118,0.5054414806856135,0.33391989718170756,0.0,0.0,0,0.008795379773677026,-0.08081879051679104
19.5,1,1,0,1,0.07770892434820129,-0.00047719612012863885,0.1194747398459932,27.062441541564578,-0.020516860040762867,-0.0008297882224716477,0.5055198578784212,0.3338965940035061,0.0,0.0,0,0.008965581641789622,-0.08083924867847046
19.52,1,1,0,1,0.0778300410075188,-0.00045694420948320935,0.11940911830579637,26.934552691288363,-0.020524676930104877,-0.0008494589773536575,0.5054903304797463,0.33388473480698966,0.0,0.0,0,0.009254113436670713,-0.08087155130533878
19.54,1,1,0,1,0.07742819891485549,-0.0006096128391829027,0.11920425060094718,26.83220859928765,-0.020519086165943137,-0.0008556492325051898,0.5052934262777351,0.3339129097753423,0.0,0.0,0,0.009490598901707323,-0.08086577977647906
19.56,1,1,0,1,0.07682676130404613,-0.0006748472416063939,0.11910606893407968,26.776953180631494,-0.020515924169935983,-0.0008630850586518806,0.5050537676305051,0.33395669902812464,0.0,0.0,0,0.009629229871412669,-0.08072894179343526
19.58,1,1,0,1,0.07618048386799324,-0.000716694517591706,0.11906408232073368,26.766507807141476,-0.02051294962208807,-0.000869255335342552,0.5048850133344699,0.33399000056494155,0.0,0.0,0,0.00968723466306314,-0.0806461394271091
19.6,1,1,0,1,0.07568935988900351,-0.0007382010608330616,0.1190668506768974,26.79562912558231,-0.020504341589373073,-0.0008753991845784283,0.5048102920332164,0.3340197400369025,0.0,0.0,0,0.009652072932994383,-0.08056331356105216
19.62,1,1,0,1,0.07545346013368548,-0.0007656864785103648,0.11908418428443972,26.863202440707195,-0.02049542838894928,-0.0008813053214162338,0.5047079194524262,0.33404688109660957,0.0,0.0,0,0.009524869598927442,-0.08048255096646569
19.64,1,1,0,1,0.07545804699151071,-0.0007925279972350423,0.11912103124504189,26.976076049833456,-0.02048415920573742,-0.0008879213423806503,0.5046924206654165,0.3340613793940029,0.0,0.0,0,0.009318457673111314,-0.08046056326850096
19.66,1,1,0,1,0.07589942379689998,-0.0006728797533728792,0.1192707632809428,27.059333473329023,-0.020490889015478426,-0.0009094628458083653,0.5049161821858957,0.33404657193425125,0.0,0.0,0,0.009172968133807054,-0.08040125034963895
19.68,1,1,0,1,0.0764485517002143,-0.0005389152866109616,0.11939861573366949,27.06741268341817,-0.020499632118087786,-0.0009318794903905784,0.5052136184127882,0.3340101582914114,0.0,0.0,0,0.009189313999072225,-0.08050425536458627
19.7,1,1,0,1,0.07692089072815303,-0.00048638900854094946,0.11940981726913615,27.013858938732614,-0.020508131796546425,-0.0009526596834922839,0.505318155280564,0.33398950346854867,0.0,0.0,0,0.00931618883550958,-0.08051709920497453
19.72,1,1,0,1,0.07711368877669729,-0.00049221409949083,0.11934066186937095,26.911876771519992,-0.020512406884667433,-0.0009680265541716935,0.5053093687095705,0.33397815433247996,0.0,0.0,0,0.009539916623400818,-0.08056498995100378
19.74,1,1,0,1,0.07690858039823198,-0.0006314078030222083,0.11916476042649267,26.85103082939363,-0.020505117579974686,-0.0009739465325503561,0.5051999554314105,0.3340077879699086,0.0,0.0,0,0.009687218419440924,-0.08054768865686861
19.76,1,1,0,1,0.0766061132927512,-0.0007067845321090185,0.11907638653631626,26.835464851727032,-0.020503340306808483,-0.000979760694627948,0.5049961177107097,0.33404874747966257,0.0,0.0,0,0.009740705388566745,-0.08047276939110261
19.78,1,1,0,1,0.07630187836876892,-0.0007526404564046629,0.119049830869688,26.866770668523948,-0.020498226199621484,-0.0009849871657295652,0.504866189936444,0.3340814081185364,0.0,0.0,0,0.009702487041862587,-0.08041066142532392
19.8,1,1,0,1,0.07615722412554696,-0.0007818278442870384,0.11906281307992703,26.942437194998615,-0.020488906476445693,-0.0009896319496040284,0.5048190925102383,0.33410486576062187,0.0,0.0,0,0.009572213785950906,-0.08038076932883442
19.82,1,1,0,1,0.07634186041867111,-0.0007137985769053168,0.1191630334617546,27.020720125262006,-0.020491484889148304,-0.0010073897427804789,0.5049155700505887,0.33410860953342203,0.0,0.0,0,0.009440054854085986,-0.08027871776245087
19.84,1,1,0,1,0.07670943254609457,-0.0005557558901180884,0.11931649498677974,27.021277949234957,-0.02050208465548912,-0.001030529562003984,0.505060073617677,0.33408164231843135,0.0,0.0,0,0.009461072561388484,-0.08028024241422106
19.86,1,1,0,1,0.07697303656696995,-0.0004762484173067051,0.11936180324668316,26.954011604319753,-0.020510319591352105,-0.0010515393719575333,0.5051063289787822,0.334051960461861,0.0,0.0,0,0.009618740520405934,-0.08031875780694162
19.88,1,1,0,1,0.07689737361417823,-0.0005738777799948087,0.11922808760562054,26.876560233875622,-0.020501424742411994,-0.001058499534070799,0.5048358710951595,0.33406465282803904,0.0,0.0,0,0.009774096459421342,-0.08035628366343507
19.9,1,1,0,1,0.07666530058280421,-0.0006883624127321242,0.11909663940566687,26.853807105791763,-0.0204953820728542,-0.0010637911037288175,0.5046638567248005,0.3341004372512107,0.0,0.0,0,0.00983285410214075,-0.08030359166687437
19.92,1,1,0,1,0.07646035290121213,-0.0007407194522708535,0.11904935512294472,26.874380760814596,-0.020492414942519542,-0.0010686934421125672,0.5044987562834118,0.3341337007735497,0.0,0.0,0,0.009806598880502518,-0.08025087892751817
19.94,1,1,0,1,0.07632970673479761,-0.0007738672690981545,0.11904956532949737,26.94332198012345,-0.020483661800430982,-0.001072890696241808,0.5044618993153089,0.3341576716795391,0.0,0.0,0,0.00969255268091154,-0.08026098902753487
19.96,1,1,0,1,0.0765015849017684,-0.0007077416610133357,0.11914269887573747,27.014622946725297,-0.020489096337867295,-0.0010899795928853801,0.504550530965105,0.33416313745393617,0.0,0.0,0,0.00957397071804561,-0.08016776873514861
19.98,1,1,0,1,0.07681989375763504,-0.0005524178505805916,0.11928853089466483,27.009755336170866,-0.020501066491545955,-0.0011124198948097006,0.504679399546491,0.334137464328287,0.0,0.0,0,0.009607056040314386,-0.08017011624219016
20.0,1,1,0,1,0.07702280367617556,-0.0004746826060430115,0.11932867846639283,26.938060290254366,-0.020505658076685487,-0.0011306197217166726,0.5046619685242143,0.33411398157624045,0.0,0.0,0,0.009761931848479623,-0.080206159607517
20.02,1,1,0,1,0.07684921865501754,-0.0006182318841324586,0.11916240336937971,26.886502642999442,-0.020496362642747755,-0.00113590343968208,0.5044638749947742,0.3341353279753024,0.0,0.0,0,0.009874982422365756,-0.08022626595292821
20.04,1,1,0,1,0.07664794678189203,-0.0007044184848541725,0.11906325365011695,26.879126576684172,-0.020490973499488342,-0.0011405589374188353,0.5042301847477543,0.33417223239662697,0.0,0.0,0,0.009890656231783269,-0.08014401410261662
20.06,1,1,0,1,0.07643709797628859,-0.0007624878279011774,0.11901905804923643,26.924026158845646,-0.0204863432037375,-0.0011444160623718014,0.5041805104236103,0.33419695713509107,0.0,0.0,0,0.009830159068051115,-0.08016649514361514
20.08,1,1,0,1,0.07640993367641083,-0.0007746466801640123,0.11903942610126658,27.0074324004578,-0.020479122558431467,-0.0011518815562288423,0.5041505825205662,0.33422179451573414,0.0,0.0,0,0.009679381521000577,-0.08011888105111287
20.1,1,1,0,1,0.0766853186680517,-0.0006364036995289563,0.11917839638902573,27.047451730515693,-0.020493982422064478,-0.0011735349545197362,0.5043550728306582,0.33420745550437164,0.0,0.0,0,0.009629752926787619,-0.08007733247070913
20.12,1,1,0,1,0.0769570240780531,-0.0005107171589254673,0.11927472056663214,27.01069366256273,-0.02050438642388646,-0.0011948462442855291,0.5044572737918023,0.3341767832389589,0.0,0.0,0,0.009729001977022382,-0.08010799636209183
20.14,1,1,0,1,0.07702737275322175,-0.0004914859796488237,0.11924298465746791,26.91929768599721,-0.020504297452805145,-0.001208910531935704,0.5043504073200661,0.33416290458940534,0.0,0.0,0,0.009920628089655078,-0.08015311277228458
20.16,1,1,0,1,0.07676423002791606,-0.0006536861433721619,0.11905520323864395,26.868797843441808,-0.020495476192677976,-0.001212306581460614,0.5041604470288802,0.33418838826600955,0.0,0.0,0,0.010036365235296088,-0.0801698335921358
20.18,1,1,0,1,0.07651337135380058,-0.0007186581244290093,0.1189796269683756,26.865286759923187,-0.02049078012354639,-0.0012172273934380258,0.503975981903785,0.3342279919809003,0.0,0.0,0,0.010050079752843995,-0.08007948466918856
20.2,1,1,0,1,0.07636547964130842,-0.000686730958881554,0.11900790582020412,26.880001811495802,-0.020497993274787067,-0.0012313915248846818,0.5040710363475889,0.33423472443068347,0.0,0.0,0,0.010069760554580682,-0.08005240263811306
20.22,1,1,0,1,0.07627285600312207,-0.0006498528215398668,0.11903909334341449,26.87352037663931,-0.02048848066615676,-0.0012380783937017976,0.5040794795613116,0.3342438527745991,0.0,0.0,0,0.010092540992582237,-0.08010199497024238
20.24,1,1,0,1,0.07618352344459071,-0.0007213552381109545,0.11899116237690044,26.91478299108695,-0.020476851584872748,-0.0012412209396981645,0.5040462579841002,0.3342684778987294,0.0,0.0,0,0.01001645545366067,-0.080127775783985
20.26,1,1,0,1,0.07620818690657087,-0.0007788787007745393,0.11897891908623266,27.00194086069822,-0.02047043705152155,-0.0012461317256150628,0.5040120204960549,0.3342980242212855,0.0,0.0,0,0.009843170560292533,-0.0801077657976807
20.28,1,1,0,1,0.0765407100114474,-0.0006804446696617936,0.11909544667441406,27.070859417087785,-0.02048474634470221,-0.0012646430452192966,0.5042414074128695,0.334293199186385,0.0,0.0,0,0.009720615049303712,-0.08002132029583432
20.3,1,1,0,1,0.07689521732585286,-0.0005431067543647111,0.1192159348001383,27.070197983030482,-0.020496064992473934,-0.001285161306257955,0.5045693933397469,0.334260704619276,0.0,0.0,0,0.009761616371218992,-0.08011770613671003
20.32,1,1,0,1,0.07716591809460388,-0.0004909068289269715,0.11922212674687507,27.00602904803163,-0.02050433778656087,-0.0013032634556565577,0.504635099359681,0.3342480682027901,0.0,0.0,0,0.009897762557297043,-0.08006225989427984
20.34,1,1,0,1,0.07719417363974852,-0.0004701435644557418,0.119176728381772,26.89027459499802,-0.020519679172565187,-0.0013222868188544792,0.5047023272874781,0.3342294532915575,0.0,0.0,0,0.010158803369065635,-0.0800331019294295
20.36,1,1,0,1,0.07681070010808075,-0.0005599165581666385,0.11903516807386409,26.768769434568714,-0.020512759485211113,-0.0013273752080313027,0.5046375249254391,0.3342407710832348,0.0,0.0,0,0.010420189265309463,-0.08003820568938337
20.38,1,1,0,1,0.07619299706169952,-0.000636187678251552,0.1189253902990728,26.695562171500686,-0.0205076718395976,-0.001331751679979517,0.5045187686546196,0.33427909748039397,0.0,0.0,0,0.010582879640228743,-0.07989866945955386
20.4,1,1,0,1,0.0755011827913669,-0.0006879169056753925,0.11887111965458426,26.665790715241712,-0.020504704357340812,-0.0013355419772551839,0.5044105067499871,0.3343136378803579,0.0,0.0,0,0.010665272144630688,-0.07978153583033357
20.42,1,1,0,1,0.07491209090295387,-0.0007102595099947491,0.11886702524581869,26.67636273856797,-0.020497115932626455,-0.0013390996869954467,0.5043703089089077,0.3343398308573757,0.0,0.0,0,0.010666859810240362,-0.07969753254460073
20.44,1,1,0,1,0.07455706672500684,-0.0007273641504525301,0.11888774210189879,26.725104596676584,-0.020487079520610754,-0.0013421651715850563,0.5043564285949794,0.3343576481345683,0.0,0.0,0,0.01058952137281268,-0.0796575557874031
20.46,1,1,0,1,0.07448044710628507,-0.0007504798042447143,0.11892121927735555,26.81140646489423,-0.0204746755086957,-0.00134503560568358,0.5043408530307548,0.33437439396753865,0.0,0.0,0,0.010424253670288534,-0.07963975524093406
20.48,1,1,0,1,0.07466598010175027,-0.0007842194701095928,0.11896136465257463,26.93811891396038,-0.020461347199094627,-0.0013472969165273065,0.5043324891575627,0.33438751745159107,0.0,0.0,0,0.010170379405503856,-0.07966206653477703
20.5,1,1,0,1,0.07523946335844114,-0.0007068786815291571,0.1190944791472897,27.061597714802627,-0.02046780377855651,-0.0013643054716602006,0.50469088905259,0.33437197255013723,0.0,0.0,0,0.009952934599908907,-0.07966021248812415
20.52,1,1,0,1,0.07603963962551308,-0.0005462121752171784,0.11926147073666707,27.094756704719686,-0.02047967074356321,-0.0013856540559069798,0.5052209549225746,0.33433005267330596,0.0,0.0,0,0.009910636512142214,-0.07972817598118745
20.54,1,1,0,1,0.07672514615509302,-0.000472011125220613,0.11930416160572865,27.054147537710396,-0.020491161775682595,-0.0014054668703824553,0.5055763850194053,0.3342902340810958,0.0,0.0,0,0.010021918368912305,-0.07981681313748262
20.56,1,1,0,1,0.07714215782448158,-0.00046281837309030543,0.1192522922019712,26.95724773219152,-0.02050368859890102,-0.0014232924944604128,0.5056569288612199,0.33427494568253857,0.0,0.0,0,0.010242651269582771,-0.07981431593300826
20.58,1,1,0,1,0.07709776379328125,-0.0005261395997415014,0.11912373852858298,26.836228431780672,-0.02050414680276668,-0.001432083717222362,0.5055644467792092,0.3342782333618277,0.0,0.0,0,0.010518080753125032,-0.07985986450609246
20.6,1,1,0,1,0.07675023284950686,-0.0006167221771636103,0.11899097289832705,26.760786825167173,-0.02049831377916442,-0.001436638013891135,0.5053674546642846,0.3343169845164121,0.0,0.0,0,0.010690437342450733,-0.07974643926114341
20.62,1,1,0,1,0.07626876166344056,-0.0006753460638029944,0.11892837675039486,26.726469782180907,-0.02049933965663375,-0.0014398403879820262,0.5051583381937118,0.3343524117747221,0.0,0.0,0,0.010793507239284822,-0.07966362034687527
20.64,1,1,0,1,0.07573538207567057,-0.0007059766315616126,0.118918066486316,26.73707509188131,-0.0204932034795607,-0.0014429064489664563,0.5050948830037374,0.33438117312402993,0.0,0.0,0,0.01081485436499774,-0.07963368603691777
20.66,1,1,0,1,0.07540978978161869,-0.00072851792759299,0.11892790686883467,26.78379172423721,-0.020484087216190754,-0.0014458378053091826,0.5050050477186705,0.33440983884959685,0.0,0.0,0,0.01073899789404593,-0.07957761752775691
20.68,1,1,0,1,0.07533382617389048,-0.0007620343517882495,0.11894652803904272,26.86890679810181,-0.020475367285417087,-0.001448788551281875,0.5048245506971727,0.3344398744580746,0.0,0.0,0,0.01056595524467342,-0.07950277089634246
20.7,1,1,0,1,0.07547348573124547,-0.0008015437998339543,0.11898401066778544,26.998179936001986,-0.020467519323918874,-0.001453056314750742,0.5047658906391899,0.33445643752260373,0.0,0.0,0,0.010318908315326916,-0.07946942606550565
20.72,1,1,0,1,0.0760323897535232,-0.0006512268989232739,0.11916993025078489,27.082263136135314,-0.020475537441701545,-0.0014738214227844244,0.5050825464234602,0.3344295273611439,0.0,0.0,0,0.010183601031188773,-0.07948303601790292
20.74,1,1,0,1,0.07670380202926319,-0.0005140571948445277,0.11929964193696228,27.080319396198963,-0.020485165613695625,-0.0014942156789075334,0.5053047885458012,0.33439090818860867,0.0,0.0,0,0.010208390510584243,-0.07953642412148464
20.76,1,1,0,1,0.07720182940369025,-0.00046651845192518734,0.11930603566823826,27.012368188070326,-0.02049662965392189,-0.0015126143802883484,0.5053561178498629,0.334364967152568,0.0,0.0,0,0.010366728110431041,-0.07955836852614753
20.78,1,1,0,1,0.0773578283587216,-0.000487731773455808,0.11922415161207188,26.899962253715092,-0.020501234914042196,-0.0015245338924166193,0.5052493274453698,0.33436239525031963,0.0,0.0,0,0.010606592224901651,-0.07955060919336125
20.8,1,1,0,1,0.07704892252234778,-0.000647745606595914,0.11903174133517802,26.83279015727862,-0.020495681313868325,-0.0015271073828556838,0.5051064020439532,0.33439156509349566,0.0,0.0,0,0.010773818987308949,-0.07952836267146567
20.82,1,1,0,1,0.0766909402907006,-0.000699610957749959,0.11896152127221087,26.806277867782736,-0.0204923048906901,-0.0015298872572640232,0.504872578519735,0.334429848958479,0.0,0.0,0,0.01084112635512389,-0.07942241295709315
20.84,1,1,0,1,0.076305453222035,-0.0007374768894958389,0.11894006312282909,26.82942460139217,-0.020487298634664388,-0.0015317980660457021,0.5048084616572561,0.3344552687784419,0.0,0.0,0,0.010834443074269333,-0.07940482989599078
20.86,1,1,0,1,0.07610191396558005,-0.0007625229002519232,0.11895408194481263,26.89235066817994,-0.020477616115456575,-0.0015337900873569098,0.504753672823885,0.33448258613506365,0.0,0.0,0,0.010725380159268496,-0.0793696754147305
20.88,1,1,0,1,0.07613297417651893,-0.0007790444505697894,0.11899197981461802,26.990633986791796,-0.020473885745110998,-0.0015411676698960806,0.5047185194860085,0.3345061441990135,0.0,0.0,0,0.010540740783158878,-0.07929469618182353
20.9,1,1,0,1,0.07649436766488638,-0.0006124204823049414,0.11917279999781655,27.029061031244517,-0.020483989017700516,-0.001561576595772608,0.5049234168530654,0.3344830869119776,0.0,0.0,0,0.010489553551196346,-0.07928299739502456
20.92,1,1,0,1,0.07687233673910511,-0.0004976956535265829,0.11926944914873747,26.99254433983688,-0.020492309615231505,-0.0015802506252754862,0.50498999586355,0.33444999677585285,0.0,0.0,0,0.010582727133594295,-0.07930812557448799
20.94,1,1,0,1,0.07699032662778596,-0.0005404586679295352,0.11919565393409526,26.921663515413773,-0.02048798677745545,-0.0015878563899219328,0.5048085594699462,0.33445207786801295,0.0,0.0,0,0.010719203449019027,-0.07931102658649093
20.96,1,1,0,1,0.07682854465189262,-0.0006960021870568538,0.11903374830915142,26.905936138220724,-0.02048030585392627,-0.0015888252258339315,0.5047301138911163,0.33447654067859905,0.0,0.0,0,0.010770368244165683,-0.07933158689738791
20.98,1,1,0,1,0.07672409275520979,-0.0007628072012960882,0.11898022237257239,26.940352326818875,-0.020474283038082203,-0.0015901401701506302,0.5046915741871867,0.3345062775929832,0.0,0.0,0,0.010719000326243195,-0.0793337044323456
21.0,1,1,0,1,0.076752054869677,-0.000776653823844134,0.11900129672424395,27.015856617587435,-0.020470525511955138,-0.0015954286546016826,0.5046456645238983,0.33453621286369467,0.0,0.0,0,0.010575826014452904,-0.07926376641021757
21.02,1,1,0,1,0.07701733513759625,-0.0006351834714485478,0.11914611183990352,27.049730888856732,-0.02048593452406651,-0.0016147010225129868,0.5047681025846176,0.3345233248845763,0.0,0.0,0,0.010535171141855062,-0.07920730753434645
21.04,1,1,0,1,0.07724519316434288,-0.0005097702414920482,0.11924393177238915,27.007999715272987,-0.02049590733394248,-0.0016334934909542633,0.5048193631554928,0.33449384952204547,0.0,0.0,0,0.010645023108587167,-0.07921909614231282
21.06,1,1,0,1,0.07726683387553566,-0.0004901772558981929,0.11921424673282889,26.91196761022668,-0.02049586349459625,-0.0016451754878654328,0.5046897255224593,0.33448043489005175,0.0,0.0,0,0.010847326348413861,-0.07924472393285016
21.08,1,1,0,1,0.07696327193865758,-0.0006484831943564216,0.11903016502725666,26.856503716063646,-0.020487758559633626,-0.001646906016384666,0.5044411457068213,0.33450827888126555,0.0,0.0,0,0.010969615467951336,-0.0792182383015014
21.1,1,1,0,1,0.07666101078670351,-0.0007120683310216543,0.11895197663914149,26.84372146775184,-0.0204838570141206,-0.0016487047801192268,0.5042167391364846,0.3345430106264423,0.0,0.0,0,0.0109969411709426,-0.07912709602291801
21.12,1,1,0,1,0.0763640674548862,-0.0007534509160813524,0.11892542940313906,26.881126571226897,-0.02047787981718418,-0.0016497363319494035,0.504173455848108,0.3345659526317315,0.0,0.0,0,0.010951580030270247,-0.07913738853958013
21.14,1,1,0,1,0.07626506038753783,-0.0007843478404458183,0.11893712019503594,26.959980492836756,-0.020467990011736922,-0.0016507637412406758,0.5041350999765716,0.3345926474722976,0.0,0.0,0,0.010799802637360962,-0.07912517196766737
21.16,1,1,0,1,0.07646324608308404,-0.00070389909840992,0.11904945241662482,27.037777374454556,-0.020476790861030377,-0.0016662045549240008,0.5043450267013581,0.33458973934557246,0.0,0.0,0,0.01067290407545382,-0.07907848887886236
21.18,1,1,0,1,0.07681534060436011,-0.0005440943153270754,0.11919684557423176,27.03291818545845,-0.020487713321292914,-0.0016853148704308425,0.5045636818838608,0.33455719949147905,0.0,0.0,0,0.010707303868828594,-0.07910138128595853
21.2,1,1,0,1,0.07705107050352834,-0.0004732305439322203,0.11922614453753703,26.961341236915693,-0.020496741425654264,-0.0017019129915476128,0.5046048848240955,0.33453488886827415,0.0,0.0,0,0.01086465934649276,-0.07908953737487186
21.22,1,1,0,1,0.07704861850281741,-0.00046076916163459436,0.11917409199081415,26.841053947797647,-0.020506259323177855,-0.0017157550416227628,0.5045777051839591,0.33452215080379066,0.0,0.0,0,0.011121937415507628,-0.07905191332530553
21.24,1,1,0,1,0.07658250434040692,-0.0005943147571648745,0.11900186984749725,26.744869987875532,-0.020500526870619033,-0.001717781068562947,0.5044905079520176,0.3345447961389396,0.0,0.0,0,0.01133970686604025,-0.0790165782702674
21.26,1,1,0,1,0.07597865473853598,-0.0006529963601871816,0.11892323490501817,26.689692682958686,-0.02049589224406257,-0.0017195935602739411,0.5043046106450015,0.3345820448044819,0.0,0.0,0,0.011457104322037805,-0.07887639038921766
21.28,1,1,0,1,0.07533879034307196,-0.0006973642214275939,0.11888546353218152,26.68058238602273,-0.02049222790413297,-0.0017208218697168343,0.5042408095219225,0.3346071148346104,0.0,0.0,0,0.011509636508529698,-0.07882207747137435
21.3,1,1,0,1,0.07487755799849893,-0.0007162723223901289,0.11889410800719992,26.708680501784716,-0.020482411242380105,-0.0017221440771534218,0.50420458174006,0.3346316653283168,0.0,0.0,0,0.011470681122029534,-0.07876602963258122
21.32,1,1,0,1,0.07468365931424453,-0.0007410473856322396,0.11891332543646917,26.773660622114196,-0.020472530448678822,-0.0017230214661787798,0.504179137840991,0.33465061631852094,0.0,0.0,0,0.011348533927583114,-0.07873293251560572
21.34,1,1,0,1,0.07473646579117205,-0.0007696368578613139,0.11895082586065184,26.87921523035868,-0.02046071393536605,-0.001723541583644647,0.5041625733412373,0.33466675589423495,0.0,0.0,0,0.011140578526777342,-0.07873901992210769
21.36,1,1,0,1,0.07507429504125074,-0.0007873441648803998,0.1190123885836359,27.021372710444563,-0.020454257626818153,-0.0017290303243010432,0.504241319347113,0.3346735666240389,0.0,0.0,0,0.010869505363690954,-0.07874869706016475
21.38,1,1,0,1,0.07581696426050202,-0.0006169004233036249,0.11921268681350765,27.09659020358539,-0.020467458277514675,-0.0017486249239611498,0.5047560089173856,0.33463797105454296,0.0,0.0,0,0.010746398246837449,-0.07879007147831323
21.4,1,1,0,1,0.07658346597882308,-0.0004990888852189103,0.11932002779792954,27.089491909770096,-0.020478587234772253,-0.0017669590521410142,0.5051702173820928,0.3345945506432162,0.0,0.0,0,0.010785932722651817,-0.07885793309651326
21.42,1,1,0,1,0.07713273509526786,-0.0004603964996458404,0.11931053204047323,27.01627953714576,-0.02048944620554466,-0.00178338031387755,0.505372344347358,0.3345681464525396,0.0,0.0,0,0.01095674338701068,-0.07888301476533952
21.44,1,1,0,1,0.0773306356724252,-0.00046029759287403993,0.1192377375891599,26.895628786691223,-0.02049970663981524,-0.0017971216305534797,0.5053693786594416,0.3345547624262475,0.0,0.0,0,0.011229081598987877,-0.0788751453162807
21.46,1,1,0,1,0.07697539804286192,-0.0006033374007353778,0.11905023775616044,26.80064791806158,-0.02049421207286912,-0.001798647048474062,0.5052829783813918,0.33457668376398186,0.0,0.0,0,0.011459543399517874,-0.07886947264934877
21.48,1,1,0,1,0.07646334361541936,-0.0006601967788960467,0.11896956679540568,26.747513777042176,-0.020490106034977255,-0.0017999290978828516,0.5050826509047911,0.3346135384612687,0.0,0.0,0,0.011584716080758143,-0.07876252708932638
21.5,1,1,0,1,0.07590197525506283,-0.0007085925956386713,0.11892540451788292,26.739221813359375,-0.020486959947119816,-0.0018011905257083467,0.5048651381699155,0.3346484143423505,0.0,0.0,0,0.01162208140218567,-0.0786675690407589
21.52,1,1,0,1,0.07548236192573762,-0.0007339931781659495,0.11892853545148636,26.771519124665797,-0.020480714305810836,-0.0018021257672261835,0.504704432676113,0.33467654231476807,0.0,0.0,0,0.011575139554351542,-0.07859719189105492
21.54,1,1,0,1,0.0752968215018465,-0.0007570350837492294,0.11895361472533436,26.84305092148926,-0.020471576454139523,-0.0018026723970067258,0.5046119045335109,0.33469875505604346,0.0,0.0,0,0.011444076846068914,-0.07856229178989191
21.56,1,1,0,1,0.07535809377659093,-0.0007867405093432631,0.11899298371954148,26.9564633837625,-0.020460300454901326,-0.001802573985573714,0.5045707521754962,0.3347159383767901,0.0,0.0,0,0.01122509706708363,-0.0785662045231865
21.58,1,1,0,1,0.07579696656501018,-0.0007251666503764118,0.11910926360995899,27.070982871774362,-0.02046360472530961,-0.0018161215132117237,0.50471006079948,0.3347140586552168,0.0,0.0,0,0.011005954247179399,-0.07849750056993315
21.6,1,1,0,1,0.07643518631498818,-0.0005688087338581657,0.11928008376104508,27.111472724100874,-0.020473220040808465,-0.0018343170387447722,0.5050726431400252,0.33467719961979575,0.0,0.0,0,0.01096888762359424,-0.07859782640188924
21.62,1,1,0,1,0.0770311816954516,-0.0004937269147173955,0.119331395836406,27.079146555980728,-0.020481604653582484,-0.001850751838091241,0.5051974394919851,0.3346521621355872,0.0,0.0,0,0.011048807766436254,-0.07860582282629415
21.64,1,1,0,1,0.07738901873542883,-0.00046760527062955637,0.11930358096750458,26.988368197481044,-0.02049697847258515,-0.0018675043639776506,0.5052648535324481,0.33462654742865894,0.0,0.0,0,0.011263146817939716,-0.07860874575468776
21.66,1,1,0,1,0.07729506495729956,-0.0005759690774064068,0.11914874924374833,26.888985028103615,-0.020490175819893888,-0.0018697855176185586,0.5050604223038544,0.3346385492087847,0.0,0.0,0,0.01147613712613341,-0.07861784082686232
21.68,1,1,0,1,0.07697494874922764,-0.0006770677353364583,0.11901905189406613,26.84356619756985,-0.020486117272043528,-0.0018708374257276831,0.5048659575870336,0.33467577693790374,0.0,0.0,0,0.011580611754392076,-0.07852214501210733
21.7,1,1,0,1,0.07658534683534081,-0.0007305992645246402,0.11896875191487437,26.844917615270308,-0.020483903171262686,-0.0018710597574803046,0.5047001537330303,0.3347075802362051,0.0,0.0,0,0.011603722866479786,-0.07846022682079852
21.72,1,1,0,1,0.07628839138223568,-0.0007609931927968355,0.1189681533423064,26.88991217947815,-0.020476029703323666,-0.0018711395349897933,0.5046326345976798,0.3347353618300834,0.0,0.0,0,0.011530972819819341,-0.07841087981608523
21.74,1,1,0,1,0.07619214468927407,-0.0007936069775408283,0.11898748356275765,26.976935381754522,-0.02046944559137625,-0.001873428225031608,0.5045472491956513,0.3347592596959573,0.0,0.0,0,0.011367706335551403,-0.07835380188771013
21.76,1,1,0,1,0.07645151604838833,-0.0006452407206918864,0.1191519696914101,27.02357333173167,-0.020477341822118213,-0.0018909961573839865,0.5047459164669783,0.3347379506808088,0.0,0.0,0,0.011307252591647861,-0.07833904458109964
21.78,1,1,0,1,0.076792395540791,-0.000512490317389612,0.1192630522548892,26.992192693493468,-0.020485311625967305,-0.0019079027600486132,0.5048376165135059,0.3347037163446151,0.0,0.0,0,0.011392587563629307,-0.07835795373541642
21.8,1,1,0,1,0.07690442994044518,-0.0005448429579399221,0.11920029977149475,26.925329613166817,-0.020480431228299355,-0.0019136447617310638,0.5046582362475486,0.3347042609908478,0.0,0.0,0,0.011518622018218853,-0.07835201488292434
21.82,1,1,0,1,0.07675118030533612,-0.0006993245343296407,0.11904071192746156,26.913067324178222,-0.020472928403968613,-0.0019128231420829642,0.5045715358918472,0.33472813641722593,0.0,0.0,0,0.01156075810970506,-0.07836880641096282
21.84,1,1,0,1,0.0766578224997011,-0.0007684749004456572,0.11898700544750514,26.95112037814004,-0.02046715963936689,-0.0019123003781150963,0.5045317646630281,0.3347571943078781,0.0,0.0,0,0.011500148616477886,-0.07837291167651035
21.86,1,1,0,1,0.07673851740336624,-0.0007582382173909087,0.11902477110373336,27.01965945053266,-0.020468732877406096,-0.0019194073896959018,0.5045364985233525,0.3347785543052828,0.0,0.0,0,0.011371934659358018,-0.07828530499973443
21.88,1,1,0,1,0.07699909418915207,-0.0005961386866423016,0.11917900163663903,27.02688743494563,-0.020484218462329104,-0.0019374425202492293,0.5046680526786481,0.3347582029629818,0.0,0.0,0,0.011384769592871718,-0.07825780103939478
21.9,1,1,0,1,0.07717318373111927,-0.000491807044488729,0.11924966950497237,26.96358521310179,-0.020492712144672156,-0.0019534794206758207,0.5047122388501903,0.33472762281499246,0.0,0.0,0,0.011537805972403762,-0.07826533606956705
21.92,1,1,0,1,0.07702519769278246,-0.0005771497875722842,0.11913161285586173,26.8891112458018,-0.020483212498822297,-0.001955180707089411,0.5044999879983055,0.33473460754954953,0.0,0.0,0,0.011694388383082814,-0.07829982406727333
21.94,1,1,0,1,0.07677671929815502,-0.0006789532752453052,0.11901100542113745,26.863801892766638,-0.02047711478492976,-0.001955732151848804,0.5042512867246787,0.3347701105250342,0.0,0.0,0,0.011737634578596015,-0.0781989211475711
21.96,1,1,0,1,0.07650727563257892,-0.0007473135798725626,0.1189489603358818,26.887431296924355,-0.02047317393319097,-0.001955026968137392,0.5041684344758245,0.3347951822410208,0.0,0.0,0,0.011710653386957552,-0.07818640417933746
21.98,1,1,0,1,0.07637141840594563,-0.000783489312817829,0.1189445535867781,26.956254807763393,-0.02046574921101473,-0.0019558854811425053,0.5041319442741851,0.33482035755180073,0.0,0.0,0,0.011586394243998632,-0.07816081728982954
22.0,1,1,0,1,0.07656818345870056,-0.0006687634673021858,0.11906982688465927,27.001858946152865,-0.02047722449389779,-0.001970679950724792,0.5042750431563516,0.3348118259285542,0.0,0.0,0,0.011511261650298015,-0.07808676503344117
22.02,1,1,0,1,0.07680708237335945,-0.0005289176073808091,0.11918756510239258,26.97363306857889,-0.020487492390193998,-0.0019871919386656224,0.5043929122968912,0.33478080340987515,0.0,0.0,0,0.011593226846466957,-0.07809536994022377
22.04,1,1,0,1,0.07689247015617216,-0.00046677060216108665,0.1192030531771736,26.883600595320942,-0.02049139640574393,-0.001999681095353187,0.5043815704861196,0.3347552423074599,0.0,0.0,0,0.011791524153973283,-0.0781169924318221
22.06,1,1,0,1,0.07661656997134475,-0.0006059652083421595,0.11903409782902286,26.813839342431898,-0.02048196056021698,-0.0019993036556834667,0.5041727674418931,0.3347735430518395,0.0,0.0,0,0.011942490504635908,-0.07812250285140653
22.08,1,1,0,1,0.07626985629917614,-0.0006856713077481973,0.11893646316885295,26.790189306604024,-0.020477560964370027,-0.001999790862792262,0.5039581364248591,0.33480993335631604,0.0,0.0,0,0.011985857022530102,-0.07800826425529685
22.1,1,1,0,1,0.07593058999547068,-0.000732927792265789,0.11890247269079217,26.81337359397809,-0.020473086221316855,-0.001998991788560379,0.5039064988872877,0.3348317960171431,0.0,0.0,0,0.011967179742871864,-0.07800454738912098
22.12,1,1,0,1,0.07576340752749275,-0.0007619377224166515,0.11891138826004803,26.877814117031996,-0.02046289032939536,-0.0019981660839477372,0.5038717541072478,0.33485546594162585,0.0,0.0,0,0.011848843814607242,-0.07799848776538536
22.14,1,1,0,1,0.07579536941096278,-0.0007969518493959361,0.11893358538953529,26.984690870185123,-0.02045595292940638,-0.0019993412728127806,0.50385214355961,0.33487370383283677,0.0,0.0,0,0.011646012316396516,-0.07800042971132139
22.16,1,1,0,1,0.0761960595021023,-0.000664620264688498,0.11909036027713678,27.057417543854086,-0.020467337453776904,-0.002014923079035129,0.5040568212015414,0.33485512238142223,0.0,0.0,0,0.011518964209536067,-0.07797310704480656
22.18,1,1,0,1,0.07668469326455303,-0.0005245945656018741,0.1192169115736997,27.04936436358772,-0.02047924032520989,-0.0020319704591431915,0.5042784957338687,0.3348181130628444,0.0,0.0,0,0.01156074758828817,-0.07801169011832372
22.2,1,1,0,1,0.07701271886277977,-0.0004648880500376096,0.11923049619123811,26.974014399196403,-0.02048897326042882,-0.0020469990496548114,0.5043697460802441,0.3347868900411827,0.0,0.0,0,0.011738861236580795,-0.0780402382331079
22.22,1,1,0,1,0.07695219224433382,-0.0005809913358526542,0.11907022752258357,26.893050941801064,-0.02048132004777735,-0.0020478809985305943,0.504214436614952,0.33479863602482185,0.0,0.0,0,0.011907530991868948,-0.07804941404534509
22.24,1,1,0,1,0.07666896060778322,-0.0007125288853598345,0.11892241987392276,26.870659759654114,-0.02047578600890776,-0.002046323090374048,0.5041622314476895,0.33482561833784585,0.0,0.0,0,0.011979764932321104,-0.07804686367130766
22.26,1,1,0,1,0.07643236156050262,-0.0007590328191488596,0.11888512800814022,26.896829061162414,-0.02047031202350313,-0.0020452275458762467,0.5041260383201676,0.33485494378188013,0.0,0.0,0,0.011950082945356686,-0.07803546252005199
22.28,1,1,0,1,0.07633101475425388,-0.0007855858995283911,0.11889476104228641,26.967798577840476,-0.020463291124921686,-0.0020442563996416105,0.5040679042061821,0.33488479909701335,0.0,0.0,0,0.011818231927117673,-0.07801884544914005
22.3,1,1,0,1,0.07650648194355208,-0.000718198780061189,0.11899163625676953,27.043273333078073,-0.02046990948815572,-0.002056183652262247,0.5041457726133552,0.33489017655869435,0.0,0.0,0,0.011678570875722098,-0.07792091252573846
22.32,1,1,0,1,0.07682034588713706,-0.0005572949223058878,0.11914432676082452,27.040823752556364,-0.02048231522710069,-0.0020736301933218905,0.504278151312274,0.3348617550332154,0.0,0.0,0,0.011707178905482235,-0.07791431294127493
22.34,1,1,0,1,0.07701587750559864,-0.0004761537924829265,0.11918806425132952,26.96919679931279,-0.020491147863688663,-0.0020888755301359595,0.5043236294144544,0.3348295541853233,0.0,0.0,0,0.011876908919577735,-0.0779282456516154
22.36,1,1,0,1,0.07687383921902363,-0.0005743044638069385,0.11905161413921951,26.886539249938203,-0.020482369133763337,-0.0020899110110428566,0.5040709850177578,0.3348391789918036,0.0,0.0,0,0.012044529881418043,-0.07794148596206585
22.38,1,1,0,1,0.076591991568444,-0.0006831506372238644,0.11892127674485385,26.856426659434693,-0.02047699044340117,-0.0020895552810932215,0.5038658043664921,0.33487427520110147,0.0,0.0,0,0.012101863730951373,-0.07784826711427725
22.4,1,1,0,1,0.07629664563515215,-0.0007430491754241951,0.11886521061661845,26.87321733830707,-0.020473821444026805,-0.0020881390980790437,0.5037866591995194,0.33489904595547193,0.0,0.0,0,0.012089921946163857,-0.0778273056555359
22.42,1,1,0,1,0.07610840313550273,-0.0007739468644543841,0.11886457884920289,26.936695971509423,-0.020464526176089293,-0.002086603260844234,0.5037547468788764,0.3349216390398209,0.0,0.0,0,0.01198451085506352,-0.07783801252103364
22.44,1,1,0,1,0.0761943092137318,-0.000755186043358072,0.11892320182201953,27.023519856675275,-0.020464920131568868,-0.002093479794762941,0.5037827935334899,0.33493631284139214,0.0,0.0,0,0.01181605129331607,-0.07775958693965364
22.46,1,1,0,1,0.07651255243358387,-0.0005899437042077849,0.11908780491059325,27.04214619381631,-0.020479378140789876,-0.002110741450382195,0.5039597490491888,0.33491066782200957,0.0,0.0,0,0.011801080820537857,-0.07774113225825867
22.48,1,1,0,1,0.07676725944327913,-0.0004896151690113697,0.11915651588983153,26.988454936388987,-0.02048872266544889,-0.0021260669250385473,0.5040205668739515,0.33487613540413425,0.0,0.0,0,0.01193329271161317,-0.0777553798584242
22.5,1,1,0,1,0.07674840969038256,-0.00053140762740592,0.11906738528193406,26.898873286333906,-0.020483895531750555,-0.002130809259648955,0.5038373646907627,0.3348712439104253,0.0,0.0,0,0.012117834420255331,-0.077770143019867
22.52,1,1,0,1,0.07647157867650693,-0.0006847838231964914,0.11889435658180474,26.862134755230567,-0.02047646763439993,-0.002128699302744349,0.5037212985409869,0.3348961357611398,0.0,0.0,0,0.012207461586014637,-0.07776106707588226
22.54,1,1,0,1,0.07621350421073791,-0.0007486698626274907,0.11883441250296702,26.87529731810607,-0.020471013892885203,-0.0021270143978212594,0.5036821949308832,0.3349249095489395,0.0,0.0,0,0.01219702657481086,-0.0777402683589293
22.56,1,1,0,1,0.07607643743319979,-0.0007797526401126555,0.1188334470562151,26.933767864804246,-0.02046422362551962,-0.002125563345038882,0.503641583836267,0.3349545680955692,0.0,0.0,0,0.012085549759963602,-0.07771229794723904
22.58,1,1,0,1,0.07615494935967718,-0.0007519196519534324,0.11889889088958819,27.015925104201852,-0.020467526691454695,-0.002133454885436998,0.5037672600958828,0.33496485137702386,0.0,0.0,0,0.011938503742094278,-0.07765232424770224
22.6,1,1,0,1,0.07643581589113184,-0.000578794269819622,0.11906303073274392,27.024105199092926,-0.02047892148482482,-0.00215009799262574,0.5040597522144429,0.3349346072538135,0.0,0.0,0,0.011952259554127126,-0.07765999566057098
22.62,1,1,0,1,0.07664711714997911,-0.00048382705425675104,0.11911909512531586,26.962105539158497,-0.020487533617230682,-0.002164689685176471,0.5041878232278276,0.33489920782858146,0.0,0.0,0,0.01210375382687585,-0.07767969178882966
22.64,1,1,0,1,0.07654982987336884,-0.0005777036635207962,0.11898834559093903,26.88832679798555,-0.020478200749179814,-0.002165238119298696,0.5039754150709145,0.3349069187906463,0.0,0.0,0,0.012251412740325164,-0.07769479903131163
22.66,1,1,0,1,0.07628815617107011,-0.0007087756023391942,0.11884667527612859,26.87146812341661,-0.020471996369395545,-0.002163045390400046,0.5038999742824798,0.3349332381238797,0.0,0.0,0,0.01230208321874176,-0.07768970399151182
22.68,1,1,0,1,0.07609351764665231,-0.0007608813468205737,0.1188081576094327,26.90294772126078,-0.020466171080644142,-0.002161254032135859,0.5038624818165844,0.33496178109621355,0.0,0.0,0,0.012251985298856651,-0.07767567237274454
22.7,1,1,0,1,0.07603581990119822,-0.000793673386985435,0.1188151112573681,26.979557422316503,-0.0204603046882027,-0.0021611074577960474,0.503824230514442,0.3349902725190532,0.0,0.0,0,0.012102140542580147,-0.07763561028748613
22.72,1,1,0,1,0.07627163261236405,-0.0006772545837493045,0.11894560417628691,27.0337031516942,-0.020472531427838253,-0.002174979833059826,0.5040035480388899,0.3349806388181157,0.0,0.0,0,0.012006548303099092,-0.07755796148700396
22.74,1,1,0,1,0.07651912878780208,-0.000539886968536258,0.11906486984510539,27.020950481411226,-0.02048088092444615,-0.0021895959692746735,0.5042544997332189,0.3349456452394189,0.0,0.0,0,0.012083568817360878,-0.07764043656920995
22.76,1,1,0,1,0.07668188917688004,-0.0004882698069495206,0.11906894627242255,26.94729023319985,-0.020487815997894582,-0.0022020192418930463,0.504299903271072,0.3349308393541691,0.0,0.0,0,0.012233720571548803,-0.07757023044794004
22.78,1,1,0,1,0.07662142712250986,-0.0004682303007818439,0.11902165774691822,26.82507255450209,-0.020501631950897284,-0.0022151599551590764,0.5043512324560468,0.33491008686150225,0.0,0.0,0,0.012503826935005818,-0.07751264002332137
22.8,1,1,0,1,0.07617023293089185,-0.0005515180711210335,0.11888815050021241,26.697900296035915,-0.020494473201258363,-0.002215055531553692,0.5043038292625395,0.3349205109005107,0.0,0.0,0,0.012767548884836543,-0.0774585579767437
22.82,1,1,0,1,0.07542032462522982,-0.0006468816021625197,0.11876877382170341,26.62552127190338,-0.020488457932507777,-0.0022127995485760345,0.504266150483262,0.33494653596699775,0.0,0.0,0,0.012937354906001251,-0.077373268784808
22.84,1,1,0,1,0.07467290028068559,-0.0006761512172136358,0.11872946693637404,26.5948952809788,-0.020482555918595106,-0.0022115054845580247,0.5042304001854323,0.3349741352843733,0.0,0.0,0,0.013018859459450995,-0.0772783628910081
22.86,1,1,0,1,0.07410588700230548,-0.0006915880045178929,0.1187275757268905,26.598608739979625,-0.020475193061859003,-0.002210520393950207,0.5041876851881717,0.3350013544536439,0.0,0.0,0,0.013012418360303734,-0.07717216386423922
22.88,1,1,0,1,0.07376831115609897,-0.0007055687753527509,0.11875207745530648,26.63944512156865,-0.020468209942101655,-0.0022091637977779653,0.5041708118847856,0.33501838052869815,0.0,0.0,0,0.012949039206014088,-0.07714817316885582
22.9,1,1,0,1,0.07370331917523687,-0.000724236478124158,0.11879102052034357,26.715849407493664,-0.020456612764853305,-0.0022077753721794127,0.5041451250585584,0.3350364281563618,0.0,0.0,0,0.01280289164571577,-0.07714655951530358
22.92,1,1,0,1,0.07389769640202284,-0.0007556422611085523,0.1188344637225107,26.82944271190628,-0.02044603317806108,-0.0022055340975661417,0.5041362124145603,0.3350483762877864,0.0,0.0,0,0.012583581172729147,-0.07720104137098913
22.94,1,1,0,1,0.0743304548178849,-0.0007964133007476379,0.1188835916925404,26.985289416656588,-0.02043513451030247,-0.0022051805239746247,0.5041303022519298,0.33505806863086585,0.0,0.0,0,0.01228041126426503,-0.07726460820828014
22.96,1,1,0,1,0.07519596050520741,-0.0006529227285411617,0.11907169521915184,27.096024920129288,-0.020447682428235546,-0.0022210197295813917,0.5046594885364627,0.33502077604677555,0.0,0.0,0,0.012099103916498793,-0.07733926990635154
22.98,1,1,0,1,0.07615517380681582,-0.0005154772270234663,0.11920899050571333,27.11772340650984,-0.020459853265311762,-0.0022372402538766165,0.50519211878828,0.3349734919949065,0.0,0.0,0,0.012091594854568517,-0.07743574981406756
23.0,1,1,0,1,0.07691488945191556,-0.0004606464778936434,0.11922468418349706,27.067519165538496,-0.020471865979029606,-0.0022520125544043925,0.5055163958933564,0.334936231126267,0.0,0.0,0,0.012232118171577521,-0.07750961514016978
23.02,1,1,0,1,0.07733753851211934,-0.00046063880332491286,0.11915830936855586,26.96495054377053,-0.020485786645804017,-0.002265351261438745,0.5055818822198943,0.33491784617618375,0.0,0.0,0,0.012472739433120984,-0.07748844301187689
23.04,1,1,0,1,0.07722294302511555,-0.000570782249318752,0.11899599566100934,26.858474848718142,-0.02048186643976212,-0.002265308480305618,0.5054817018632571,0.3349279437426811,0.0,0.0,0,0.012726634791190352,-0.07752303493616805
23.06,1,1,0,1,0.07694562302690312,-0.0006019224909380415,0.11893141238192506,26.79709212444956,-0.020476682384733078,-0.0022660533303511202,0.5051139593063779,0.33497045105429996,0.0,0.0,0,0.01283397163650886,-0.07733241438378742
23.08,1,1,0,1,0.07659767163884515,-0.0005708153124625269,0.11894706884221087,26.732022817201447,-0.020489792169580637,-0.002277589156516132,0.504940006612628,0.33498404970581314,0.0,0.0,0,0.012996826943933936,-0.0771969041236383
23.1,1,1,0,1,0.07608211453344726,-0.0005384290490706503,0.11896740410159178,26.63459850380352,-0.0204873634377578,-0.0022821229519425965,0.5048143907716244,0.3349941202739786,0.0,0.0,0,0.013214424544413494,-0.07716171633710538
23.12,1,1,0,1,0.07547254433891805,-0.0005683312312846148,0.11895074031936437,26.56947999077817,-0.020479848842104766,-0.0022828307926415297,0.5044758326054759,0.33503107187565506,0.0,0.0,0,0.013319349029978554,-0.07698852640258373
23.14,1,1,0,1,0.07486166576019962,-0.0006214275182438722,0.11894125701412404,26.53519609337578,-0.020479228998052226,-0.00228224113021139,0.5039456893698749,0.3350664627512283,0.0,0.0,0,0.013356081334643879,-0.07681631632185454
23.16,1,1,0,1,0.07427086027734943,-0.0006544268496895649,0.11896571813923411,26.541882424866976,-0.02047494303662313,-0.0022811922323439796,0.5036888664082828,0.3350925647476356,0.0,0.0,0,0.013351843327130087,-0.07675349435704673
23.18,1,1,0,1,0.07392095459280876,-0.0006785054890474408,0.11899981836409809,26.580225572423736,-0.020465300358340138,-0.0022798168592666015,0.5034792922497007,0.33511808562138035,0.0,0.0,0,0.013260952137666567,-0.07667111882452503
23.2,1,1,0,1,0.0738232339554078,-0.0007105684139974838,0.11903465166275938,26.652942963041994,-0.020455994645259493,-0.0022777878095545257,0.5033880149704187,0.335136560852212,0.0,0.0,0,0.013098585866947822,-0.07661761481665963
23.22,1,1,0,1,0.07394139381713839,-0.0007366508174023075,0.11909474078178675,26.765688804747725,-0.020444260529706805,-0.002275058385345755,0.5033850143940524,0.33514373297826955,0.0,0.0,0,0.012879299212675758,-0.07666514266003648
23.24,1,1,0,1,0.07434222569475718,-0.0007786184983258858,0.11915026124670307,26.916255191917692,-0.02042807026208659,-0.002271822801477049,0.503378519499082,0.3351515636791146,0.0,0.0,0,0.012565493650095285,-0.07672522949357126
23.26,1,1,0,1,0.07510015975702596,-0.0007547528484410891,0.11926282941141977,27.084873558129832,-0.020429502797861297,-0.0022789006951354183,0.5037019084796801,0.33513310161788157,0.0,0.0,0,0.012247887189736116,-0.07678708127650387
23.28,1,1,0,1,0.07613642825546285,-0.0005865497193848906,0.11946027652225646,27.170822381363756,-0.020440454046338413,-0.0022939958910756703,0.5046130897699482,0.33506005216547347,0.0,0.0,0,0.012130149147816774,-0.0769447867358678
23.3,1,1,0,1,0.07712505114530438,-0.0004940670622594276,0.11953334584947295,27.177943439458875,-0.020450160813149747,-0.0023086741191772455,0.5053164854113926,0.33496252174350366,0.0,0.0,0,0.012156579772920145,-0.07705198954177421
23.32,1,1,0,1,0.07785902683681102,-0.000463143834983519,0.11950596336390391,27.11807197171803,-0.020466159497506353,-0.002323561603411798,0.5058177662663174,0.3349131278448301,0.0,0.0,0,0.012327765317195398,-0.07712340331365089
23.34,1,1,0,1,0.07821885168775178,-0.00046354878832050375,0.11941978656089379,27.00235606484481,-0.02047895353702531,-0.002336283690798495,0.5059834130206078,0.3348932782660957,0.0,0.0,0,0.01259378538213515,-0.07708534551084746
23.36,1,1,0,1,0.07810334249765652,-0.0004831156333189382,0.11930643322454254,26.84750441617872,-0.02048435576548146,-0.002343758782300047,0.5059548328497447,0.3348869777779326,0.0,0.0,0,0.012949124739755008,-0.0770718402378219
23.38,1,1,0,1,0.07748164814538346,-0.0005885726805137347,0.11914525823556203,26.730905449771566,-0.020478835677367673,-0.0023419407471948913,0.5058370249793939,0.3349176295345316,0.0,0.0,0,0.013201116397141556,-0.0769510457475965
23.4,1,1,0,1,0.07658556511511508,-0.00065703209622342,0.11905903382981343,26.661721206999818,-0.02047734454891605,-0.0023398020242429824,0.5056846363574573,0.33495265399450036,0.0,0.0,0,0.013360952238705702,-0.07681424548914106
23.42,1,1,0,1,0.07570060247867628,-0.0006837749291330325,0.11903287433732221,26.632814959062454,-0.02047342924215432,-0.0023383855546010744,0.5054523128753103,0.33498376418984704,0.0,0.0,0,0.013436446331250308,-0.07669606284926721
23.44,1,1,0,1,0.07503051330721047,-0.0006967054926782061,0.11903753717791377,26.63850062925182,-0.02046821310171216,-0.002337221635694066,0.5050926609795219,0.33501416162809144,0.0,0.0,0,0.013427973283037723,-0.07659134436650158
23.46,1,1,0,1,0.07463712595542545,-0.0007144934845677367,0.11905696922843056,26.67867870005358,-0.020461468545027114,-0.0023357927913661303,0.5046674501560521,0.33504200152400315,0.0,0.0,0,0.013338115067364611,-0.07650227739903533
23.48,1,1,0,1,0.07452576249103199,-0.0007342588891255351,0.11909482188203382,26.757406765045197,-0.02045290569532558,-0.002333519276959868,0.5045092033957599,0.33506050686398403,0.0,0.0,0,0.013191214099015587,-0.07649524948801434
23.5,1,1,0,1,0.07468520370740453,-0.0007693214983230147,0.11913239443362077,26.872297495194097,-0.02044156568557586,-0.0023307420010033036,0.5043969304990313,0.3350789218970131,0.0,0.0,0,0.012953352710247347,-0.0764975641111618
23.52,1,1,0,1,0.07514178016929372,-0.0007810052285236839,0.1192054758523735,27.023811737173574,-0.020435223351811336,-0.0023331425740377764,0.5043907617619561,0.33508468181603457,0.0,0.0,0,0.012665840419252247,-0.07653034545913164
23.54,1,1,0,1,0.07599349920241218,-0.0006242119024172828,0.11939777701655556,27.11229656251961,-0.02044784204775688,-0.0023494071407775584,0.5046709283349057,0.33505248255669273,0.0,0.0,0,0.012515830859480532,-0.07656102947608477
23.56,1,1,0,1,0.07680870330939442,-0.0005125217417957205,0.11950311218791257,27.126574920004572,-0.02045556785795509,-0.0023633473407800192,0.5049531224952176,0.335011891093525,0.0,0.0,0,0.01254289432851342,-0.07668405229561567
23.58,1,1,0,1,0.07746197245293508,-0.00047918396594123086,0.11949133470938149,27.078077365370078,-0.020467797184326893,-0.0023767729295364327,0.5050815521592075,0.33498503069324337,0.0,0.0,0,0.012668998984566545,-0.07668131120482821
23.6,1,1,0,1,0.0777709375757569,-0.0004589835733074879,0.11943456751102845,26.969496653849443,-0.02048074816688481,-0.0023899058860726895,0.505166990945937,0.33496604904243465,0.0,0.0,0,0.012925902309125261,-0.07665332926349175
23.62,1,1,0,1,0.0775899564682479,-0.000577315546028679,0.1192577918302547,26.859866553410292,-0.020476078685071678,-0.002388808632351529,0.5050334026112365,0.3349804333353131,0.0,0.0,0,0.013168495076085114,-0.07661333073444516
23.64,1,1,0,1,0.07712587075107943,-0.0006671110938328596,0.11913292622240357,26.803430963447624,-0.020472224903618164,-0.0023870936475400358,0.5048998610487508,0.335014766124351,0.0,0.0,0,0.01329877266353101,-0.07650439828813069
23.66,1,1,0,1,0.07659884218169719,-0.0007140784639350153,0.11908173325499563,26.78948082745385,-0.020470220503797404,-0.002384991421019494,0.5046504334777594,0.33505083168820554,0.0,0.0,0,0.013334960986295503,-0.07639368448820438
23.68,1,1,0,1,0.07614924042845163,-0.0007433190908750602,0.11907590622646073,26.818795656539915,-0.020463687204553774,-0.0023820883715136264,0.5045276010356664,0.3350750940819658,0.0,0.0,0,0.013292047154552235,-0.07632936852224065
23.7,1,1,0,1,0.07591904597723355,-0.0007679243292910906,0.1190972786501765,26.8886346874382,-0.02045499556323819,-0.002379481791978082,0.5044195329247505,0.3350996309127421,0.0,0.0,0,0.01315468170250505,-0.07628319455770184
23.72,1,1,0,1,0.07592161154747198,-0.0007988874070628364,0.11913188492481207,27.00137316168124,-0.020444903532842278,-0.0023776249777258964,0.5043757899769586,0.3351144367898233,0.0,0.0,0,0.012938378164925863,-0.07627662092499733
23.74,1,1,0,1,0.07634198214381979,-0.0006786991772036559,0.11928390818017374,27.08528889176369,-0.02045135486661433,-0.0023901830274462624,0.5046031840740826,0.33509649959221044,0.0,0.0,0,0.01278332962749221,-0.07625581916103823
23.76,1,1,0,1,0.0768658570418932,-0.0005354439747780708,0.11942007431563204,27.096684141455757,-0.020459506391117068,-0.002405470415430668,0.5048985373481615,0.3350570288749679,0.0,0.0,0,0.012812390664047272,-0.07634015678275478
23.78,1,1,0,1,0.07730986739230722,-0.00048414084392577744,0.1194315449274626,27.039864192363837,-0.02046964759703428,-0.002418080641064383,0.5049758998821166,0.33503451940490603,0.0,0.0,0,0.012934773887520153,-0.07630206682290294
23.8,1,1,0,1,0.07747078841917417,-0.000461340064150835,0.11938568142799635,26.92695066749486,-0.020479603529104436,-0.002428743155516285,0.5049831045167914,0.33501242825667576,0.0,0.0,0,0.013187112505628491,-0.07628174990642707
23.82,1,1,0,1,0.0771449025719223,-0.000609854736505152,0.1191940986255409,26.837569713782685,-0.02047243029258609,-0.0024258571071599675,0.504801883741561,0.3350310344069209,0.0,0.0,0,0.01339181913866745,-0.07625766521308223
23.84,1,1,0,1,0.07667892611757497,-0.0006802842295070104,0.11909449654617367,26.79497375162689,-0.020468963229799356,-0.00242419538031667,0.5045604485127813,0.33506888905546445,0.0,0.0,0,0.013472662870541153,-0.07611871572352127
23.86,1,1,0,1,0.07618999441033772,-0.0007259379319487919,0.11905222055502422,26.797914745686644,-0.020465072150819275,-0.0024212104925828586,0.504457256071024,0.33509488421308303,0.0,0.0,0,0.013488272190226863,-0.07605840682780662
23.88,1,1,0,1,0.07585809982797019,-0.0007546480651717119,0.11905202366426669,26.84092301529936,-0.020457175471722534,-0.002418261574192532,0.5043884935367805,0.33511965714254327,0.0,0.0,0,0.01340910268956259,-0.07601051394474723
23.9,1,1,0,1,0.07574815279667226,-0.0007785220841163773,0.11907848734421646,26.927781594806756,-0.020447167411171634,-0.0024147507086043486,0.5043627703010842,0.33513559717968483,0.0,0.0,0,0.01325488255625948,-0.07603287165925438
23.92,1,1,0,1,0.07594749920068822,-0.0007627638702110764,0.11914920772020451,27.03655247268795,-0.020445284195617752,-0.0024198586200049905,0.5043980459457164,0.3351462040547496,0.0,0.0,0,0.013032210592901468,-0.07597830073099363
23.94,1,1,0,1,0.07642116297208487,-0.0006037215931456938,0.1193230215338828,27.08187796657854,-0.020457222617994382,-0.0024344299284562087,0.5046845050357633,0.3351144882643426,0.0,0.0,0,0.012985730514372363,-0.07603764473982802
23.96,1,1,0,1,0.07689833606426953,-0.0004998115584969286,0.11940238626227223,27.053773867316107,-0.020463393934678525,-0.002447435940167178,0.5048095976449392,0.33508374113634853,0.0,0.0,0,0.013062699497008482,-0.0760533204081868
23.98,1,1,0,1,0.07719139600214191,-0.0004758164228412867,0.11937140450652822,26.970751723657596,-0.020477615318924655,-0.002460011883839576,0.5048793975938025,0.3350571864430689,0.0,0.0,0,0.013253198754939187,-0.07601654337161756
24.0,1,1,0,1,0.0771017155933854,-0.0005289257948075873,0.11925507352870841,26.85690798505535,-0.020475234953884335,-0.002462691420098283,0.5048012318291589,0.3350517654020971,0.0,0.0,0,0.013507179953989588,-0.07601305383702772
24.02,1,1,0,1,0.07674373630107166,-0.0006405034152188391,0.11910358574310012,26.790867099119914,-0.020469073249840482,-0.002460152668444462,0.5046865346788834,0.3350816790344166,0.0,0.0,0,0.013646726556397277,-0.07591988951246331
24.04,1,1,0,1,0.07628673753887938,-0.000705569407354549,0.11902820541912862,26.769802718083266,-0.0204674056155793,-0.0024573252431782915,0.5045351780304334,0.3351151031371949,0.0,0.0,0,0.013697371263216795,-0.07583037102846273
24.06,1,1,0,1,0.07587922298745335,-0.0007371669655102907,0.11901510416364386,26.792969513636713,-0.02046124749099941,-0.0024542928534229905,0.5044748406773324,0.3351417159613919,0.0,0.0,0,0.013661991063505184,-0.07576976619179743
24.08,1,1,0,1,0.07566228838085634,-0.0007614498742994462,0.1190316930177262,26.856812810550156,-0.020452368118512056,-0.0024507206183609223,0.5044338620350008,0.3351597789716739,0.0,0.0,0,0.013545147910884204,-0.07575200333129009
24.1,1,1,0,1,0.0756679113322781,-0.0007906948767280111,0.1190642639515255,26.962832274830703,-0.020440935077563827,-0.0024470030965075607,0.5044038409750147,0.3351770396358977,0.0,0.0,0,0.013336597029959181,-0.0757694328694835
24.12,1,1,0,1,0.07603428552209965,-0.0006979545975172481,0.1192008471047296,27.06011263162631,-0.020447675473640382,-0.0024590664340474306,0.5046482882626143,0.3351592138072758,0.0,0.0,0,0.013175544970431377,-0.07577685776274093
24.14,1,1,0,1,0.07659837957705004,-0.0005394252739209307,0.11935592127750685,27.068857520562613,-0.020457990235371214,-0.0024739434206731,0.504924527687816,0.33511848903719216,0.0,0.0,0,0.013186565808236047,-0.07581576411334577
24.16,1,1,0,1,0.07704303579188815,-0.00047315509322540597,0.11938438560529564,27.008722972418912,-0.02046852803527542,-0.002486688673246344,0.5050163512537924,0.3350862507767367,0.0,0.0,0,0.013329567475005116,-0.07581725597229544
24.18,1,1,0,1,0.07718992750131252,-0.0004906176478940427,0.11930845516276979,26.90335950906198,-0.020472456296593437,-0.0024929777146028786,0.5049104041841705,0.3350789149127368,0.0,0.0,0,0.013545129302501822,-0.07576977481481383
24.2,1,1,0,1,0.07690686053180079,-0.000653662064884937,0.11911581040728869,26.843783848785385,-0.020466268858828053,-0.0024889725551938786,0.5048167322026798,0.3350979007735422,0.0,0.0,0,0.013700445467786752,-0.07576565104938639
24.22,1,1,0,1,0.07660856809690242,-0.0007066256353367925,0.11904468327485353,26.82729530623184,-0.02046173529024016,-0.0024868861493902174,0.5046039096982431,0.33513395259139234,0.0,0.0,0,0.01372403334670618,-0.07564694609066865
24.24,1,1,0,1,0.07631288678338127,-0.000748013503371784,0.11901789946054858,26.857376242420944,-0.020457692873005556,-0.0024831613467893605,0.5045185458792214,0.3351555819521508,0.0,0.0,0,0.0136926528452768,-0.07563305560740625
24.26,1,1,0,1,0.07617195693822018,-0.0007729355922623249,0.11903434322015848,26.93154974949,-0.020447478919889375,-0.002479436915515436,0.5044829727171699,0.33517537354044286,0.0,0.0,0,0.013569446321008528,-0.0756562924473001
24.28,1,1,0,1,0.07631846218015609,-0.000754098944408213,0.11909879384367725,27.02756214727158,-0.020446857704384865,-0.0024843928136206116,0.504497448328141,0.3351890021108696,0.0,0.0,0,0.013376148126677291,-0.07560079090037934
24.3,1,1,0,1,0.07672358831138054,-0.0005890608779565709,0.11926919239544076,27.053951996166326,-0.020460430199545358,-0.0024997373741744047,0.5046376038473498,0.33516167746863895,0.0,0.0,0,0.013343387442004622,-0.07559055276755064
24.32,1,1,0,1,0.07707298179826633,-0.0004889476839114483,0.11934320425097653,27.006771847331247,-0.020469977046815874,-0.0025131484148183877,0.5046871328233489,0.33512599699277945,0.0,0.0,0,0.013464459816672993,-0.07560022292057603
24.34,1,1,0,1,0.07712709320093072,-0.0005326880053732018,0.11925564383025736,26.92321357950857,-0.020465619657946046,-0.002515818591492815,0.5044699122108495,0.33512039545333844,0.0,0.0,0,0.013640185791527749,-0.0756076291563133
24.36,1,1,0,1,0.07690137634075705,-0.0006897613605046336,0.1190812078669046,26.893715160586506,-0.020458581665517266,-0.0025115008913639547,0.5043196371515029,0.335144405885471,0.0,0.0,0,0.013719452027481054,-0.07560452057717472
24.38,1,1,0,1,0.07674638103182087,-0.000741217568911233,0.11902550571035393,26.90750024653827,-0.02045433633073622,-0.002509089997252214,0.5040969362826243,0.33518017041545195,0.0,0.0,0,0.013672176294277801,-0.07550428081557568
24.4,1,1,0,1,0.07672671721563123,-0.0006542441134970781,0.11910040366162035,26.9166332393803,-0.020465741777169925,-0.0025204888658263195,0.5042551820114269,0.3351696181311611,0.0,0.0,0,0.013714307471577222,-0.07549990628039238
24.42,1,1,0,1,0.07668651466733242,-0.0006319239804969991,0.11910975758232663,26.898915658845226,-0.020454931074813443,-0.002519753419963138,0.5041465592783926,0.3351750411696473,0.0,0.0,0,0.01376011710882112,-0.07553418069877832
24.44,1,1,0,1,0.07659832705593533,-0.0007228436949272138,0.11903654113300606,26.931559040049713,-0.020445396392012684,-0.0025155538494003077,0.5040654770627314,0.3351986886467683,0.0,0.0,0,0.013703562230340043,-0.07555803079094958
24.46,1,1,0,1,0.07662542190877863,-0.0007631588660015308,0.11903169589722473,27.005980504244114,-0.020442342172608933,-0.002515293085395962,0.5040266918972695,0.3352240331878039,0.0,0.0,0,0.013546478092342471,-0.07552201681312208
24.48,1,1,0,1,0.0768885988429596,-0.0006318994175339848,0.11916290803615061,27.040273974743986,-0.020460273022187093,-0.0025289963951495575,0.5042312865105494,0.33520611450042287,0.0,0.0,0,0.013495370454132167,-0.07547979676764074
24.5,1,1,0,1,0.07710784682228215,-0.0005094600171117424,0.11925338196602445,26.99953788781824,-0.020471521552301326,-0.002542437006995948,0.5043254754566655,0.3351720941182214,0.0,0.0,0,0.01360463519529479,-0.07548065819803823
24.52,1,1,0,1,0.07712103952567972,-0.0004905589390706393,0.11921921518458628,26.90496716915266,-0.02047133619259733,-0.0025486733999984133,0.5042244576874187,0.33515369877784146,0.0,0.0,0,0.01380532703650792,-0.07547540504679853
24.54,1,1,0,1,0.07681241188042014,-0.0006501230950846926,0.11903296109569902,26.85069223341048,-0.020462418449819608,-0.002544331275983963,0.5040565676995236,0.335173844184068,0.0,0.0,0,0.013925202072622524,-0.07545578633302555
24.56,1,1,0,1,0.07650724608181626,-0.0007142413454081786,0.118957663275876,26.843175653965236,-0.02045772135441243,-0.00254158175514834,0.5038801902102035,0.3352082654695181,0.0,0.0,0,0.013923060026561383,-0.07535149733196801
24.58,1,1,0,1,0.07630134883386872,-0.0006831793425936886,0.11898450153064002,26.853961535242522,-0.02046490034945647,-0.0025479273953789286,0.5039787491432516,0.33521003216660294,0.0,0.0,0,0.013939312127044594,-0.07530872998097968
24.6,1,1,0,1,0.07618924603164527,-0.0006033101625532757,0.11904376509506488,26.822658510260126,-0.02045997831925616,-0.002550968976198765,0.5039995036330689,0.3352052844072764,0.0,0.0,0,0.014018287049955034,-0.07532129848034842
24.62,1,1,0,1,0.07601135600435874,-0.0006860235206431128,0.11897085288851841,26.833323388356245,-0.020448972367785128,-0.0025468991528628136,0.5039324116304151,0.3352257625347093,0.0,0.0,0,0.01400208585108657,-0.07533003391431929
24.64,1,1,0,1,0.0759301751455411,-0.0007503626761922039,0.11893803437857967,26.889327100382086,-0.020441648070845496,-0.002542948053169821,0.503892344022722,0.33525183719849305,0.0,0.0,0,0.013886612129632414,-0.07533584225970125
24.66,1,1,0,1,0.07597126314475544,-0.000797859692438653,0.11894599631967082,26.990398987649776,-0.020436599372378243,-0.0025410018668980644,0.5038693305601524,0.33527214706688185,0.0,0.0,0,0.013681443272168279,-0.07534248089117064
24.68,1,1,0,1,0.07632903543958208,-0.0006512270691865704,0.11910775259567673,27.05274709011915,-0.020451365665156544,-0.0025545676748588643,0.5042264098267832,0.33524345297732006,0.0,0.0,0,0.013593146928339291,-0.07536920921987016
24.7,1,1,0,1,0.07674577780275178,-0.0005148096856051644,0.11921930433376315,27.033873831079593,-0.020462587628278628,-0.002567911241130743,0.5045252664978238,0.33520202527375326,0.0,0.0,0,0.01366264164039294,-0.0754055959965054
24.72,1,1,0,1,0.07699795036712045,-0.00047174925779851565,0.11921002690175488,26.953045911669342,-0.020472527429465093,-0.0025787525919056253,0.5046395002007867,0.3351773755809407,0.0,0.0,0,0.013831489182535104,-0.07535326674713314
24.74,1,1,0,1,0.07697056271916757,-0.00045937798858024584,0.11914953050160226,26.82387459366431,-0.02048216562930645,-0.002587522453482816,0.5046596723056421,0.3351576448033993,0.0,0.0,0,0.014106151864399848,-0.07528787095742483
24.76,1,1,0,1,0.07647513126390561,-0.0005911477990549405,0.11897464534680124,26.71831518808022,-0.02047463546331527,-0.0025834656736014477,0.5045744859157358,0.335173780848197,0.0,0.0,0,0.014330578905676853,-0.0752130474964241
24.78,1,1,0,1,0.07579249578205763,-0.0006524556884321062,0.11888793494576878,26.659781742900496,-0.020469838111792198,-0.002580784641090625,0.5044321513984581,0.3352070667207708,0.0,0.0,0,0.014435932405518355,-0.07504786651048197
24.8,1,1,0,1,0.07510880311038919,-0.0006839113467964064,0.11886006565285726,26.641303961123647,-0.02046749430848947,-0.002577315292209599,0.5043583440106079,0.33523012619106535,0.0,0.0,0,0.014493507106353883,-0.07496788902424109
24.82,1,1,0,1,0.07455797013611373,-0.0006980031079409053,0.11887015608327513,26.661380916457148,-0.020458530461539805,-0.002573951981646346,0.5043249366288404,0.33524996536849255,0.0,0.0,0,0.014475688862109001,-0.0749329430534282
24.84,1,1,0,1,0.07429983456171779,-0.0007221192495659064,0.11888271893725734,26.71384772540335,-0.020448149401560995,-0.002570523477966269,0.5042763041667667,0.3352722176565775,0.0,0.0,0,0.014359410978028087,-0.07488155697428618
24.86,1,1,0,1,0.07429407982034684,-0.0007518322316321518,0.11891212192660758,26.8055920728556,-0.02043881400849066,-0.002566361169052883,0.5042597356744716,0.33528458186308996,0.0,0.0,0,0.014181499549296516,-0.07490424110887686
24.88,1,1,0,1,0.07452677280780401,-0.0007826880811354943,0.11896149525670396,26.940270587128452,-0.020425496131016324,-0.002561687362996673,0.5042524004321054,0.3352922475637913,0.0,0.0,0,0.013932365752042293,-0.07500327939809222
24.9,1,1,0,1,0.07515886912663267,-0.0007093697141856252,0.11909207357677999,27.06908371253727,-0.020432388989285632,-0.002571764511241798,0.5046296766228561,0.3352728478957144,0.0,0.0,0,0.013706527277255659,-0.07504920367304659
24.92,1,1,0,1,0.07601427818668201,-0.0005477213956364413,0.11926163617460155,27.107181564101314,-0.020444982925011172,-0.002586421227090334,0.5051942291165273,0.3352262488878788,0.0,0.0,0,0.013672118815335884,-0.07513276503375609
24.94,1,1,0,1,0.07675141466565957,-0.00047198043273943835,0.11930783370063452,27.070288167134407,-0.020457036585491938,-0.002599613655109742,0.5055629118447136,0.33518197476799017,0.0,0.0,0,0.013794564830831633,-0.07520448032719705
24.96,1,1,0,1,0.07721624406760358,-0.00046165901330825,0.11925811518345185,26.975754775294202,-0.020470092999994426,-0.0026108123110026938,0.5056456620320279,0.33516192859573046,0.0,0.0,0,0.014006082486238126,-0.07515995468007121
24.98,1,1,0,1,0.07720463168086274,-0.00052651542079497,0.1191288327267863,26.856299778761283,-0.02047088074359957,-0.0026128607883827222,0.5055460331527883,0.33516090541261995,0.0,0.0,0,0.01428180814260496,-0.07514919709170426
25.0,1,1,0,1,0.07686951949237578,-0.000628908463826499,0.11899011065973483,26.782807273342055,-0.02046659843330309,-0.002609850064274814,0.5053824284400283,0.3351932910778883,0.0,0.0,0,0.014435123587000293,-0.0750357746157496
25.02,0,1,0,1,0.07593722484608714,-0.0007158944109485511,0.11898655976504444,26.740800551420666,-0.020437514639918275,-0.0025967107242216344,0.5067034018380405,0.3347601494161884,0.0,0.0,0,0.014335879092365595,-0.07467720626083678
25.04,0,1,0,1,0.07390128573267167,-0.0007557792400359337,0.1191972394309944,26.65017969798721,-0.02041853391110124,-0.0026006481544263433,0.5088601302854491,0.334331753208173,0.0,0.0,0,0.013929989790859331,-0.07428351031132743
25.06,0,1,0,1,0.07113597145294884,-0.0006326098386218934,0.1197003779538498,25.969816493139344,-0.020651219833090505,-0.0031722115682588387,0.5141850564119966,0.3328923644498027,0.0,0.0,0,0.012919136354322333,-0.07405891588762253
25.08,0,1,0,1,0.06638293492201312,-0.0002015267307590024,0.12084124762595595,24.286095550231796,-0.022365629448269246,-0.0037554563681114384,0.5239035483538682,0.3295206608487092,0.0,0.0,0,0.011005505822453642,-0.07364942640723296
25.1,0,1,0,1,0.05767037357967828,0.00046223960866538863,0.1225114894492814,22.282074293809575,-0.02346438702155407,-0.0039057737075634267,0.5321890370875942,0.32546697458654084,0.0,0.0,0,0.008363689641395361,-0.0720081799875765
25.12,0,1,0,1,0.04711161816822967,0.0009976523003536568,0.12398357354386917,21.02354328296684,-0.022408472150813256,-0.003916279535345016,0.5315438849072289,0.323831763345978,0.0,0.0,0,0.005865714589846308,-0.06878110497932657
25.14,0,1,0,1,0.03692268822446887,0.0012503983119792027,0.12477280077096972,20.63802464724204,-0.020421574493316694,-0.0039258840558972895,0.5207237334721262,0.3256242483851337,0.0,0.0,0,0.003962465316666645,-0.06459059453486517
25.16,0,1,0,1,0.027898485397105488,0.0012454859512687141,0.1247485452861856,20.46742274823061,-0.018147708471961885,-0.003939477116331359,0.5011602288700658,0.33120604161652095,0.0,0.0,0,0.0027704709551576883,-0.060082684851882694
25.18,0,1,0,1,0.020262254360810427,0.000927048072611774,0.12387949464094442,19.961808275847453,-0.016600624271904663,-0.003954511620382453,0.475427418019276,0.34045647237066184,0.0,0.0,0,0.002348377664448321,-0.05555800810321953
25.2,0,1,0,1,0.013657765968158403,0.00038894542020590644,0.12249098372583789,18.81764562407369,-0.016217780611967998,-0.003971187823192499,0.4463120206478001,0.35257234663782777,0.0,0.0,0,0.002632313666487513,-0.0510142918847321
25.22,0,1,0,1,0.007786531963413456,-0.00014250757893218696,0.12100979499947663,16.87932833490374,-0.017312541780379758,-0.004084877578159462,0.4184275564169013,0.3661217885047623,0.0,0.0,0,0.003797520202623821,-0.04673782854641565
25.24,0,1,1,1,0.003049123204779222,-0.0003368361194477955,0.11998977512344447,14.222043902865178,-0.019805611000434892,-0.004081049390281895,0.395614649883984,0.3790066686309174,0.0,0.0,0,0.00556632704763487,-0.04272149316487449
25.26,0,1,1,1,0.0010975144841384316,-0.00010204973455358798,0.12007810954113464,11.76866288016714,-0.023424756474870266,-0.003963358697897031,0.37588959718331694,0.3913579897549175,0.0,0.0,0,0.006608602964626589,-0.03891771686167994
25.28,0,1,1,1,-0.0002541899160740553,4.546849884586729e-05,0.12043553942563447,9.028350571118802,-0.025127869223495747,-0.0039236256409850455,0.3579244106323149,0.4023868232663908,0.0,0.0,0,0.007046408468973938,-0.035686026069570775
25.3,0,1,1,1,-0.0008677942417087345,0.0003438469528245225,0.12121520452906415,6.22438781080723,-0.023846250719243314,-0.003311029925121475,0.3439747035167529,0.41204676072168145,0.0,0.0,0,0.007048846928427588,-0.03321828076683977
25.32,0,1,1,0,-0.00028187865970328435,0.0008754134477939012,0.12274193261972673,3.88337108021802,-0.019967637681704852,-0.0019427506497663686,0.3359907875717573,0.41864808250341917,0.0,0.0,0,0.007009672306126782,-0.031676476251327766
25.34,0,1,1,0,0.00018702279508907987,0.0006726119415144671,0.12378321752543628,2.0865045038450245,-0.015462822741549722,-0.0003377052543408126,0.33305985359402784,0.4212536068357221,0.0,0.0,0,0.0069266396803353385,-0.0308499822039209
25.36,0,1,1,1,0.0005256449676314182,0.0004129665021870531,0.12434234841361007,0.7985956210263516,-0.010211078656624854,0.0008190453185155496,0.33438829805609416,0.42108777737208736,0.0,0.0,0,0.006521018595827784,-0.030607096139084165
25.38,0,1,1,1,0.0008404822072733895,0.0006011082166263899,0.12469540977266778,0.7322424289372303,-0.005122114627479223,0.0015230814157257122,0.33884927984316043,0.4196261789073838,0.0,0.0,0,0.005990619101813344,-0.030534829546904323
25.4,0,1,1,1,0.0010992679445310516,0.0008208736989517018,0.12487743834465906,1.491373101122544,-0.001268019317577206,0.001983766831717805,0.3448318812040983,0.4175788369485912,0.0,0.0,0,0.005562317949607974,-0.030436366686539883
25.42,0,1,1,1,0.0012923511954760526,0.0010045964763051932,0.1249251096453138,2.06662418460126,0.0014197051659776752,0.00213316689718117,0.3513903902163366,0.4153802704142064,0.0,0.0,0,0.005264662380306465,-0.03028189479478365
25.44,0,1,1,1,0.0014356082425267327,0.0012007952149069717,0.12489108140448464,2.5325167799286006,0.0033335467595184054,0.0021666222001815987,0.35800005664952267,0.4132224655535972,0.0,0.0,0,0.00508512997833561,-0.03006331759219133
25.46,0,1,1,1,0.0015206818717203342,0.001485639471319699,0.12479076277292164,2.926794795999546,0.004460745479050364,0.0021871859319296575,0.3645886374083205,0.41101593799799974,0.0,0.0,0,0.004935671895371903,-0.029810385676400205
25.48,0,1,1,1,0.0015490449993496754,0.0018312519995793558,0.12461057053246932,3.2230460499844424,0.0046759983242980144,0.002212678623943882,0.3709734644482993,0.4088013703199809,0.0,0.0,0,0.004690933079810614,-0.02966277718568612
25.5,0,1,1,1,0.0016024580045522208,0.002089102409866976,0.12437490356595211,3.4898422213128573,0.0034776785333527787,0.0022365657159634255,0.37634956673909353,0.4071247689199077,0.0,0.0,0,0.004390204080280929,-0.0297631006588481
25.52,0,1,1,1,0.0017710291388161083,0.0021226630305829462,0.12413662129125332,3.9158895776338505,0.0024313781869978023,0.002247405137941475,0.3803860110867609,0.4061351733651848,0.0,0.0,0,0.004168344257468849,-0.03000073547807884
25.54,0,1,1,1,0.0020178689173529114,0.0022055731878716928,0.12394824913063275,4.44193510181985,0.004380020759984397,0.0022355403878188806,0.38456724421502275,0.4048428731063932,0.0,0.0,0,0.004029140491414545,-0.029931000123599266
25.56,0,1,1,1,0.002066966396804693,0.002895836034982918,0.12369940527113789,4.68557711353478,0.008484320708118775,0.0022404769014004685,0.3909564375369037,0.40173361670752916,0.0,0.0,0,0.003507678292128101,-0.02944444361101565
25.58,0,1,1,0,0.0019787666016339647,0.004764718228950349,0.12348266035144455,4.549351626359375,0.006654176634594659,0.0022302762088972465,0.3993370309056242,0.39793588277147307,0.0,0.0,0,0.0022337099793960907,-0.02915331300698985
25.6,0,1,1,0,0.0019957372990032085,0.0066177562100361575,0.12331203528215429,4.300498058117268,0.0019603966391317615,0.0022222224209581644,0.407185168393563,0.3941843366889584,0.0,0.0,0,-6.22053624475069e-05,-0.029614441131103304
25.62,0,1,1,0,0.0021608872429844835,0.006777383705101378,0.12277175727846844,4.242341411039327,0.001147176363989203,0.002609010615369839,0.4114092092305561,0.3917125613920406,0.0,0.0,0,-0.0024944967328759853,-0.030454234675175933
25.64,0,1,1,0,0.0022551943628737955,0.004758727920781278,0.12170090964456808,4.0454312659778,0.005068681860257242,0.003604563480043033,0.4126333124601159,0.39037927695509295,0.0,0.0,0,-0.00461517262900845,-0.03128292041859348
25.66,0,1,1,1,0.002233974112701549,0.0011443017513172102,0.12025771076448369,3.8668494863796967,0.011824733890525851,0.004460378816125023,0.4136469002399957,0.3897938706175842,0.0,0.0,0,-0.006823023377005968,-0.032178253258036534
25.68,0,1,0,1,0.0033210556030137464,0.0010189916385124793,0.12067521877908016,3.136804242534929,0.01784408483949683,0.0036208656882410393,0.4225692560644994,0.3876598184406218,0.0,0.0,0,-0.009974009275925441,-0.032479974506006565
25.7,0,1,0,1,0.003273001082559731,0.0025003898914050214,0.1207842706360313,2.132781016407073,0.016570974372576545,0.00324432616822567,0.42524402194188077,0.3857181831805936,0.0,0.0,0,-0.012372152002589348,-0.032183332114051263
25.72,0,1,1,1,0.0027531448545272327,0.003017281562615541,0.11959429815433956,2.005395047862824,0.006128572404447943,0.0033422970501508446,0.4195676999645028,0.3879545756329128,0.0,0.0,0,-0.012719818938388826,-0.03217921400202577
25.74,0,1,1,1,0.0030706676495609736,0.0028661621101197417,0.11922868907312523,2.5752976576635294,-0.005304491215113816,0.0032301406711248066,0.41475586107310436,0.390593302376275,0.0,0.0,0,-0.012812810694068352,-0.032716191367582546
25.76,0,1,0,1,0.0034655484278968834,0.002524427624239857,0.11923735513228748,3.17951037049845,-0.007076844476285705,0.002795660919553415,0.4129338525809765,0.39169326438663005,0.0,0.0,0,-0.01284111391857314,-0.03311216926296077
25.78,0,1,1,1,0.002658063095765599,0.003046080891208905,0.1192276089795953,2.7539753918999765,-0.004221507489014986,0.0021395668854974643,0.4155983307253529,0.3890944266282408,0.0,0.0,0,-0.013303209456775218,-0.03254769615958207
25.8,0,1,1,0,0.002070805655211977,0.00431749525992919,0.11910030493673336,2.053379245788361,-0.00621208746659354,0.0023865164755245962,0.4197442700749675,0.3865700127380487,0.0,0.0,0,-0.013473789047982148,-0.03168560381799237
25.82,0,1,1,0,0.0018871261668611354,0.00422094447852972,0.11898298216725472,1.0897106783352675,-0.008194084301038459,0.0027332897046384815,0.4230192674862313,0.38439638116645786,0.0,0.0,0,-0.013913387752510602,-0.03106545881411796
25.84,0,1,1,0,0.0016723433404024664,0.0016099912822298591,0.11830452480304564,0.3784198195651275,-0.00633934923656215,0.0033552569051756445,0.42336778131864294,0.38374758818398574,0.0,0.0,0,-0.014449358364809697,-0.030919143761387817
25.86,0,1,1,1,0.0017777076307118923,-0.0003589235389693454,0.1181277915482574,0.816844880774444,-0.0054828908424604215,0.0033969413075009064,0.4222042386969815,0.3857842441180853,0.0,0.0,0,-0.014799200531922008,-0.031395182879719374
25.88,0,1,0,1,0.00193957954935527,-0.0004888191811532987,0.1188297516259828,0.6632789312142251,-0.005448156160581784,0.0030028931196146723,0.4219003879521899,0.3866990916405236,0.0,0.0,0,-0.014785516614077997,-0.031902903650409015
25.9,0,1,1,1,0.001245517108999495,-0.00037512849599088266,0.11933746782265046,0.28542762448053727,-0.0057835484937166295,0.002750596277669965,0.4220329773402909,0.38645900995452076,0.0,0.0,0,-0.014083837281504554,-0.03215287684187257
25.92,0,1,1,1,0.0008119988777424564,-0.0003357098768503389,0.11972374641945906,0.7706794256974743,-0.0066772313947575795,0.002734259614112311,0.4221421476414703,0.3861944933838128,0.0,0.0,0,-0.012888575673511479,-0.03227589325792335
25.94,0,1,1,1,0.0004377352262636934,-0.0003854057745087784,0.12014772666197736,1.3459629480767452,-0.007100851768728312,0.0027396843404078838,0.4221281090623878,0.38616084708714477,0.0,0.0,0,-0.011706223675791291,-0.032540445856901586
25.96,0,1,1,1,0.00013665788391346162,-0.0003337298671356563,0.1206783420000566,1.9855114700772405,-0.006827100609994644,0.0027449736667148872,0.42165369304384376,0.38618515684670457,0.0,0.0,0,-0.010658457729110508,-0.03283827195498722
25.98,0,1,1,1,-8.723917782862967e-05,-0.00010748859630198976,0.12129657188147182,2.720897551033821,-0.005863219857277511,0.0027621075541327646,0.41960610601684656,0.3862991208690172,0.0,0.0,0,-0.009739144696267642,-0.03287752367844689
26.0,0,1,1,1,-0.0001647253880849263,9.770111858999064e-05,0.1219279719832886,3.476112892476021,-0.005325395630387937,0.0027873183200638634,0.4146015021796396,0.387003512830965,0.0,0.0,0,-0.009135600062050147,-0.032434548943139734
26.02,0,1,1,1,-0.00030138201923816596,0.00015653869562808065,0.12239646400135243,4.1467508655567915,-0.005245949100811436,0.0028044715325314267,0.405677943792569,0.3890812194924955,0.0,0.0,0,-0.008874804414960764,-0.03147360345726298
26.04,0,1,1,1,-0.0003863344861636045,0.00018687083060621792,0.12282352940899237,4.611129117657241,-0.005015182760325588,0.002827052298334491,0.3945434145489582,0.39255319563254537,0.0,0.0,0,-0.008827748587216654,-0.03035325639121269
26.06,0,1,1,1,-0.00042982364669003764,0.00017309229340681243,0.12321812417371096,4.830064003053091,-0.004628593603466491,0.0028461662903998004,0.38255376245308853,0.3969315685825024,0.0,0.0,0,-0.008960101046880834,-0.02928087140834322
26.08,0,1,1,1,-0.0004570855042332171,0.00012728927970223625,0.12353540259701142,4.834637682378501,-0.004098322943209707,0.0028639979080064683,0.37014864647605483,0.40183244554788744,0.0,0.0,0,-0.0092632529740932,-0.028217383246517444
26.1,0,1,1,1,-0.00046845391984245977,1.004680795481036e-05,0.12376216021865821,4.632160095794044,-0.0036965028409665476,0.0028803571501140953,0.3585631779889641,0.4068207563779574,0.0,0.0,0,-0.009705290508500447,-0.027322324662964505
26.12,0,1,1,1,-0.00042932149842689685,-9.806093148848408e-05,0.12395839449151323,4.2613821733824295,-0.0033859829181616154,0.002893718127931748,0.3488491301056294,0.41137721149172146,0.0,0.0,0,-0.010222171108182762,-0.02667887371290007
26.14,0,1,1,1,-0.00029756712089371376,-0.0001800535418673352,0.12414960650293053,3.7985905164822875,-0.0028591298840097245,0.0029127236619110094,0.3418667375952894,0.4150050308001891,0.0,0.0,0,-0.01083770712512688,-0.026330173795970302
26.16,0,1,1,1,-0.0001680754369626225,-0.00025646675295721427,0.12428945425523494,3.3407127170894806,-0.002593137931810571,0.0029196745969605944,0.33814444767338075,0.41720232771764276,0.0,0.0,0,-0.011426322117749407,-0.02627183473258184
26.18,0,1,1,1,-4.8340723584013034e-05,-0.00029611997642479265,0.12439696254125164,2.940627990138088,-0.0025482989287891476,0.0029242685813787193,0.3373769784755986,0.4179488244736431,0.0,0.0,0,-0.011894884987970616,-0.026480456566591468
26.2,0,1,1,1,6.0874841389071954e-05,-0.0003226841053164571,0.12446859213026458,2.616759548880246,-0.0025382778833471223,0.002927617348595809,0.3383207094642287,0.4179929788168149,0.0,0.0,0,-0.012221824676347283,-0.0268574516607853
26.22,0,1,1,1,0.0001433103049266471,-0.000347806177696041,0.12450527219761151,2.3815569394304203,-0.00253811415342711,0.00292897715491264,0.340734376305625,0.41785268238325635,0.0,0.0,0,-0.012365903501355795,-0.027353058382629487
26.24,0,1,1,1,0.00017835278432730764,-0.00038267873018763693,0.12450739995002472,2.2443679717499516,-0.002534394778256719,0.002931550148846549,0.3443719433102861,0.41738321960883606,0.0,0.0,0,-0.012352441666583629,-0.02794438231444339
26.26,0,1,1,1,0.00017223351713286858,-0.0004350436609476538,0.12448269884033447,2.2145798239460737,-0.002531181602681787,0.002934741424872,0.3489024163121441,0.41651350038487855,0.0,0.0,0,-0.012220976104184818,-0.028599770071294613
26.28,0,1,1,1,0.00012818512448910246,-0.0005086277833067365,0.12443926175179455,2.2922868862028873,-0.002529536169269233,0.0029373269570143034,0.353953192844411,0.41530787350011045,0.0,0.0,0,-0.011999884950410555,-0.029308193153995066
26.3,0,1,1,1,7.993580546977047e-05,-0.00046659960766220684,0.12446201361340231,2.5090999588468974,-0.0025123609363301674,0.0029356146693802,0.358509052383225,0.4141669615028579,0.0,0.0,0,-0.011638929195107131,-0.029901187501696725
26.32,0,1,1,1,-3.2625919650145635e-05,-0.0003742123032022468,0.12448304425647495,2.815576318690075,-0.0024827895084324502,0.002941610617563967,0.361281785032737,0.4134592114787116,0.0,0.0,0,-0.011221558633308322,-0.030230892098738235
26.34,0,1,1,1,-0.00015936792293270302,-0.0002977787846850134,0.12450079733311097,3.147110836584286,-0.0024669744007085907,0.0029531080716691882,0.36268412889150076,0.41321030578487256,0.0,0.0,0,-0.01084892885774215,-0.030429493290113494
26.36,0,1,1,1,-0.0002361777083800358,-0.00029830454919440794,0.12452584271015861,3.4729812860646305,-0.002435181379086591,0.00297286870422095,0.36290512518118023,0.4131866262039295,0.0,0.0,0,-0.010642706846927783,-0.030518493697326135
26.38,0,1,1,1,-0.00024827295330262164,-0.00033559702264312,0.1245788915901052,3.7916499690177203,-0.0023997768706209605,0.002991221232314958,0.3623200130299513,0.41321877728032413,0.0,0.0,0,-0.01060705546534443,-0.030485392893502553
26.4,0,1,1,1,-0.0002215185920919141,-0.0003920180698294973,0.12464038810401655,4.0808528393618175,-0.0023821435026038684,0.003004287258913646,0.36026935466415005,0.4133603291903155,0.0,0.0,0,-0.010732084184610483,-0.03026180925364508
26.42,0,1,1,1,-0.00019569061000051027,-0.00044664581697835895,0.12469779966102666,4.298207282514413,-0.0023596193801335087,0.0030124555745338253,0.35665114000125414,0.41391394240133095,0.0,0.0,0,-0.010929932682245557,-0.029838573842225078
26.44,0,1,1,1,-0.00018775681495762989,-0.0004064914410739917,0.12478294398718098,4.418572891159242,-0.002349797287702738,0.0030128777337867676,0.3519891683398834,0.4149929263037499,0.0,0.0,0,-0.011036596309589029,-0.02927553375548758
26.46,0,1,1,1,-0.0002147903389590651,-0.0003351636198940383,0.1248734453616024,4.416091738013929,-0.002349317728937846,0.0030139865976807115,0.34756098635814414,0.416186286946254,0.0,0.0,0,-0.011045670730593335,-0.028806754457106887
26.48,0,1,1,1,-0.00027151269159881447,-0.00028779301046646596,0.12492732976545394,4.320254104261899,-0.002338355179077039,0.0030191030582775507,0.3435329283101692,0.4173152948505965,0.0,0.0,0,-0.011030523624856544,-0.02839086681361396
26.5,0,1,1,1,-0.00031839961860161137,-0.00025905004477540586,0.12495912811660757,4.1528755061367075,-0.002324533798351985,0.0030270540880403245,0.3404658941824697,0.41820912795940346,0.0,0.0,0,-0.01102375920327344,-0.02808924544963594
26.52,0,1,1,1,-0.00033528459366321053,-0.00023784108893859165,0.1249897746658116,3.968814678354323,-0.0023099289736790503,0.00303509300910267,0.3388726632918727,0.4185702687780454,0.0,0.0,0,-0.011023812763953407,-0.027899909002475437
26.54,0,1,1,1,-0.00033948499746211044,-0.0002225991447958181,0.1250088019802046,3.79403722459313,-0.0022895545296341235,0.003044272963036626,0.3385079469936339,0.41862057891313276,0.0,0.0,0,-0.01101476200911809,-0.0278278471006938
26.56,0,1,1,1,-0.00033600549860719753,-0.00021600672692668327,0.1250201880284169,3.611301914235089,-0.002226853826127308,0.003056037533484078,0.33862570764150285,0.4186133664839057,0.0,0.0,0,-0.011001868389653854,-0.027878308256142844
26.58,0,1,1,1,-0.00032849350526150886,-0.00021425433234843402,0.12502986487968137,3.4381636943086678,-0.00219135192916903,0.0030660181322752296,0.33925867072123306,0.41858912418750904,0.0,0.0,0,-0.010982279526574773,-0.028063189197788732
26.6,0,1,1,1,-0.0003271596343012266,-0.0002194703346045379,0.12502785191756605,3.3036727082421327,-0.002168777601341016,0.003074340652760702,0.34030240084567454,0.41855987976472553,0.0,0.0,0,-0.01095771939709946,-0.02830792113849018
26.62,0,1,1,1,-0.0003158539025502685,-0.00022379344058777798,0.1250255712646433,3.221543678642316,-0.002151574934183362,0.0030818838272668207,0.3415760709720316,0.41853128020646363,0.0,0.0,0,-0.010928472227686295,-0.028560796064145254
26.64,0,1,1,1,-0.0003117113941271364,-0.00022916313894966178,0.12501497551437338,3.1879202372060185,-0.0021342263736856583,0.0030893086443772354,0.3429611495388734,0.4184999339029504,0.0,0.0,0,-0.010881369365861492,-0.02881441828259087
26.66,0,1,1,1,-0.0003144950272797216,-0.00023226359182566478,0.125007250805784,3.198663677640791,-0.002113362806930605,0.0030966587746306816,0.3442810323823653,0.4184736302328252,0.0,0.0,0,-0.010814939631135567,-0.02904069638884579
26.68,0,1,1,1,-0.00032847072505497524,-0.00023181247697651522,0.12499726045858155,3.2538866809200555,-0.0020929511592950485,0.003104334099319279,0.3452414175147409,0.41845382265805436,0.0,0.0,0,-0.010750402831220031,-0.02920492345992656
26.7,0,1,1,1,-0.00034582545147531646,-0.00022878815900722466,0.12499433716444112,3.326207462752204,-0.0020737118717390752,0.003112274946803758,0.3456843651085274,0.41844125372745555,0.0,0.0,0,-0.010683842920038667,-0.029343858491496528
26.72,0,1,1,1,-0.00033867207105374095,-0.00022182933360101117,0.12501041830519105,3.3924153634586616,-0.002056009146063812,0.0031215524266900796,0.3457865571329589,0.4184370911316064,0.0,0.0,0,-0.01065266726913153,-0.029464041207993733
26.74,0,1,1,1,-0.0003462439329326994,-0.00022381919610273138,0.12501558915835362,3.4725646721355674,-0.002043021557144219,0.003127990050191388,0.3457810640631292,0.41844261161300184,0.0,0.0,0,-0.010627081678972108,-0.02950893048651945
26.76,0,1,1,1,-0.0003592341862851539,-0.00022495599930654614,0.12501825312520662,3.559153940752291,-0.002027585000690203,0.0031351319014950845,0.3457627003310458,0.4184514085365483,0.0,0.0,0,-0.010609910359595631,-0.02950251043601272
26.78,0,1,1,1,-0.00037040781535106065,-0.00022497038191301652,0.12502229397027817,3.644013083419508,-0.0020107321749107633,0.0031427025376199597,0.3457400467590855,0.4184626520765091,0.0,0.0,0,-0.010603544677873417,-0.029461548957213788
26.8,0,1,1,1,-0.0003786521927647314,-0.00022490067913674,0.12502829427702283,3.718818292736969,-0.0019930985217276784,0.003150336185517248,0.345712442292822,0.4184767869958207,0.0,0.0,0,-0.010605239338431173,-0.029398797927859877
26.82,0,1,1,1,-0.0003854895684375706,-0.00022500743805365167,0.12503547053224381,3.776300443128026,-0.001975034962553732,0.00315793397412033,0.34568084272161426,0.41849315275319343,0.0,0.0,0,-0.01061174586778056,-0.029323692211015696
26.84,0,1,1,1,-0.0003919611900861028,-0.00022529224876052106,0.12504251132348201,3.8115502863912267,-0.0019569931161161425,0.0031654715471056616,0.34564685653768074,0.4185107329517016,0.0,0.0,0,-0.01062136432620898,-0.02924261994246007
26.86,0,1,1,1,-0.0003852636010301738,-0.00022176426318029976,0.1250564213598585,3.8188421150791187,-0.0019339337902631367,0.003175349247561164,0.3456221243312751,0.41852610395019396,0.0,0.0,0,-0.010648118888743584,-0.02918169176996575
26.88,0,1,1,1,-0.00037758546205460264,-0.00022435313402544357,0.1250648152637796,3.797451537971396,-0.001913222545829534,0.0031835385492116268,0.3455994648573807,0.4185378969511738,0.0,0.0,0,-0.010682621982010152,-0.029137514911020183
26.9,0,1,1,1,-0.00035996818280546045,-0.0002272870681299631,0.1250772242844628,3.7663967348110408,-0.0018993194237460766,0.0031891368879236586,0.3455892994059039,0.4185414557505061,0.0,0.0,0,-0.01071801045504488,-0.029106151798192374
26.92,0,1,1,1,-0.00033287011034800057,-0.00022415932820140164,0.1250947609295019,3.733637938401151,-0.0018773840815403354,0.0031985643108152486,0.34559681837817385,0.41853957943183295,0.0,0.0,0,-0.010770584141125571,-0.029095156153366598
26.94,0,1,1,1,-0.00033329598921227194,-0.0002314402848252045,0.12509407675377185,3.7075441693484534,-0.001859328937093517,0.0032056691695768994,0.34559783137474165,0.41853963899330393,0.0,0.0,0,-0.010803724948854695,-0.02907593997601429
26.96,0,1,1,1,-0.0003240853152066542,-0.0002348634042814747,0.12509999531169758,3.6829080490373434,-0.0018457636918621473,0.0032109844186124607,0.34560202626197417,0.41853646514925796,0.0,0.0,0,-0.010828275457302418,-0.029072113473002426
26.98,0,1,1,1,-0.00029307766231769297,-0.00022803276115287638,0.12512124489190046,3.6601532820224336,-0.001826209218229914,0.003218907338967649,0.3456169950051662,0.41852941497933266,0.0,0.0,0,-0.01086209019135668,-0.029089264675296066
27.0,0,1,1,1,-0.0003296514487683942,-0.00024068897287317717,0.12509984074140196,3.6539721987247873,-0.0018161645551223432,0.003222255652983926,0.345606380333704,0.41853309625117935,0.0,0.0,0,-0.010844838250825944,-0.029067279050624752
27.02,0,1,1,1,-0.0003045742012809209,-0.00023000453351970998,0.12512167351192885,3.640965676331884,-0.0017953023818230332,0.003231495295817029,0.3456606061563778,0.4185258416210224,0.0,0.0,0,-0.010857283231374741,-0.029096116200946848
27.04,0,1,1,1,-0.00032935716619342595,-0.00023329684953324326,0.12511041936798242,3.6377148495975753,-0.0017780363198498178,0.00323832936326327,0.3456601534671584,0.4185283519507476,0.0,0.0,0,-0.010843572385363851,-0.02908736222638147
27.06,0,1,1,1,-0.00033336778725487,-0.00023305456331054047,0.1251123161495222,3.6350979299422574,-0.0017686276038024746,0.0032421834662827854,0.3456567024140828,0.4185277961927953,0.0,0.0,0,-0.010828390415150133,-0.029087565683079502
27.08,0,1,1,1,-0.00031815084599428126,-0.0002218478430183607,0.12512827544822983,3.631725818941913,-0.0017418811032207382,0.0032538331343705176,0.34567330370974464,0.4185230997613868,0.0,0.0,0,-0.010846034979521886,-0.029108744162460534
27.1,0,1,1,1,-0.0003369443933121975,-0.00023210429245167086,0.1251177239471714,3.6345224669035363,-0.0017354958122228674,0.003255849929655534,0.3456629717735194,0.418524568263976,0.0,0.0,0,-0.01082912196712128,-0.029111493399375545
27.12,0,1,1,1,-0.00034770934696004216,-0.0002249841176299762,0.12511833539380166,3.636167527275413,-0.0017103844911329547,0.003267297634979753,0.34567158657871405,0.4185251049718582,0.0,0.0,0,-0.010829176369177844,-0.029116835466399964
27.14,0,1,1,1,-0.00033738068749316827,-0.00022630657253260023,0.12512662296197416,3.635233738624312,-0.0017004922868964108,0.0032710176706888224,0.34566880802707983,0.41852300331759446,0.0,0.0,0,-0.010831524162530535,-0.029130839115611776
27.16,0,1,1,1,-0.0003652907330751569,-0.00022836694390996823,0.12511432325933233,3.6383446872896816,-0.0016812633879397122,0.003279216311532574,0.34566301121441523,0.41852844522830923,0.0,0.0,0,-0.010816771092847736,-0.029122601707309983
27.18,0,1,1,1,-0.0003349673706053262,-0.00022155179407607958,0.12513620851993867,3.6337530813708168,-0.0016653198251802876,0.0032861156866514697,0.34567370546814674,0.4185219734861265,0.0,0.0,0,-0.010837241423123043,-0.029149228551839428
27.2,0,1,1,1,-0.00037228323892411763,-0.0002320567070787788,0.12511533423925258,3.638038158620864,-0.001652466983874813,0.003290721898277934,0.34565688562100133,0.41852996573808404,0.0,0.0,0,-0.010811367223888525,-0.02913464607082638
27.22,0,1,1,1,-0.0003549495042045221,-0.0002245979814811845,0.12513132298680765,3.63513443313215,-0.0016359978830168488,0.0032983175436279385,0.3456663217220421,0.41852580852978194,0.0,0.0,0,-0.01081799620914409,-0.029152042883890863
27.24,0,1,1,1,-0.00035224672563753667,-0.00022050563438122742,0.1251376488889624,3.6339509163870023,-0.0016143432993705016,0.0033071126319523616,0.3456689684189184,0.418526250994279,0.0,0.0,0,-0.010823956654248472,-0.02916096674425467
27.26,0,1,1,1,-0.0003675789725054515,-0.0002280488528938751,0.12512937560908202,3.634757837556814,-0.0016072201445420165,0.003309758479495949,0.3456571879254604,0.41852921809523136,0.0,0.0,0,-0.010809091703003346,-0.029155428825956623
27.28,0,1,1,1,-0.00034412807879130244,-0.0002162880582119893,0.12514948424967054,3.6326392567208057,-0.0015799945988683966,0.0033216363834765524,0.345676233294436,0.4185238346370496,0.0,0.0,0,-0.010837198816499046,-0.02918247962636181
27.3,0,1,1,1,-0.000357539626090541,-0.00022755403161700202,0.12514035224930867,3.635470651482223,-0.0015743389971145457,0.0033232412239860517,0.34566532457535437,0.4185254141750022,0.0,0.0,0,-0.010827269396267885,-0.02918646299550577
27.32,0,1,1,1,-0.0003642916932820907,-0.00022170059237196574,0.1251420964123569,3.638572678831806,-0.0015533007981162555,0.0033323722122881264,0.34566849078696205,0.4185275337802399,0.0,0.0,0,-0.010823478183700682,-0.02918967838056276
27.34,0,1,1,1,-0.0003785023382373194,-0.000227142041482567,0.12513575741233932,3.6406581982055033,-0.001541419463777253,0.0033375243670733653,0.3456673080870597,0.4185275721750603,0.0,0.0,0,-0.010816129053863985,-0.02919811932929973
27.36,0,1,1,1,-0.00037254512113272034,-0.00022012420941953242,0.12514464423827532,3.6397997088555307,-0.0015197956293628752,0.003346596571025302,0.34567069423433916,0.4185278483097252,0.0,0.0,0,-0.010822894077241671,-0.02920532054692715
27.38,0,1,1,1,-0.00036418495800823875,-0.00022317988658994078,0.1251505004050015,3.639371161219429,-0.0015111415764927916,0.0033498134010683392,0.3456668777399494,0.41852660377189566,0.0,0.0,0,-0.01082409510638367,-0.029215855368240267
27.4,0,1,1,1,-0.00036703191504904725,-0.00021927655312792282,0.12515322551324282,3.640864159592816,-0.0014906580446886737,0.0033584166802374084,0.3456698025721203,0.41852795590598485,0.0,0.0,0,-0.010825850715811654,-0.029222190906508447
27.42,0,1,1,1,-0.000381960156396674,-0.00022651218759590225,0.12514537032636497,3.6433076154503774,-0.001483505908967225,0.0033609598439107253,0.3456589975441104,0.4185306002422573,0.0,0.0,0,-0.010808610824988735,-0.029221439534970604
27.44,0,1,1,1,-0.0003706289993899402,-0.00021712276214834805,0.12515775494276052,3.6426871557010028,-0.00146109447365049,0.0033704181523578555,0.3456681756038751,0.4185299924482963,0.0,0.0,0,-0.010818848567085117,-0.0292321900869103
27.46,0,1,1,1,-0.00038366811387592625,-0.00022562374187157577,0.12515118530102998,3.6427554714860473,-0.0014512335825342902,0.003375392446346329,0.3456735063987477,0.4185275719897258,0.0,0.0,0,-0.010808899018414265,-0.029247347149568087
27.48,0,1,1,1,-0.00038219246683270786,-0.00022062592103397685,0.12515677480057225,3.643563163627585,-0.0014332292001430912,0.003381760871164771,0.345665513831371,0.4185311876772751,0.0,0.0,0,-0.010802139043274256,-0.02924677133988124
27.5,0,1,1,1,-0.0003749562604779891,-0.00021420719871969793,0.12516541996319835,3.6409188391453235,-0.0014169771557371667,0.0033902496856946756,0.3456806291344928,0.4185267393455327,0.0,0.0,0,-0.010814194149378217,-0.029262420184892963
27.52,0,1,1,1,-0.00040054500734921367,-0.00023395721097642722,0.12514541068686666,3.6437379670387138,-0.001410943384820885,0.0033915692550646305,0.3456681549712905,0.4185287254828584,0.0,0.0,0,-0.010785879448692632,-0.029253357791861945
27.54,0,1,1,1,-0.000391008005381506,-0.00022912157416990486,0.12515590072748403,3.6460334812178243,-0.001386291567582354,0.0034005406399536717,0.3457022233928318,0.41852207009463277,0.0,0.0,0,-0.010788085422588634,-0.029287596102689918
27.56,0,1,1,1,-0.0004161065488829524,-0.0002366655688058883,0.12514417220993257,3.653480645885865,-0.001371550591377693,0.003405183547627691,0.34569709315329117,0.4185265775818251,0.0,0.0,0,-0.01076002163260176,-0.02929706958654012
27.58,0,1,1,1,-0.00041973259697068027,-0.0002258920992904423,0.12515024890261228,3.657529985441318,-0.001353538622651446,0.0034121650751626586,0.3456919178062526,0.4185326198183778,0.0,0.0,0,-0.010742131744243008,-0.029293990588875683
27.6,0,1,1,1,-0.0004048774595018789,-0.00021476209301312874,0.12516536848182216,3.6547965966364444,-0.0013357189455221804,0.003419701396447608,0.34569625253290176,0.4185350370754775,0.0,0.0,0,-0.01074584385477379,-0.029292539377981982
27.62,0,1,1,1,-0.0004051836728799253,-0.00022040777871351266,0.12516572918706914,3.649942512749593,-0.0013247102826818506,0.0034250937759346053,0.3457115510353791,0.4185318006450378,0.0,0.0,0,-0.010751181387559178,-0.029305576950888357
27.64,0,1,1,1,-0.0004063983891081334,-0.00021966121624798426,0.12516764866890026,3.6484120095229042,-0.0013035097923857336,0.0034329427250507564,0.3457191969521974,0.41853273685493186,0.0,0.0,0,-0.010761237085495961,-0.029312244089606743
27.66,0,1,1,1,-0.0004038565808197614,-0.00022614659081393249,0.12516711754029405,3.645636623426503,-0.0013006042620063375,0.0034351414850589054,0.34572240829827355,0.41852814769623803,0.0,0.0,0,-0.01075621385215634,-0.029319687479586267
27.68,0,1,1,1,-0.00040539401632498986,-0.00023082709805239549,0.12516843679260511,3.6484681389290596,-0.001271479958222145,0.0034433620561093873,0.3457451539753298,0.4185252255435585,0.0,0.0,0,-0.0107541245085745,-0.02934624748810708
27.7,0,1,1,1,-0.00041605955770378233,-0.00022851455443305066,0.12516598023926268,3.655360165212237,-0.00125850554995315,0.0034456755832205734,0.3457211119087751,0.4185342693259986,0.0,0.0,0,-0.010725889698059104,-0.029333771540622673
27.72,0,1,1,1,-0.0004225173806463624,-0.00023044285965718656,0.1251643591286134,3.6537263561439572,-0.0012449228423630253,0.0034549327601244963,0.34590500447411077,0.41852982698642643,0.0,0.0,0,-0.010722462839343567,-0.029362766731161134
27.74,0,1,1,1,-0.0004253317706467731,-0.00023259826237833486,0.12516585327763305,3.6569083522534798,-0.0012323428844538001,0.0034575133743264767,0.3459418657164505,0.41853443159952053,0.0,0.0,0,-0.010705214643926429,-0.029365086623526847
27.76,0,1,1,1,-0.0004178140668375137,-0.00021773559259256545,0.12517868179404534,3.658067386517622,-0.0012103500263748869,0.0034672146891137853,0.3459676465652158,0.41853560345871904,0.0,0.0,0,-0.010710671492010231,-0.029367737638149947
27.78,0,1,1,1,-0.0004337682962841649,-0.0002266275677373017,0.1251671266855407,3.6557504304386366,-0.0012046893785033807,0.003471271901915298,0.34601467959348386,0.418533571470466,0.0,0.0,0,-0.010705105130929982,-0.029370901461089026
27.8,0,1,1,1,-0.000438253036466163,-0.0002346771466827588,0.12516501582186146,3.653184337993594,-0.0011883303028369012,0.003476815177006213,0.3460717205332273,0.41853434869421735,0.0,0.0,0,-0.010696597846097906,-0.02938038723871187
27.82,0,1,1,1,-0.0004149152683416771,-0.00022479992334702853,0.12518287271224127,3.65115565539133,-0.001172636189856025,0.003482589298956666,0.34608613663031196,0.41853193844506753,0.0,0.0,0,-0.010701394546218782,-0.0293900977378646
27.84,0,1,1,1,-0.0004561202925910876,-0.0002443416770464349,0.12515657431133873,3.657453222012502,-0.001164310989269114,0.003485877144366698,0.3460935854846215,0.41853133384086816,0.0,0.0,0,-0.010667369789473635,-0.02939692523989236
27.86,0,1,1,1,-0.00042888632682595504,-0.0002261829452665301,0.12518066127669628,3.659948237208268,-0.0011394769982521191,0.00349336663945852,0.34609953892325046,0.41853350459190447,0.0,0.0,0,-0.010665976855614677,-0.029404356786656618
27.88,0,1,1,1,-0.00045256184471970107,-0.0002365202179946714,0.125166159296775,3.658969926786017,-0.0011292187784748772,0.0035004318369366437,0.3462063157661107,0.4185293436691016,0.0,0.0,0,-0.01065613745512237,-0.02942663147860117
27.9,0,1,1,1,-0.00043023643497873756,-0.00023078191069277054,0.12518439812301985,3.661417866609716,-0.0011135557576249578,0.0035036839016496005,0.3462516656339533,0.4185301952231367,0.0,0.0,0,-0.010653521547145616,-0.029446155639565715
27.92,0,1,1,1,-0.00046495626736087897,-0.00022880177653893802,0.12516888665873793,3.668569017263289,-0.0011007408271142692,0.003508617696139438,0.34624359040990055,0.41854034449895167,0.0,0.0,0,-0.010621829387239793,-0.029421523763859973
27.94,0,1,1,1,-0.00043485189726388124,-0.00021335252101069985,0.12519258566171626,3.6628838424470502,-0.00108149110952185,0.0035162453510180092,0.3462629134526819,0.41854052007328574,0.0,0.0,0,-0.010635873265003967,-0.029417602408793046
27.96,0,1,1,1,-0.00044489992929770683,-0.00022998070699234083,0.12518252047570602,3.655917570144538,-0.0010763722562277956,0.003520757968537497,0.3463584668813054,0.4185348474594828,0.0,0.0,0,-0.010637772831648159,-0.029440488670089745
27.98,0,1,1,1,-0.0004366745069454246,-0.00022563545462866638,0.12519047728033042,3.6545735860625825,-0.0010596523326802665,0.0035259449449473244,0.34638404850827764,0.41853694588698187,0.0,0.0,0,-0.010642783789559003,-0.02944316689698032
28.0,0,1,1,1,-0.0004428082946112896,-0.00022340891390376302,0.12518823927166262,3.652888085142309,-0.0010407628735995167,0.0035332017372324376,0.34638321270499867,0.41853992513032273,0.0,0.0,0,-0.010648054475656026,-0.02943113952674043
28.02,0,1,1,1,-0.0004518922610845591,-0.000230164387073354,0.12518121573440816,3.648374732678356,-0.0010354138436487342,0.003537385794381397,0.3464311297428284,0.41853547639577504,0.0,0.0,0,-0.01064530627017498,-0.029436613259550454
28.04,0,1,1,1,-0.0004301693311698912,-0.00022932101746598113,0.1251944758999367,3.643252043603783,-0.0010180833756604985,0.003542604727636602,0.3464938404525935,0.4185340799115841,0.0,0.0,0,-0.01065010437507439,-0.029444942234847647
28.06,0,1,1,1,-0.00045420323638784704,-0.00024119158638866503,0.12518001616082322,3.6458394049031124,-0.0009819355157192646,0.0035482668073376525,0.34652756847141414,0.4185248489233586,0.0,0.0,0,-0.010638657659339563,-0.02947600320447272
28.08,0,1,1,1,-0.0004486379009971675,-0.0002327167723540878,0.1251878611970226,3.6509460190737775,-0.0009489672590792188,0.003550916621233294,0.34650258571433673,0.4185314180397025,0.0,0.0,0,-0.01060910355162406,-0.029464955973909294
28.1,0,1,1,1,-0.00047638962599539855,-0.00023902906303222698,0.12517442849302746,3.656274593613082,-0.000903925772467808,0.0035581525388360155,0.3465296506467996,0.41852451092918347,0.0,0.0,0,-0.010588428958946038,-0.029491776726277875
28.12,0,1,1,1,-0.00045327415831390716,-0.00022334637713655736,0.12519629089200368,3.660892760958303,-0.0008671494391518095,0.003561927474971887,0.3465149282891005,0.4185279644924907,0.0,0.0,0,-0.010579439667686727,-0.029503099246697074
28.14,0,1,1,1,-0.0004934556075306823,-0.00022543596126766222,0.12517484561532422,3.6668272810337603,-0.0008547737980964947,0.003566816634956241,0.34653461671281094,0.41853712243070323,0.0,0.0,0,-0.010546041706879955,-0.02947695231176458
28.16,0,1,1,1,-0.00046325668571499737,-0.00021853345754196257,0.12519529646587027,3.6592677802702105,-0.0008351251754931853,0.0035741461192074398,0.3466243801161345,0.4185319518246809,0.0,0.0,0,-0.010562565116306936,-0.029490573545332174
28.18,0,1,1,1,-0.00046578548763788474,-0.00023106533806721216,0.12519126748942785,3.6556976429159946,-0.000824629135040857,0.003578622568189369,0.34671396637618457,0.41852948720551897,0.0,0.0,0,-0.010562582040204408,-0.029507309426087567
28.2,0,1,1,1,-0.0004518261676687979,-0.00022725815074836966,0.12520123845692555,3.652443027164279,-0.0008064638620628852,0.003586637269289962,0.3468041565534726,0.4185262390587927,0.0,0.0,0,-0.01057886431350379,-0.029529843607770365
28.22,0,1,1,1,-0.000465924960423407,-0.00023825435139214132,0.1251895495565262,3.653890723514606,-0.0008087644770678338,0.003586523563123619,0.3468279460929212,0.418522751504097,0.0,0.0,0,-0.010560222849414465,-0.029537940416042345
28.24,0,1,1,1,-0.000489449202417766,-0.00024019483788586052,0.1251791470990224,3.662312035002403,-0.0007763884176400818,0.0035941741928305834,0.3468312823241574,0.41852483130048196,0.0,0.0,0,-0.010537531027158542,-0.029542683934406816
28.26,0,1,1,1,-0.00047336416687164193,-0.00023024983843967367,0.12519300516536977,3.664044673318269,-0.0007617235445190096,0.003597433804472305,0.34681874696342896,0.4185251815724871,0.0,0.0,0,-0.010523613174776549,-0.02954375203924103
28.28,0,1,1,1,-0.000493728112356491,-0.0002325394238115175,0.12518337128893836,3.6674966986669695,-0.0007345417755496682,0.003602720153398888,0.34681767331416136,0.4185269900567086,0.0,0.0,0,-0.010499867028568604,-0.029542967738834768
28.3,0,1,1,1,-0.0004928896823981725,-0.00022718176027635567,0.12518714891638077,3.6653508230233,-0.0007173831640688489,0.003609061106822913,0.34689590968614775,0.41852501531445613,0.0,0.0,0,-0.01049668557395887,-0.029554889275721787
28.32,0,1,1,1,-0.00049751209299723,-0.0002344854942878949,0.12518503698196312,3.665803085182151,-0.0007025055490722275,0.003613791922528513,0.34693700661024013,0.4185258840226259,0.0,0.0,0,-0.010495936144730749,-0.029565403439582767
28.34,0,1,1,1,-0.00046659481861990523,-0.0002171250383911534,0.12521016107717292,3.6652046108005814,-0.0006852776108462437,0.003620444746715096,0.34694806563944625,0.4185263609247885,0.0,0.0,0,-0.010517748365156168,-0.029573465943730008
28.36,0,1,1,1,-0.0004789833807706985,-0.00021952005635963306,0.12520200153230954,3.6652388435086207,-0.0006748836752009878,0.0036241076413594336,0.34692814692460155,0.4185324867532119,0.0,0.0,0,-0.010519493268872793,-0.029552079818817457
28.38,0,1,1,1,-0.0004548980181206322,-0.00021345461498997048,0.12521584476886552,3.6543773289100945,-0.0006649727223207105,0.003629107548811225,0.3469248672378391,0.41852991667194883,0.0,0.0,0,-0.010540801264086325,-0.02954617732224119
28.4,0,1,1,1,-0.0004640931855006067,-0.0002272366781736479,0.12520726576136373,3.6507353622135685,-0.0006416455439222766,0.0036321569064350157,0.3469320717283418,0.41852373148782135,0.0,0.0,0,-0.010537618265367123,-0.029559202957032488
28.42,0,1,1,1,-0.000471142013284704,-0.00022522587495321308,0.1252034630983415,3.6503772816109863,-0.0006221507579363223,0.0036387919056844785,0.3469696523424044,0.4185240349786538,0.0,0.0,0,-0.01054033326243164,-0.029562155173401595
28.44,0,1,1,1,-0.0004787714846836641,-0.00023348861764552198,0.12519703063810006,3.6482827058620226,-0.000620497066854397,0.0036398080610505444,0.3470092074952143,0.418522518683362,0.0,0.0,0,-0.01051866532585438,-0.029558851355524805
28.46,0,1,1,1,-0.0004600439603050857,-0.00022110409223312713,0.12521309677356235,3.647958744412993,-0.0005982786438262103,0.003648011215625341,0.3470319320215754,0.4185157918877328,0.0,0.0,0,-0.010532208932663266,-0.029584727437654765
28.48,0,1,1,1,-0.0004941561679183172,-0.00023368616539787626,0.1251903260174722,3.6547218309976874,-0.0005970830267490978,0.0036478304932606306,0.3470119923657596,0.4185192617375588,0.0,0.0,0,-0.010490552044674056,-0.029569731055523803
28.5,0,1,1,1,-0.0004716134603167839,-0.00022783848005770296,0.1252085560842446,3.6563898273571303,-0.0005623447403133626,0.0036567888949622864,0.34714879496778195,0.4185116147406525,0.0,0.0,0,-0.010500412962725462,-0.029622238431715596
28.52,0,1,1,1,-0.000505495886668688,-0.00023204947739375453,0.12518837667378457,3.664103433041914,-0.0005548188417726603,0.0036573488655746683,0.34713013882834426,0.41852074551597374,0.0,0.0,0,-0.010453346627557553,-0.02959477731185638
28.54,0,1,1,1,-0.0005084273808292211,-0.00023287759943003278,0.12519006879297617,3.664400899119286,-0.0005436761147640638,0.003663326986563311,0.34722748710665674,0.4185201626847785,0.0,0.0,0,-0.01043844800936257,-0.02961093914913538
28.56,0,1,1,1,-0.0005052346234184352,-0.00022391048778092754,0.12519597366674243,3.6623385406104263,-0.0005304471028906731,0.0036691990944953713,0.3472371932649205,0.41852180370343567,0.0,0.0,0,-0.010433764905581707,-0.02960279636149317
28.58,0,1,1,1,-0.0004969359611266336,-0.00023060433496261204,0.12520057851836616,3.657050662261223,-0.0005206682281471701,0.0036738815957457383,0.3473358756718015,0.4185179419347188,0.0,0.0,0,-0.010438664378549034,-0.029626047077855253
28.6,0,1,1,1,-0.0004830014288642846,-0.0002232554150676802,0.12521151564849908,3.652837232825041,-0.0005034245862752053,0.0036822157557250225,0.3474233393755327,0.41851510250343893,0.0,0.0,0,-0.010457470197656495,-0.02964124674382234
28.62,0,1,1,1,-0.0004943567376645142,-0.00023175922480106817,0.12520059661732943,3.6513956619728356,-0.0005012163525281815,0.003682048884146062,0.3474309786993448,0.41851756773150545,0.0,0.0,0,-0.010442739596522166,-0.02962239234134368
28.64,0,1,1,1,-0.0004974233595136379,-0.00023641681671935158,0.12519885561144847,3.6505909066043416,-0.0004887701468938891,0.003688862942490124,0.34753996013448185,0.4185122829830289,0.0,0.0,0,-0.01044969494826027,-0.029651339272529234
28.66,0,1,1,1,-0.0004989440835932168,-0.000230301389078761,0.12519987744091582,3.649884103651712,-0.0004775995910268918,0.0036931270730107706,0.3475778682167022,0.41851459152239817,0.0,0.0,0,-0.010442062808186091,-0.029643180014308705
28.68,0,1,1,1,-0.0004988166648696099,-0.00023661008214703738,0.1251996561898968,3.6493693668036586,-0.0004710945392068033,0.0036969776760315486,0.3476554641089742,0.4185086475228163,0.0,0.0,0,-0.010439173385250845,-0.029665644246718886
28.7,0,1,1,1,-0.00048377816212322525,-0.00022287234279541254,0.12521329578995874,3.6485802827303786,-0.0004548943063692319,0.0037024390250330746,0.34764544009782156,0.4185121382973608,0.0,0.0,0,-0.010436148873144766,-0.02965629776315172
28.72,0,1,1,1,-0.0005037852616694843,-0.00023683351024842564,0.12519879529613567,3.649263295284014,-0.0004499584613498101,0.0037048694086113283,0.3476553158793006,0.4185033720266903,0.0,0.0,0,-0.0104274558793055,-0.029679221629535207
28.74,0,1,1,1,-0.0004885786097603255,-0.0002218219539448854,0.12521389167945216,3.6514860511793015,-0.0004244586895661912,0.003710682760015803,0.3476338852009126,0.4185068342144512,0.0,0.0,0,-0.010421465714241011,-0.02967558352492744
28.76,0,1,1,1,-0.000512730401398636,-0.00022881871957573102,0.1251980628463368,3.6529511423100125,-0.00041865352232642116,0.003713916543370394,0.3476217188714971,0.4185074959118806,0.0,0.0,0,-0.010405463978651426,-0.029665274851475323
28.78,0,1,1,1,-0.00048091365272229236,-0.00021552902027311902,0.125220178712001,3.647799015461557,-0.00040713245593587634,0.0037192330867522857,0.3476204556076707,0.4185027722968698,0.0,0.0,0,-0.010423170371858007,-0.029677714278901167
28.8,0,1,1,1,-0.0005186790493334099,-0.0002345130646832852,0.1251938300755524,3.651590520398011,-0.0003975299911961551,0.003721366992545915,0.34761682054290516,0.41850107047321966,0.0,0.0,0,-0.010400346502744656,-0.029679305894903352
28.82,0,1,1,1,-0.00048579970742025635,-0.00021712775677561885,0.12521901120332143,3.6508090557216977,-0.00036969614442527874,0.0037273841036765667,0.34760547430662947,0.4185016809642941,0.0,0.0,0,-0.010408687810621948,-0.029684926410388356
28.84,0,1,1,1,-0.0005268853905225079,-0.000233940712821349,0.12519086244419955,3.652697749854201,-0.00035704560911867993,0.003729880418126837,0.34761375455585625,0.418498320938444,0.0,0.0,0,-0.010385867080207006,-0.02968374220988062
28.86,0,1,1,1,-0.0004887265603846502,-0.00021860239523047165,0.1252195385993712,3.6527853896355724,-0.00030622628728578126,0.003735820926212414,0.3476160712519463,0.41849616065780637,0.0,0.0,0,-0.010398033023465628,-0.02970098349470032
28.88,0,1,1,1,-0.0005014744176318996,-0.0002245770137713106,0.12520869757639494,3.654080359177925,-0.0002961691825110019,0.003741344381910367,0.3476011469586303,0.4185004471449282,0.0,0.0,0,-0.01041299544831911,-0.029689230013606592
28.9,0,1,1,1,-0.00046178304721948213,-0.00021692932782666277,0.12523207822713275,3.6475040231169142,-0.0002824916922553768,0.0037450083722777145,0.34758629891549964,0.4184997071318905,0.0,0.0,0,-0.010441936047114388,-0.029692436345757887
28.92,0,1,1,1,-0.0005079532506209808,-0.0002399249103886003,0.12519895925321567,3.649834724003274,-0.00028015379822950756,0.003745701485596395,0.3475929588740932,0.4184940362173311,0.0,0.0,0,-0.010416792834038483,-0.029699558673445075
28.94,0,1,1,1,-0.0004811683973048389,-0.00022112267850504796,0.12522211479426348,3.651328983852573,-0.00025380347955941663,0.0037511183222571805,0.34758411528397315,0.4184945276019847,0.0,0.0,0,-0.010414159054855782,-0.02970340871990268
28.96,0,1,1,1,-0.0004824398048421698,-0.00021935109464501015,0.12522149984698155,3.650682138421001,-0.00024315286411505634,0.003757606241144176,0.3475723140743363,0.41849760925509727,0.0,0.0,0,-0.010428538302209812,-0.029695214067736706
28.98,0,1,1,1,-0.0004670141689098774,-0.00021800053821209933,0.12522804582487934,3.6440221170738925,-0.00023718769858386562,0.00376000847715543,0.34756159339614323,0.4184954353738464,0.0,0.0,0,-0.010446011014977186,-0.029693042023998358
29.0,0,1,1,1,-0.0004922432952825864,-0.00023056298884953363,0.12521142710349015,3.645505320433599,-0.0002209246051996451,0.003764646462887176,0.3475799584597889,0.41848772459468614,0.0,0.0,0,-0.010438104170576896,-0.029714205711258067
29.02,0,1,1,1,-0.00048651183017353605,-0.0002220009180250969,0.12521744412648603,3.6475507934633833,-0.00020728859833331638,0.0037658255132279154,0.34755210284863786,0.41849285999002567,0.0,0.0,0,-0.010413140939532353,-0.029695368457038726
29.04,0,1,1,1,-0.0005033685564044647,-0.000225048276850031,0.125207080249035,3.6476381981427703,-0.00020123169080167512,0.0037717379542386077,0.34764203697071855,0.41849149219110404,0.0,0.0,0,-0.010413593516988843,-0.02970535390173842
29.06,0,1,1,1,-0.0004750307196198546,-0.00022146269233111818,0.12522319055709252,3.6420108924892314,-0.00018909930189661868,0.0037758611239479363,0.34763729855528097,0.4184922258540643,0.0,0.0,0,-0.010433518747068531,-0.02970311192926435
29.08,0,1,1,1,-0.0004556481193811364,-0.00022039425916679442,0.12523369409273466,3.634607078360591,-0.00017835081928720603,0.003781420096072535,0.34772020139650706,0.4184853361821426,0.0,0.0,0,-0.010459957989907344,-0.029730170820661844
29.1,0,1,1,1,-0.0005002071791771166,-0.0002347647374794752,0.12520273659280412,3.637305796079014,-0.00018822365687809372,0.0037789685088295854,0.3477202148236785,0.41848501316148684,0.0,0.0,0,-0.010415287630527736,-0.029711623799510537
29.12,0,1,1,1,-0.00048082868791974806,-0.00022156144459499136,0.125222183299863,3.640227006333535,-0.00012551099893416632,0.0037872539005683096,0.3477666542766429,0.4184774012967882,0.0,0.0,0,-0.01041608666543351,-0.02974292537546698
29.14,0,1,1,1,-0.000502547129756583,-0.00022136254059696922,0.1252092764511141,3.646790661124603,-0.00011075184130216388,0.003792613344539903,0.3477872108366187,0.41848334789168745,0.0,0.0,0,-0.010410821652519185,-0.02973188950292678
29.16,0,1,1,1,-0.0004724856649544612,-0.0002171468998435032,0.12522620669223655,3.641956163103575,-9.879859815188722e-05,0.0037969621731496674,0.347820255841195,0.41848318869107526,0.0,0.0,0,-0.010431554509044422,-0.029733822117994562
29.18,0,1,1,1,-0.00048037814974706897,-0.00022787057458682064,0.12521759456884396,3.6385065058240094,-0.00010022047700846409,0.0037988809835716162,0.34790086217858485,0.4184756176216558,0.0,0.0,0,-0.010431307407063975,-0.029754103470437568
29.2,0,1,1,1,-0.0004904691678630155,-0.00022667314579893558,0.12521317429315135,3.641638668937385,-8.811921301923803e-05,0.003802091914169404,0.34792168329441236,0.4184782503139066,0.0,0.0,0,-0.010411195544057138,-0.029748768644754363
29.22,0,1,1,1,-0.0004884787098919305,-0.00022080507813294556,0.12521679485062043,3.641254535760388,-8.258945525225287e-05,0.0038059859667272196,0.34792644062282746,0.4184742744336336,0.0,0.0,0,-0.01040366350260221,-0.029753200284136843
29.24,0,1,1,1,-0.0004792094602388379,-0.00021439925953251754,0.12522305109600046,3.6407447860641478,-6.96706721327781e-05,0.0038122892701762134,0.34790980662618193,0.41847886452232275,0.0,0.0,0,-0.010422057973800596,-0.029744231396106526
29.26,0,1,1,1,-0.0004684458655669736,-0.00021858243418942935,0.1252252501592268,3.6337520323671413,-6.457754193431096e-05,0.003814627562710999,0.34797143688953935,0.4184766846308866,0.0,0.0,0,-0.01043767948336413,-0.02974690148074169
29.28,0,1,1,1,-0.0004627886136476904,-0.0002194955193431103,0.1252270686137224,3.6285657619885376,-5.494051948329525e-05,0.00381990242224318,0.3480958910785911,0.41847074894409964,0.0,0.0,0,-0.010452584390232307,-0.029767063163475955
29.3,0,1,1,1,-0.0004880727695764017,-0.000229326020603441,0.1252083550990553,3.6306486917067167,-5.9024189326972986e-05,0.003817808805563262,0.3481024037602686,0.4184706602135296,0.0,0.0,0,-0.010419052994968208,-0.02975015977004485
29.32,0,1,1,1,-0.0004749529308642336,-0.00021498199209226895,0.1252215909627083,3.6322513291182092,-4.180600178741302e-05,0.003825403372804386,0.3481228485634508,0.41846646856411585,0.0,0.0,0,-0.010423516917519483,-0.029762696939333384
29.34,0,1,1,1,-0.0005129565066599902,-0.00022627554395711694,0.12519702863871332,3.6380178441061806,-4.065771920596996e-05,0.003827006606558207,0.34811877765012206,0.4184657086600306,0.0,0.0,0,-0.01039313576419028,-0.02975889041172259
29.36,0,1,1,1,-0.0004701572997508757,-0.0002112365551736467,0.12522525426145545,3.6332868497696147,-2.7893198927123508e-05,0.0038348084880259407,0.3481801916057557,0.41846340166713747,0.0,0.0,0,-0.01043359662761322,-0.029776223386993334
29.38,0,1,1,1,-0.0004746726781540457,-0.00021816618785315892,0.12521876213546226,3.6309304136172242,-1.9686982679433625e-05,0.003836607517252055,0.34818605059450997,0.4184657237948709,0.0,0.0,0,-0.010433871537159748,-0.029764826400480768
29.4,0,1,1,1,-0.0004742269250448475,-0.00021931247895354972,0.12521855589132203,3.6301204493436803,-1.6548334365271688e-05,0.0038388688490418885,0.3481930349441107,0.4184596523804189,0.0,0.0,0,-0.010430430189878872,-0.02977402954515156
29.42,0,1,1,1,-0.00048801379790593125,-0.000222266113623526,0.12520969764563047,3.6313089413848614,-1.2012638623012792e-05,0.0038415875323992376,0.34826079047430747,0.41845951872933623,0.0,0.0,0,-0.01041368432857333,-0.02977599522933703
29.44,0,1,1,1,-0.0004910200029022357,-0.00022109779947395228,0.1252091783359311,3.631052629116936,-7.22143350365777e-06,0.003844644126945125,0.34828602933800756,0.4184551400172807,0.0,0.0,0,-0.010403391623027124,-0.029784163878795098
29.46,0,1,1,1,-0.00048768696893871505,-0.0002132349771761001,0.125214215018664,3.6320992090182993,7.005307163989994e-06,0.0038514514126382167,0.3482861203467324,0.41845841702751,0.0,0.0,0,-0.010410689507283286,-0.029777949743836924
29.48,0,1,1,1,-0.0004694632549696112,-0.00021460333712598062,0.1252215886551746,3.6254811565822664,1.08396624588047e-05,0.003853654100506207,0.34828115630114964,0.41845374181378087,0.0,0.0,0,-0.010431934010846447,-0.029781892735620583
29.5,0,1,1,1,-0.0004673512664827885,-0.00021779794926644544,0.1252216662064231,3.6229833992315132,2.0914866062790643e-05,0.003858909394392155,0.34838645544378344,0.4184472011302026,0.0,0.0,0,-0.010443124933191189,-0.02980706089521357
29.52,0,1,1,1,-0.000493936897837749,-0.000225487542690965,0.12520265261680252,3.627241867345402,1.8985153493020545e-05,0.0038570838948119744,0.34838299269134737,0.4184497713872983,0.0,0.0,0,-0.010407106588786965,-0.029785502465978993
29.54,0,1,1,1,-0.00047560210724626253,-0.00022006966443119044,0.12521762362167457,3.628790697795269,3.3913106078411434e-05,0.0038640732649689986,0.34853215849129465,0.41843876609119107,0.0,0.0,0,-0.010414889195326278,-0.02983510064466692
29.56,0,1,1,1,-0.0005161652706909443,-0.00022614091223395125,0.12519290858422666,3.6384633066840344,4.160814989888742e-05,0.003865856336454714,0.34852594267552917,0.41844585993187483,0.0,0.0,0,-0.010375415866842956,-0.029811826729826497
29.58,0,1,1,1,-0.0004915326419794239,-0.00021773246291948226,0.12520958985242883,3.636485454683181,5.1765029285652886e-05,0.003872700524944125,0.3485294791468346,0.41844383213958153,0.0,0.0,0,-0.010406291730476865,-0.02982158575570805
29.6,0,1,1,1,-0.0004598845991835472,-0.00021142780151007373,0.12522792174597638,3.6305907802436628,5.7130252321225413e-05,0.003874939242634989,0.3485219080328695,0.41843802152250914,0.0,0.0,0,-0.010429736106294296,-0.02983425798154808
29.62,0,1,1,1,-0.0004902434648163013,-0.00022559552635679006,0.12520664392033337,3.6333928345888493,6.142264799685527e-05,0.0038784924159877407,0.34860053863209267,0.4184335697282579,0.0,0.0,0,-0.010418042711156919,-0.029850242161190758
29.64,0,1,1,1,-0.00048574505517189406,-0.0002221758250558828,0.12521053378261543,3.6370830414049973,6.725304382894785e-05,0.003878600923197057,0.348616677340091,0.41843528194405144,0.0,0.0,0,-0.010392822527908076,-0.02984439147781607
29.66,0,1,1,1,-0.00048814733049317577,-0.0002241749991766552,0.12521042781432443,3.640591976380359,7.103107123175947e-05,0.003884576758548167,0.3487153694337354,0.41842907097389737,0.0,0.0,0,-0.01039532814316085,-0.029878501325195914
29.68,0,1,1,1,-0.0004757765435669907,-0.00021686518903174523,0.12521943950820832,3.6425533046157295,8.352099398900562e-05,0.003887401940828557,0.3486971906335326,0.41843275209308123,0.0,0.0,0,-0.010393856680231638,-0.029873324726340172
29.7,0,1,1,1,-0.0004903214175673298,-0.00021646297167423126,0.12521043307711963,3.6415855473968497,8.686060937628994e-05,0.0038899597436659003,0.34867484789671493,0.4184327853318094,0.0,0.0,0,-0.01037947481729856,-0.029857754269469048
29.72,0,1,1,1,-0.000463940832398136,-0.00021753200337263148,0.12522542413890667,3.6377638312729434,9.497993531538871e-05,0.0038951045923203338,0.3486666024866826,0.41842546155550936,0.0,0.0,0,-0.010414347156101766,-0.02988559665857568
29.74,0,1,1,1,-0.0004553250706920038,-0.00021171042717553143,0.1252313050407022,3.6369046999899597,0.00010853858809394416,0.0038998069241437832,0.3486297791959266,0.4184249815331386,0.0,0.0,0,-0.010425607114581511,-0.02988792324230956
29.76,0,1,1,1,-0.00048697180483965943,-0.00022384257189482504,0.1252078691774303,3.6386968766872543,9.692514219703447e-05,0.0038968673942803094,0.34860978447697966,0.4184216754678091,0.0,0.0,0,-0.010391222119428332,-0.029876090221109815
29.78,0,1,1,1,-0.0005029722201514812,-0.00022464920043107142,0.12520204034030902,3.6453888052317276,0.0001285396250359572,0.0039028379570261638,0.3486325519487633,0.41841733398548975,0.0,0.0,0,-0.010372616870640063,-0.029894297924657198
29.8,0,1,1,1,-0.00047977133145692824,-0.00021301224259472062,0.12521807574780483,3.646712691349759,0.00014011223498699058,0.003906322980419278,0.3485869714308157,0.4184235952568543,0.0,0.0,0,-0.010379700060579651,-0.029877602348366568
29.82,0,1,1,1,-0.0004919729402807667,-0.000220156532364367,0.1252083357483758,3.64470920584362,0.00014747416158317062,0.003910900234201252,0.34864853784325356,0.41842140810112305,0.0,0.0,0,-0.010384936282183546,-0.029885568008226372
29.84,0,1,1,1,-0.0004812788127084057,-0.00021779154838773643,0.1252150543172958,3.640797339268544,0.00014901983431039894,0.00391320889841889,0.34863967241622906,0.41841994968426616,0.0,0.0,0,-0.010390957937601081,-0.029882875292957252
29.86,0,1,1,1,-0.0004481676153632076,-0.0002079799946203241,0.1252353262296944,3.634076836981633,0.00016420066685195908,0.003918560983411679,0.3486254418348526,0.4184166838677719,0.0,0.0,0,-0.010424309805785816,-0.029891206010678545
29.88,0,1,1,1,-0.0004938879914082699,-0.00023031100820560674,0.12520136164236487,3.634683098438225,0.00016246798511824253,0.003917596085188713,0.3486283147449457,0.41840910024267514,0.0,0.0,0,-0.010398759112152113,-0.029892597930752142
29.9,0,1,1,1,-0.00047319274423495566,-0.00021738158777879005,0.12521960580210384,3.639370497181608,0.0001850283295935037,0.003921175747458614,0.3486277545446666,0.4184054917142117,0.0,0.0,0,-0.01038863866050404,-0.029908633810582442
29.92,0,1,1,1,-0.0004812109193130312,-0.00021220624394267806,0.12521595392600754,3.6440712790526044,0.000196298104736482,0.003926932419777062,0.34859758683418296,0.4184127451070757,0.0,0.0,0,-0.010388605362118414,-0.029887853193788835
29.94,0,1,1,1,-0.0004701034796291692,-0.00021283789637029094,0.12522131520137683,3.641227269156224,0.00019901649322813137,0.003928829688601642,0.3485808357900604,0.41840705192759625,0.0,0.0,0,-0.010396310642063715,-0.02989704844005354
29.96,0,1,1,1,-0.0004842075941905895,-0.0002167308112986724,0.12521165936630968,3.640414891955836,0.0002008705103984124,0.0039306681410573386,0.34855610357985833,0.4184044276226306,0.0,0.0,0,-0.010383406175548322,-0.029894855317067134
29.98,0,1,1,1,-0.0004638650250968525,-0.00021013353251736477,0.12522381507222208,3.6374460220098954,0.0002131371485040328,0.0039359170240527664,0.34852938967753266,0.418406831944501,0.0,0.0,0,-0.010409657438619758,-0.02989128266775474
30.0,0,1,1,1,-0.00047015296999469713,-0.00021713001240662375,0.125216085675257,3.6332731674262404,0.00021311142131283815,0.003936541866336424,0.34851548184611164,0.4184031752965574,0.0,0.0,0,-0.010408324938517219,-0.029887496293935705
